abs_path,true_label,pred_label,plane,prob_0,prob_1,prob_2,prob_3,max_prob,correct,has_mask,dice,iou,gt_area,pred_area,fn_mask
d:\Research\Multi-View Fusion Network\datasets\brisc2025\classification_task\test\glioma\brisc2025_test_00001_gl_ax_t1.jpg,glioma,glioma,axial,0.9360315,0.021061193,0.021288818,0.021618452,0.9360315,True,True,0.000698324,0.000698324,222.0,1209.0,False
d:\Research\Multi-View Fusion Network\datasets\brisc2025\classification_task\test\glioma\brisc2025_test_00002_gl_ax_t1.jpg,glioma,glioma,axial,0.93469167,0.021659378,0.021554582,0.022094315,0.93469167,True,True,0.0011198209,0.0011198209,419.0,473.0,False
d:\Research\Multi-View Fusion Network\datasets\brisc2025\classification_task\test\glioma\brisc2025_test_00003_gl_ax_t1.jpg,glioma,glioma,axial,0.93686116,0.020903401,0.021088855,0.021146577,0.93686116,True,True,0.69110215,0.5281853,1117.0,860.0,False
d:\Research\Multi-View Fusion Network\datasets\brisc2025\classification_task\test\glioma\brisc2025_test_00004_gl_ax_t1.jpg,glioma,glioma,axial,0.9145578,0.034112427,0.027915496,0.023414163,0.9145578,True,True,0.00072780205,0.00072780205,758.0,615.0,False
d:\Research\Multi-View Fusion Network\datasets\brisc2025\classification_task\test\glioma\brisc2025_test_00005_gl_ax_t1.jpg,glioma,glioma,axial,0.9304191,0.022865115,0.022895856,0.023819987,0.9304191,True,True,0.004347826,0.004347826,229.0,0.0,True
d:\Research\Multi-View Fusion Network\datasets\brisc2025\classification_task\test\glioma\brisc2025_test_00006_gl_ax_t1.jpg,glioma,glioma,axial,0.9342119,0.021746969,0.02157029,0.022470864,0.9342119,True,True,0.9555675,0.914959,966.0,901.0,False
d:\Research\Multi-View Fusion Network\datasets\brisc2025\classification_task\test\glioma\brisc2025_test_00007_gl_ax_t1.jpg,glioma,glioma,axial,0.9329943,0.021973325,0.022377513,0.022654839,0.9329943,True,True,0.0064935065,0.0064935065,153.0,0.0,True
d:\Research\Multi-View Fusion Network\datasets\brisc2025\classification_task\test\glioma\brisc2025_test_00008_gl_ax_t1.jpg,glioma,glioma,axial,0.9354704,0.021401435,0.021230532,0.021897608,0.9354704,True,True,0.8742586,0.7768421,368.0,474.0,False
d:\Research\Multi-View Fusion Network\datasets\brisc2025\classification_task\test\glioma\brisc2025_test_00009_gl_ax_t1.jpg,glioma,glioma,axial,0.93580776,0.021211352,0.021304704,0.021676186,0.93580776,True,True,0.75680214,0.6088601,1792.0,1184.0,False
d:\Research\Multi-View Fusion Network\datasets\brisc2025\classification_task\test\glioma\brisc2025_test_00010_gl_ax_t1.jpg,glioma,glioma,axial,0.9350693,0.021609478,0.02137765,0.021943614,0.9350693,True,True,0.006369427,0.006369427,156.0,0.0,True
d:\Research\Multi-View Fusion Network\datasets\brisc2025\classification_task\test\glioma\brisc2025_test_00011_gl_ax_t1.jpg,glioma,glioma,axial,0.9347609,0.02153825,0.021592459,0.02210845,0.9347609,True,True,0.0033557047,0.0033557047,61.0,236.0,False
d:\Research\Multi-View Fusion Network\datasets\brisc2025\classification_task\test\glioma\brisc2025_test_00012_gl_ax_t1.jpg,glioma,glioma,axial,0.9355619,0.021355081,0.020974295,0.022108706,0.9355619,True,True,0.0016474464,0.0016474464,349.0,257.0,False
d:\Research\Multi-View Fusion Network\datasets\brisc2025\classification_task\test\glioma\brisc2025_test_00013_gl_ax_t1.jpg,glioma,glioma,axial,0.936233,0.020956839,0.021183094,0.021627028,0.936233,True,True,0.9685337,0.9390244,786.0,802.0,False
d:\Research\Multi-View Fusion Network\datasets\brisc2025\classification_task\test\glioma\brisc2025_test_00014_gl_ax_t1.jpg,glioma,glioma,axial,0.9351709,0.021667063,0.021476693,0.021685405,0.9351709,True,True,0.97238016,0.9462592,1850.0,1842.0,False
d:\Research\Multi-View Fusion Network\datasets\brisc2025\classification_task\test\glioma\brisc2025_test_00015_gl_ax_t1.jpg,glioma,glioma,axial,0.93627244,0.021239804,0.021092767,0.021394996,0.93627244,True,True,0.74358976,0.59210527,626.0,582.0,False
d:\Research\Multi-View Fusion Network\datasets\brisc2025\classification_task\test\glioma\brisc2025_test_00016_gl_ax_t1.jpg,glioma,glioma,axial,0.9350096,0.021264926,0.021633081,0.022092346,0.9350096,True,True,0.5795739,0.40828925,561.0,1034.0,False
d:\Research\Multi-View Fusion Network\datasets\brisc2025\classification_task\test\glioma\brisc2025_test_00017_gl_ax_t1.jpg,glioma,glioma,axial,0.93061817,0.02314708,0.022804745,0.023430094,0.93061817,True,True,0.6631579,0.49685535,271.0,203.0,False
d:\Research\Multi-View Fusion Network\datasets\brisc2025\classification_task\test\glioma\brisc2025_test_00018_gl_ax_t1.jpg,glioma,glioma,axial,0.93482643,0.021301603,0.021724124,0.022147797,0.93482643,True,True,0.73739743,0.5841584,1556.0,1002.0,False
d:\Research\Multi-View Fusion Network\datasets\brisc2025\classification_task\test\glioma\brisc2025_test_00019_gl_ax_t1.jpg,glioma,glioma,axial,0.9354124,0.021547759,0.021209555,0.021830391,0.9354124,True,True,0.7946351,0.6593301,2062.0,1404.0,False
d:\Research\Multi-View Fusion Network\datasets\brisc2025\classification_task\test\glioma\brisc2025_test_00020_gl_ax_t1.jpg,glioma,glioma,axial,0.92744374,0.024988402,0.023011735,0.024556201,0.92744374,True,True,0.9518336,0.908142,939.0,887.0,False
d:\Research\Multi-View Fusion Network\datasets\brisc2025\classification_task\test\glioma\brisc2025_test_00021_gl_ax_t1.jpg,glioma,glioma,axial,0.93666583,0.020972526,0.02107054,0.021291047,0.93666583,True,True,0.9036851,0.8244275,570.0,623.0,False
d:\Research\Multi-View Fusion Network\datasets\brisc2025\classification_task\test\glioma\brisc2025_test_00022_gl_ax_t1.jpg,glioma,glioma,axial,0.9345576,0.02170151,0.021705588,0.022035277,0.9345576,True,True,0.81492025,0.68780017,974.0,781.0,False
d:\Research\Multi-View Fusion Network\datasets\brisc2025\classification_task\test\glioma\brisc2025_test_00023_gl_ax_t1.jpg,glioma,glioma,axial,0.93663126,0.020873174,0.021179194,0.021316428,0.93663126,True,True,0.89764416,0.814433,645.0,585.0,False
d:\Research\Multi-View Fusion Network\datasets\brisc2025\classification_task\test\glioma\brisc2025_test_00024_gl_ax_t1.jpg,glioma,glioma,axial,0.93436736,0.02177775,0.021804847,0.02205006,0.93436736,True,True,0.9661583,0.9345622,1074.0,1023.0,False
d:\Research\Multi-View Fusion Network\datasets\brisc2025\classification_task\test\glioma\brisc2025_test_00025_gl_ax_t1.jpg,glioma,glioma,axial,0.9350108,0.021755995,0.021319589,0.021913718,0.9350108,True,True,0.75919116,0.61242604,235.0,308.0,False
d:\Research\Multi-View Fusion Network\datasets\brisc2025\classification_task\test\glioma\brisc2025_test_00026_gl_ax_t1.jpg,glioma,glioma,axial,0.9353824,0.021308418,0.021290982,0.022018166,0.9353824,True,True,0.6798913,0.51522636,1105.0,734.0,False
d:\Research\Multi-View Fusion Network\datasets\brisc2025\classification_task\test\glioma\brisc2025_test_00027_gl_ax_t1.jpg,glioma,glioma,axial,0.93508977,0.021381242,0.02157787,0.021951193,0.93508977,True,True,0.9542895,0.9126029,1528.0,1490.0,False
d:\Research\Multi-View Fusion Network\datasets\brisc2025\classification_task\test\glioma\brisc2025_test_00028_gl_ax_t1.jpg,glioma,glioma,axial,0.9360424,0.021135481,0.021222878,0.021599177,0.9360424,True,True,0.95868176,0.92067987,1037.0,995.0,False
d:\Research\Multi-View Fusion Network\datasets\brisc2025\classification_task\test\glioma\brisc2025_test_00029_gl_ax_t1.jpg,glioma,glioma,axial,0.93664443,0.020933967,0.020968929,0.021452654,0.93664443,True,True,0.88081545,0.78711486,963.0,949.0,False
d:\Research\Multi-View Fusion Network\datasets\brisc2025\classification_task\test\glioma\brisc2025_test_00030_gl_ax_t1.jpg,glioma,glioma,axial,0.93085736,0.023086496,0.022804733,0.02325148,0.93085736,True,True,0.92560554,0.86173636,306.0,271.0,False
d:\Research\Multi-View Fusion Network\datasets\brisc2025\classification_task\test\glioma\brisc2025_test_00031_gl_ax_t1.jpg,glioma,glioma,axial,0.9344605,0.021547375,0.021911822,0.022080382,0.9344605,True,True,0.8635496,0.7599329,1458.0,1685.0,False
d:\Research\Multi-View Fusion Network\datasets\brisc2025\classification_task\test\glioma\brisc2025_test_00032_gl_ax_t1.jpg,glioma,glioma,axial,0.93465877,0.021526251,0.02160637,0.02220871,0.93465877,True,True,0.8697161,0.76953125,1662.0,1507.0,False
d:\Research\Multi-View Fusion Network\datasets\brisc2025\classification_task\test\glioma\brisc2025_test_00033_gl_ax_t1.jpg,glioma,glioma,axial,0.9355586,0.021089997,0.021457171,0.021894122,0.9355586,True,True,0.9442843,0.89454544,504.0,536.0,False
d:\Research\Multi-View Fusion Network\datasets\brisc2025\classification_task\test\glioma\brisc2025_test_00034_gl_ax_t1.jpg,glioma,glioma,axial,0.9371353,0.021037439,0.020861493,0.020965856,0.9371353,True,True,0.65845907,0.49112427,514.0,744.0,False
d:\Research\Multi-View Fusion Network\datasets\brisc2025\classification_task\test\glioma\brisc2025_test_00035_gl_ax_t1.jpg,glioma,glioma,axial,0.93600875,0.021231074,0.02129437,0.021465827,0.93600875,True,True,0.9005563,0.8192162,659.0,778.0,False
d:\Research\Multi-View Fusion Network\datasets\brisc2025\classification_task\test\glioma\brisc2025_test_00036_gl_ax_t1.jpg,glioma,glioma,axial,0.93550575,0.021360653,0.021474168,0.021659419,0.93550575,True,True,0.9326501,0.8739726,324.0,358.0,False
d:\Research\Multi-View Fusion Network\datasets\brisc2025\classification_task\test\glioma\brisc2025_test_00037_gl_ax_t1.jpg,glioma,glioma,axial,0.9353813,0.02148532,0.02131551,0.021817816,0.9353813,True,True,0.963105,0.9288482,2789.0,2685.0,False
d:\Research\Multi-View Fusion Network\datasets\brisc2025\classification_task\test\glioma\brisc2025_test_00038_gl_ax_t1.jpg,glioma,glioma,axial,0.9347127,0.021770619,0.021654734,0.021861967,0.9347127,True,True,0.91574436,0.84463465,1336.0,1464.0,False
d:\Research\Multi-View Fusion Network\datasets\brisc2025\classification_task\test\glioma\brisc2025_test_00039_gl_ax_t1.jpg,glioma,glioma,axial,0.93390256,0.021519588,0.022056323,0.022521501,0.93390256,True,True,0.9065171,0.82910156,1003.0,868.0,False
d:\Research\Multi-View Fusion Network\datasets\brisc2025\classification_task\test\glioma\brisc2025_test_00040_gl_ax_t1.jpg,glioma,glioma,axial,0.93648493,0.021029277,0.021086829,0.021398934,0.93648493,True,True,0.6810224,0.51645434,1396.0,1459.0,False
d:\Research\Multi-View Fusion Network\datasets\brisc2025\classification_task\test\glioma\brisc2025_test_00041_gl_ax_t1.jpg,glioma,glioma,axial,0.9330286,0.021939255,0.02239842,0.022633763,0.9330286,True,True,0.016155988,0.008422235,1198.0,596.0,False
d:\Research\Multi-View Fusion Network\datasets\brisc2025\classification_task\test\glioma\brisc2025_test_00042_gl_ax_t1.jpg,glioma,glioma,axial,0.93384415,0.021668412,0.02214007,0.022347344,0.93384415,True,True,0.5974643,0.42620483,1275.0,617.0,False
d:\Research\Multi-View Fusion Network\datasets\brisc2025\classification_task\test\glioma\brisc2025_test_00043_gl_ax_t1.jpg,glioma,glioma,axial,0.9374066,0.020869633,0.020828014,0.020895824,0.9374066,True,True,0.64736843,0.47868037,2084.0,2665.0,False
d:\Research\Multi-View Fusion Network\datasets\brisc2025\classification_task\test\glioma\brisc2025_test_00044_gl_ax_t1.jpg,glioma,glioma,axial,0.93641394,0.020934554,0.021149397,0.021502066,0.93641394,True,True,0.9347484,0.8775811,601.0,670.0,False
d:\Research\Multi-View Fusion Network\datasets\brisc2025\classification_task\test\glioma\brisc2025_test_00045_gl_ax_t1.jpg,glioma,glioma,axial,0.9316926,0.022650324,0.021991897,0.023665184,0.9316926,True,True,0.1523967,0.082647584,2419.0,605.0,False
d:\Research\Multi-View Fusion Network\datasets\brisc2025\classification_task\test\glioma\brisc2025_test_00046_gl_ax_t1.jpg,glioma,glioma,axial,0.9373466,0.020887792,0.020708624,0.021057002,0.9373466,True,True,0.8118983,0.68342334,2391.0,1659.0,False
d:\Research\Multi-View Fusion Network\datasets\brisc2025\classification_task\test\glioma\brisc2025_test_00047_gl_ax_t1.jpg,glioma,glioma,axial,0.93375206,0.022135237,0.022003463,0.022109237,0.93375206,True,True,0.82703215,0.705314,519.0,538.0,False
d:\Research\Multi-View Fusion Network\datasets\brisc2025\classification_task\test\glioma\brisc2025_test_00048_gl_ax_t1.jpg,glioma,glioma,axial,0.93194246,0.022263648,0.022138655,0.023655148,0.93194246,True,True,0.69644153,0.53452116,590.0,786.0,False
d:\Research\Multi-View Fusion Network\datasets\brisc2025\classification_task\test\glioma\brisc2025_test_00049_gl_ax_t1.jpg,glioma,glioma,axial,0.9348048,0.021612445,0.0216082,0.021974588,0.9348048,True,True,0.88092613,0.78740156,414.0,492.0,False
d:\Research\Multi-View Fusion Network\datasets\brisc2025\classification_task\test\glioma\brisc2025_test_00050_gl_ax_t1.jpg,glioma,glioma,axial,0.9334273,0.022180019,0.0219061,0.022486618,0.9334273,True,True,0.6980676,0.537037,155.0,258.0,False
d:\Research\Multi-View Fusion Network\datasets\brisc2025\classification_task\test\glioma\brisc2025_test_00051_gl_ax_t1.jpg,glioma,glioma,axial,0.93582445,0.021271586,0.021213269,0.02169064,0.93582445,True,True,0.7409194,0.5885534,1882.0,1641.0,False
d:\Research\Multi-View Fusion Network\datasets\brisc2025\classification_task\test\glioma\brisc2025_test_00052_gl_ax_t1.jpg,glioma,glioma,axial,0.93557584,0.021473216,0.021325514,0.021625446,0.93557584,True,True,0.95160115,0.907703,1376.0,1371.0,False
d:\Research\Multi-View Fusion Network\datasets\brisc2025\classification_task\test\glioma\brisc2025_test_00053_gl_ax_t1.jpg,glioma,glioma,axial,0.9354296,0.021263985,0.021219747,0.022086719,0.9354296,True,True,0.0057803467,0.0057803467,48.0,124.0,False
d:\Research\Multi-View Fusion Network\datasets\brisc2025\classification_task\test\glioma\brisc2025_test_00054_gl_ax_t1.jpg,glioma,glioma,axial,0.93214256,0.02218266,0.022539292,0.02313549,0.93214256,True,True,0.4601088,0.2989994,1442.0,763.0,False
d:\Research\Multi-View Fusion Network\datasets\brisc2025\classification_task\test\glioma\brisc2025_test_00055_gl_ax_t1.jpg,glioma,glioma,axial,0.9341391,0.02181546,0.021897057,0.022148518,0.9341391,True,True,0.8860268,0.79544014,1430.0,1403.0,False
d:\Research\Multi-View Fusion Network\datasets\brisc2025\classification_task\test\glioma\brisc2025_test_00056_gl_ax_t1.jpg,glioma,glioma,axial,0.9302959,0.02342785,0.023064172,0.023212092,0.9302959,True,True,0.8621974,0.75816995,287.0,249.0,False
d:\Research\Multi-View Fusion Network\datasets\brisc2025\classification_task\test\glioma\brisc2025_test_00057_gl_ax_t1.jpg,glioma,glioma,axial,0.9334325,0.021725394,0.02206312,0.022778919,0.9334325,True,True,0.007936508,0.007936508,125.0,0.0,True
d:\Research\Multi-View Fusion Network\datasets\brisc2025\classification_task\test\glioma\brisc2025_test_00058_gl_ax_t1.jpg,glioma,glioma,axial,0.93214303,0.022397103,0.022626216,0.022833642,0.93214303,True,True,0.74451095,0.5936508,260.0,240.0,False
d:\Research\Multi-View Fusion Network\datasets\brisc2025\classification_task\test\glioma\brisc2025_test_00059_gl_ax_t1.jpg,glioma,glioma,axial,0.9341891,0.02116892,0.022092534,0.02254952,0.9341891,True,True,0.8519653,0.74222225,1100.0,858.0,False
d:\Research\Multi-View Fusion Network\datasets\brisc2025\classification_task\test\glioma\brisc2025_test_00060_gl_ax_t1.jpg,glioma,glioma,axial,0.9293037,0.022701606,0.024127893,0.023866823,0.9293037,True,True,0.20386533,0.113809854,564.0,1039.0,False
d:\Research\Multi-View Fusion Network\datasets\brisc2025\classification_task\test\glioma\brisc2025_test_00061_gl_ax_t1.jpg,glioma,glioma,axial,0.9339144,0.022006026,0.021916976,0.022162523,0.9339144,True,True,0.7734375,0.6308345,555.0,596.0,False
d:\Research\Multi-View Fusion Network\datasets\brisc2025\classification_task\test\glioma\brisc2025_test_00062_gl_ax_t1.jpg,glioma,glioma,axial,0.9347825,0.021306092,0.02171111,0.02220033,0.9347825,True,True,0.7583659,0.61091673,1329.0,971.0,False
d:\Research\Multi-View Fusion Network\datasets\brisc2025\classification_task\test\glioma\brisc2025_test_00063_gl_ax_t1.jpg,glioma,glioma,axial,0.9362666,0.021036185,0.02107684,0.021620298,0.9362666,True,True,0.9101237,0.8351089,2037.0,1923.0,False
d:\Research\Multi-View Fusion Network\datasets\brisc2025\classification_task\test\glioma\brisc2025_test_00064_gl_ax_t1.jpg,glioma,glioma,axial,0.92735994,0.025006229,0.023359576,0.024274237,0.92735994,True,True,0.9722383,0.9460068,872.0,856.0,False
d:\Research\Multi-View Fusion Network\datasets\brisc2025\classification_task\test\glioma\brisc2025_test_00065_gl_ax_t1.jpg,glioma,glioma,axial,0.93265885,0.022615878,0.022382714,0.022342565,0.93265885,True,True,0.8099352,0.68115944,275.0,187.0,False
d:\Research\Multi-View Fusion Network\datasets\brisc2025\classification_task\test\glioma\brisc2025_test_00066_gl_ax_t1.jpg,glioma,glioma,axial,0.93412554,0.022015443,0.021797452,0.022061547,0.93412554,True,True,0.94058293,0.88787025,1304.0,1371.0,False
d:\Research\Multi-View Fusion Network\datasets\brisc2025\classification_task\test\glioma\brisc2025_test_00067_gl_ax_t1.jpg,glioma,glioma,axial,0.93423706,0.02154621,0.0220585,0.02215826,0.93423706,True,True,0.15024233,0.08202443,46.0,572.0,False
d:\Research\Multi-View Fusion Network\datasets\brisc2025\classification_task\test\glioma\brisc2025_test_00068_gl_ax_t1.jpg,glioma,glioma,axial,0.93621176,0.02113489,0.021231044,0.021422278,0.93621176,True,True,0.9154728,0.84432715,321.0,376.0,False
d:\Research\Multi-View Fusion Network\datasets\brisc2025\classification_task\test\glioma\brisc2025_test_00069_gl_ax_t1.jpg,glioma,glioma,axial,0.9342999,0.021620763,0.021707188,0.022372168,0.9342999,True,True,0.68391347,0.52,509.0,553.0,False
d:\Research\Multi-View Fusion Network\datasets\brisc2025\classification_task\test\glioma\brisc2025_test_00070_gl_ax_t1.jpg,glioma,glioma,axial,0.9346345,0.021238545,0.021721682,0.022405291,0.9346345,True,True,0.49527186,0.32967034,283.0,562.0,False
d:\Research\Multi-View Fusion Network\datasets\brisc2025\classification_task\test\glioma\brisc2025_test_00071_gl_ax_t1.jpg,glioma,glioma,axial,0.9328029,0.022609893,0.022188338,0.022398844,0.9328029,True,True,0.95793164,0.91932774,578.0,562.0,False
d:\Research\Multi-View Fusion Network\datasets\brisc2025\classification_task\test\glioma\brisc2025_test_00072_gl_ax_t1.jpg,glioma,glioma,axial,0.93378955,0.02172802,0.022238873,0.022243522,0.93378955,True,True,0.9000421,0.8182746,3343.0,3779.0,False
d:\Research\Multi-View Fusion Network\datasets\brisc2025\classification_task\test\glioma\brisc2025_test_00073_gl_ax_t1.jpg,glioma,glioma,axial,0.93495315,0.021263959,0.021739103,0.022043861,0.93495315,True,True,0.9556793,0.91512996,4260.0,4358.0,False
d:\Research\Multi-View Fusion Network\datasets\brisc2025\classification_task\test\glioma\brisc2025_test_00074_gl_ax_t1.jpg,glioma,glioma,axial,0.93542373,0.021351852,0.021497384,0.02172707,0.93542373,True,True,0.91154563,0.83760685,510.0,563.0,False
d:\Research\Multi-View Fusion Network\datasets\brisc2025\classification_task\test\glioma\brisc2025_test_00075_gl_ax_t1.jpg,glioma,glioma,axial,0.935259,0.021418976,0.021512896,0.021809155,0.935259,True,True,0.97200775,0.945591,520.0,515.0,False
d:\Research\Multi-View Fusion Network\datasets\brisc2025\classification_task\test\glioma\brisc2025_test_00076_gl_ax_t1.jpg,glioma,glioma,axial,0.93566686,0.021222798,0.021328237,0.021782123,0.93566686,True,True,0.89487517,0.8099762,416.0,344.0,False
d:\Research\Multi-View Fusion Network\datasets\brisc2025\classification_task\test\glioma\brisc2025_test_00077_gl_ax_t1.jpg,glioma,glioma,axial,0.93185973,0.022195999,0.022718027,0.023226194,0.93185973,True,True,0.87007457,0.77024484,466.0,472.0,False
d:\Research\Multi-View Fusion Network\datasets\brisc2025\classification_task\test\glioma\brisc2025_test_00078_gl_ax_t1.jpg,glioma,glioma,axial,0.93240416,0.02229069,0.022434538,0.022870617,0.93240416,True,True,0.9534227,0.9110512,741.0,675.0,False
d:\Research\Multi-View Fusion Network\datasets\brisc2025\classification_task\test\glioma\brisc2025_test_00079_gl_ax_t1.jpg,glioma,glioma,axial,0.9352719,0.021446873,0.021242661,0.022038596,0.9352719,True,True,0.92741936,0.8647399,859.0,752.0,False
d:\Research\Multi-View Fusion Network\datasets\brisc2025\classification_task\test\glioma\brisc2025_test_00080_gl_ax_t1.jpg,glioma,glioma,axial,0.9340454,0.021810675,0.021889944,0.02225411,0.9340454,True,True,0.8498863,0.7390158,2275.0,1681.0,False
d:\Research\Multi-View Fusion Network\datasets\brisc2025\classification_task\test\glioma\brisc2025_test_00081_gl_ax_t1.jpg,glioma,glioma,axial,0.93467176,0.02200421,0.02128464,0.02203944,0.93467176,True,True,0.9475921,0.9005376,350.0,355.0,False
d:\Research\Multi-View Fusion Network\datasets\brisc2025\classification_task\test\glioma\brisc2025_test_00082_gl_ax_t1.jpg,glioma,glioma,axial,0.93342006,0.021878399,0.021825794,0.022875652,0.93342006,True,True,0.8210423,0.69666666,427.0,589.0,False
d:\Research\Multi-View Fusion Network\datasets\brisc2025\classification_task\test\glioma\brisc2025_test_00083_gl_ax_t1.jpg,glioma,glioma,axial,0.9347602,0.021551847,0.02162231,0.022065716,0.9347602,True,True,0.71428573,0.55592656,509.0,421.0,False
d:\Research\Multi-View Fusion Network\datasets\brisc2025\classification_task\test\glioma\brisc2025_test_00084_gl_ax_t1.jpg,glioma,glioma,axial,0.9350783,0.0214049,0.021474767,0.022041973,0.9350783,True,True,0.7002672,0.53886396,2641.0,1475.0,False
d:\Research\Multi-View Fusion Network\datasets\brisc2025\classification_task\test\glioma\brisc2025_test_00085_gl_ax_t1.jpg,glioma,glioma,axial,0.9347983,0.021522453,0.021716017,0.021963207,0.9347983,True,True,0.20123456,0.11248285,83.0,726.0,False
d:\Research\Multi-View Fusion Network\datasets\brisc2025\classification_task\test\glioma\brisc2025_test_00086_gl_co_t1.jpg,glioma,glioma,coronal,0.933581,0.022248844,0.022067724,0.022102444,0.933581,True,True,0.9655981,0.93353474,625.0,653.0,False
d:\Research\Multi-View Fusion Network\datasets\brisc2025\classification_task\test\glioma\brisc2025_test_00087_gl_co_t1.jpg,glioma,glioma,coronal,0.9342121,0.021998074,0.021816984,0.021972857,0.9342121,True,True,0.80370075,0.672043,739.0,503.0,False
d:\Research\Multi-View Fusion Network\datasets\brisc2025\classification_task\test\glioma\brisc2025_test_00088_gl_co_t1.jpg,glioma,glioma,coronal,0.93238044,0.022303127,0.022506842,0.02280961,0.93238044,True,True,0.668379,0.50214225,1161.0,590.0,False
d:\Research\Multi-View Fusion Network\datasets\brisc2025\classification_task\test\glioma\brisc2025_test_00089_gl_co_t1.jpg,glioma,glioma,coronal,0.9361145,0.0211934,0.02114715,0.021544898,0.9361145,True,True,0.92800575,0.86577183,665.0,723.0,False
d:\Research\Multi-View Fusion Network\datasets\brisc2025\classification_task\test\glioma\brisc2025_test_00090_gl_co_t1.jpg,glioma,glioma,coronal,0.93630475,0.020978052,0.021092126,0.021625068,0.93630475,True,True,0.935426,0.8787879,528.0,586.0,False
d:\Research\Multi-View Fusion Network\datasets\brisc2025\classification_task\test\glioma\brisc2025_test_00091_gl_co_t1.jpg,glioma,glioma,coronal,0.93342113,0.022305949,0.021979198,0.02229368,0.93342113,True,True,0.9667774,0.93571013,1628.0,1682.0,False
d:\Research\Multi-View Fusion Network\datasets\brisc2025\classification_task\test\glioma\brisc2025_test_00092_gl_co_t1.jpg,glioma,glioma,coronal,0.93229234,0.02270938,0.022110252,0.022888009,0.93229234,True,True,0.92560554,0.86173636,306.0,271.0,False
d:\Research\Multi-View Fusion Network\datasets\brisc2025\classification_task\test\glioma\brisc2025_test_00093_gl_co_t1.jpg,glioma,glioma,coronal,0.9342844,0.022096116,0.02130446,0.022315074,0.9342844,True,True,0.7636204,0.61789775,470.0,667.0,False
d:\Research\Multi-View Fusion Network\datasets\brisc2025\classification_task\test\glioma\brisc2025_test_00094_gl_co_t1.jpg,glioma,glioma,coronal,0.93168765,0.023394668,0.02216473,0.022752985,0.93168765,True,True,0.86326534,0.75985664,232.0,257.0,False
d:\Research\Multi-View Fusion Network\datasets\brisc2025\classification_task\test\glioma\brisc2025_test_00095_gl_co_t1.jpg,glioma,glioma,coronal,0.9341035,0.022121336,0.021201156,0.022574024,0.9341035,True,True,0.9045764,0.8259325,538.0,488.0,False
d:\Research\Multi-View Fusion Network\datasets\brisc2025\classification_task\test\glioma\brisc2025_test_00096_gl_co_t1.jpg,glioma,glioma,coronal,0.93106604,0.023412991,0.022528995,0.022991959,0.93106604,True,True,0.0010131713,0.0010131713,207.0,779.0,False
d:\Research\Multi-View Fusion Network\datasets\brisc2025\classification_task\test\glioma\brisc2025_test_00097_gl_co_t1.jpg,glioma,glioma,coronal,0.9344799,0.02207102,0.021559766,0.021889312,0.9344799,True,True,0.930329,0.8697513,3432.0,3557.0,False
d:\Research\Multi-View Fusion Network\datasets\brisc2025\classification_task\test\glioma\brisc2025_test_00098_gl_co_t1.jpg,glioma,glioma,coronal,0.9347357,0.021652592,0.021443622,0.022168014,0.9347357,True,True,0.76880735,0.625,331.0,213.0,False
d:\Research\Multi-View Fusion Network\datasets\brisc2025\classification_task\test\glioma\brisc2025_test_00099_gl_co_t1.jpg,glioma,glioma,coronal,0.9317321,0.022869602,0.022053687,0.023344487,0.9317321,True,True,0.0013869626,0.0013869626,50.0,670.0,False
d:\Research\Multi-View Fusion Network\datasets\brisc2025\classification_task\test\glioma\brisc2025_test_00100_gl_co_t1.jpg,glioma,glioma,coronal,0.9333835,0.022242991,0.022064885,0.022308566,0.9333835,True,True,0.7193251,0.56220096,361.0,290.0,False
d:\Research\Multi-View Fusion Network\datasets\brisc2025\classification_task\test\glioma\brisc2025_test_00101_gl_co_t1.jpg,glioma,glioma,coronal,0.9350685,0.021541512,0.021474859,0.021915229,0.9350685,True,True,0.9170654,0.84705883,311.0,315.0,False
d:\Research\Multi-View Fusion Network\datasets\brisc2025\classification_task\test\glioma\brisc2025_test_00102_gl_co_t1.jpg,glioma,glioma,coronal,0.934122,0.021883382,0.021833435,0.022161162,0.934122,True,True,0.9547591,0.91348314,870.0,831.0,False
d:\Research\Multi-View Fusion Network\datasets\brisc2025\classification_task\test\glioma\brisc2025_test_00103_gl_co_t1.jpg,glioma,glioma,coronal,0.9357417,0.021201314,0.021136068,0.021920854,0.9357417,True,True,0.89816636,0.81521094,1414.0,1639.0,False
d:\Research\Multi-View Fusion Network\datasets\brisc2025\classification_task\test\glioma\brisc2025_test_00104_gl_co_t1.jpg,glioma,glioma,coronal,0.9361008,0.021331934,0.020893417,0.02167379,0.9361008,True,True,0.88373363,0.7917889,1004.0,827.0,False
d:\Research\Multi-View Fusion Network\datasets\brisc2025\classification_task\test\glioma\brisc2025_test_00105_gl_co_t1.jpg,glioma,glioma,coronal,0.93483156,0.021688873,0.021493733,0.02198576,0.93483156,True,True,0.7916667,0.65558195,279.0,416.0,False
d:\Research\Multi-View Fusion Network\datasets\brisc2025\classification_task\test\glioma\brisc2025_test_00106_gl_co_t1.jpg,glioma,glioma,coronal,0.9341747,0.022042278,0.021505263,0.022277733,0.9341747,True,True,0.82058823,0.6958296,1806.0,1933.0,False
d:\Research\Multi-View Fusion Network\datasets\brisc2025\classification_task\test\glioma\brisc2025_test_00107_gl_co_t1.jpg,glioma,glioma,coronal,0.9342355,0.02180852,0.021660369,0.022295563,0.9342355,True,True,0.83704734,0.7198276,2017.0,1572.0,False
d:\Research\Multi-View Fusion Network\datasets\brisc2025\classification_task\test\glioma\brisc2025_test_00108_gl_co_t1.jpg,glioma,glioma,coronal,0.93291515,0.022551605,0.022443814,0.022089435,0.93291515,True,True,0.95406127,0.91221374,759.0,742.0,False
d:\Research\Multi-View Fusion Network\datasets\brisc2025\classification_task\test\glioma\brisc2025_test_00109_gl_co_t1.jpg,glioma,glioma,coronal,0.932805,0.022487745,0.022305775,0.022401512,0.932805,True,True,0.959069,0.9214176,627.0,618.0,False
d:\Research\Multi-View Fusion Network\datasets\brisc2025\classification_task\test\glioma\brisc2025_test_00110_gl_co_t1.jpg,glioma,glioma,coronal,0.9332771,0.022467796,0.022166047,0.02208906,0.9332771,True,True,0.96862394,0.9391833,1083.0,1147.0,False
d:\Research\Multi-View Fusion Network\datasets\brisc2025\classification_task\test\glioma\brisc2025_test_00111_gl_co_t1.jpg,glioma,glioma,coronal,0.9329458,0.02232138,0.022273976,0.022458887,0.9329458,True,True,0.9281609,0.8663102,167.0,180.0,False
d:\Research\Multi-View Fusion Network\datasets\brisc2025\classification_task\test\glioma\brisc2025_test_00112_gl_co_t1.jpg,glioma,glioma,coronal,0.93535876,0.021143625,0.021215934,0.02228162,0.93535876,True,True,0.2726481,0.15826613,206.0,941.0,False
d:\Research\Multi-View Fusion Network\datasets\brisc2025\classification_task\test\glioma\brisc2025_test_00113_gl_co_t1.jpg,glioma,glioma,coronal,0.93507624,0.021415694,0.021405281,0.022102805,0.93507624,True,True,0.6824104,0.5181219,639.0,1202.0,False
d:\Research\Multi-View Fusion Network\datasets\brisc2025\classification_task\test\glioma\brisc2025_test_00114_gl_co_t1.jpg,glioma,glioma,coronal,0.9347177,0.022040427,0.02132568,0.02191616,0.9347177,True,True,0.83809227,0.72138226,1567.0,1619.0,False
d:\Research\Multi-View Fusion Network\datasets\brisc2025\classification_task\test\glioma\brisc2025_test_00115_gl_co_t1.jpg,glioma,glioma,coronal,0.93386096,0.021864517,0.021667937,0.022606527,0.93386096,True,True,0.75084746,0.60162604,342.0,247.0,False
d:\Research\Multi-View Fusion Network\datasets\brisc2025\classification_task\test\glioma\brisc2025_test_00116_gl_co_t1.jpg,glioma,glioma,coronal,0.93377334,0.021942606,0.021778453,0.022505632,0.93377334,True,True,0.8109375,0.6824147,278.0,361.0,False
d:\Research\Multi-View Fusion Network\datasets\brisc2025\classification_task\test\glioma\brisc2025_test_00117_gl_co_t1.jpg,glioma,glioma,coronal,0.93515104,0.021626102,0.020914976,0.022307882,0.93515104,True,True,0.9272066,0.86440676,554.0,544.0,False
d:\Research\Multi-View Fusion Network\datasets\brisc2025\classification_task\test\glioma\brisc2025_test_00118_gl_co_t1.jpg,glioma,glioma,coronal,0.93301976,0.022267606,0.02175434,0.022958314,0.93301976,True,True,0.91599643,0.84514004,529.0,589.0,False
d:\Research\Multi-View Fusion Network\datasets\brisc2025\classification_task\test\glioma\brisc2025_test_00119_gl_co_t1.jpg,glioma,glioma,coronal,0.9334276,0.022007095,0.022163766,0.022401657,0.9334276,True,True,0.80076003,0.6678733,823.0,1018.0,False
d:\Research\Multi-View Fusion Network\datasets\brisc2025\classification_task\test\glioma\brisc2025_test_00120_gl_co_t1.jpg,glioma,glioma,coronal,0.93492395,0.021757236,0.021451235,0.021867616,0.93492395,True,True,0.9275862,0.86509633,432.0,437.0,False
d:\Research\Multi-View Fusion Network\datasets\brisc2025\classification_task\test\glioma\brisc2025_test_00121_gl_co_t1.jpg,glioma,glioma,coronal,0.9340469,0.021460645,0.021828098,0.022664256,0.9340469,True,True,0.87686706,0.78080416,1535.0,1209.0,False
d:\Research\Multi-View Fusion Network\datasets\brisc2025\classification_task\test\glioma\brisc2025_test_00122_gl_co_t1.jpg,glioma,glioma,coronal,0.9356164,0.021086842,0.021228103,0.022068746,0.9356164,True,True,0.7244489,0.56828886,559.0,438.0,False
d:\Research\Multi-View Fusion Network\datasets\brisc2025\classification_task\test\glioma\brisc2025_test_00123_gl_co_t1.jpg,glioma,glioma,coronal,0.9356011,0.021509355,0.021163896,0.021725548,0.9356011,True,True,0.65507454,0.48734176,595.0,813.0,False
d:\Research\Multi-View Fusion Network\datasets\brisc2025\classification_task\test\glioma\brisc2025_test_00124_gl_co_t1.jpg,glioma,glioma,coronal,0.9347717,0.021822572,0.021548882,0.02185681,0.9347717,True,True,0.6942085,0.5319149,539.0,755.0,False
d:\Research\Multi-View Fusion Network\datasets\brisc2025\classification_task\test\glioma\brisc2025_test_00125_gl_co_t1.jpg,glioma,glioma,coronal,0.93492115,0.021705637,0.021498766,0.021874528,0.93492115,True,True,0.7431078,0.59163344,402.0,395.0,False
d:\Research\Multi-View Fusion Network\datasets\brisc2025\classification_task\test\glioma\brisc2025_test_00126_gl_co_t1.jpg,glioma,glioma,coronal,0.9346697,0.022027396,0.021399356,0.021903595,0.9346697,True,True,0.8784091,0.78340083,472.0,407.0,False
d:\Research\Multi-View Fusion Network\datasets\brisc2025\classification_task\test\glioma\brisc2025_test_00127_gl_co_t1.jpg,glioma,glioma,coronal,0.93516994,0.021892078,0.021217752,0.021720305,0.93516994,True,True,0.957733,0.9189687,520.0,520.0,False
d:\Research\Multi-View Fusion Network\datasets\brisc2025\classification_task\test\glioma\brisc2025_test_00128_gl_co_t1.jpg,glioma,glioma,coronal,0.9361577,0.020919014,0.021156266,0.021767003,0.9361577,True,True,0.8333333,0.7146597,345.0,308.0,False
d:\Research\Multi-View Fusion Network\datasets\brisc2025\classification_task\test\glioma\brisc2025_test_00129_gl_co_t1.jpg,glioma,glioma,coronal,0.9358087,0.021221895,0.021324445,0.021644864,0.9358087,True,True,0.93386954,0.8760469,542.0,576.0,False
d:\Research\Multi-View Fusion Network\datasets\brisc2025\classification_task\test\glioma\brisc2025_test_00130_gl_co_t1.jpg,glioma,glioma,coronal,0.9336445,0.022229401,0.022110963,0.022015152,0.9336445,True,True,0.8366725,0.71931136,1332.0,963.0,False
d:\Research\Multi-View Fusion Network\datasets\brisc2025\classification_task\test\glioma\brisc2025_test_00131_gl_co_t1.jpg,glioma,glioma,coronal,0.9315769,0.022811862,0.02259967,0.023011543,0.9315769,True,True,0.0023980816,0.0023980816,416.0,0.0,True
d:\Research\Multi-View Fusion Network\datasets\brisc2025\classification_task\test\glioma\brisc2025_test_00132_gl_co_t1.jpg,glioma,glioma,coronal,0.932909,0.022518331,0.022144312,0.022428278,0.932909,True,True,0.6716814,0.505992,513.0,616.0,False
d:\Research\Multi-View Fusion Network\datasets\brisc2025\classification_task\test\glioma\brisc2025_test_00133_gl_co_t1.jpg,glioma,glioma,coronal,0.93589634,0.021598434,0.021106655,0.021398544,0.93589634,True,True,0.9637255,0.9300567,505.0,514.0,False
d:\Research\Multi-View Fusion Network\datasets\brisc2025\classification_task\test\glioma\brisc2025_test_00134_gl_co_t1.jpg,glioma,glioma,coronal,0.93302816,0.022411495,0.021893868,0.02266651,0.93302816,True,True,0.9348786,0.87774557,2398.0,2131.0,False
d:\Research\Multi-View Fusion Network\datasets\brisc2025\classification_task\test\glioma\brisc2025_test_00135_gl_co_t1.jpg,glioma,glioma,coronal,0.9363541,0.02126939,0.020831743,0.021544864,0.9363541,True,True,0.45984945,0.29885992,425.0,1168.0,False
d:\Research\Multi-View Fusion Network\datasets\brisc2025\classification_task\test\glioma\brisc2025_test_00136_gl_co_t1.jpg,glioma,glioma,coronal,0.93545276,0.021058358,0.021288197,0.022200782,0.93545276,True,True,0.8733175,0.7752809,690.0,572.0,False
d:\Research\Multi-View Fusion Network\datasets\brisc2025\classification_task\test\glioma\brisc2025_test_00137_gl_co_t1.jpg,glioma,glioma,coronal,0.93271184,0.022704868,0.022016073,0.022567194,0.93271184,True,True,0.9023669,0.8222621,526.0,487.0,False
d:\Research\Multi-View Fusion Network\datasets\brisc2025\classification_task\test\glioma\brisc2025_test_00138_gl_co_t1.jpg,glioma,glioma,coronal,0.935935,0.021361219,0.021093875,0.021609953,0.935935,True,True,0.9298316,0.8689138,1326.0,1167.0,False
d:\Research\Multi-View Fusion Network\datasets\brisc2025\classification_task\test\glioma\brisc2025_test_00139_gl_co_t1.jpg,glioma,glioma,coronal,0.93218386,0.022624535,0.022371212,0.022820354,0.93218386,True,True,0.954039,0.91223407,365.0,352.0,False
d:\Research\Multi-View Fusion Network\datasets\brisc2025\classification_task\test\glioma\brisc2025_test_00140_gl_co_t1.jpg,glioma,glioma,coronal,0.93085897,0.022781437,0.022708317,0.023651239,0.93085897,True,True,0.8076923,0.67836255,145.0,140.0,False
d:\Research\Multi-View Fusion Network\datasets\brisc2025\classification_task\test\glioma\brisc2025_test_00141_gl_co_t1.jpg,glioma,glioma,coronal,0.9343409,0.021827132,0.021523703,0.022308262,0.9343409,True,True,0.4741863,0.3110294,615.0,1166.0,False
d:\Research\Multi-View Fusion Network\datasets\brisc2025\classification_task\test\glioma\brisc2025_test_00142_gl_co_t1.jpg,glioma,glioma,coronal,0.93398637,0.02230938,0.021606933,0.022097263,0.93398637,True,True,0.85655737,0.75,108.0,135.0,False
d:\Research\Multi-View Fusion Network\datasets\brisc2025\classification_task\test\glioma\brisc2025_test_00143_gl_co_t1.jpg,glioma,glioma,coronal,0.9333048,0.022292674,0.022035332,0.022367166,0.9333048,True,True,0.49585798,0.3301887,454.0,390.0,False
d:\Research\Multi-View Fusion Network\datasets\brisc2025\classification_task\test\glioma\brisc2025_test_00144_gl_co_t1.jpg,glioma,glioma,coronal,0.93296456,0.022822857,0.021589275,0.022623248,0.93296456,True,True,0.8848921,0.7948718,71.0,67.0,False
d:\Research\Multi-View Fusion Network\datasets\brisc2025\classification_task\test\glioma\brisc2025_test_00145_gl_co_t1.jpg,glioma,glioma,coronal,0.9348571,0.021877123,0.021431176,0.021834655,0.9348571,True,True,0.50061804,0.33443162,581.0,227.0,False
d:\Research\Multi-View Fusion Network\datasets\brisc2025\classification_task\test\glioma\brisc2025_test_00146_gl_co_t1.jpg,glioma,glioma,coronal,0.9318742,0.023419408,0.022098139,0.022608314,0.9318742,True,True,0.69905955,0.53846157,129.0,189.0,False
d:\Research\Multi-View Fusion Network\datasets\brisc2025\classification_task\test\glioma\brisc2025_test_00147_gl_co_t1.jpg,glioma,glioma,coronal,0.9323976,0.023015067,0.022298444,0.022288907,0.9323976,True,True,0.9524941,0.90936553,659.0,603.0,False
d:\Research\Multi-View Fusion Network\datasets\brisc2025\classification_task\test\glioma\brisc2025_test_00148_gl_co_t1.jpg,glioma,glioma,coronal,0.93408895,0.022244655,0.021821711,0.021844799,0.93408895,True,True,0.9717445,0.9451074,402.0,411.0,False
d:\Research\Multi-View Fusion Network\datasets\brisc2025\classification_task\test\glioma\brisc2025_test_00149_gl_co_t1.jpg,glioma,glioma,coronal,0.9323685,0.0223912,0.022263318,0.022976983,0.9323685,True,True,0.4379747,0.28077754,290.0,894.0,False
d:\Research\Multi-View Fusion Network\datasets\brisc2025\classification_task\test\glioma\brisc2025_test_00150_gl_co_t1.jpg,glioma,glioma,coronal,0.93399644,0.022400592,0.021364778,0.022238115,0.93399644,True,True,0.72959185,0.57463884,407.0,572.0,False
d:\Research\Multi-View Fusion Network\datasets\brisc2025\classification_task\test\glioma\brisc2025_test_00151_gl_co_t1.jpg,glioma,glioma,coronal,0.93017393,0.023529371,0.022631891,0.023664748,0.93017393,True,True,0.71484756,0.55657494,644.0,372.0,False
d:\Research\Multi-View Fusion Network\datasets\brisc2025\classification_task\test\glioma\brisc2025_test_00152_gl_co_t1.jpg,glioma,glioma,coronal,0.93515855,0.021699646,0.021116486,0.022025324,0.93515855,True,True,0.959398,0.9219906,1435.0,1421.0,False
d:\Research\Multi-View Fusion Network\datasets\brisc2025\classification_task\test\glioma\brisc2025_test_00153_gl_co_t1.jpg,glioma,glioma,coronal,0.9346291,0.02209097,0.021514801,0.021765152,0.9346291,True,True,0.9267214,0.8635294,834.0,748.0,False
d:\Research\Multi-View Fusion Network\datasets\brisc2025\classification_task\test\glioma\brisc2025_test_00154_gl_co_t1.jpg,glioma,glioma,coronal,0.933573,0.022215864,0.021774558,0.02243654,0.933573,True,True,0.78950053,0.6523569,972.0,989.0,False
d:\Research\Multi-View Fusion Network\datasets\brisc2025\classification_task\test\glioma\brisc2025_test_00155_gl_co_t1.jpg,glioma,glioma,coronal,0.93482834,0.021434369,0.02174085,0.021996465,0.93482834,True,True,0.95036197,0.90543205,3333.0,3435.0,False
d:\Research\Multi-View Fusion Network\datasets\brisc2025\classification_task\test\glioma\brisc2025_test_00156_gl_co_t1.jpg,glioma,glioma,coronal,0.9347176,0.021652421,0.02163763,0.021992369,0.9347176,True,True,0.73508906,0.5812245,1440.0,2432.0,False
d:\Research\Multi-View Fusion Network\datasets\brisc2025\classification_task\test\glioma\brisc2025_test_00157_gl_co_t1.jpg,glioma,glioma,coronal,0.9350104,0.022042718,0.021219892,0.021727012,0.9350104,True,True,0.77604896,0.63410455,3006.0,2713.0,False
d:\Research\Multi-View Fusion Network\datasets\brisc2025\classification_task\test\glioma\brisc2025_test_00158_gl_co_t1.jpg,glioma,glioma,coronal,0.9349601,0.021862164,0.02117012,0.022007579,0.9349601,True,True,0.68348366,0.5192637,2290.0,1257.0,False
d:\Research\Multi-View Fusion Network\datasets\brisc2025\classification_task\test\glioma\brisc2025_test_00159_gl_co_t1.jpg,glioma,glioma,coronal,0.9351734,0.021793175,0.021305801,0.021727646,0.9351734,True,True,0.93090314,0.87080365,947.0,890.0,False
d:\Research\Multi-View Fusion Network\datasets\brisc2025\classification_task\test\glioma\brisc2025_test_00160_gl_co_t1.jpg,glioma,glioma,coronal,0.93364626,0.022517102,0.02156841,0.022268273,0.93364626,True,True,0.7823482,0.64262295,1364.0,1139.0,False
d:\Research\Multi-View Fusion Network\datasets\brisc2025\classification_task\test\glioma\brisc2025_test_00161_gl_co_t1.jpg,glioma,glioma,coronal,0.93367505,0.022258354,0.021862617,0.02220392,0.93367505,True,True,0.92065525,0.8530109,1880.0,2026.0,False
d:\Research\Multi-View Fusion Network\datasets\brisc2025\classification_task\test\glioma\brisc2025_test_00162_gl_co_t1.jpg,glioma,glioma,coronal,0.93417454,0.02218632,0.021628803,0.022010332,0.93417454,True,True,0.82976973,0.70926964,680.0,535.0,False
d:\Research\Multi-View Fusion Network\datasets\brisc2025\classification_task\test\glioma\brisc2025_test_00163_gl_co_t1.jpg,glioma,glioma,coronal,0.93365926,0.022144977,0.021821635,0.022374103,0.93365926,True,True,0.8880407,0.7987805,543.0,635.0,False
d:\Research\Multi-View Fusion Network\datasets\brisc2025\classification_task\test\glioma\brisc2025_test_00164_gl_co_t1.jpg,glioma,glioma,coronal,0.93369675,0.022076178,0.021835497,0.02239154,0.93369675,True,True,0.9391003,0.88521737,2202.0,2132.0,False
d:\Research\Multi-View Fusion Network\datasets\brisc2025\classification_task\test\glioma\brisc2025_test_00165_gl_co_t1.jpg,glioma,glioma,coronal,0.93446875,0.02196729,0.02160887,0.021955159,0.93446875,True,True,0.95010114,0.90496576,2266.0,2182.0,False
d:\Research\Multi-View Fusion Network\datasets\brisc2025\classification_task\test\glioma\brisc2025_test_00166_gl_co_t1.jpg,glioma,glioma,coronal,0.93435466,0.022227982,0.021508733,0.021908652,0.93435466,True,True,0.69258106,0.5298913,848.0,1402.0,False
d:\Research\Multi-View Fusion Network\datasets\brisc2025\classification_task\test\glioma\brisc2025_test_00167_gl_sa_t1.jpg,glioma,glioma,sagittal,0.93515325,0.021988695,0.021322625,0.021535493,0.93515325,True,True,0.937046,0.8816388,629.0,609.0,False
d:\Research\Multi-View Fusion Network\datasets\brisc2025\classification_task\test\glioma\brisc2025_test_00168_gl_sa_t1.jpg,glioma,glioma,sagittal,0.9326308,0.023372393,0.021818805,0.022178024,0.9326308,True,True,0.33950618,0.20461659,2434.0,643.0,False
d:\Research\Multi-View Fusion Network\datasets\brisc2025\classification_task\test\glioma\brisc2025_test_00169_gl_sa_t1.jpg,glioma,glioma,sagittal,0.9363762,0.021425342,0.020885335,0.021313043,0.9363762,True,True,0.85509014,0.74691623,2318.0,1787.0,False
d:\Research\Multi-View Fusion Network\datasets\brisc2025\classification_task\test\glioma\brisc2025_test_00170_gl_sa_t1.jpg,glioma,glioma,sagittal,0.9365434,0.021449246,0.020751646,0.02125571,0.9365434,True,True,0.89468086,0.80949324,1510.0,1309.0,False
d:\Research\Multi-View Fusion Network\datasets\brisc2025\classification_task\test\glioma\brisc2025_test_00171_gl_sa_t1.jpg,glioma,glioma,sagittal,0.93544054,0.021993166,0.021120824,0.021445453,0.93544054,True,True,0.6290175,0.45892859,1396.0,1870.0,False
d:\Research\Multi-View Fusion Network\datasets\brisc2025\classification_task\test\glioma\brisc2025_test_00172_gl_sa_t1.jpg,glioma,glioma,sagittal,0.93555653,0.02184264,0.02112221,0.0214786,0.93555653,True,True,0.8111624,0.68242764,1323.0,1059.0,False
d:\Research\Multi-View Fusion Network\datasets\brisc2025\classification_task\test\glioma\brisc2025_test_00173_gl_sa_t1.jpg,glioma,glioma,sagittal,0.93519974,0.021892725,0.021259261,0.021648202,0.93519974,True,True,0.7944664,0.66013074,144.0,108.0,False
d:\Research\Multi-View Fusion Network\datasets\brisc2025\classification_task\test\glioma\brisc2025_test_00174_gl_sa_t1.jpg,glioma,glioma,sagittal,0.9323287,0.022874804,0.022827933,0.021968534,0.9323287,True,True,0.9522727,0.90909094,224.0,215.0,False
d:\Research\Multi-View Fusion Network\datasets\brisc2025\classification_task\test\glioma\brisc2025_test_00175_gl_sa_t1.jpg,glioma,glioma,sagittal,0.9342308,0.022669194,0.02150817,0.021591907,0.9342308,True,True,0.88101983,0.78752106,514.0,544.0,False
d:\Research\Multi-View Fusion Network\datasets\brisc2025\classification_task\test\glioma\brisc2025_test_00176_gl_sa_t1.jpg,glioma,glioma,sagittal,0.93199104,0.022694904,0.02298885,0.022325141,0.93199104,True,True,0.0017636684,0.0017636684,276.0,290.0,False
d:\Research\Multi-View Fusion Network\datasets\brisc2025\classification_task\test\glioma\brisc2025_test_00177_gl_sa_t1.jpg,glioma,glioma,sagittal,0.9347258,0.021753678,0.021641541,0.021878948,0.9347258,True,True,0.8633301,0.75959367,1347.0,1769.0,False
d:\Research\Multi-View Fusion Network\datasets\brisc2025\classification_task\test\glioma\brisc2025_test_00178_gl_sa_t1.jpg,glioma,glioma,sagittal,0.9354679,0.021756366,0.021417094,0.021358652,0.9354679,True,True,0.8488937,0.737582,946.0,906.0,False
d:\Research\Multi-View Fusion Network\datasets\brisc2025\classification_task\test\glioma\brisc2025_test_00179_gl_sa_t1.jpg,glioma,glioma,sagittal,0.93505764,0.02197208,0.021355547,0.021614783,0.93505764,True,True,0.57723576,0.406199,249.0,611.0,False
d:\Research\Multi-View Fusion Network\datasets\brisc2025\classification_task\test\glioma\brisc2025_test_00180_gl_sa_t1.jpg,glioma,glioma,sagittal,0.9364445,0.021241352,0.021120906,0.021193204,0.9364445,True,True,0.7419355,0.5904437,236.0,228.0,False
d:\Research\Multi-View Fusion Network\datasets\brisc2025\classification_task\test\glioma\brisc2025_test_00181_gl_sa_t1.jpg,glioma,glioma,sagittal,0.93519,0.021833997,0.02150447,0.021471541,0.93519,True,True,0.9490566,0.9032258,262.0,267.0,False
d:\Research\Multi-View Fusion Network\datasets\brisc2025\classification_task\test\glioma\brisc2025_test_00182_gl_sa_t1.jpg,glioma,glioma,sagittal,0.93498355,0.0221287,0.021253994,0.021633739,0.93498355,True,True,0.66310793,0.4964539,439.0,403.0,False
d:\Research\Multi-View Fusion Network\datasets\brisc2025\classification_task\test\glioma\brisc2025_test_00183_gl_sa_t1.jpg,glioma,glioma,sagittal,0.93597233,0.021417178,0.021138985,0.021471558,0.93597233,True,True,0.477735,0.31407943,1084.0,734.0,False
d:\Research\Multi-View Fusion Network\datasets\brisc2025\classification_task\test\glioma\brisc2025_test_00184_gl_sa_t1.jpg,glioma,glioma,sagittal,0.93468976,0.022185631,0.021627327,0.021497285,0.93468976,True,True,0.9697199,0.9412341,2008.0,1954.0,False
d:\Research\Multi-View Fusion Network\datasets\brisc2025\classification_task\test\glioma\brisc2025_test_00185_gl_sa_t1.jpg,glioma,glioma,sagittal,0.9334673,0.023171578,0.021571442,0.021789625,0.9334673,True,True,0.901445,0.8206338,1359.0,1339.0,False
d:\Research\Multi-View Fusion Network\datasets\brisc2025\classification_task\test\glioma\brisc2025_test_00186_gl_sa_t1.jpg,glioma,glioma,sagittal,0.934071,0.022071186,0.021579089,0.022278681,0.934071,True,True,0.62822014,0.45819113,1044.0,663.0,False
d:\Research\Multi-View Fusion Network\datasets\brisc2025\classification_task\test\glioma\brisc2025_test_00187_gl_sa_t1.jpg,glioma,glioma,sagittal,0.9359362,0.021612974,0.020817557,0.021633219,0.9359362,True,True,0.77434313,0.6319328,1131.0,809.0,False
d:\Research\Multi-View Fusion Network\datasets\brisc2025\classification_task\test\glioma\brisc2025_test_00188_gl_sa_t1.jpg,glioma,glioma,sagittal,0.9343834,0.02207812,0.02141398,0.02212453,0.9343834,True,True,0.46386334,0.3025641,379.0,381.0,False
d:\Research\Multi-View Fusion Network\datasets\brisc2025\classification_task\test\glioma\brisc2025_test_00189_gl_sa_t1.jpg,glioma,glioma,sagittal,0.93166703,0.02274028,0.022654692,0.022937976,0.93166703,True,True,0.9812677,0.96323216,2320.0,2270.0,False
d:\Research\Multi-View Fusion Network\datasets\brisc2025\classification_task\test\glioma\brisc2025_test_00190_gl_sa_t1.jpg,glioma,glioma,sagittal,0.9328353,0.022885391,0.0220339,0.02224544,0.9328353,True,True,0.95883054,0.920932,2575.0,2452.0,False
d:\Research\Multi-View Fusion Network\datasets\brisc2025\classification_task\test\glioma\brisc2025_test_00191_gl_sa_t1.jpg,glioma,glioma,sagittal,0.9339956,0.022197973,0.021895284,0.021911127,0.9339956,True,True,0.4923664,0.32828283,64.0,197.0,False
d:\Research\Multi-View Fusion Network\datasets\brisc2025\classification_task\test\glioma\brisc2025_test_00192_gl_sa_t1.jpg,glioma,glioma,sagittal,0.9353909,0.021834962,0.02138054,0.021393565,0.9353909,True,True,0.7381802,0.585159,1364.0,877.0,False
d:\Research\Multi-View Fusion Network\datasets\brisc2025\classification_task\test\glioma\brisc2025_test_00193_gl_sa_t1.jpg,glioma,glioma,sagittal,0.9351667,0.022262225,0.021181393,0.0213897,0.9351667,True,True,0.16787396,0.09171773,4901.0,620.0,False
d:\Research\Multi-View Fusion Network\datasets\brisc2025\classification_task\test\glioma\brisc2025_test_00194_gl_sa_t1.jpg,glioma,glioma,sagittal,0.93501306,0.022001283,0.021374028,0.021611674,0.93501306,True,True,0.69104475,0.5284738,252.0,417.0,False
d:\Research\Multi-View Fusion Network\datasets\brisc2025\classification_task\test\glioma\brisc2025_test_00195_gl_sa_t1.jpg,glioma,glioma,sagittal,0.93182164,0.022815766,0.022852387,0.02251012,0.93182164,True,True,0.8333333,0.71468145,284.0,333.0,False
d:\Research\Multi-View Fusion Network\datasets\brisc2025\classification_task\test\glioma\brisc2025_test_00196_gl_sa_t1.jpg,glioma,glioma,sagittal,0.93485904,0.022123214,0.02133705,0.021680713,0.93485904,True,True,0.94666004,0.8987701,975.0,1030.0,False
d:\Research\Multi-View Fusion Network\datasets\brisc2025\classification_task\test\glioma\brisc2025_test_00197_gl_sa_t1.jpg,glioma,glioma,sagittal,0.9350547,0.022014406,0.02135367,0.021577222,0.9350547,True,True,0.9368421,0.8813187,427.0,427.0,False
d:\Research\Multi-View Fusion Network\datasets\brisc2025\classification_task\test\glioma\brisc2025_test_00198_gl_sa_t1.jpg,glioma,glioma,sagittal,0.93709445,0.021051835,0.020668136,0.021185657,0.93709445,True,True,0.91642874,0.84578544,1955.0,1897.0,False
d:\Research\Multi-View Fusion Network\datasets\brisc2025\classification_task\test\glioma\brisc2025_test_00199_gl_sa_t1.jpg,glioma,glioma,sagittal,0.93506956,0.021400128,0.02165977,0.021870615,0.93506956,True,True,0.95612067,0.91595036,1969.0,2041.0,False
d:\Research\Multi-View Fusion Network\datasets\brisc2025\classification_task\test\glioma\brisc2025_test_00200_gl_sa_t1.jpg,glioma,glioma,sagittal,0.9351053,0.02136068,0.021564912,0.021969108,0.9351053,True,True,0.9144116,0.8424102,765.0,823.0,False
d:\Research\Multi-View Fusion Network\datasets\brisc2025\classification_task\test\glioma\brisc2025_test_00201_gl_sa_t1.jpg,glioma,glioma,sagittal,0.9354557,0.021885939,0.021280784,0.021377651,0.9354557,True,True,0.93943566,0.8858625,699.0,753.0,False
d:\Research\Multi-View Fusion Network\datasets\brisc2025\classification_task\test\glioma\brisc2025_test_00202_gl_sa_t1.jpg,glioma,glioma,sagittal,0.9365147,0.02147542,0.020822812,0.021187142,0.9365147,True,True,0.9087635,0.83296704,417.0,415.0,False
d:\Research\Multi-View Fusion Network\datasets\brisc2025\classification_task\test\glioma\brisc2025_test_00203_gl_sa_t1.jpg,glioma,glioma,sagittal,0.9359321,0.021586189,0.021204071,0.021277614,0.9359321,True,True,0.9186893,0.84966344,1264.0,1207.0,False
d:\Research\Multi-View Fusion Network\datasets\brisc2025\classification_task\test\glioma\brisc2025_test_00204_gl_sa_t1.jpg,glioma,glioma,sagittal,0.9351247,0.021709329,0.02132082,0.021845128,0.9351247,True,True,0.59695816,0.4259928,402.0,386.0,False
d:\Research\Multi-View Fusion Network\datasets\brisc2025\classification_task\test\glioma\brisc2025_test_00205_gl_sa_t1.jpg,glioma,glioma,sagittal,0.93447363,0.021989351,0.02148531,0.022051696,0.93447363,True,True,0.8956962,0.8111824,1003.0,971.0,False
d:\Research\Multi-View Fusion Network\datasets\brisc2025\classification_task\test\glioma\brisc2025_test_00206_gl_sa_t1.jpg,glioma,glioma,sagittal,0.933989,0.022744445,0.021630378,0.021636184,0.933989,True,True,0.89134616,0.8040462,1568.0,1551.0,False
d:\Research\Multi-View Fusion Network\datasets\brisc2025\classification_task\test\glioma\brisc2025_test_00207_gl_sa_t1.jpg,glioma,glioma,sagittal,0.9281326,0.02456174,0.02362887,0.023676826,0.9281326,True,True,0.4271012,0.27233115,383.0,199.0,False
d:\Research\Multi-View Fusion Network\datasets\brisc2025\classification_task\test\glioma\brisc2025_test_00208_gl_sa_t1.jpg,glioma,glioma,sagittal,0.9358908,0.0218445,0.020938182,0.021326467,0.9358908,True,True,0.7743089,0.6318302,1782.0,1292.0,False
d:\Research\Multi-View Fusion Network\datasets\brisc2025\classification_task\test\glioma\brisc2025_test_00209_gl_sa_t1.jpg,glioma,glioma,sagittal,0.9356403,0.022155253,0.020853357,0.021351116,0.9356403,True,True,0.940759,0.88817704,1621.0,1619.0,False
d:\Research\Multi-View Fusion Network\datasets\brisc2025\classification_task\test\glioma\brisc2025_test_00210_gl_sa_t1.jpg,glioma,glioma,sagittal,0.93495816,0.021952113,0.02159288,0.021496922,0.93495816,True,True,0.716,0.55772424,2218.0,1531.0,False
d:\Research\Multi-View Fusion Network\datasets\brisc2025\classification_task\test\glioma\brisc2025_test_00211_gl_sa_t1.jpg,glioma,glioma,sagittal,0.93536794,0.021752587,0.02140521,0.021474248,0.93536794,True,True,0.47730166,0.31364903,1746.0,610.0,False
d:\Research\Multi-View Fusion Network\datasets\brisc2025\classification_task\test\glioma\brisc2025_test_00212_gl_sa_t1.jpg,glioma,glioma,sagittal,0.93430054,0.02175104,0.021722138,0.022226287,0.93430054,True,True,0.9626168,0.92814374,161.0,159.0,False
d:\Research\Multi-View Fusion Network\datasets\brisc2025\classification_task\test\glioma\brisc2025_test_00213_gl_sa_t1.jpg,glioma,glioma,sagittal,0.93523186,0.02169542,0.021545367,0.021527361,0.93523186,True,True,0.8907767,0.80349344,205.0,206.0,False
d:\Research\Multi-View Fusion Network\datasets\brisc2025\classification_task\test\glioma\brisc2025_test_00214_gl_sa_t1.jpg,glioma,glioma,sagittal,0.9352366,0.021752294,0.021385964,0.021625238,0.9352366,True,True,0.9488409,0.9027356,656.0,594.0,False
d:\Research\Multi-View Fusion Network\datasets\brisc2025\classification_task\test\glioma\brisc2025_test_00215_gl_sa_t1.jpg,glioma,glioma,sagittal,0.9345802,0.021911751,0.021747023,0.021760974,0.9345802,True,True,0.9646962,0.9318542,629.0,588.0,False
d:\Research\Multi-View Fusion Network\datasets\brisc2025\classification_task\test\glioma\brisc2025_test_00216_gl_sa_t1.jpg,glioma,glioma,sagittal,0.9333792,0.022472866,0.022099836,0.022048123,0.9333792,True,True,0.74795884,0.5975057,1752.0,1064.0,False
d:\Research\Multi-View Fusion Network\datasets\brisc2025\classification_task\test\glioma\brisc2025_test_00217_gl_sa_t1.jpg,glioma,glioma,sagittal,0.93567884,0.02176774,0.020896357,0.021657065,0.93567884,True,True,0.4332172,0.27667984,818.0,1764.0,False
d:\Research\Multi-View Fusion Network\datasets\brisc2025\classification_task\test\glioma\brisc2025_test_00218_gl_sa_t1.jpg,glioma,glioma,sagittal,0.9327603,0.022290593,0.022790745,0.022158474,0.9327603,True,True,0.70768434,0.5477912,1196.0,729.0,False
d:\Research\Multi-View Fusion Network\datasets\brisc2025\classification_task\test\glioma\brisc2025_test_00219_gl_sa_t1.jpg,glioma,glioma,sagittal,0.9333509,0.022434402,0.02230535,0.021909315,0.9333509,True,True,0.90388006,0.8247588,525.0,608.0,False
d:\Research\Multi-View Fusion Network\datasets\brisc2025\classification_task\test\glioma\brisc2025_test_00220_gl_sa_t1.jpg,glioma,glioma,sagittal,0.93413013,0.021906551,0.021852233,0.022111088,0.93413013,True,True,0.9067323,0.82942945,1528.0,1516.0,False
d:\Research\Multi-View Fusion Network\datasets\brisc2025\classification_task\test\glioma\brisc2025_test_00221_gl_sa_t1.jpg,glioma,glioma,sagittal,0.93511957,0.021775631,0.021451052,0.021653771,0.93511957,True,True,0.9693524,0.9405561,994.0,1028.0,False
d:\Research\Multi-View Fusion Network\datasets\brisc2025\classification_task\test\glioma\brisc2025_test_00222_gl_sa_t1.jpg,glioma,glioma,sagittal,0.9343664,0.022315102,0.021598551,0.021719884,0.9343664,True,True,0.9493123,0.9035294,3167.0,3303.0,False
d:\Research\Multi-View Fusion Network\datasets\brisc2025\classification_task\test\glioma\brisc2025_test_00223_gl_sa_t1.jpg,glioma,glioma,sagittal,0.93536794,0.021948617,0.02123811,0.021445217,0.93536794,True,True,0.9584383,0.9202899,410.0,383.0,False
d:\Research\Multi-View Fusion Network\datasets\brisc2025\classification_task\test\glioma\brisc2025_test_00224_gl_sa_t1.jpg,glioma,glioma,sagittal,0.9319309,0.022970624,0.022518137,0.02258037,0.9319309,True,True,0.7647059,0.6216216,73.0,45.0,False
d:\Research\Multi-View Fusion Network\datasets\brisc2025\classification_task\test\glioma\brisc2025_test_00225_gl_sa_t1.jpg,glioma,glioma,sagittal,0.93397444,0.02246269,0.02146774,0.022095168,0.93397444,True,True,0.92287916,0.85714287,189.0,199.0,False
d:\Research\Multi-View Fusion Network\datasets\brisc2025\classification_task\test\glioma\brisc2025_test_00226_gl_sa_t1.jpg,glioma,glioma,sagittal,0.9315401,0.023698505,0.022385998,0.022375448,0.9315401,True,True,0.95004463,0.9049236,573.0,547.0,False
d:\Research\Multi-View Fusion Network\datasets\brisc2025\classification_task\test\glioma\brisc2025_test_00227_gl_sa_t1.jpg,glioma,glioma,sagittal,0.93231887,0.023438185,0.022211,0.022031942,0.93231887,True,True,0.8992095,0.8172043,227.0,278.0,False
d:\Research\Multi-View Fusion Network\datasets\brisc2025\classification_task\test\glioma\brisc2025_test_00228_gl_sa_t1.jpg,glioma,glioma,sagittal,0.93305683,0.023188064,0.021716937,0.022038177,0.93305683,True,True,0.90143734,0.8208955,261.0,225.0,False
d:\Research\Multi-View Fusion Network\datasets\brisc2025\classification_task\test\glioma\brisc2025_test_00229_gl_sa_t1.jpg,glioma,meningioma,sagittal,0.028924894,0.9154864,0.028747257,0.026841464,0.9154864,False,True,0.9186047,0.84969324,308.0,293.0,False
d:\Research\Multi-View Fusion Network\datasets\brisc2025\classification_task\test\glioma\brisc2025_test_00230_gl_sa_t1.jpg,glioma,glioma,sagittal,0.93424964,0.022585396,0.021596383,0.021568637,0.93424964,True,True,0.918286,0.8489871,953.0,1053.0,False
d:\Research\Multi-View Fusion Network\datasets\brisc2025\classification_task\test\glioma\brisc2025_test_00231_gl_sa_t1.jpg,glioma,glioma,sagittal,0.93043184,0.024716917,0.022990983,0.021860188,0.93043184,True,True,0.9434827,0.8930636,944.0,1019.0,False
d:\Research\Multi-View Fusion Network\datasets\brisc2025\classification_task\test\glioma\brisc2025_test_00232_gl_sa_t1.jpg,glioma,glioma,sagittal,0.93337065,0.022787826,0.022105748,0.021735827,0.93337065,True,True,0.9012821,0.82051283,372.0,407.0,False
d:\Research\Multi-View Fusion Network\datasets\brisc2025\classification_task\test\glioma\brisc2025_test_00233_gl_sa_t1.jpg,glioma,glioma,sagittal,0.93425477,0.022256948,0.021618204,0.021870123,0.93425477,True,True,0.9559695,0.91572124,585.0,595.0,False
d:\Research\Multi-View Fusion Network\datasets\brisc2025\classification_task\test\glioma\brisc2025_test_00234_gl_sa_t1.jpg,glioma,glioma,sagittal,0.9323459,0.02312431,0.022155259,0.022374498,0.9323459,True,True,0.9514652,0.9075044,530.0,561.0,False
d:\Research\Multi-View Fusion Network\datasets\brisc2025\classification_task\test\glioma\brisc2025_test_00235_gl_sa_t1.jpg,glioma,glioma,sagittal,0.9318079,0.02361983,0.021982089,0.02259019,0.9318079,True,True,0.7723258,0.629393,437.0,581.0,False
d:\Research\Multi-View Fusion Network\datasets\brisc2025\classification_task\test\glioma\brisc2025_test_00236_gl_sa_t1.jpg,glioma,glioma,sagittal,0.93499583,0.022055835,0.0216,0.021348292,0.93499583,True,True,0.93185335,0.87246376,971.0,965.0,False
d:\Research\Multi-View Fusion Network\datasets\brisc2025\classification_task\test\glioma\brisc2025_test_00237_gl_sa_t1.jpg,glioma,glioma,sagittal,0.93423164,0.022482637,0.02165989,0.021625835,0.93423164,True,True,0.7205154,0.5634675,377.0,631.0,False
d:\Research\Multi-View Fusion Network\datasets\brisc2025\classification_task\test\glioma\brisc2025_test_00238_gl_sa_t1.jpg,glioma,glioma,sagittal,0.9346691,0.022063395,0.02147432,0.021793209,0.9346691,True,True,0.8218008,0.697543,3988.0,2919.0,False
d:\Research\Multi-View Fusion Network\datasets\brisc2025\classification_task\test\glioma\brisc2025_test_00239_gl_sa_t1.jpg,glioma,glioma,sagittal,0.9348494,0.02232746,0.02140838,0.02141479,0.9348494,True,True,0.47473624,0.3113322,4120.0,1282.0,False
d:\Research\Multi-View Fusion Network\datasets\brisc2025\classification_task\test\glioma\brisc2025_test_00240_gl_sa_t1.jpg,glioma,glioma,sagittal,0.9304976,0.0239174,0.02327121,0.022313835,0.9304976,True,True,0.92634106,0.8628912,629.0,619.0,False
d:\Research\Multi-View Fusion Network\datasets\brisc2025\classification_task\test\glioma\brisc2025_test_00241_gl_sa_t1.jpg,glioma,glioma,sagittal,0.93339264,0.022750515,0.022380197,0.021476632,0.93339264,True,True,0.7727882,0.6299127,906.0,585.0,False
d:\Research\Multi-View Fusion Network\datasets\brisc2025\classification_task\test\glioma\brisc2025_test_00242_gl_sa_t1.jpg,glioma,glioma,sagittal,0.93437505,0.022594864,0.021611594,0.02141853,0.93437505,True,True,0.77604675,0.6343402,431.0,595.0,False
d:\Research\Multi-View Fusion Network\datasets\brisc2025\classification_task\test\glioma\brisc2025_test_00243_gl_sa_t1.jpg,glioma,glioma,sagittal,0.9318195,0.02369133,0.022403494,0.022085737,0.9318195,True,True,0.90193546,0.82145655,1208.0,1116.0,False
d:\Research\Multi-View Fusion Network\datasets\brisc2025\classification_task\test\glioma\brisc2025_test_00244_gl_sa_t1.jpg,glioma,glioma,sagittal,0.93427896,0.022139365,0.021875111,0.021706494,0.93427896,True,True,0.952131,0.9086623,1588.0,1649.0,False
d:\Research\Multi-View Fusion Network\datasets\brisc2025\classification_task\test\glioma\brisc2025_test_00245_gl_sa_t1.jpg,glioma,glioma,sagittal,0.935049,0.022124473,0.02139135,0.021435248,0.935049,True,True,0.95401996,0.9121045,1881.0,1924.0,False
d:\Research\Multi-View Fusion Network\datasets\brisc2025\classification_task\test\glioma\brisc2025_test_00246_gl_sa_t1.jpg,glioma,glioma,sagittal,0.935536,0.022086293,0.021162884,0.021214835,0.935536,True,True,0.9526788,0.9096573,1886.0,1790.0,False
d:\Research\Multi-View Fusion Network\datasets\brisc2025\classification_task\test\glioma\brisc2025_test_00247_gl_sa_t1.jpg,glioma,glioma,sagittal,0.9351097,0.022000704,0.021243615,0.021645907,0.9351097,True,True,0.9388766,0.8848548,958.0,857.0,False
d:\Research\Multi-View Fusion Network\datasets\brisc2025\classification_task\test\glioma\brisc2025_test_00248_gl_sa_t1.jpg,glioma,glioma,sagittal,0.9312122,0.023678005,0.02290253,0.022207338,0.9312122,True,True,0.95727634,0.9181586,383.0,365.0,False
d:\Research\Multi-View Fusion Network\datasets\brisc2025\classification_task\test\glioma\brisc2025_test_00249_gl_sa_t1.jpg,glioma,glioma,sagittal,0.930145,0.023912039,0.023336908,0.022606038,0.930145,True,True,0.9332425,0.875,363.0,370.0,False
d:\Research\Multi-View Fusion Network\datasets\brisc2025\classification_task\test\glioma\brisc2025_test_00250_gl_sa_t1.jpg,glioma,glioma,sagittal,0.92846143,0.025040647,0.02346861,0.0230293,0.92846143,True,True,0.964351,0.93121696,552.0,541.0,False
d:\Research\Multi-View Fusion Network\datasets\brisc2025\classification_task\test\glioma\brisc2025_test_00251_gl_sa_t1.jpg,glioma,glioma,sagittal,0.9330146,0.02306943,0.022046665,0.021869324,0.9330146,True,True,0.79633206,0.66167825,1867.0,1240.0,False
d:\Research\Multi-View Fusion Network\datasets\brisc2025\classification_task\test\glioma\brisc2025_test_00252_gl_sa_t1.jpg,glioma,glioma,sagittal,0.9368487,0.021394603,0.020593038,0.021163665,0.9368487,True,True,0.9447279,0.89526266,2900.0,2979.0,False
d:\Research\Multi-View Fusion Network\datasets\brisc2025\classification_task\test\glioma\brisc2025_test_00253_gl_sa_t1.jpg,glioma,glioma,sagittal,0.933051,0.022481756,0.022144401,0.022322785,0.933051,True,True,0.4540034,0.29405287,840.0,333.0,False
d:\Research\Multi-View Fusion Network\datasets\brisc2025\classification_task\test\glioma\brisc2025_test_00254_gl_sa_t1.jpg,glioma,glioma,sagittal,0.93211687,0.023140242,0.022417266,0.022325642,0.93211687,True,True,0.8351396,0.7170237,1657.0,1387.0,False
d:\Research\Multi-View Fusion Network\datasets\brisc2025\classification_task\test\meningioma\brisc2025_test_00255_me_ax_t1.jpg,meningioma,meningioma,axial,0.029866382,0.9153597,0.029728334,0.025045613,0.9153597,True,True,0.9666986,0.9355556,2579.0,2645.0,False
d:\Research\Multi-View Fusion Network\datasets\brisc2025\classification_task\test\meningioma\brisc2025_test_00256_me_ax_t1.jpg,meningioma,meningioma,axial,0.027191957,0.92008597,0.025675464,0.027046597,0.92008597,True,True,0.8155873,0.68869674,1605.0,1127.0,False
d:\Research\Multi-View Fusion Network\datasets\brisc2025\classification_task\test\meningioma\brisc2025_test_00257_me_ax_t1.jpg,meningioma,meningioma,axial,0.025382414,0.92110276,0.027495848,0.026018906,0.92110276,True,True,0.97426254,0.9498263,2525.0,2525.0,False
d:\Research\Multi-View Fusion Network\datasets\brisc2025\classification_task\test\meningioma\brisc2025_test_00258_me_ax_t1.jpg,meningioma,meningioma,axial,0.025233071,0.9225333,0.026492786,0.025740892,0.9225333,True,True,0.9686366,0.939196,1942.0,1915.0,False
d:\Research\Multi-View Fusion Network\datasets\brisc2025\classification_task\test\meningioma\brisc2025_test_00259_me_ax_t1.jpg,meningioma,meningioma,axial,0.026339829,0.92121696,0.026996573,0.025446659,0.92121696,True,True,0.95892334,0.92109776,4062.0,3776.0,False
d:\Research\Multi-View Fusion Network\datasets\brisc2025\classification_task\test\meningioma\brisc2025_test_00260_me_ax_t1.jpg,meningioma,meningioma,axial,0.026700562,0.9189206,0.028450925,0.025927922,0.9189206,True,True,0.93256855,0.8736897,1905.0,1668.0,False
d:\Research\Multi-View Fusion Network\datasets\brisc2025\classification_task\test\meningioma\brisc2025_test_00261_me_ax_t1.jpg,meningioma,meningioma,axial,0.024906587,0.92400664,0.025615994,0.0254708,0.92400664,True,True,0.80961746,0.6801802,2319.0,3274.0,False
d:\Research\Multi-View Fusion Network\datasets\brisc2025\classification_task\test\meningioma\brisc2025_test_00262_me_ax_t1.jpg,meningioma,meningioma,axial,0.02608083,0.9170476,0.031178476,0.02569309,0.9170476,True,True,0.970442,0.94259655,1800.0,1819.0,False
d:\Research\Multi-View Fusion Network\datasets\brisc2025\classification_task\test\meningioma\brisc2025_test_00263_me_ax_t1.jpg,meningioma,meningioma,axial,0.025731936,0.9211407,0.026965441,0.026161956,0.9211407,True,True,0.93940717,0.88578475,1203.0,1090.0,False
d:\Research\Multi-View Fusion Network\datasets\brisc2025\classification_task\test\meningioma\brisc2025_test_00264_me_ax_t1.jpg,meningioma,meningioma,axial,0.02465302,0.92405814,0.026620867,0.024667947,0.92405814,True,True,0.95664704,0.91690683,4129.0,3851.0,False
d:\Research\Multi-View Fusion Network\datasets\brisc2025\classification_task\test\meningioma\brisc2025_test_00265_me_ax_t1.jpg,meningioma,meningioma,axial,0.026194384,0.9185444,0.028853744,0.026407447,0.9185444,True,True,0.9745007,0.95027816,2850.0,2757.0,False
d:\Research\Multi-View Fusion Network\datasets\brisc2025\classification_task\test\meningioma\brisc2025_test_00266_me_ax_t1.jpg,meningioma,meningioma,axial,0.025328523,0.9220865,0.026606854,0.025978127,0.9220865,True,True,0.977824,0.95662,2198.0,2130.0,False
d:\Research\Multi-View Fusion Network\datasets\brisc2025\classification_task\test\meningioma\brisc2025_test_00267_me_ax_t1.jpg,meningioma,meningioma,axial,0.025325801,0.92122847,0.027421271,0.026024476,0.92122847,True,True,0.97485757,0.95095783,2566.0,2524.0,False
d:\Research\Multi-View Fusion Network\datasets\brisc2025\classification_task\test\meningioma\brisc2025_test_00268_me_ax_t1.jpg,meningioma,meningioma,axial,0.02700957,0.9114761,0.03363979,0.02787452,0.9114761,True,True,0.7204509,0.5630872,5847.0,3467.0,False
d:\Research\Multi-View Fusion Network\datasets\brisc2025\classification_task\test\meningioma\brisc2025_test_00269_me_ax_t1.jpg,meningioma,meningioma,axial,0.025519129,0.9212685,0.027251506,0.025960846,0.9212685,True,True,0.96735704,0.93679166,2278.0,2163.0,False
d:\Research\Multi-View Fusion Network\datasets\brisc2025\classification_task\test\meningioma\brisc2025_test_00270_me_ax_t1.jpg,meningioma,meningioma,axial,0.02554295,0.9204436,0.027659548,0.026353978,0.9204436,True,True,0.9388762,0.8848355,1282.0,1351.0,False
d:\Research\Multi-View Fusion Network\datasets\brisc2025\classification_task\test\meningioma\brisc2025_test_00271_me_ax_t1.jpg,meningioma,meningioma,axial,0.026173107,0.91796154,0.028734269,0.02713108,0.91796154,True,True,0.97355586,0.9484797,4660.0,4566.0,False
d:\Research\Multi-View Fusion Network\datasets\brisc2025\classification_task\test\meningioma\brisc2025_test_00272_me_ax_t1.jpg,meningioma,meningioma,axial,0.025950707,0.91991556,0.028348312,0.025785375,0.91991556,True,True,0.9843023,0.96909255,5514.0,5442.0,False
d:\Research\Multi-View Fusion Network\datasets\brisc2025\classification_task\test\meningioma\brisc2025_test_00273_me_ax_t1.jpg,meningioma,meningioma,axial,0.026659722,0.91842437,0.02824012,0.026675869,0.91842437,True,True,0.9738345,0.9490126,2736.0,2690.0,False
d:\Research\Multi-View Fusion Network\datasets\brisc2025\classification_task\test\meningioma\brisc2025_test_00274_me_ax_t1.jpg,meningioma,meningioma,axial,0.025761545,0.9202862,0.027706144,0.026246117,0.9202862,True,True,0.97170794,0.94498384,2458.0,2348.0,False
d:\Research\Multi-View Fusion Network\datasets\brisc2025\classification_task\test\meningioma\brisc2025_test_00275_me_ax_t1.jpg,meningioma,meningioma,axial,0.02608083,0.9170476,0.031178476,0.02569309,0.9170476,True,True,0.9783917,0.9577088,1836.0,1819.0,False
d:\Research\Multi-View Fusion Network\datasets\brisc2025\classification_task\test\meningioma\brisc2025_test_00276_me_ax_t1.jpg,meningioma,meningioma,axial,0.028368946,0.9128415,0.033038817,0.0257507,0.9128415,True,True,0.81541216,0.68882173,240.0,317.0,False
d:\Research\Multi-View Fusion Network\datasets\brisc2025\classification_task\test\meningioma\brisc2025_test_00277_me_ax_t1.jpg,meningioma,meningioma,axial,0.02646545,0.91856956,0.028853983,0.026111012,0.91856956,True,True,0.9497394,0.90432316,1332.0,1353.0,False
d:\Research\Multi-View Fusion Network\datasets\brisc2025\classification_task\test\meningioma\brisc2025_test_00278_me_ax_t1.jpg,meningioma,meningioma,axial,0.025388587,0.9222059,0.026435364,0.025970127,0.9222059,True,True,0.95926964,0.9217485,1761.0,1798.0,False
d:\Research\Multi-View Fusion Network\datasets\brisc2025\classification_task\test\meningioma\brisc2025_test_00279_me_ax_t1.jpg,meningioma,meningioma,axial,0.025462199,0.9223782,0.026800975,0.025358602,0.9223782,True,True,0.97593546,0.953008,3734.0,3828.0,False
d:\Research\Multi-View Fusion Network\datasets\brisc2025\classification_task\test\meningioma\brisc2025_test_00280_me_ax_t1.jpg,meningioma,meningioma,axial,0.026493788,0.92018116,0.027804626,0.025520409,0.92018116,True,True,0.923341,0.8576063,7754.0,8851.0,False
d:\Research\Multi-View Fusion Network\datasets\brisc2025\classification_task\test\meningioma\brisc2025_test_00281_me_ax_t1.jpg,meningioma,meningioma,axial,0.34891012,0.53631914,0.068470955,0.04629977,0.53631914,True,True,0.79417574,0.65875614,1212.0,813.0,False
d:\Research\Multi-View Fusion Network\datasets\brisc2025\classification_task\test\meningioma\brisc2025_test_00282_me_ax_t1.jpg,meningioma,meningioma,axial,0.026577909,0.9190906,0.02834555,0.025986036,0.9190906,True,True,0.95521957,0.91430163,1775.0,1663.0,False
d:\Research\Multi-View Fusion Network\datasets\brisc2025\classification_task\test\meningioma\brisc2025_test_00283_me_ax_t1.jpg,meningioma,meningioma,axial,0.025926596,0.92092377,0.027839618,0.025310071,0.92092377,True,True,0.9764735,0.9540397,2036.0,2001.0,False
d:\Research\Multi-View Fusion Network\datasets\brisc2025\classification_task\test\meningioma\brisc2025_test_00284_me_ax_t1.jpg,meningioma,meningioma,axial,0.025945712,0.9197825,0.028300174,0.025971612,0.9197825,True,True,0.96150625,0.9259259,589.0,605.0,False
d:\Research\Multi-View Fusion Network\datasets\brisc2025\classification_task\test\meningioma\brisc2025_test_00285_me_ax_t1.jpg,meningioma,no_tumor,axial,0.038808163,0.19195543,0.050583716,0.7186527,0.7186527,False,True,0.8240722,0.70083684,2867.0,2009.0,False
d:\Research\Multi-View Fusion Network\datasets\brisc2025\classification_task\test\meningioma\brisc2025_test_00286_me_ax_t1.jpg,meningioma,meningioma,axial,0.025619935,0.9213113,0.02702658,0.026042191,0.9213113,True,True,0.94928926,0.9035088,1304.0,1298.0,False
d:\Research\Multi-View Fusion Network\datasets\brisc2025\classification_task\test\meningioma\brisc2025_test_00287_me_ax_t1.jpg,meningioma,meningioma,axial,0.0260083,0.91964567,0.02852123,0.025824787,0.91964567,True,True,0.98679596,0.9739384,5385.0,5444.0,False
d:\Research\Multi-View Fusion Network\datasets\brisc2025\classification_task\test\meningioma\brisc2025_test_00288_me_ax_t1.jpg,meningioma,meningioma,axial,0.025995422,0.9188459,0.027706252,0.027452422,0.9188459,True,True,0.9776964,0.9563802,1520.0,1483.0,False
d:\Research\Multi-View Fusion Network\datasets\brisc2025\classification_task\test\meningioma\brisc2025_test_00289_me_ax_t1.jpg,meningioma,meningioma,axial,0.026379116,0.92221683,0.024855707,0.026548332,0.92221683,True,True,0.97477746,0.9508102,1698.0,1671.0,False
d:\Research\Multi-View Fusion Network\datasets\brisc2025\classification_task\test\meningioma\brisc2025_test_00290_me_ax_t1.jpg,meningioma,meningioma,axial,0.026402391,0.92009914,0.026959913,0.026538543,0.92009914,True,True,0.96137565,0.92563164,4806.0,4643.0,False
d:\Research\Multi-View Fusion Network\datasets\brisc2025\classification_task\test\meningioma\brisc2025_test_00291_me_ax_t1.jpg,meningioma,meningioma,axial,0.026532596,0.9191323,0.02764761,0.026687576,0.9191323,True,True,0.97289973,0.9472388,2733.0,2801.0,False
d:\Research\Multi-View Fusion Network\datasets\brisc2025\classification_task\test\meningioma\brisc2025_test_00292_me_ax_t1.jpg,meningioma,meningioma,axial,0.02554662,0.9224075,0.027007895,0.025037957,0.9224075,True,True,0.9785345,0.95797664,3763.0,3783.0,False
d:\Research\Multi-View Fusion Network\datasets\brisc2025\classification_task\test\meningioma\brisc2025_test_00293_me_ax_t1.jpg,meningioma,meningioma,axial,0.026809681,0.91920817,0.027040957,0.026941178,0.91920817,True,True,0.9652363,0.9328436,927.0,913.0,False
d:\Research\Multi-View Fusion Network\datasets\brisc2025\classification_task\test\meningioma\brisc2025_test_00294_me_ax_t1.jpg,meningioma,meningioma,axial,0.025198428,0.92024505,0.028532911,0.026023602,0.92024505,True,True,0.9328488,0.874183,1814.0,1625.0,False
d:\Research\Multi-View Fusion Network\datasets\brisc2025\classification_task\test\meningioma\brisc2025_test_00295_me_ax_t1.jpg,meningioma,meningioma,axial,0.02543059,0.9209832,0.02689942,0.026686834,0.9209832,True,True,0.97133756,0.9442826,2628.0,2709.0,False
d:\Research\Multi-View Fusion Network\datasets\brisc2025\classification_task\test\meningioma\brisc2025_test_00296_me_ax_t1.jpg,meningioma,meningioma,axial,0.02582363,0.919755,0.027035609,0.02738573,0.919755,True,True,0.9683086,0.9385848,1457.0,1445.0,False
d:\Research\Multi-View Fusion Network\datasets\brisc2025\classification_task\test\meningioma\brisc2025_test_00297_me_ax_t1.jpg,meningioma,meningioma,axial,0.024349282,0.9228941,0.026571834,0.026184818,0.9228941,True,True,0.9817984,0.964253,3213.0,3214.0,False
d:\Research\Multi-View Fusion Network\datasets\brisc2025\classification_task\test\meningioma\brisc2025_test_00298_me_ax_t1.jpg,meningioma,meningioma,axial,0.025547478,0.9204946,0.028600818,0.025357043,0.9204946,True,True,0.9531175,0.9104443,4052.0,4287.0,False
d:\Research\Multi-View Fusion Network\datasets\brisc2025\classification_task\test\meningioma\brisc2025_test_00299_me_ax_t1.jpg,meningioma,meningioma,axial,0.024955165,0.92178607,0.028196216,0.025062608,0.92178607,True,True,0.9786589,0.95821464,4116.0,4130.0,False
d:\Research\Multi-View Fusion Network\datasets\brisc2025\classification_task\test\meningioma\brisc2025_test_00300_me_ax_t1.jpg,meningioma,meningioma,axial,0.025649631,0.92035097,0.027444221,0.02655513,0.92035097,True,True,0.94046986,0.8876574,1942.0,1803.0,False
d:\Research\Multi-View Fusion Network\datasets\brisc2025\classification_task\test\meningioma\brisc2025_test_00301_me_ax_t1.jpg,meningioma,meningioma,axial,0.02725514,0.91677594,0.030430045,0.025538936,0.91677594,True,True,0.9548701,0.9136646,1567.0,1512.0,False
d:\Research\Multi-View Fusion Network\datasets\brisc2025\classification_task\test\meningioma\brisc2025_test_00302_me_ax_t1.jpg,meningioma,meningioma,axial,0.02813602,0.91331047,0.03245014,0.026103375,0.91331047,True,True,0.9010067,0.82012194,271.0,324.0,False
d:\Research\Multi-View Fusion Network\datasets\brisc2025\classification_task\test\meningioma\brisc2025_test_00303_me_ax_t1.jpg,meningioma,meningioma,axial,0.02650307,0.9196375,0.02748036,0.026379,0.9196375,True,True,0.80022573,0.66708463,1098.0,1559.0,False
d:\Research\Multi-View Fusion Network\datasets\brisc2025\classification_task\test\meningioma\brisc2025_test_00304_me_ax_t1.jpg,meningioma,meningioma,axial,0.025903735,0.9204659,0.02793039,0.025699982,0.9204659,True,True,0.9860178,0.9724238,5410.0,5460.0,False
d:\Research\Multi-View Fusion Network\datasets\brisc2025\classification_task\test\meningioma\brisc2025_test_00305_me_ax_t1.jpg,meningioma,meningioma,axial,0.026262298,0.9200112,0.02750849,0.026218029,0.9200112,True,True,0.9741256,0.94956523,2832.0,2771.0,False
d:\Research\Multi-View Fusion Network\datasets\brisc2025\classification_task\test\meningioma\brisc2025_test_00306_me_ax_t1.jpg,meningioma,meningioma,axial,0.02536316,0.91982055,0.027612707,0.027203614,0.91982055,True,True,0.9775143,0.95602345,3727.0,3610.0,False
d:\Research\Multi-View Fusion Network\datasets\brisc2025\classification_task\test\meningioma\brisc2025_test_00307_me_ax_t1.jpg,meningioma,meningioma,axial,0.024381386,0.9253716,0.025892613,0.024354476,0.9253716,True,True,0.9632172,0.9290532,3984.0,3736.0,False
d:\Research\Multi-View Fusion Network\datasets\brisc2025\classification_task\test\meningioma\brisc2025_test_00308_me_ax_t1.jpg,meningioma,meningioma,axial,0.026450876,0.9214225,0.027251342,0.024875244,0.9214225,True,True,0.9074535,0.8306084,3153.0,3675.0,False
d:\Research\Multi-View Fusion Network\datasets\brisc2025\classification_task\test\meningioma\brisc2025_test_00309_me_ax_t1.jpg,meningioma,meningioma,axial,0.02440112,0.92180955,0.028287254,0.025502076,0.92180955,True,True,0.9443463,0.89464885,587.0,544.0,False
d:\Research\Multi-View Fusion Network\datasets\brisc2025\classification_task\test\meningioma\brisc2025_test_00310_me_ax_t1.jpg,meningioma,meningioma,axial,0.025498765,0.9216679,0.026995191,0.025838228,0.9216679,True,True,0.967804,0.93762714,2817.0,2897.0,False
d:\Research\Multi-View Fusion Network\datasets\brisc2025\classification_task\test\meningioma\brisc2025_test_00311_me_ax_t1.jpg,meningioma,meningioma,axial,0.02692018,0.91802496,0.02920844,0.02584639,0.91802496,True,True,0.9206452,0.8530466,818.0,731.0,False
d:\Research\Multi-View Fusion Network\datasets\brisc2025\classification_task\test\meningioma\brisc2025_test_00312_me_ax_t1.jpg,meningioma,meningioma,axial,0.02642266,0.9225899,0.024623374,0.026364058,0.9225899,True,True,0.96291286,0.9284969,1813.0,1880.0,False
d:\Research\Multi-View Fusion Network\datasets\brisc2025\classification_task\test\meningioma\brisc2025_test_00313_me_ax_t1.jpg,meningioma,meningioma,axial,0.02588186,0.9192549,0.027982906,0.026880298,0.9192549,True,True,0.9797881,0.9603813,4694.0,4557.0,False
d:\Research\Multi-View Fusion Network\datasets\brisc2025\classification_task\test\meningioma\brisc2025_test_00314_me_ax_t1.jpg,meningioma,meningioma,axial,0.024704594,0.92458296,0.025289476,0.02542294,0.92458296,True,True,0.8045791,0.6731001,2257.0,3289.0,False
d:\Research\Multi-View Fusion Network\datasets\brisc2025\classification_task\test\meningioma\brisc2025_test_00315_me_ax_t1.jpg,meningioma,meningioma,axial,0.025564691,0.9211446,0.026958724,0.026331928,0.9211446,True,True,0.9354343,0.8787879,678.0,622.0,False
d:\Research\Multi-View Fusion Network\datasets\brisc2025\classification_task\test\meningioma\brisc2025_test_00316_me_ax_t1.jpg,meningioma,meningioma,axial,0.02546182,0.9213165,0.027405027,0.025816625,0.9213165,True,True,0.9741227,0.9495606,2555.0,2545.0,False
d:\Research\Multi-View Fusion Network\datasets\brisc2025\classification_task\test\meningioma\brisc2025_test_00317_me_ax_t1.jpg,meningioma,meningioma,axial,0.026534703,0.9172497,0.029813875,0.026401764,0.9172497,True,True,0.9466732,0.8987929,1041.0,1002.0,False
d:\Research\Multi-View Fusion Network\datasets\brisc2025\classification_task\test\meningioma\brisc2025_test_00318_me_ax_t1.jpg,meningioma,meningioma,axial,0.025934163,0.920564,0.027977755,0.025524005,0.920564,True,True,0.97514534,0.95150566,2462.0,2526.0,False
d:\Research\Multi-View Fusion Network\datasets\brisc2025\classification_task\test\meningioma\brisc2025_test_00319_me_ax_t1.jpg,meningioma,meningioma,axial,0.026477428,0.917006,0.029719602,0.026796976,0.917006,True,True,0.9049118,0.82643676,856.0,731.0,False
d:\Research\Multi-View Fusion Network\datasets\brisc2025\classification_task\test\meningioma\brisc2025_test_00320_me_ax_t1.jpg,meningioma,meningioma,axial,0.026481096,0.92021286,0.027669366,0.0256366,0.92021286,True,True,0.95399415,0.91207033,1199.0,1191.0,False
d:\Research\Multi-View Fusion Network\datasets\brisc2025\classification_task\test\meningioma\brisc2025_test_00321_me_ax_t1.jpg,meningioma,meningioma,axial,0.02680771,0.91983944,0.027869288,0.025483577,0.91983944,True,True,0.95353097,0.911203,2952.0,3051.0,False
d:\Research\Multi-View Fusion Network\datasets\brisc2025\classification_task\test\meningioma\brisc2025_test_00322_me_ax_t1.jpg,meningioma,meningioma,axial,0.026653433,0.9180241,0.029078024,0.026244378,0.9180241,True,True,0.96359664,0.9297753,1365.0,1381.0,False
d:\Research\Multi-View Fusion Network\datasets\brisc2025\classification_task\test\meningioma\brisc2025_test_00323_me_ax_t1.jpg,meningioma,meningioma,axial,0.026161822,0.920096,0.028399857,0.025342364,0.920096,True,True,0.98345345,0.9674541,1867.0,1879.0,False
d:\Research\Multi-View Fusion Network\datasets\brisc2025\classification_task\test\meningioma\brisc2025_test_00324_me_ax_t1.jpg,meningioma,meningioma,axial,0.02552482,0.9210465,0.02717553,0.026253091,0.9210465,True,True,0.8584906,0.7523585,338.0,403.0,False
d:\Research\Multi-View Fusion Network\datasets\brisc2025\classification_task\test\meningioma\brisc2025_test_00325_me_ax_t1.jpg,meningioma,meningioma,axial,0.027160142,0.9167939,0.030075854,0.02597009,0.9167939,True,True,0.93457186,0.8772727,613.0,624.0,False
d:\Research\Multi-View Fusion Network\datasets\brisc2025\classification_task\test\meningioma\brisc2025_test_00326_me_ax_t1.jpg,meningioma,meningioma,axial,0.025962306,0.9210703,0.027145058,0.025822354,0.9210703,True,True,0.95316535,0.91054904,1551.0,1544.0,False
d:\Research\Multi-View Fusion Network\datasets\brisc2025\classification_task\test\meningioma\brisc2025_test_00327_me_ax_t1.jpg,meningioma,meningioma,axial,0.02776507,0.9109734,0.035385627,0.02587586,0.9109734,True,True,0.8841379,0.7925926,357.0,367.0,False
d:\Research\Multi-View Fusion Network\datasets\brisc2025\classification_task\test\meningioma\brisc2025_test_00328_me_ax_t1.jpg,meningioma,meningioma,axial,0.027467957,0.91740274,0.028883455,0.026245743,0.91740274,True,True,0.9682652,0.9385246,717.0,700.0,False
d:\Research\Multi-View Fusion Network\datasets\brisc2025\classification_task\test\meningioma\brisc2025_test_00329_me_ax_t1.jpg,meningioma,meningioma,axial,0.026372029,0.91934645,0.027433066,0.026848517,0.91934645,True,True,0.7465278,0.5966851,180.0,107.0,False
d:\Research\Multi-View Fusion Network\datasets\brisc2025\classification_task\test\meningioma\brisc2025_test_00330_me_ax_t1.jpg,meningioma,meningioma,axial,0.02531608,0.92273855,0.027227344,0.02471802,0.92273855,True,True,0.9388235,0.88478583,648.0,626.0,False
d:\Research\Multi-View Fusion Network\datasets\brisc2025\classification_task\test\meningioma\brisc2025_test_00331_me_ax_t1.jpg,meningioma,meningioma,axial,0.107038185,0.8152424,0.045820404,0.031899024,0.8152424,True,True,0.91601866,0.8452722,345.0,297.0,False
d:\Research\Multi-View Fusion Network\datasets\brisc2025\classification_task\test\meningioma\brisc2025_test_00332_me_ax_t1.jpg,meningioma,meningioma,axial,0.026253305,0.918505,0.029651685,0.025590003,0.918505,True,True,0.958691,0.9207003,952.0,911.0,False
d:\Research\Multi-View Fusion Network\datasets\brisc2025\classification_task\test\meningioma\brisc2025_test_00333_me_ax_t1.jpg,meningioma,meningioma,axial,0.030213628,0.90962934,0.03358855,0.026568532,0.90962934,True,True,0.92870545,0.8669778,826.0,772.0,False
d:\Research\Multi-View Fusion Network\datasets\brisc2025\classification_task\test\meningioma\brisc2025_test_00334_me_ax_t1.jpg,meningioma,meningioma,axial,0.025489891,0.9203635,0.028458774,0.025687886,0.9203635,True,True,0.9601293,0.92339545,457.0,470.0,False
d:\Research\Multi-View Fusion Network\datasets\brisc2025\classification_task\test\meningioma\brisc2025_test_00335_me_ax_t1.jpg,meningioma,meningioma,axial,0.027054017,0.91900843,0.026935717,0.027001822,0.91900843,True,True,0.97309417,0.9476744,334.0,334.0,False
d:\Research\Multi-View Fusion Network\datasets\brisc2025\classification_task\test\meningioma\brisc2025_test_00336_me_ax_t1.jpg,meningioma,meningioma,axial,0.026591875,0.9187214,0.028514234,0.026172437,0.9187214,True,True,0.972807,0.94706285,2896.0,2803.0,False
d:\Research\Multi-View Fusion Network\datasets\brisc2025\classification_task\test\meningioma\brisc2025_test_00337_me_ax_t1.jpg,meningioma,meningioma,axial,0.024940863,0.9233741,0.026510863,0.025174255,0.9233741,True,True,0.9332724,0.875,560.0,533.0,False
d:\Research\Multi-View Fusion Network\datasets\brisc2025\classification_task\test\meningioma\brisc2025_test_00338_me_ax_t1.jpg,meningioma,meningioma,axial,0.026785722,0.91935784,0.028238488,0.025617972,0.91935784,True,True,0.9776776,0.95633924,2340.0,2318.0,False
d:\Research\Multi-View Fusion Network\datasets\brisc2025\classification_task\test\meningioma\brisc2025_test_00339_me_ax_t1.jpg,meningioma,meningioma,axial,0.025436113,0.92246675,0.026052907,0.026044233,0.92246675,True,True,0.9439671,0.893918,1378.0,1298.0,False
d:\Research\Multi-View Fusion Network\datasets\brisc2025\classification_task\test\meningioma\brisc2025_test_00340_me_ax_t1.jpg,meningioma,meningioma,axial,0.024607388,0.9224507,0.027115796,0.025826126,0.9224507,True,True,0.92788464,0.8660714,110.0,97.0,False
d:\Research\Multi-View Fusion Network\datasets\brisc2025\classification_task\test\meningioma\brisc2025_test_00341_me_ax_t1.jpg,meningioma,meningioma,axial,0.025302667,0.92096865,0.027734267,0.025994424,0.92096865,True,True,0.97256726,0.94662637,972.0,959.0,False
d:\Research\Multi-View Fusion Network\datasets\brisc2025\classification_task\test\meningioma\brisc2025_test_00342_me_ax_t1.jpg,meningioma,meningioma,axial,0.026843999,0.9186016,0.028801296,0.025753113,0.9186016,True,True,0.9784295,0.9577799,2079.0,2046.0,False
d:\Research\Multi-View Fusion Network\datasets\brisc2025\classification_task\test\meningioma\brisc2025_test_00343_me_ax_t1.jpg,meningioma,meningioma,axial,0.025808295,0.9200189,0.028621586,0.025551267,0.9200189,True,True,0.9263623,0.8630137,342.0,336.0,False
d:\Research\Multi-View Fusion Network\datasets\brisc2025\classification_task\test\meningioma\brisc2025_test_00344_me_ax_t1.jpg,meningioma,meningioma,axial,0.025004325,0.922619,0.026632324,0.02574437,0.922619,True,True,0.9589989,0.92126787,960.0,917.0,False
d:\Research\Multi-View Fusion Network\datasets\brisc2025\classification_task\test\meningioma\brisc2025_test_00345_me_ax_t1.jpg,meningioma,meningioma,axial,0.02625597,0.9194734,0.028756559,0.0255141,0.9194734,True,True,0.69540876,0.5334477,565.0,327.0,False
d:\Research\Multi-View Fusion Network\datasets\brisc2025\classification_task\test\meningioma\brisc2025_test_00346_me_ax_t1.jpg,meningioma,meningioma,axial,0.026503699,0.91692877,0.031060718,0.025506923,0.91692877,True,True,0.982334,0.96529967,934.0,933.0,False
d:\Research\Multi-View Fusion Network\datasets\brisc2025\classification_task\test\meningioma\brisc2025_test_00347_me_ax_t1.jpg,meningioma,meningioma,axial,0.025519036,0.92194813,0.02691795,0.025614899,0.92194813,True,True,0.96083474,0.92464244,1807.0,1690.0,False
d:\Research\Multi-View Fusion Network\datasets\brisc2025\classification_task\test\meningioma\brisc2025_test_00348_me_ax_t1.jpg,meningioma,meningioma,axial,0.02512543,0.9231814,0.025543127,0.026150059,0.9231814,True,True,0.95203596,0.9084843,2004.0,1998.0,False
d:\Research\Multi-View Fusion Network\datasets\brisc2025\classification_task\test\meningioma\brisc2025_test_00349_me_ax_t1.jpg,meningioma,meningioma,axial,0.027191957,0.92008597,0.025675464,0.027046597,0.92008597,True,True,0.91791743,0.84835356,1004.0,1127.0,False
d:\Research\Multi-View Fusion Network\datasets\brisc2025\classification_task\test\meningioma\brisc2025_test_00350_me_ax_t1.jpg,meningioma,meningioma,axial,0.02670384,0.9182395,0.02868339,0.026373256,0.9182395,True,True,0.9091456,0.8335171,878.0,783.0,False
d:\Research\Multi-View Fusion Network\datasets\brisc2025\classification_task\test\meningioma\brisc2025_test_00351_me_ax_t1.jpg,meningioma,meningioma,axial,0.027813258,0.9175247,0.029169954,0.025492048,0.9175247,True,True,0.9159292,0.8449401,1769.0,1620.0,False
d:\Research\Multi-View Fusion Network\datasets\brisc2025\classification_task\test\meningioma\brisc2025_test_00352_me_ax_t1.jpg,meningioma,meningioma,axial,0.025564691,0.9211446,0.026958724,0.026331928,0.9211446,True,True,0.9540776,0.91225415,640.0,622.0,False
d:\Research\Multi-View Fusion Network\datasets\brisc2025\classification_task\test\meningioma\brisc2025_test_00353_me_ax_t1.jpg,meningioma,meningioma,axial,0.026767394,0.91806924,0.02933601,0.02582728,0.91806924,True,True,0.9634226,0.929471,786.0,744.0,False
d:\Research\Multi-View Fusion Network\datasets\brisc2025\classification_task\test\meningioma\brisc2025_test_00354_me_ax_t1.jpg,meningioma,meningioma,axial,0.026477428,0.917006,0.029719602,0.026796976,0.917006,True,True,0.910533,0.83585566,844.0,731.0,False
d:\Research\Multi-View Fusion Network\datasets\brisc2025\classification_task\test\meningioma\brisc2025_test_00355_me_ax_t1.jpg,meningioma,meningioma,axial,0.026946068,0.9123565,0.034499895,0.0261976,0.9123565,True,True,0.92206305,0.8554729,922.0,822.0,False
d:\Research\Multi-View Fusion Network\datasets\brisc2025\classification_task\test\meningioma\brisc2025_test_00356_me_ax_t1.jpg,meningioma,meningioma,axial,0.02501516,0.9225832,0.026715873,0.025685668,0.9225832,True,True,0.98491,0.9702744,2581.0,2587.0,False
d:\Research\Multi-View Fusion Network\datasets\brisc2025\classification_task\test\meningioma\brisc2025_test_00357_me_ax_t1.jpg,meningioma,meningioma,axial,0.026129426,0.9199523,0.028173758,0.025744526,0.9199523,True,True,0.9647965,0.93205947,461.0,447.0,False
d:\Research\Multi-View Fusion Network\datasets\brisc2025\classification_task\test\meningioma\brisc2025_test_00358_me_ax_t1.jpg,meningioma,meningioma,axial,0.02515337,0.92161673,0.027588764,0.025641074,0.92161673,True,True,0.9619565,0.9267564,637.0,650.0,False
d:\Research\Multi-View Fusion Network\datasets\brisc2025\classification_task\test\meningioma\brisc2025_test_00359_me_ax_t1.jpg,meningioma,meningioma,axial,0.025965499,0.9192853,0.028947625,0.025801523,0.9192853,True,True,0.9759709,0.9530824,1785.0,1793.0,False
d:\Research\Multi-View Fusion Network\datasets\brisc2025\classification_task\test\meningioma\brisc2025_test_00360_me_ax_t1.jpg,meningioma,meningioma,axial,0.026620246,0.9179756,0.029906332,0.02549785,0.9179756,True,True,0.9472036,0.8997451,1088.0,1146.0,False
d:\Research\Multi-View Fusion Network\datasets\brisc2025\classification_task\test\meningioma\brisc2025_test_00361_me_ax_t1.jpg,meningioma,meningioma,axial,0.027039364,0.9181804,0.028261704,0.026518611,0.9181804,True,True,0.9373065,0.88209605,662.0,629.0,False
d:\Research\Multi-View Fusion Network\datasets\brisc2025\classification_task\test\meningioma\brisc2025_test_00362_me_ax_t1.jpg,meningioma,meningioma,axial,0.02566007,0.91937166,0.028469699,0.02649864,0.91937166,True,True,0.93733335,0.8822055,360.0,389.0,False
d:\Research\Multi-View Fusion Network\datasets\brisc2025\classification_task\test\meningioma\brisc2025_test_00363_me_ax_t1.jpg,meningioma,meningioma,axial,0.028652325,0.91283613,0.032302473,0.026209109,0.91283613,True,True,0.9191919,0.85066664,373.0,319.0,False
d:\Research\Multi-View Fusion Network\datasets\brisc2025\classification_task\test\meningioma\brisc2025_test_00364_me_ax_t1.jpg,meningioma,meningioma,axial,0.025569987,0.9183949,0.030386679,0.025648525,0.9183949,True,True,0.89296955,0.8068182,503.0,449.0,False
d:\Research\Multi-View Fusion Network\datasets\brisc2025\classification_task\test\meningioma\brisc2025_test_00365_me_ax_t1.jpg,meningioma,pituitary,axial,0.027749443,0.02939655,0.9152022,0.027651794,0.9152022,False,True,0.92296916,0.85714287,338.0,375.0,False
d:\Research\Multi-View Fusion Network\datasets\brisc2025\classification_task\test\meningioma\brisc2025_test_00366_me_ax_t1.jpg,meningioma,meningioma,axial,0.026315534,0.920565,0.02710799,0.026011517,0.920565,True,True,0.95179737,0.90805197,1827.0,1844.0,False
d:\Research\Multi-View Fusion Network\datasets\brisc2025\classification_task\test\meningioma\brisc2025_test_00367_me_ax_t1.jpg,meningioma,meningioma,axial,0.026317379,0.9158277,0.031359166,0.026495716,0.9158277,True,True,0.93690854,0.88142294,479.0,471.0,False
d:\Research\Multi-View Fusion Network\datasets\brisc2025\classification_task\test\meningioma\brisc2025_test_00368_me_ax_t1.jpg,meningioma,meningioma,axial,0.02645324,0.9187098,0.02840557,0.026431318,0.9187098,True,True,0.95338565,0.9109653,995.0,1042.0,False
d:\Research\Multi-View Fusion Network\datasets\brisc2025\classification_task\test\meningioma\brisc2025_test_00369_me_ax_t1.jpg,meningioma,meningioma,axial,0.026232062,0.9187873,0.029355984,0.02562458,0.9187873,True,True,0.8486056,0.7373272,319.0,433.0,False
d:\Research\Multi-View Fusion Network\datasets\brisc2025\classification_task\test\meningioma\brisc2025_test_00370_me_ax_t1.jpg,meningioma,meningioma,axial,0.026344772,0.9191955,0.028696055,0.025763774,0.9191955,True,True,0.9658282,0.93394494,1025.0,1081.0,False
d:\Research\Multi-View Fusion Network\datasets\brisc2025\classification_task\test\meningioma\brisc2025_test_00371_me_ax_t1.jpg,meningioma,meningioma,axial,0.025708055,0.9203143,0.028179573,0.025798094,0.9203143,True,True,0.94427246,0.89453125,460.0,508.0,False
d:\Research\Multi-View Fusion Network\datasets\brisc2025\classification_task\test\meningioma\brisc2025_test_00372_me_ax_t1.jpg,meningioma,meningioma,axial,0.025923938,0.9208458,0.02679068,0.02643963,0.9208458,True,True,0.922043,0.8557214,198.0,173.0,False
d:\Research\Multi-View Fusion Network\datasets\brisc2025\classification_task\test\meningioma\brisc2025_test_00373_me_ax_t1.jpg,meningioma,meningioma,axial,0.026560921,0.91721517,0.03010293,0.02612087,0.91721517,True,True,0.95560616,0.9150327,888.0,868.0,False
d:\Research\Multi-View Fusion Network\datasets\brisc2025\classification_task\test\meningioma\brisc2025_test_00374_me_ax_t1.jpg,meningioma,meningioma,axial,0.025562426,0.9179413,0.030358244,0.02613813,0.9179413,True,True,0.9345238,0.8771712,728.0,783.0,False
d:\Research\Multi-View Fusion Network\datasets\brisc2025\classification_task\test\meningioma\brisc2025_test_00375_me_ax_t1.jpg,meningioma,meningioma,axial,0.028176976,0.9139594,0.031673655,0.026190044,0.9139594,True,True,0.8976293,0.8144531,488.0,439.0,False
d:\Research\Multi-View Fusion Network\datasets\brisc2025\classification_task\test\meningioma\brisc2025_test_00376_me_ax_t1.jpg,meningioma,meningioma,axial,0.024237024,0.9172517,0.032382574,0.026128698,0.9172517,True,True,0.8849315,0.7941176,189.0,175.0,False
d:\Research\Multi-View Fusion Network\datasets\brisc2025\classification_task\test\meningioma\brisc2025_test_00377_me_ax_t1.jpg,meningioma,meningioma,axial,0.026596295,0.91905177,0.02874574,0.025606228,0.91905177,True,True,0.9772272,0.95547944,1994.0,2001.0,False
d:\Research\Multi-View Fusion Network\datasets\brisc2025\classification_task\test\meningioma\brisc2025_test_00378_me_ax_t1.jpg,meningioma,meningioma,axial,0.031435143,0.90453446,0.03685752,0.027172921,0.90453446,True,True,0.7541841,0.6057047,583.0,372.0,False
d:\Research\Multi-View Fusion Network\datasets\brisc2025\classification_task\test\meningioma\brisc2025_test_00379_me_ax_t1.jpg,meningioma,meningioma,axial,0.026149616,0.92067504,0.02645224,0.026723096,0.92067504,True,True,0.95228446,0.9089311,2614.0,2813.0,False
d:\Research\Multi-View Fusion Network\datasets\brisc2025\classification_task\test\meningioma\brisc2025_test_00380_me_ax_t1.jpg,meningioma,meningioma,axial,0.025763111,0.92032635,0.027914617,0.02599591,0.92032635,True,True,0.94769406,0.900641,928.0,849.0,False
d:\Research\Multi-View Fusion Network\datasets\brisc2025\classification_task\test\meningioma\brisc2025_test_00381_me_ax_t1.jpg,meningioma,meningioma,axial,0.026521385,0.9162959,0.031650074,0.025532685,0.9162959,True,True,0.9299951,0.8692098,1003.0,1053.0,False
d:\Research\Multi-View Fusion Network\datasets\brisc2025\classification_task\test\meningioma\brisc2025_test_00382_me_ax_t1.jpg,meningioma,meningioma,axial,0.026495863,0.92047226,0.027296675,0.025735278,0.92047226,True,True,0.959596,0.92239857,545.0,543.0,False
d:\Research\Multi-View Fusion Network\datasets\brisc2025\classification_task\test\meningioma\brisc2025_test_00383_me_ax_t1.jpg,meningioma,meningioma,axial,0.026641391,0.91655695,0.0314288,0.025372855,0.91655695,True,True,0.9285714,0.86683416,370.0,371.0,False
d:\Research\Multi-View Fusion Network\datasets\brisc2025\classification_task\test\meningioma\brisc2025_test_00384_me_ax_t1.jpg,meningioma,meningioma,axial,0.026186496,0.91918737,0.028924907,0.025701234,0.91918737,True,True,0.9497154,0.9043321,535.0,518.0,False
d:\Research\Multi-View Fusion Network\datasets\brisc2025\classification_task\test\meningioma\brisc2025_test_00385_me_ax_t1.jpg,meningioma,meningioma,axial,0.02568772,0.9202356,0.028183466,0.025893217,0.9202356,True,True,0.9352244,0.8783784,1230.0,1131.0,False
d:\Research\Multi-View Fusion Network\datasets\brisc2025\classification_task\test\meningioma\brisc2025_test_00386_me_ax_t1.jpg,meningioma,meningioma,axial,0.026785605,0.9140896,0.032287795,0.026836986,0.9140896,True,True,0.9390716,0.8852459,535.0,498.0,False
d:\Research\Multi-View Fusion Network\datasets\brisc2025\classification_task\test\meningioma\brisc2025_test_00387_me_ax_t1.jpg,meningioma,meningioma,axial,0.025901174,0.9215562,0.026589066,0.025953582,0.9215562,True,True,0.974866,0.95098037,1509.0,1474.0,False
d:\Research\Multi-View Fusion Network\datasets\brisc2025\classification_task\test\meningioma\brisc2025_test_00388_me_ax_t1.jpg,meningioma,meningioma,axial,0.02524342,0.9219923,0.026847804,0.025916422,0.9219923,True,True,0.9655738,0.9334741,893.0,936.0,False
d:\Research\Multi-View Fusion Network\datasets\brisc2025\classification_task\test\meningioma\brisc2025_test_00389_me_ax_t1.jpg,meningioma,meningioma,axial,0.02554995,0.9205707,0.0283456,0.025533805,0.9205707,True,True,0.9741936,0.9497207,699.0,695.0,False
d:\Research\Multi-View Fusion Network\datasets\brisc2025\classification_task\test\meningioma\brisc2025_test_00390_me_ax_t1.jpg,meningioma,meningioma,axial,0.02681188,0.9170235,0.03056623,0.025598412,0.9170235,True,True,0.91560507,0.8445748,316.0,311.0,False
d:\Research\Multi-View Fusion Network\datasets\brisc2025\classification_task\test\meningioma\brisc2025_test_00391_me_ax_t1.jpg,meningioma,meningioma,axial,0.026394986,0.9165031,0.031761386,0.025340538,0.9165031,True,True,0.96241134,0.9275956,695.0,714.0,False
d:\Research\Multi-View Fusion Network\datasets\brisc2025\classification_task\test\meningioma\brisc2025_test_00392_me_co_t1.jpg,meningioma,meningioma,coronal,0.027032979,0.9213831,0.024230525,0.027353374,0.9213831,True,True,0.84575725,0.7327875,2136.0,2518.0,False
d:\Research\Multi-View Fusion Network\datasets\brisc2025\classification_task\test\meningioma\brisc2025_test_00393_me_co_t1.jpg,meningioma,meningioma,coronal,0.026397068,0.92020226,0.02677498,0.026625665,0.92020226,True,True,0.8326658,0.7134146,1285.0,961.0,False
d:\Research\Multi-View Fusion Network\datasets\brisc2025\classification_task\test\meningioma\brisc2025_test_00394_me_co_t1.jpg,meningioma,meningioma,coronal,0.029791081,0.9135485,0.02905487,0.027605541,0.9135485,True,True,0.97369,0.9487398,2280.0,2280.0,False
d:\Research\Multi-View Fusion Network\datasets\brisc2025\classification_task\test\meningioma\brisc2025_test_00395_me_co_t1.jpg,meningioma,meningioma,coronal,0.026022011,0.923213,0.02457156,0.026193459,0.923213,True,True,0.96777475,0.93758214,1512.0,1435.0,False
d:\Research\Multi-View Fusion Network\datasets\brisc2025\classification_task\test\meningioma\brisc2025_test_00396_me_co_t1.jpg,meningioma,meningioma,coronal,0.026028413,0.9236529,0.023985645,0.026333112,0.9236529,True,True,0.9666016,0.9353756,2368.0,2242.0,False
d:\Research\Multi-View Fusion Network\datasets\brisc2025\classification_task\test\meningioma\brisc2025_test_00397_me_co_t1.jpg,meningioma,meningioma,coronal,0.025790544,0.9203645,0.027203925,0.02664104,0.9203645,True,True,0.9517816,0.9080149,2928.0,2712.0,False
d:\Research\Multi-View Fusion Network\datasets\brisc2025\classification_task\test\meningioma\brisc2025_test_00398_me_co_t1.jpg,meningioma,meningioma,coronal,0.025587639,0.9235485,0.024162035,0.026701834,0.9235485,True,True,0.9764004,0.9538951,3706.0,3666.0,False
d:\Research\Multi-View Fusion Network\datasets\brisc2025\classification_task\test\meningioma\brisc2025_test_00399_me_co_t1.jpg,meningioma,meningioma,coronal,0.026071776,0.92264175,0.024908576,0.026377901,0.92264175,True,True,0.9702812,0.9422838,4744.0,4643.0,False
d:\Research\Multi-View Fusion Network\datasets\brisc2025\classification_task\test\meningioma\brisc2025_test_00400_me_co_t1.jpg,meningioma,meningioma,coronal,0.026085049,0.9224844,0.025230817,0.026199743,0.9224844,True,True,0.9678518,0.93771446,3773.0,3567.0,False
d:\Research\Multi-View Fusion Network\datasets\brisc2025\classification_task\test\meningioma\brisc2025_test_00401_me_co_t1.jpg,meningioma,meningioma,coronal,0.026015075,0.92344826,0.02397127,0.026565397,0.92344826,True,True,0.9634226,0.9294414,2378.0,2214.0,False
d:\Research\Multi-View Fusion Network\datasets\brisc2025\classification_task\test\meningioma\brisc2025_test_00402_me_co_t1.jpg,meningioma,meningioma,coronal,0.026602754,0.91984063,0.026736408,0.026820198,0.91984063,True,True,0.9303811,0.8698517,2380.0,2158.0,False
d:\Research\Multi-View Fusion Network\datasets\brisc2025\classification_task\test\meningioma\brisc2025_test_00403_me_co_t1.jpg,meningioma,meningioma,coronal,0.02791421,0.91595757,0.027808499,0.028319634,0.91595757,True,True,0.9415367,0.8895899,886.0,909.0,False
d:\Research\Multi-View Fusion Network\datasets\brisc2025\classification_task\test\meningioma\brisc2025_test_00404_me_co_t1.jpg,meningioma,meningioma,coronal,0.027685989,0.91748035,0.027408855,0.027424842,0.91748035,True,True,0.9534529,0.9110787,1344.0,1276.0,False
d:\Research\Multi-View Fusion Network\datasets\brisc2025\classification_task\test\meningioma\brisc2025_test_00405_me_co_t1.jpg,meningioma,meningioma,coronal,0.027666144,0.91777676,0.027713288,0.026843775,0.91777676,True,True,0.91251594,0.83920187,727.0,838.0,False
d:\Research\Multi-View Fusion Network\datasets\brisc2025\classification_task\test\meningioma\brisc2025_test_00406_me_co_t1.jpg,meningioma,meningioma,coronal,0.027938413,0.9172201,0.02585681,0.028984742,0.9172201,True,True,0.92680985,0.8637037,627.0,629.0,False
d:\Research\Multi-View Fusion Network\datasets\brisc2025\classification_task\test\meningioma\brisc2025_test_00407_me_co_t1.jpg,meningioma,meningioma,coronal,0.026693814,0.9200741,0.026426308,0.026805792,0.9200741,True,True,0.97972506,0.96026933,1456.0,1453.0,False
d:\Research\Multi-View Fusion Network\datasets\brisc2025\classification_task\test\meningioma\brisc2025_test_00408_me_co_t1.jpg,meningioma,meningioma,coronal,0.026525196,0.92003804,0.02664944,0.026787275,0.92003804,True,True,0.9303539,0.8698049,2314.0,2093.0,False
d:\Research\Multi-View Fusion Network\datasets\brisc2025\classification_task\test\meningioma\brisc2025_test_00409_me_co_t1.jpg,meningioma,meningioma,coronal,0.026150588,0.92220175,0.025329368,0.02631834,0.92220175,True,True,0.9780145,0.95698446,2220.0,2191.0,False
d:\Research\Multi-View Fusion Network\datasets\brisc2025\classification_task\test\meningioma\brisc2025_test_00410_me_co_t1.jpg,meningioma,meningioma,coronal,0.026681157,0.9207378,0.025020942,0.02756014,0.9207378,True,True,0.9854073,0.9712372,5009.0,4995.0,False
d:\Research\Multi-View Fusion Network\datasets\brisc2025\classification_task\test\meningioma\brisc2025_test_00411_me_co_t1.jpg,meningioma,meningioma,coronal,0.029719777,0.8997649,0.041446354,0.02906897,0.8997649,True,True,0.95594716,0.91564417,1223.0,1273.0,False
d:\Research\Multi-View Fusion Network\datasets\brisc2025\classification_task\test\meningioma\brisc2025_test_00412_me_co_t1.jpg,meningioma,meningioma,coronal,0.029698767,0.9130246,0.030202447,0.027074173,0.9130246,True,True,0.7975104,0.6634483,652.0,552.0,False
d:\Research\Multi-View Fusion Network\datasets\brisc2025\classification_task\test\meningioma\brisc2025_test_00413_me_co_t1.jpg,meningioma,glioma,coronal,0.90678763,0.036694206,0.029281601,0.02723661,0.90678763,False,True,0.9497258,0.90428126,2816.0,2653.0,False
d:\Research\Multi-View Fusion Network\datasets\brisc2025\classification_task\test\meningioma\brisc2025_test_00414_me_co_t1.jpg,meningioma,meningioma,coronal,0.02573226,0.9219459,0.025249962,0.027071899,0.9219459,True,True,0.92950004,0.86830246,3931.0,3529.0,False
d:\Research\Multi-View Fusion Network\datasets\brisc2025\classification_task\test\meningioma\brisc2025_test_00415_me_co_t1.jpg,meningioma,meningioma,coronal,0.026906794,0.9209059,0.025155742,0.027031599,0.9209059,True,True,0.9769288,0.9549062,2726.0,2691.0,False
d:\Research\Multi-View Fusion Network\datasets\brisc2025\classification_task\test\meningioma\brisc2025_test_00416_me_co_t1.jpg,meningioma,meningioma,coronal,0.026906794,0.9209059,0.025155742,0.027031599,0.9209059,True,True,0.9849833,0.97041637,2702.0,2691.0,False
d:\Research\Multi-View Fusion Network\datasets\brisc2025\classification_task\test\meningioma\brisc2025_test_00417_me_co_t1.jpg,meningioma,meningioma,coronal,0.026107294,0.92249656,0.02521504,0.026181139,0.92249656,True,True,0.9791232,0.9591058,3616.0,3568.0,False
d:\Research\Multi-View Fusion Network\datasets\brisc2025\classification_task\test\meningioma\brisc2025_test_00418_me_co_t1.jpg,meningioma,glioma,coronal,0.92665476,0.024945663,0.023886925,0.024512641,0.92665476,False,True,0.67252547,0.5067348,1190.0,2052.0,False
d:\Research\Multi-View Fusion Network\datasets\brisc2025\classification_task\test\meningioma\brisc2025_test_00419_me_co_t1.jpg,meningioma,meningioma,coronal,0.025181452,0.92308265,0.025533656,0.026202153,0.92308265,True,True,0.9698741,0.9415188,3362.0,3309.0,False
d:\Research\Multi-View Fusion Network\datasets\brisc2025\classification_task\test\meningioma\brisc2025_test_00420_me_co_t1.jpg,meningioma,meningioma,coronal,0.026038798,0.92289937,0.025314132,0.025747625,0.92289937,True,True,0.9807902,0.96231264,2289.0,2291.0,False
d:\Research\Multi-View Fusion Network\datasets\brisc2025\classification_task\test\meningioma\brisc2025_test_00421_me_co_t1.jpg,meningioma,meningioma,coronal,0.028625952,0.9156988,0.02792799,0.027747251,0.9156988,True,True,0.86950314,0.7691919,1969.0,1532.0,False
d:\Research\Multi-View Fusion Network\datasets\brisc2025\classification_task\test\meningioma\brisc2025_test_00422_me_co_t1.jpg,meningioma,meningioma,coronal,0.025272286,0.923542,0.02548587,0.025699724,0.923542,True,True,0.9435792,0.8932147,1623.0,1779.0,False
d:\Research\Multi-View Fusion Network\datasets\brisc2025\classification_task\test\meningioma\brisc2025_test_00423_me_co_t1.jpg,meningioma,meningioma,coronal,0.027000023,0.9183979,0.028162805,0.026439222,0.9183979,True,True,0.8577525,0.75124377,314.0,388.0,False
d:\Research\Multi-View Fusion Network\datasets\brisc2025\classification_task\test\meningioma\brisc2025_test_00424_me_co_t1.jpg,meningioma,meningioma,coronal,0.026998838,0.9188026,0.027513005,0.026685515,0.9188026,True,True,0.92,0.8519337,868.0,806.0,False
d:\Research\Multi-View Fusion Network\datasets\brisc2025\classification_task\test\meningioma\brisc2025_test_00425_me_co_t1.jpg,meningioma,meningioma,coronal,0.026688857,0.9203697,0.026639812,0.026301749,0.9203697,True,True,0.97977793,0.960373,1251.0,1270.0,False
d:\Research\Multi-View Fusion Network\datasets\brisc2025\classification_task\test\meningioma\brisc2025_test_00426_me_co_t1.jpg,meningioma,meningioma,coronal,0.029273892,0.90707934,0.034824,0.028822795,0.90707934,True,True,0.9154786,0.8442777,470.0,511.0,False
d:\Research\Multi-View Fusion Network\datasets\brisc2025\classification_task\test\meningioma\brisc2025_test_00427_me_co_t1.jpg,meningioma,meningioma,coronal,0.02621514,0.9207836,0.027036427,0.025964873,0.9207836,True,True,0.95877326,0.92084944,980.0,1008.0,False
d:\Research\Multi-View Fusion Network\datasets\brisc2025\classification_task\test\meningioma\brisc2025_test_00428_me_co_t1.jpg,meningioma,meningioma,coronal,0.025662087,0.9214009,0.02725567,0.02568139,0.9214009,True,True,0.8331735,0.71428573,590.0,452.0,False
d:\Research\Multi-View Fusion Network\datasets\brisc2025\classification_task\test\meningioma\brisc2025_test_00429_me_co_t1.jpg,meningioma,meningioma,coronal,0.027500855,0.91883713,0.0267094,0.026952593,0.91883713,True,True,0.938949,0.88500726,662.0,631.0,False
d:\Research\Multi-View Fusion Network\datasets\brisc2025\classification_task\test\meningioma\brisc2025_test_00430_me_co_t1.jpg,meningioma,meningioma,coronal,0.026656639,0.9205482,0.026979096,0.025816035,0.9205482,True,True,0.9698303,0.9414634,799.0,791.0,False
d:\Research\Multi-View Fusion Network\datasets\brisc2025\classification_task\test\meningioma\brisc2025_test_00431_me_co_t1.jpg,meningioma,meningioma,coronal,0.025706012,0.9191371,0.028891731,0.026265223,0.9191371,True,True,0.9263623,0.8630137,340.0,338.0,False
d:\Research\Multi-View Fusion Network\datasets\brisc2025\classification_task\test\meningioma\brisc2025_test_00432_me_co_t1.jpg,meningioma,meningioma,coronal,0.025465474,0.91961807,0.02866747,0.026248947,0.91961807,True,True,0.93004584,0.86937904,448.0,423.0,False
d:\Research\Multi-View Fusion Network\datasets\brisc2025\classification_task\test\meningioma\brisc2025_test_00433_me_co_t1.jpg,meningioma,meningioma,coronal,0.027184369,0.914468,0.031112203,0.0272354,0.914468,True,True,0.9432892,0.89285713,263.0,265.0,False
d:\Research\Multi-View Fusion Network\datasets\brisc2025\classification_task\test\meningioma\brisc2025_test_00434_me_co_t1.jpg,meningioma,meningioma,coronal,0.025874365,0.9208108,0.026741367,0.026573371,0.9208108,True,True,0.9438653,0.89377844,639.0,607.0,False
d:\Research\Multi-View Fusion Network\datasets\brisc2025\classification_task\test\meningioma\brisc2025_test_00435_me_co_t1.jpg,meningioma,meningioma,coronal,0.026622266,0.9176102,0.029225819,0.026541702,0.9176102,True,True,0.91381496,0.8414918,392.0,396.0,False
d:\Research\Multi-View Fusion Network\datasets\brisc2025\classification_task\test\meningioma\brisc2025_test_00436_me_co_t1.jpg,meningioma,meningioma,coronal,0.026259717,0.91999054,0.027592076,0.02615764,0.91999054,True,True,0.9417604,0.89,764.0,746.0,False
d:\Research\Multi-View Fusion Network\datasets\brisc2025\classification_task\test\meningioma\brisc2025_test_00437_me_co_t1.jpg,meningioma,meningioma,coronal,0.025862085,0.9214105,0.026104812,0.026622545,0.9214105,True,True,0.8739224,0.77629066,413.0,514.0,False
d:\Research\Multi-View Fusion Network\datasets\brisc2025\classification_task\test\meningioma\brisc2025_test_00438_me_co_t1.jpg,meningioma,meningioma,coronal,0.026230324,0.9213327,0.025843726,0.026593259,0.9213327,True,True,0.9652456,0.93285584,1059.0,1098.0,False
d:\Research\Multi-View Fusion Network\datasets\brisc2025\classification_task\test\meningioma\brisc2025_test_00439_me_co_t1.jpg,meningioma,meningioma,coronal,0.025766945,0.9229145,0.025099477,0.026219076,0.9229145,True,True,0.9624096,0.9275766,1044.0,1030.0,False
d:\Research\Multi-View Fusion Network\datasets\brisc2025\classification_task\test\meningioma\brisc2025_test_00440_me_co_t1.jpg,meningioma,meningioma,coronal,0.0278504,0.91482824,0.03103627,0.026285162,0.91482824,True,True,0.895082,0.8106509,163.0,141.0,False
d:\Research\Multi-View Fusion Network\datasets\brisc2025\classification_task\test\meningioma\brisc2025_test_00441_me_co_t1.jpg,meningioma,meningioma,coronal,0.02572947,0.92173904,0.026327394,0.026204042,0.92173904,True,True,0.96379435,0.9301676,669.0,711.0,False
d:\Research\Multi-View Fusion Network\datasets\brisc2025\classification_task\test\meningioma\brisc2025_test_00442_me_co_t1.jpg,meningioma,meningioma,coronal,0.025842832,0.9222722,0.024773376,0.027111644,0.9222722,True,True,0.9421206,0.890625,1065.0,990.0,False
d:\Research\Multi-View Fusion Network\datasets\brisc2025\classification_task\test\meningioma\brisc2025_test_00443_me_co_t1.jpg,meningioma,meningioma,coronal,0.02624157,0.92173177,0.025828145,0.026198536,0.92173177,True,True,0.96949476,0.94085026,529.0,519.0,False
d:\Research\Multi-View Fusion Network\datasets\brisc2025\classification_task\test\meningioma\brisc2025_test_00444_me_co_t1.jpg,meningioma,meningioma,coronal,0.02573547,0.9216769,0.025931695,0.026655974,0.9216769,True,True,0.8997494,0.8181818,210.0,188.0,False
d:\Research\Multi-View Fusion Network\datasets\brisc2025\classification_task\test\meningioma\brisc2025_test_00445_me_co_t1.jpg,meningioma,meningioma,coronal,0.02629411,0.9214389,0.026260478,0.026006542,0.9214389,True,True,0.98019123,0.9611607,2201.0,2190.0,False
d:\Research\Multi-View Fusion Network\datasets\brisc2025\classification_task\test\meningioma\brisc2025_test_00446_me_co_t1.jpg,meningioma,meningioma,coronal,0.030431876,0.9174989,0.024820575,0.027248634,0.9174989,True,True,0.94157124,0.8896346,1218.0,1314.0,False
d:\Research\Multi-View Fusion Network\datasets\brisc2025\classification_task\test\meningioma\brisc2025_test_00447_me_co_t1.jpg,meningioma,meningioma,coronal,0.024999844,0.9243378,0.024962377,0.025699923,0.9243378,True,True,0.9716227,0.9448329,1254.0,1247.0,False
d:\Research\Multi-View Fusion Network\datasets\brisc2025\classification_task\test\meningioma\brisc2025_test_00448_me_co_t1.jpg,meningioma,meningioma,coronal,0.026974555,0.91715544,0.029140612,0.026729431,0.91715544,True,True,0.94018966,0.8872077,691.0,679.0,False
d:\Research\Multi-View Fusion Network\datasets\brisc2025\classification_task\test\meningioma\brisc2025_test_00449_me_co_t1.jpg,meningioma,meningioma,coronal,0.026925616,0.91844296,0.027702834,0.026928496,0.91844296,True,True,0.86743516,0.7661017,478.0,562.0,False
d:\Research\Multi-View Fusion Network\datasets\brisc2025\classification_task\test\meningioma\brisc2025_test_00450_me_co_t1.jpg,meningioma,meningioma,coronal,0.025954576,0.92205566,0.025694003,0.026295858,0.92205566,True,True,0.9787,0.9583034,1366.0,1356.0,False
d:\Research\Multi-View Fusion Network\datasets\brisc2025\classification_task\test\meningioma\brisc2025_test_00451_me_co_t1.jpg,meningioma,meningioma,coronal,0.026510224,0.9214676,0.02538556,0.026636602,0.9214676,True,True,0.9308053,0.87061405,1221.0,1336.0,False
d:\Research\Multi-View Fusion Network\datasets\brisc2025\classification_task\test\meningioma\brisc2025_test_00452_me_co_t1.jpg,meningioma,meningioma,coronal,0.026759226,0.9179504,0.02897959,0.026310757,0.9179504,True,True,0.95365417,0.91156465,281.0,279.0,False
d:\Research\Multi-View Fusion Network\datasets\brisc2025\classification_task\test\meningioma\brisc2025_test_00453_me_co_t1.jpg,meningioma,meningioma,coronal,0.029247502,0.91577,0.02877123,0.02621129,0.91577,True,True,0.96034944,0.92377263,731.0,756.0,False
d:\Research\Multi-View Fusion Network\datasets\brisc2025\classification_task\test\meningioma\brisc2025_test_00454_me_co_t1.jpg,meningioma,meningioma,coronal,0.025992729,0.92032343,0.027449893,0.026234007,0.92032343,True,True,0.8662991,0.76427704,805.0,645.0,False
d:\Research\Multi-View Fusion Network\datasets\brisc2025\classification_task\test\meningioma\brisc2025_test_00455_me_co_t1.jpg,meningioma,meningioma,coronal,0.024517523,0.9224464,0.02717327,0.025862822,0.9224464,True,True,0.6187234,0.44827586,578.0,596.0,False
d:\Research\Multi-View Fusion Network\datasets\brisc2025\classification_task\test\meningioma\brisc2025_test_00456_me_co_t1.jpg,meningioma,meningioma,coronal,0.027584275,0.91938555,0.026502913,0.026527347,0.91938555,True,True,0.9354839,0.8790036,259.0,267.0,False
d:\Research\Multi-View Fusion Network\datasets\brisc2025\classification_task\test\meningioma\brisc2025_test_00457_me_co_t1.jpg,meningioma,meningioma,coronal,0.026963169,0.9191213,0.02720442,0.026711106,0.9191213,True,True,0.9559835,0.9157895,369.0,357.0,False
d:\Research\Multi-View Fusion Network\datasets\brisc2025\classification_task\test\meningioma\brisc2025_test_00458_me_co_t1.jpg,meningioma,meningioma,coronal,0.025562452,0.9219112,0.026542377,0.025984015,0.9219112,True,True,0.9702309,0.942217,817.0,828.0,False
d:\Research\Multi-View Fusion Network\datasets\brisc2025\classification_task\test\meningioma\brisc2025_test_00459_me_co_t1.jpg,meningioma,meningioma,coronal,0.02749325,0.9190118,0.025926659,0.02756834,0.9190118,True,True,0.90841866,0.83229166,800.0,957.0,False
d:\Research\Multi-View Fusion Network\datasets\brisc2025\classification_task\test\meningioma\brisc2025_test_00460_me_co_t1.jpg,meningioma,meningioma,coronal,0.026745526,0.9148038,0.031729307,0.026721409,0.9148038,True,True,0.92263055,0.8566308,256.0,260.0,False
d:\Research\Multi-View Fusion Network\datasets\brisc2025\classification_task\test\meningioma\brisc2025_test_00461_me_co_t1.jpg,meningioma,meningioma,coronal,0.026382847,0.9217441,0.02546458,0.026408397,0.9217441,True,True,0.9773863,0.9557841,1904.0,1898.0,False
d:\Research\Multi-View Fusion Network\datasets\brisc2025\classification_task\test\meningioma\brisc2025_test_00462_me_co_t1.jpg,meningioma,meningioma,coronal,0.027143292,0.9203446,0.025900904,0.02661115,0.9203446,True,True,0.9531878,0.91058695,1786.0,1695.0,False
d:\Research\Multi-View Fusion Network\datasets\brisc2025\classification_task\test\meningioma\brisc2025_test_00463_me_co_t1.jpg,meningioma,meningioma,coronal,0.025507225,0.9223866,0.02593489,0.026171373,0.9223866,True,True,0.9120553,0.8384755,542.0,469.0,False
d:\Research\Multi-View Fusion Network\datasets\brisc2025\classification_task\test\meningioma\brisc2025_test_00464_me_co_t1.jpg,meningioma,meningioma,coronal,0.027286902,0.91843945,0.02844981,0.025823805,0.91843945,True,True,0.9803106,0.96139205,1813.0,1792.0,False
d:\Research\Multi-View Fusion Network\datasets\brisc2025\classification_task\test\meningioma\brisc2025_test_00465_me_co_t1.jpg,meningioma,meningioma,coronal,0.026454464,0.9206416,0.026370006,0.026533902,0.9206416,True,True,0.9761993,0.95352215,1346.0,1342.0,False
d:\Research\Multi-View Fusion Network\datasets\brisc2025\classification_task\test\meningioma\brisc2025_test_00466_me_co_t1.jpg,meningioma,meningioma,coronal,0.028672758,0.9110728,0.033129737,0.027124733,0.9110728,True,True,0.9229323,0.85714287,253.0,278.0,False
d:\Research\Multi-View Fusion Network\datasets\brisc2025\classification_task\test\meningioma\brisc2025_test_00467_me_co_t1.jpg,meningioma,meningioma,coronal,0.026445536,0.92012644,0.026715778,0.026712243,0.92012644,True,True,0.90931594,0.8337459,2266.0,2177.0,False
d:\Research\Multi-View Fusion Network\datasets\brisc2025\classification_task\test\meningioma\brisc2025_test_00468_me_co_t1.jpg,meningioma,meningioma,coronal,0.026442135,0.92120934,0.0263791,0.025969375,0.92120934,True,True,0.9835391,0.9676201,1846.0,1798.0,False
d:\Research\Multi-View Fusion Network\datasets\brisc2025\classification_task\test\meningioma\brisc2025_test_00469_me_co_t1.jpg,meningioma,meningioma,coronal,0.02606877,0.92123497,0.026595263,0.026100969,0.92123497,True,True,0.97859156,0.95810366,897.0,877.0,False
d:\Research\Multi-View Fusion Network\datasets\brisc2025\classification_task\test\meningioma\brisc2025_test_00470_me_co_t1.jpg,meningioma,meningioma,coronal,0.025894739,0.9212635,0.02609344,0.026748331,0.9212635,True,True,0.93700784,0.8816568,321.0,313.0,False
d:\Research\Multi-View Fusion Network\datasets\brisc2025\classification_task\test\meningioma\brisc2025_test_00471_me_co_t1.jpg,meningioma,meningioma,coronal,0.025844509,0.92076355,0.026933847,0.026458105,0.92076355,True,True,0.46827412,0.3062914,591.0,196.0,False
d:\Research\Multi-View Fusion Network\datasets\brisc2025\classification_task\test\meningioma\brisc2025_test_00472_me_co_t1.jpg,meningioma,meningioma,coronal,0.025970256,0.92326534,0.02359791,0.02716643,0.92326534,True,True,0.9698146,0.9414226,1175.0,1143.0,False
d:\Research\Multi-View Fusion Network\datasets\brisc2025\classification_task\test\meningioma\brisc2025_test_00473_me_co_t1.jpg,meningioma,meningioma,coronal,0.026977481,0.91989124,0.0263922,0.02673908,0.91989124,True,True,0.9776055,0.95620435,1733.0,1749.0,False
d:\Research\Multi-View Fusion Network\datasets\brisc2025\classification_task\test\meningioma\brisc2025_test_00474_me_co_t1.jpg,meningioma,meningioma,coronal,0.027546108,0.91856146,0.026801074,0.027091362,0.91856146,True,True,0.9706113,0.94292235,1265.0,1286.0,False
d:\Research\Multi-View Fusion Network\datasets\brisc2025\classification_task\test\meningioma\brisc2025_test_00475_me_co_t1.jpg,meningioma,meningioma,coronal,0.025566041,0.92168456,0.026823765,0.025925567,0.92168456,True,True,0.9528061,0.90997565,390.0,393.0,False
d:\Research\Multi-View Fusion Network\datasets\brisc2025\classification_task\test\meningioma\brisc2025_test_00476_me_co_t1.jpg,meningioma,meningioma,coronal,0.02753102,0.9180124,0.028037822,0.026418705,0.9180124,True,True,0.97889906,0.95870733,546.0,543.0,False
d:\Research\Multi-View Fusion Network\datasets\brisc2025\classification_task\test\meningioma\brisc2025_test_00477_me_co_t1.jpg,meningioma,meningioma,coronal,0.027450906,0.91819245,0.027362837,0.026993828,0.91819245,True,True,0.9734042,0.9482023,1566.0,1629.0,False
d:\Research\Multi-View Fusion Network\datasets\brisc2025\classification_task\test\meningioma\brisc2025_test_00478_me_sa_t1.jpg,meningioma,meningioma,sagittal,0.027260147,0.91760105,0.02696161,0.02817726,0.91760105,True,True,0.97236466,0.9462306,1783.0,1726.0,False
d:\Research\Multi-View Fusion Network\datasets\brisc2025\classification_task\test\meningioma\brisc2025_test_00479_me_sa_t1.jpg,meningioma,meningioma,sagittal,0.024423895,0.9244826,0.02415806,0.026935412,0.9244826,True,True,0.9765646,0.95421433,1866.0,1888.0,False
d:\Research\Multi-View Fusion Network\datasets\brisc2025\classification_task\test\meningioma\brisc2025_test_00480_me_sa_t1.jpg,meningioma,meningioma,sagittal,0.025701279,0.9221101,0.02570639,0.02648226,0.9221101,True,True,0.9685402,0.9390108,2678.0,2534.0,False
d:\Research\Multi-View Fusion Network\datasets\brisc2025\classification_task\test\meningioma\brisc2025_test_00481_me_sa_t1.jpg,meningioma,meningioma,sagittal,0.027441772,0.91807294,0.026995085,0.027490191,0.91807294,True,True,0.95442116,0.9128414,1615.0,1675.0,False
d:\Research\Multi-View Fusion Network\datasets\brisc2025\classification_task\test\meningioma\brisc2025_test_00482_me_sa_t1.jpg,meningioma,meningioma,sagittal,0.027471237,0.9168098,0.028179836,0.027539168,0.9168098,True,True,0.9515187,0.9075724,887.0,824.0,False
d:\Research\Multi-View Fusion Network\datasets\brisc2025\classification_task\test\meningioma\brisc2025_test_00483_me_sa_t1.jpg,meningioma,meningioma,sagittal,0.026361087,0.9199406,0.026258754,0.02743965,0.9199406,True,True,0.83301526,0.71405226,443.0,604.0,False
d:\Research\Multi-View Fusion Network\datasets\brisc2025\classification_task\test\meningioma\brisc2025_test_00484_me_sa_t1.jpg,meningioma,meningioma,sagittal,0.02647212,0.919815,0.025887474,0.0278254,0.919815,True,True,0.958935,0.92114383,1116.0,1099.0,False
d:\Research\Multi-View Fusion Network\datasets\brisc2025\classification_task\test\meningioma\brisc2025_test_00485_me_sa_t1.jpg,meningioma,meningioma,sagittal,0.0286802,0.9171015,0.028097034,0.026121303,0.9171015,True,True,0.9698492,0.9414951,900.0,890.0,False
d:\Research\Multi-View Fusion Network\datasets\brisc2025\classification_task\test\meningioma\brisc2025_test_00486_me_sa_t1.jpg,meningioma,meningioma,sagittal,0.027530696,0.9180162,0.026883697,0.027569417,0.9180162,True,True,0.9567438,0.91709846,1649.0,1679.0,False
d:\Research\Multi-View Fusion Network\datasets\brisc2025\classification_task\test\meningioma\brisc2025_test_00487_me_sa_t1.jpg,meningioma,meningioma,sagittal,0.027288789,0.91933066,0.026210565,0.027170023,0.91933066,True,True,0.95845354,0.9202658,857.0,875.0,False
d:\Research\Multi-View Fusion Network\datasets\brisc2025\classification_task\test\meningioma\brisc2025_test_00488_me_sa_t1.jpg,meningioma,meningioma,sagittal,0.029228078,0.9155652,0.027225267,0.027981406,0.9155652,True,True,0.97777295,0.95652175,2291.0,2297.0,False
d:\Research\Multi-View Fusion Network\datasets\brisc2025\classification_task\test\meningioma\brisc2025_test_00489_me_sa_t1.jpg,meningioma,meningioma,sagittal,0.025799355,0.92233324,0.025723254,0.026144153,0.92233324,True,True,0.9737924,0.9489489,973.0,972.0,False
d:\Research\Multi-View Fusion Network\datasets\brisc2025\classification_task\test\meningioma\brisc2025_test_00490_me_sa_t1.jpg,meningioma,meningioma,sagittal,0.028133765,0.9195089,0.026136048,0.026221326,0.9195089,True,True,0.9672916,0.93667954,1276.0,1230.0,False
d:\Research\Multi-View Fusion Network\datasets\brisc2025\classification_task\test\meningioma\brisc2025_test_00491_me_sa_t1.jpg,meningioma,meningioma,sagittal,0.027285002,0.9189555,0.026204102,0.027555356,0.9189555,True,True,0.9687858,0.93947804,1714.0,1777.0,False
d:\Research\Multi-View Fusion Network\datasets\brisc2025\classification_task\test\meningioma\brisc2025_test_00492_me_sa_t1.jpg,meningioma,meningioma,sagittal,0.027343355,0.921314,0.02552847,0.025814228,0.921314,True,True,0.9762625,0.95363635,2165.0,2131.0,False
d:\Research\Multi-View Fusion Network\datasets\brisc2025\classification_task\test\meningioma\brisc2025_test_00493_me_sa_t1.jpg,meningioma,meningioma,sagittal,0.049203746,0.8674192,0.02087938,0.062497705,0.8674192,True,True,0.95578414,0.9153236,3870.0,3615.0,False
d:\Research\Multi-View Fusion Network\datasets\brisc2025\classification_task\test\meningioma\brisc2025_test_00494_me_sa_t1.jpg,meningioma,meningioma,sagittal,0.02598052,0.9224154,0.025072271,0.026531804,0.9224154,True,True,0.97623664,0.9535985,1032.0,1029.0,False
d:\Research\Multi-View Fusion Network\datasets\brisc2025\classification_task\test\meningioma\brisc2025_test_00495_me_sa_t1.jpg,meningioma,meningioma,sagittal,0.02680629,0.9210735,0.025919612,0.02620057,0.9210735,True,True,0.9358974,0.8795718,1025.0,1080.0,False
d:\Research\Multi-View Fusion Network\datasets\brisc2025\classification_task\test\meningioma\brisc2025_test_00496_me_sa_t1.jpg,meningioma,meningioma,sagittal,0.026434839,0.92085594,0.027100205,0.025608974,0.92085594,True,True,0.926049,0.8623357,1172.0,1234.0,False
d:\Research\Multi-View Fusion Network\datasets\brisc2025\classification_task\test\meningioma\brisc2025_test_00497_me_sa_t1.jpg,meningioma,meningioma,sagittal,0.026157146,0.9214238,0.0267132,0.025705833,0.9214238,True,True,0.966,0.93427837,758.0,741.0,False
d:\Research\Multi-View Fusion Network\datasets\brisc2025\classification_task\test\meningioma\brisc2025_test_00498_me_sa_t1.jpg,meningioma,meningioma,sagittal,0.026745163,0.9211418,0.02576938,0.02634361,0.9211418,True,True,0.9812372,0.9631761,1733.0,1677.0,False
d:\Research\Multi-View Fusion Network\datasets\brisc2025\classification_task\test\meningioma\brisc2025_test_00499_me_sa_t1.jpg,meningioma,meningioma,sagittal,0.02675085,0.91931957,0.028438155,0.025491372,0.91931957,True,True,0.94809324,0.90140843,487.0,456.0,False
d:\Research\Multi-View Fusion Network\datasets\brisc2025\classification_task\test\meningioma\brisc2025_test_00500_me_sa_t1.jpg,meningioma,meningioma,sagittal,0.027118694,0.91640586,0.030635877,0.025839554,0.91640586,True,True,0.8414918,0.7269076,201.0,227.0,False
d:\Research\Multi-View Fusion Network\datasets\brisc2025\classification_task\test\meningioma\brisc2025_test_00501_me_sa_t1.jpg,meningioma,meningioma,sagittal,0.026729006,0.92075133,0.02703129,0.025488364,0.92075133,True,True,0.9780727,0.9571106,876.0,856.0,False
d:\Research\Multi-View Fusion Network\datasets\brisc2025\classification_task\test\meningioma\brisc2025_test_00502_me_sa_t1.jpg,meningioma,meningioma,sagittal,0.026084745,0.92159605,0.025873933,0.026445298,0.92159605,True,True,0.94205296,0.890625,308.0,295.0,False
d:\Research\Multi-View Fusion Network\datasets\brisc2025\classification_task\test\meningioma\brisc2025_test_00503_me_sa_t1.jpg,meningioma,meningioma,sagittal,0.030362843,0.90881246,0.033580683,0.027243963,0.90881246,True,True,0.92825115,0.8662953,320.0,348.0,False
d:\Research\Multi-View Fusion Network\datasets\brisc2025\classification_task\test\meningioma\brisc2025_test_00504_me_sa_t1.jpg,meningioma,meningioma,sagittal,0.02660509,0.9200214,0.026704812,0.026668712,0.9200214,True,True,0.90966386,0.8346154,252.0,223.0,False
d:\Research\Multi-View Fusion Network\datasets\brisc2025\classification_task\test\meningioma\brisc2025_test_00505_me_sa_t1.jpg,meningioma,meningioma,sagittal,0.025548387,0.9226227,0.026236886,0.025592063,0.9226227,True,True,0.9629401,0.9285714,804.0,814.0,False
d:\Research\Multi-View Fusion Network\datasets\brisc2025\classification_task\test\meningioma\brisc2025_test_00506_me_sa_t1.jpg,meningioma,meningioma,sagittal,0.02658534,0.9207329,0.026996434,0.025685273,0.9207329,True,True,0.9378486,0.8830585,613.0,641.0,False
d:\Research\Multi-View Fusion Network\datasets\brisc2025\classification_task\test\meningioma\brisc2025_test_00507_me_sa_t1.jpg,meningioma,meningioma,sagittal,0.027543185,0.9201725,0.02609654,0.026187763,0.9201725,True,True,0.94285715,0.8919753,585.0,639.0,False
d:\Research\Multi-View Fusion Network\datasets\brisc2025\classification_task\test\meningioma\brisc2025_test_00508_me_sa_t1.jpg,meningioma,meningioma,sagittal,0.02774239,0.9136932,0.030352164,0.028212229,0.9136932,True,True,0.96538156,0.9331307,627.0,643.0,False
d:\Research\Multi-View Fusion Network\datasets\brisc2025\classification_task\test\meningioma\brisc2025_test_00509_me_sa_t1.jpg,meningioma,meningioma,sagittal,0.026804293,0.9189438,0.028025374,0.026226563,0.9189438,True,True,0.95387995,0.9118881,708.0,657.0,False
d:\Research\Multi-View Fusion Network\datasets\brisc2025\classification_task\test\meningioma\brisc2025_test_00510_me_sa_t1.jpg,meningioma,meningioma,sagittal,0.026578583,0.9210189,0.02616335,0.026239125,0.9210189,True,True,0.9764183,0.9539386,1475.0,1450.0,False
d:\Research\Multi-View Fusion Network\datasets\brisc2025\classification_task\test\meningioma\brisc2025_test_00511_me_sa_t1.jpg,meningioma,meningioma,sagittal,0.026155004,0.92234176,0.024981225,0.026522035,0.92234176,True,True,0.97128534,0.9441984,1110.0,1083.0,False
d:\Research\Multi-View Fusion Network\datasets\brisc2025\classification_task\test\meningioma\brisc2025_test_00512_me_sa_t1.jpg,meningioma,meningioma,sagittal,0.03302211,0.9122729,0.02860497,0.02610001,0.9122729,True,True,0.944393,0.8947368,529.0,549.0,False
d:\Research\Multi-View Fusion Network\datasets\brisc2025\classification_task\test\meningioma\brisc2025_test_00513_me_sa_t1.jpg,meningioma,meningioma,sagittal,0.028581645,0.90952075,0.034357455,0.027540127,0.90952075,True,True,0.9342466,0.8769231,176.0,188.0,False
d:\Research\Multi-View Fusion Network\datasets\brisc2025\classification_task\test\meningioma\brisc2025_test_00514_me_sa_t1.jpg,meningioma,meningioma,sagittal,0.027078155,0.91970485,0.026785119,0.02643177,0.91970485,True,True,0.9721381,0.9458186,823.0,827.0,False
d:\Research\Multi-View Fusion Network\datasets\brisc2025\classification_task\test\meningioma\brisc2025_test_00515_me_sa_t1.jpg,meningioma,meningioma,sagittal,0.026874445,0.9199154,0.026388789,0.02682133,0.9199154,True,True,0.98062015,0.9619932,1161.0,1160.0,False
d:\Research\Multi-View Fusion Network\datasets\brisc2025\classification_task\test\meningioma\brisc2025_test_00516_me_sa_t1.jpg,meningioma,meningioma,sagittal,0.02685579,0.9203364,0.026033184,0.026774587,0.9203364,True,True,0.9715946,0.944793,776.0,772.0,False
d:\Research\Multi-View Fusion Network\datasets\brisc2025\classification_task\test\meningioma\brisc2025_test_00517_me_sa_t1.jpg,meningioma,meningioma,sagittal,0.026649738,0.91984004,0.026822496,0.026687784,0.91984004,True,True,0.88235295,0.78970915,410.0,388.0,False
d:\Research\Multi-View Fusion Network\datasets\brisc2025\classification_task\test\meningioma\brisc2025_test_00518_me_sa_t1.jpg,meningioma,meningioma,sagittal,0.027245352,0.92026436,0.026593303,0.025897002,0.92026436,True,True,0.9801615,0.96110356,2166.0,2168.0,False
d:\Research\Multi-View Fusion Network\datasets\brisc2025\classification_task\test\meningioma\brisc2025_test_00519_me_sa_t1.jpg,meningioma,meningioma,sagittal,0.025868483,0.9228221,0.025345204,0.0259642,0.9228221,True,True,0.9723569,0.9462264,1046.0,1015.0,False
d:\Research\Multi-View Fusion Network\datasets\brisc2025\classification_task\test\meningioma\brisc2025_test_00520_me_sa_t1.jpg,meningioma,meningioma,sagittal,0.026057707,0.922728,0.025357967,0.025856245,0.922728,True,True,0.9514632,0.907483,708.0,692.0,False
d:\Research\Multi-View Fusion Network\datasets\brisc2025\classification_task\test\meningioma\brisc2025_test_00521_me_sa_t1.jpg,meningioma,meningioma,sagittal,0.026887901,0.9174124,0.030045593,0.025654092,0.9174124,True,True,0.8803987,0.78698224,137.0,163.0,False
d:\Research\Multi-View Fusion Network\datasets\brisc2025\classification_task\test\meningioma\brisc2025_test_00522_me_sa_t1.jpg,meningioma,meningioma,sagittal,0.02813003,0.91662514,0.028364759,0.026880005,0.91662514,True,True,0.9332566,0.875,436.0,432.0,False
d:\Research\Multi-View Fusion Network\datasets\brisc2025\classification_task\test\meningioma\brisc2025_test_00523_me_sa_t1.jpg,meningioma,meningioma,sagittal,0.026642054,0.91931087,0.02706711,0.026979905,0.91931087,True,True,0.9265928,0.86340207,341.0,380.0,False
d:\Research\Multi-View Fusion Network\datasets\brisc2025\classification_task\test\meningioma\brisc2025_test_00524_me_sa_t1.jpg,meningioma,meningioma,sagittal,0.026358329,0.92231965,0.025041647,0.026280379,0.92231965,True,True,0.9385011,0.8841595,1660.0,1835.0,False
d:\Research\Multi-View Fusion Network\datasets\brisc2025\classification_task\test\meningioma\brisc2025_test_00525_me_sa_t1.jpg,meningioma,meningioma,sagittal,0.027429223,0.92063874,0.025200874,0.026731206,0.92063874,True,True,0.9575383,0.9185567,1902.0,1818.0,False
d:\Research\Multi-View Fusion Network\datasets\brisc2025\classification_task\test\meningioma\brisc2025_test_00526_me_sa_t1.jpg,meningioma,meningioma,sagittal,0.026334826,0.921367,0.026124138,0.026174061,0.921367,True,True,0.811086,0.6825095,373.0,510.0,False
d:\Research\Multi-View Fusion Network\datasets\brisc2025\classification_task\test\meningioma\brisc2025_test_00527_me_sa_t1.jpg,meningioma,meningioma,sagittal,0.026405593,0.91844535,0.029619185,0.025529785,0.91844535,True,True,0.9163701,0.84590167,294.0,267.0,False
d:\Research\Multi-View Fusion Network\datasets\brisc2025\classification_task\test\meningioma\brisc2025_test_00528_me_sa_t1.jpg,meningioma,glioma,sagittal,0.92928046,0.026070591,0.022042815,0.022606175,0.92928046,False,True,0.9399551,0.8867725,906.0,875.0,False
d:\Research\Multi-View Fusion Network\datasets\brisc2025\classification_task\test\meningioma\brisc2025_test_00529_me_sa_t1.jpg,meningioma,meningioma,sagittal,0.025988614,0.9225395,0.02552317,0.025948774,0.9225395,True,True,0.96049786,0.92403746,935.0,912.0,False
d:\Research\Multi-View Fusion Network\datasets\brisc2025\classification_task\test\meningioma\brisc2025_test_00530_me_sa_t1.jpg,meningioma,meningioma,sagittal,0.026417708,0.9213439,0.02548553,0.026752869,0.9213439,True,True,0.9807692,0.96229804,547.0,544.0,False
d:\Research\Multi-View Fusion Network\datasets\brisc2025\classification_task\test\meningioma\brisc2025_test_00531_me_sa_t1.jpg,meningioma,meningioma,sagittal,0.026078554,0.92192715,0.026449174,0.025545174,0.92192715,True,True,0.9587021,0.9207248,840.0,854.0,False
d:\Research\Multi-View Fusion Network\datasets\brisc2025\classification_task\test\meningioma\brisc2025_test_00532_me_sa_t1.jpg,meningioma,meningioma,sagittal,0.027343215,0.9176308,0.028401354,0.02662469,0.9176308,True,True,0.9694254,0.9406953,941.0,955.0,False
d:\Research\Multi-View Fusion Network\datasets\brisc2025\classification_task\test\meningioma\brisc2025_test_00533_me_sa_t1.jpg,meningioma,meningioma,sagittal,0.02937282,0.9172523,0.02554435,0.027830468,0.9172523,True,True,0.94431186,0.89457834,621.0,635.0,False
d:\Research\Multi-View Fusion Network\datasets\brisc2025\classification_task\test\meningioma\brisc2025_test_00534_me_sa_t1.jpg,meningioma,meningioma,sagittal,0.028495539,0.91770494,0.026579706,0.027219776,0.91770494,True,True,0.9671478,0.9364162,987.0,1021.0,False
d:\Research\Multi-View Fusion Network\datasets\brisc2025\classification_task\test\meningioma\brisc2025_test_00535_me_sa_t1.jpg,meningioma,meningioma,sagittal,0.027008414,0.9194158,0.02784516,0.025730642,0.9194158,True,True,0.9530133,0.91033137,482.0,496.0,False
d:\Research\Multi-View Fusion Network\datasets\brisc2025\classification_task\test\meningioma\brisc2025_test_00536_me_sa_t1.jpg,meningioma,meningioma,sagittal,0.028050104,0.91918427,0.027162394,0.02560328,0.91918427,True,True,0.9711835,0.94399315,2265.0,2280.0,False
d:\Research\Multi-View Fusion Network\datasets\brisc2025\classification_task\test\meningioma\brisc2025_test_00537_me_sa_t1.jpg,meningioma,meningioma,sagittal,0.026744872,0.9203525,0.026373537,0.026529044,0.9203525,True,True,0.9760235,0.9531802,2233.0,2187.0,False
d:\Research\Multi-View Fusion Network\datasets\brisc2025\classification_task\test\meningioma\brisc2025_test_00538_me_sa_t1.jpg,meningioma,meningioma,sagittal,0.025708167,0.9226893,0.024942549,0.026659869,0.9226893,True,True,0.88554657,0.79473686,622.0,740.0,False
d:\Research\Multi-View Fusion Network\datasets\brisc2025\classification_task\test\meningioma\brisc2025_test_00539_me_sa_t1.jpg,meningioma,meningioma,sagittal,0.027970903,0.91861546,0.02673173,0.026681898,0.91861546,True,True,0.94746,0.9001983,1433.0,1440.0,False
d:\Research\Multi-View Fusion Network\datasets\brisc2025\classification_task\test\meningioma\brisc2025_test_00540_me_sa_t1.jpg,meningioma,meningioma,sagittal,0.02738304,0.9194578,0.027206104,0.025953017,0.9194578,True,True,0.97499126,0.9512112,2906.0,2811.0,False
d:\Research\Multi-View Fusion Network\datasets\brisc2025\classification_task\test\meningioma\brisc2025_test_00541_me_sa_t1.jpg,meningioma,meningioma,sagittal,0.02854155,0.9173315,0.02718132,0.02694559,0.9173315,True,True,0.89659417,0.8126394,1204.0,1232.0,False
d:\Research\Multi-View Fusion Network\datasets\brisc2025\classification_task\test\meningioma\brisc2025_test_00542_me_sa_t1.jpg,meningioma,meningioma,sagittal,0.028401569,0.91481924,0.030565567,0.02621368,0.91481924,True,True,0.9181185,0.84887457,304.0,269.0,False
d:\Research\Multi-View Fusion Network\datasets\brisc2025\classification_task\test\meningioma\brisc2025_test_00543_me_sa_t1.jpg,meningioma,meningioma,sagittal,0.027165104,0.92136925,0.02470391,0.026761731,0.92136925,True,True,0.90769905,0.8310649,1038.0,1247.0,False
d:\Research\Multi-View Fusion Network\datasets\brisc2025\classification_task\test\meningioma\brisc2025_test_00544_me_sa_t1.jpg,meningioma,meningioma,sagittal,0.026982937,0.9169344,0.029703913,0.026378736,0.9169344,True,True,0.9270833,0.8643411,231.0,248.0,False
d:\Research\Multi-View Fusion Network\datasets\brisc2025\classification_task\test\meningioma\brisc2025_test_00545_me_sa_t1.jpg,meningioma,meningioma,sagittal,0.026493747,0.9203542,0.026423251,0.02672886,0.9203542,True,True,0.9610209,0.925,1054.0,1100.0,False
d:\Research\Multi-View Fusion Network\datasets\brisc2025\classification_task\test\meningioma\brisc2025_test_00546_me_sa_t1.jpg,meningioma,meningioma,sagittal,0.02657014,0.9219224,0.025480412,0.026026988,0.9219224,True,True,0.9652174,0.9327977,1293.0,1351.0,False
d:\Research\Multi-View Fusion Network\datasets\brisc2025\classification_task\test\meningioma\brisc2025_test_00547_me_sa_t1.jpg,meningioma,meningioma,sagittal,0.027372994,0.9196417,0.02690605,0.026079305,0.9196417,True,True,0.9818946,0.96444446,1552.0,1540.0,False
d:\Research\Multi-View Fusion Network\datasets\brisc2025\classification_task\test\meningioma\brisc2025_test_00548_me_sa_t1.jpg,meningioma,meningioma,sagittal,0.02714635,0.9205655,0.025858998,0.026429128,0.9205655,True,True,0.9612603,0.92544734,951.0,984.0,False
d:\Research\Multi-View Fusion Network\datasets\brisc2025\classification_task\test\meningioma\brisc2025_test_00549_me_sa_t1.jpg,meningioma,meningioma,sagittal,0.0258061,0.92256624,0.025549652,0.026077935,0.92256624,True,True,0.9718935,0.94534993,995.0,1032.0,False
d:\Research\Multi-View Fusion Network\datasets\brisc2025\classification_task\test\meningioma\brisc2025_test_00550_me_sa_t1.jpg,meningioma,meningioma,sagittal,0.026682481,0.9201791,0.027140634,0.025997814,0.9201791,True,True,0.9269406,0.8639456,552.0,542.0,False
d:\Research\Multi-View Fusion Network\datasets\brisc2025\classification_task\test\meningioma\brisc2025_test_00551_me_sa_t1.jpg,meningioma,meningioma,sagittal,0.027646394,0.919965,0.025847608,0.02654093,0.919965,True,True,0.984933,0.97032964,889.0,902.0,False
d:\Research\Multi-View Fusion Network\datasets\brisc2025\classification_task\test\meningioma\brisc2025_test_00552_me_sa_t1.jpg,meningioma,meningioma,sagittal,0.02615723,0.91994935,0.027064297,0.026829146,0.91994935,True,True,0.9394958,0.886076,298.0,296.0,False
d:\Research\Multi-View Fusion Network\datasets\brisc2025\classification_task\test\meningioma\brisc2025_test_00553_me_sa_t1.jpg,meningioma,meningioma,sagittal,0.026634594,0.9204909,0.026430415,0.026444118,0.9204909,True,True,0.96854305,0.93903744,913.0,898.0,False
d:\Research\Multi-View Fusion Network\datasets\brisc2025\classification_task\test\meningioma\brisc2025_test_00554_me_sa_t1.jpg,meningioma,meningioma,sagittal,0.026864698,0.91978437,0.026344536,0.027006404,0.91978437,True,True,0.98068786,0.96211725,1874.0,1905.0,False
d:\Research\Multi-View Fusion Network\datasets\brisc2025\classification_task\test\meningioma\brisc2025_test_00555_me_sa_t1.jpg,meningioma,meningioma,sagittal,0.028467262,0.91852796,0.025798477,0.027206259,0.91852796,True,True,0.961428,0.9257504,1214.0,1222.0,False
d:\Research\Multi-View Fusion Network\datasets\brisc2025\classification_task\test\meningioma\brisc2025_test_00556_me_sa_t1.jpg,meningioma,meningioma,sagittal,0.02642144,0.9197147,0.02778466,0.026079303,0.9197147,True,True,0.9445887,0.895082,555.0,599.0,False
d:\Research\Multi-View Fusion Network\datasets\brisc2025\classification_task\test\meningioma\brisc2025_test_00557_me_sa_t1.jpg,meningioma,meningioma,sagittal,0.027722144,0.91784,0.028330393,0.026107445,0.91784,True,True,0.9689521,0.9398496,377.0,395.0,False
d:\Research\Multi-View Fusion Network\datasets\brisc2025\classification_task\test\meningioma\brisc2025_test_00558_me_sa_t1.jpg,meningioma,meningioma,sagittal,0.02741322,0.91716105,0.029166335,0.026259478,0.91716105,True,True,0.9170507,0.84745765,101.0,115.0,False
d:\Research\Multi-View Fusion Network\datasets\brisc2025\classification_task\test\meningioma\brisc2025_test_00559_me_sa_t1.jpg,meningioma,meningioma,sagittal,0.026268704,0.9211536,0.026343193,0.02623453,0.9211536,True,True,0.7834941,0.6443662,365.0,567.0,False
d:\Research\Multi-View Fusion Network\datasets\brisc2025\classification_task\test\meningioma\brisc2025_test_00560_me_sa_t1.jpg,meningioma,meningioma,sagittal,0.026514431,0.9209242,0.02570339,0.026857994,0.9209242,True,True,0.9707067,0.943101,1393.0,1337.0,False
d:\Research\Multi-View Fusion Network\datasets\brisc2025\classification_task\test\no_tumor\brisc2025_test_00561_no_ax_t1.jpg,no_tumor,no_tumor,axial,0.019929312,0.020593213,0.021728404,0.9377491,0.9377491,True,True,1.0,1.0,0.0,0.0,False
d:\Research\Multi-View Fusion Network\datasets\brisc2025\classification_task\test\no_tumor\brisc2025_test_00562_no_ax_t1.jpg,no_tumor,no_tumor,axial,0.019918188,0.020720199,0.021892913,0.9374687,0.9374687,True,True,1.0,1.0,0.0,0.0,False
d:\Research\Multi-View Fusion Network\datasets\brisc2025\classification_task\test\no_tumor\brisc2025_test_00563_no_ax_t1.jpg,no_tumor,no_tumor,axial,0.020522825,0.021597898,0.02254706,0.9353322,0.9353322,True,True,1.0,1.0,0.0,0.0,False
d:\Research\Multi-View Fusion Network\datasets\brisc2025\classification_task\test\no_tumor\brisc2025_test_00564_no_ax_t1.jpg,no_tumor,no_tumor,axial,0.01982163,0.020427315,0.021575496,0.9381755,0.9381755,True,True,1.0,1.0,0.0,0.0,False
d:\Research\Multi-View Fusion Network\datasets\brisc2025\classification_task\test\no_tumor\brisc2025_test_00565_no_ax_t1.jpg,no_tumor,no_tumor,axial,0.020658748,0.020968044,0.021697752,0.9366755,0.9366755,True,True,1.0,1.0,0.0,0.0,False
d:\Research\Multi-View Fusion Network\datasets\brisc2025\classification_task\test\no_tumor\brisc2025_test_00566_no_ax_t1.jpg,no_tumor,no_tumor,axial,0.020360308,0.020610183,0.021620266,0.9374092,0.9374092,True,True,1.0,1.0,0.0,0.0,False
d:\Research\Multi-View Fusion Network\datasets\brisc2025\classification_task\test\no_tumor\brisc2025_test_00567_no_ax_t1.jpg,no_tumor,no_tumor,axial,0.0202161,0.020865966,0.02155821,0.9373598,0.9373598,True,True,1.0,1.0,0.0,0.0,False
d:\Research\Multi-View Fusion Network\datasets\brisc2025\classification_task\test\no_tumor\brisc2025_test_00568_no_ax_t1.jpg,no_tumor,no_tumor,axial,0.020679327,0.021194767,0.022146905,0.935979,0.935979,True,True,1.0,1.0,0.0,0.0,False
d:\Research\Multi-View Fusion Network\datasets\brisc2025\classification_task\test\no_tumor\brisc2025_test_00569_no_ax_t1.jpg,no_tumor,no_tumor,axial,0.020028517,0.020639654,0.021075591,0.9382562,0.9382562,True,True,1.0,1.0,0.0,0.0,False
d:\Research\Multi-View Fusion Network\datasets\brisc2025\classification_task\test\no_tumor\brisc2025_test_00570_no_ax_t1.jpg,no_tumor,no_tumor,axial,0.019927192,0.02060609,0.0212396,0.9382271,0.9382271,True,True,1.0,1.0,0.0,0.0,False
d:\Research\Multi-View Fusion Network\datasets\brisc2025\classification_task\test\no_tumor\brisc2025_test_00571_no_ax_t1.jpg,no_tumor,no_tumor,axial,0.019907553,0.020648949,0.021081321,0.9383622,0.9383622,True,True,1.0,1.0,0.0,0.0,False
d:\Research\Multi-View Fusion Network\datasets\brisc2025\classification_task\test\no_tumor\brisc2025_test_00572_no_ax_t1.jpg,no_tumor,no_tumor,axial,0.019926008,0.020543044,0.021099677,0.93843126,0.93843126,True,True,1.0,1.0,0.0,0.0,False
d:\Research\Multi-View Fusion Network\datasets\brisc2025\classification_task\test\no_tumor\brisc2025_test_00573_no_ax_t1.jpg,no_tumor,no_tumor,axial,0.01985776,0.02070565,0.021082664,0.938354,0.938354,True,True,1.0,1.0,0.0,0.0,False
d:\Research\Multi-View Fusion Network\datasets\brisc2025\classification_task\test\no_tumor\brisc2025_test_00574_no_ax_t1.jpg,no_tumor,no_tumor,axial,0.020201158,0.020969683,0.02129478,0.93753433,0.93753433,True,True,1.0,1.0,0.0,0.0,False
d:\Research\Multi-View Fusion Network\datasets\brisc2025\classification_task\test\no_tumor\brisc2025_test_00575_no_ax_t1.jpg,no_tumor,no_tumor,axial,0.019948946,0.02058986,0.021084161,0.938377,0.938377,True,True,1.0,1.0,0.0,0.0,False
d:\Research\Multi-View Fusion Network\datasets\brisc2025\classification_task\test\no_tumor\brisc2025_test_00576_no_ax_t1.jpg,no_tumor,no_tumor,axial,0.01993372,0.020621568,0.020992506,0.93845224,0.93845224,True,True,1.0,1.0,0.0,0.0,False
d:\Research\Multi-View Fusion Network\datasets\brisc2025\classification_task\test\no_tumor\brisc2025_test_00577_no_ax_t1.jpg,no_tumor,no_tumor,axial,0.019921366,0.020872138,0.02108363,0.9381228,0.9381228,True,True,1.0,1.0,0.0,0.0,False
d:\Research\Multi-View Fusion Network\datasets\brisc2025\classification_task\test\no_tumor\brisc2025_test_00578_no_ax_t1.jpg,no_tumor,no_tumor,axial,0.020600215,0.021307494,0.021721875,0.9363705,0.9363705,True,True,1.0,1.0,0.0,0.0,False
d:\Research\Multi-View Fusion Network\datasets\brisc2025\classification_task\test\no_tumor\brisc2025_test_00579_no_ax_t1.jpg,no_tumor,no_tumor,axial,0.020109853,0.020530151,0.021011308,0.93834865,0.93834865,True,True,1.0,1.0,0.0,0.0,False
d:\Research\Multi-View Fusion Network\datasets\brisc2025\classification_task\test\no_tumor\brisc2025_test_00580_no_ax_t1.jpg,no_tumor,no_tumor,axial,0.020293519,0.020778982,0.021335714,0.93759173,0.93759173,True,True,1.0,1.0,0.0,0.0,False
d:\Research\Multi-View Fusion Network\datasets\brisc2025\classification_task\test\no_tumor\brisc2025_test_00581_no_ax_t1.jpg,no_tumor,no_tumor,axial,0.020230344,0.020800082,0.021238828,0.93773085,0.93773085,True,True,1.0,1.0,0.0,0.0,False
d:\Research\Multi-View Fusion Network\datasets\brisc2025\classification_task\test\no_tumor\brisc2025_test_00582_no_ax_t1.jpg,no_tumor,no_tumor,axial,0.020690834,0.021702638,0.021584855,0.9360216,0.9360216,True,True,1.0,1.0,0.0,0.0,False
d:\Research\Multi-View Fusion Network\datasets\brisc2025\classification_task\test\no_tumor\brisc2025_test_00583_no_ax_t1.jpg,no_tumor,no_tumor,axial,0.021280415,0.022189543,0.022220522,0.9343095,0.9343095,True,True,1.0,1.0,0.0,0.0,False
d:\Research\Multi-View Fusion Network\datasets\brisc2025\classification_task\test\no_tumor\brisc2025_test_00584_no_ax_t1.jpg,no_tumor,no_tumor,axial,0.02113161,0.022216639,0.021938067,0.9347136,0.9347136,True,True,1.0,1.0,0.0,0.0,False
d:\Research\Multi-View Fusion Network\datasets\brisc2025\classification_task\test\no_tumor\brisc2025_test_00585_no_ax_t1.jpg,no_tumor,no_tumor,axial,0.020465823,0.021142993,0.021442087,0.9369491,0.9369491,True,True,1.0,1.0,0.0,0.0,False
d:\Research\Multi-View Fusion Network\datasets\brisc2025\classification_task\test\no_tumor\brisc2025_test_00586_no_ax_t1.jpg,no_tumor,no_tumor,axial,0.021443572,0.02249454,0.022465235,0.9335967,0.9335967,True,True,1.0,1.0,0.0,0.0,False
d:\Research\Multi-View Fusion Network\datasets\brisc2025\classification_task\test\no_tumor\brisc2025_test_00587_no_ax_t1.jpg,no_tumor,no_tumor,axial,0.020537794,0.021183146,0.021610346,0.9366687,0.9366687,True,True,1.0,1.0,0.0,0.0,False
d:\Research\Multi-View Fusion Network\datasets\brisc2025\classification_task\test\no_tumor\brisc2025_test_00588_no_ax_t1.jpg,no_tumor,no_tumor,axial,0.020721724,0.02254781,0.022184487,0.934546,0.934546,True,True,1.0,1.0,0.0,0.0,False
d:\Research\Multi-View Fusion Network\datasets\brisc2025\classification_task\test\no_tumor\brisc2025_test_00589_no_ax_t1.jpg,no_tumor,glioma,axial,0.8452854,0.035354696,0.030654145,0.0887057,0.8452854,False,True,0.5,0.5,0.0,1.0,False
d:\Research\Multi-View Fusion Network\datasets\brisc2025\classification_task\test\no_tumor\brisc2025_test_00590_no_ax_t1.jpg,no_tumor,no_tumor,axial,0.020877555,0.020999989,0.022090472,0.93603206,0.93603206,True,True,1.0,1.0,0.0,0.0,False
d:\Research\Multi-View Fusion Network\datasets\brisc2025\classification_task\test\no_tumor\brisc2025_test_00591_no_ax_t1.jpg,no_tumor,no_tumor,axial,0.021094842,0.021426702,0.022096986,0.93538153,0.93538153,True,True,1.0,1.0,0.0,0.0,False
d:\Research\Multi-View Fusion Network\datasets\brisc2025\classification_task\test\no_tumor\brisc2025_test_00592_no_ax_t1.jpg,no_tumor,no_tumor,axial,0.020884108,0.021779502,0.021700442,0.935636,0.935636,True,True,1.0,1.0,0.0,0.0,False
d:\Research\Multi-View Fusion Network\datasets\brisc2025\classification_task\test\no_tumor\brisc2025_test_00593_no_ax_t1.jpg,no_tumor,no_tumor,axial,0.02047161,0.020783098,0.021568323,0.93717694,0.93717694,True,True,1.0,1.0,0.0,0.0,False
d:\Research\Multi-View Fusion Network\datasets\brisc2025\classification_task\test\no_tumor\brisc2025_test_00594_no_ax_t1.jpg,no_tumor,no_tumor,axial,0.025593614,0.026685702,0.025291057,0.9224296,0.9224296,True,True,1.0,1.0,0.0,0.0,False
d:\Research\Multi-View Fusion Network\datasets\brisc2025\classification_task\test\no_tumor\brisc2025_test_00595_no_ax_t1.jpg,no_tumor,no_tumor,axial,0.020399246,0.021043276,0.022246422,0.9363111,0.9363111,True,True,1.0,1.0,0.0,0.0,False
d:\Research\Multi-View Fusion Network\datasets\brisc2025\classification_task\test\no_tumor\brisc2025_test_00596_no_ax_t1.jpg,no_tumor,no_tumor,axial,0.02073646,0.020912878,0.02152333,0.93682724,0.93682724,True,True,1.0,1.0,0.0,0.0,False
d:\Research\Multi-View Fusion Network\datasets\brisc2025\classification_task\test\no_tumor\brisc2025_test_00597_no_ax_t1.jpg,no_tumor,no_tumor,axial,0.021462746,0.022129739,0.022400111,0.9340074,0.9340074,True,True,1.0,1.0,0.0,0.0,False
d:\Research\Multi-View Fusion Network\datasets\brisc2025\classification_task\test\no_tumor\brisc2025_test_00598_no_ax_t1.jpg,no_tumor,no_tumor,axial,0.020016713,0.020711826,0.021445993,0.9378255,0.9378255,True,True,1.0,1.0,0.0,0.0,False
d:\Research\Multi-View Fusion Network\datasets\brisc2025\classification_task\test\no_tumor\brisc2025_test_00599_no_ax_t1.jpg,no_tumor,no_tumor,axial,0.021089476,0.021767497,0.022358686,0.93478435,0.93478435,True,True,1.0,1.0,0.0,0.0,False
d:\Research\Multi-View Fusion Network\datasets\brisc2025\classification_task\test\no_tumor\brisc2025_test_00600_no_ax_t1.jpg,no_tumor,no_tumor,axial,0.020355528,0.020621303,0.021437153,0.93758607,0.93758607,True,True,1.0,1.0,0.0,0.0,False
d:\Research\Multi-View Fusion Network\datasets\brisc2025\classification_task\test\no_tumor\brisc2025_test_00601_no_ax_t1.jpg,no_tumor,no_tumor,axial,0.02176486,0.021813173,0.022311222,0.93411076,0.93411076,True,True,1.0,1.0,0.0,0.0,False
d:\Research\Multi-View Fusion Network\datasets\brisc2025\classification_task\test\no_tumor\brisc2025_test_00602_no_ax_t1.jpg,no_tumor,no_tumor,axial,0.021435535,0.021056965,0.022651361,0.93485624,0.93485624,True,True,1.0,1.0,0.0,0.0,False
d:\Research\Multi-View Fusion Network\datasets\brisc2025\classification_task\test\no_tumor\brisc2025_test_00603_no_ax_t1.jpg,no_tumor,no_tumor,axial,0.019779056,0.020414324,0.021931184,0.9378754,0.9378754,True,True,1.0,1.0,0.0,0.0,False
d:\Research\Multi-View Fusion Network\datasets\brisc2025\classification_task\test\no_tumor\brisc2025_test_00604_no_ax_t1.jpg,no_tumor,no_tumor,axial,0.022805404,0.02237728,0.022559805,0.93225753,0.93225753,True,True,1.0,1.0,0.0,0.0,False
d:\Research\Multi-View Fusion Network\datasets\brisc2025\classification_task\test\no_tumor\brisc2025_test_00605_no_ax_t1.jpg,no_tumor,no_tumor,axial,0.020844763,0.020720303,0.021426046,0.9370089,0.9370089,True,True,1.0,1.0,0.0,0.0,False
d:\Research\Multi-View Fusion Network\datasets\brisc2025\classification_task\test\no_tumor\brisc2025_test_00606_no_ax_t1.jpg,no_tumor,no_tumor,axial,0.023278562,0.024271853,0.024116283,0.9283334,0.9283334,True,True,1.0,1.0,0.0,0.0,False
d:\Research\Multi-View Fusion Network\datasets\brisc2025\classification_task\test\no_tumor\brisc2025_test_00607_no_ax_t1.jpg,no_tumor,no_tumor,axial,0.020513484,0.021401634,0.021606503,0.9364784,0.9364784,True,True,1.0,1.0,0.0,0.0,False
d:\Research\Multi-View Fusion Network\datasets\brisc2025\classification_task\test\no_tumor\brisc2025_test_00608_no_ax_t1.jpg,no_tumor,no_tumor,axial,0.02101483,0.02172678,0.022200093,0.9350583,0.9350583,True,True,1.0,1.0,0.0,0.0,False
d:\Research\Multi-View Fusion Network\datasets\brisc2025\classification_task\test\no_tumor\brisc2025_test_00609_no_ax_t1.jpg,no_tumor,no_tumor,axial,0.021081269,0.021436334,0.022624394,0.934858,0.934858,True,True,1.0,1.0,0.0,0.0,False
d:\Research\Multi-View Fusion Network\datasets\brisc2025\classification_task\test\no_tumor\brisc2025_test_00610_no_ax_t1.jpg,no_tumor,no_tumor,axial,0.020157602,0.020719983,0.021305036,0.93781734,0.93781734,True,True,1.0,1.0,0.0,0.0,False
d:\Research\Multi-View Fusion Network\datasets\brisc2025\classification_task\test\no_tumor\brisc2025_test_00611_no_ax_t1.jpg,no_tumor,no_tumor,axial,0.021090813,0.021614594,0.022621432,0.9346732,0.9346732,True,True,1.0,1.0,0.0,0.0,False
d:\Research\Multi-View Fusion Network\datasets\brisc2025\classification_task\test\no_tumor\brisc2025_test_00612_no_ax_t1.jpg,no_tumor,no_tumor,axial,0.024722425,0.021575067,0.021950876,0.93175167,0.93175167,True,True,1.0,1.0,0.0,0.0,False
d:\Research\Multi-View Fusion Network\datasets\brisc2025\classification_task\test\no_tumor\brisc2025_test_00613_no_co_t1.jpg,no_tumor,no_tumor,coronal,0.020580044,0.02115251,0.021344395,0.936923,0.936923,True,True,1.0,1.0,0.0,0.0,False
d:\Research\Multi-View Fusion Network\datasets\brisc2025\classification_task\test\no_tumor\brisc2025_test_00614_no_co_t1.jpg,no_tumor,no_tumor,coronal,0.020964256,0.020895569,0.02053353,0.93760663,0.93760663,True,True,1.0,1.0,0.0,0.0,False
d:\Research\Multi-View Fusion Network\datasets\brisc2025\classification_task\test\no_tumor\brisc2025_test_00615_no_co_t1.jpg,no_tumor,no_tumor,coronal,0.02111289,0.02129704,0.021211788,0.93637824,0.93637824,True,True,1.0,1.0,0.0,0.0,False
d:\Research\Multi-View Fusion Network\datasets\brisc2025\classification_task\test\no_tumor\brisc2025_test_00616_no_co_t1.jpg,no_tumor,no_tumor,coronal,0.020491548,0.020638976,0.02109521,0.9377743,0.9377743,True,True,1.0,1.0,0.0,0.0,False
d:\Research\Multi-View Fusion Network\datasets\brisc2025\classification_task\test\no_tumor\brisc2025_test_00617_no_co_t1.jpg,no_tumor,no_tumor,coronal,0.020220859,0.02066423,0.021117922,0.93799704,0.93799704,True,True,1.0,1.0,0.0,0.0,False
d:\Research\Multi-View Fusion Network\datasets\brisc2025\classification_task\test\no_tumor\brisc2025_test_00618_no_co_t1.jpg,no_tumor,no_tumor,coronal,0.020680951,0.021214835,0.021512382,0.9365918,0.9365918,True,True,1.0,1.0,0.0,0.0,False
d:\Research\Multi-View Fusion Network\datasets\brisc2025\classification_task\test\no_tumor\brisc2025_test_00619_no_co_t1.jpg,no_tumor,no_tumor,coronal,0.02115043,0.021860164,0.02163048,0.935359,0.935359,True,True,1.0,1.0,0.0,0.0,False
d:\Research\Multi-View Fusion Network\datasets\brisc2025\classification_task\test\no_tumor\brisc2025_test_00620_no_co_t1.jpg,no_tumor,no_tumor,coronal,0.0199358,0.020776628,0.021010712,0.9382769,0.9382769,True,True,1.0,1.0,0.0,0.0,False
d:\Research\Multi-View Fusion Network\datasets\brisc2025\classification_task\test\no_tumor\brisc2025_test_00621_no_co_t1.jpg,no_tumor,no_tumor,coronal,0.020506367,0.020868186,0.021305837,0.9373197,0.9373197,True,True,1.0,1.0,0.0,0.0,False
d:\Research\Multi-View Fusion Network\datasets\brisc2025\classification_task\test\no_tumor\brisc2025_test_00622_no_co_t1.jpg,no_tumor,no_tumor,coronal,0.020353,0.020641286,0.020982401,0.93802327,0.93802327,True,True,1.0,1.0,0.0,0.0,False
d:\Research\Multi-View Fusion Network\datasets\brisc2025\classification_task\test\no_tumor\brisc2025_test_00623_no_co_t1.jpg,no_tumor,no_tumor,coronal,0.020348998,0.020850135,0.021129608,0.9376712,0.9376712,True,True,1.0,1.0,0.0,0.0,False
d:\Research\Multi-View Fusion Network\datasets\brisc2025\classification_task\test\no_tumor\brisc2025_test_00624_no_co_t1.jpg,no_tumor,no_tumor,coronal,0.019532181,0.020206517,0.020384002,0.9398772,0.9398772,True,True,1.0,1.0,0.0,0.0,False
d:\Research\Multi-View Fusion Network\datasets\brisc2025\classification_task\test\no_tumor\brisc2025_test_00625_no_co_t1.jpg,no_tumor,no_tumor,coronal,0.019445706,0.02056067,0.020756973,0.93923664,0.93923664,True,True,1.0,1.0,0.0,0.0,False
d:\Research\Multi-View Fusion Network\datasets\brisc2025\classification_task\test\no_tumor\brisc2025_test_00626_no_co_t1.jpg,no_tumor,no_tumor,coronal,0.020125054,0.020993376,0.02080544,0.93807614,0.93807614,True,True,1.0,1.0,0.0,0.0,False
d:\Research\Multi-View Fusion Network\datasets\brisc2025\classification_task\test\no_tumor\brisc2025_test_00627_no_co_t1.jpg,no_tumor,no_tumor,coronal,0.01991412,0.020482693,0.020905418,0.9386978,0.9386978,True,True,1.0,1.0,0.0,0.0,False
d:\Research\Multi-View Fusion Network\datasets\brisc2025\classification_task\test\no_tumor\brisc2025_test_00628_no_co_t1.jpg,no_tumor,no_tumor,coronal,0.019453684,0.02043692,0.020675413,0.939434,0.939434,True,True,1.0,1.0,0.0,0.0,False
d:\Research\Multi-View Fusion Network\datasets\brisc2025\classification_task\test\no_tumor\brisc2025_test_00629_no_co_t1.jpg,no_tumor,no_tumor,coronal,0.02002655,0.02079871,0.020870458,0.93830425,0.93830425,True,True,1.0,1.0,0.0,0.0,False
d:\Research\Multi-View Fusion Network\datasets\brisc2025\classification_task\test\no_tumor\brisc2025_test_00630_no_co_t1.jpg,no_tumor,no_tumor,coronal,0.019276233,0.020477818,0.020703198,0.9395428,0.9395428,True,True,1.0,1.0,0.0,0.0,False
d:\Research\Multi-View Fusion Network\datasets\brisc2025\classification_task\test\no_tumor\brisc2025_test_00631_no_co_t1.jpg,no_tumor,no_tumor,coronal,0.01995108,0.021173503,0.020938449,0.93793696,0.93793696,True,True,1.0,1.0,0.0,0.0,False
d:\Research\Multi-View Fusion Network\datasets\brisc2025\classification_task\test\no_tumor\brisc2025_test_00632_no_co_t1.jpg,no_tumor,no_tumor,coronal,0.019528477,0.020440552,0.020683227,0.9393477,0.9393477,True,True,1.0,1.0,0.0,0.0,False
d:\Research\Multi-View Fusion Network\datasets\brisc2025\classification_task\test\no_tumor\brisc2025_test_00633_no_co_t1.jpg,no_tumor,no_tumor,coronal,0.01938383,0.020185128,0.020371933,0.9400591,0.9400591,True,True,1.0,1.0,0.0,0.0,False
d:\Research\Multi-View Fusion Network\datasets\brisc2025\classification_task\test\no_tumor\brisc2025_test_00634_no_co_t1.jpg,no_tumor,no_tumor,coronal,0.019360185,0.020326229,0.020269124,0.94004446,0.94004446,True,True,1.0,1.0,0.0,0.0,False
d:\Research\Multi-View Fusion Network\datasets\brisc2025\classification_task\test\no_tumor\brisc2025_test_00635_no_co_t1.jpg,no_tumor,no_tumor,coronal,0.020250563,0.02070545,0.020940524,0.93810344,0.93810344,True,True,1.0,1.0,0.0,0.0,False
d:\Research\Multi-View Fusion Network\datasets\brisc2025\classification_task\test\no_tumor\brisc2025_test_00636_no_co_t1.jpg,no_tumor,no_tumor,coronal,0.020421736,0.0206448,0.02093273,0.93800074,0.93800074,True,True,1.0,1.0,0.0,0.0,False
d:\Research\Multi-View Fusion Network\datasets\brisc2025\classification_task\test\no_tumor\brisc2025_test_00637_no_co_t1.jpg,no_tumor,no_tumor,coronal,0.019887641,0.020535713,0.02090483,0.9386718,0.9386718,True,True,1.0,1.0,0.0,0.0,False
d:\Research\Multi-View Fusion Network\datasets\brisc2025\classification_task\test\no_tumor\brisc2025_test_00638_no_co_t1.jpg,no_tumor,no_tumor,coronal,0.019479765,0.020167446,0.020516554,0.93983626,0.93983626,True,True,1.0,1.0,0.0,0.0,False
d:\Research\Multi-View Fusion Network\datasets\brisc2025\classification_task\test\no_tumor\brisc2025_test_00639_no_co_t1.jpg,no_tumor,no_tumor,coronal,0.02054993,0.02116395,0.0210735,0.93721265,0.93721265,True,True,1.0,1.0,0.0,0.0,False
d:\Research\Multi-View Fusion Network\datasets\brisc2025\classification_task\test\no_tumor\brisc2025_test_00640_no_co_t1.jpg,no_tumor,no_tumor,coronal,0.019594915,0.02039379,0.020569654,0.9394416,0.9394416,True,True,1.0,1.0,0.0,0.0,False
d:\Research\Multi-View Fusion Network\datasets\brisc2025\classification_task\test\no_tumor\brisc2025_test_00641_no_co_t1.jpg,no_tumor,no_tumor,coronal,0.01950338,0.02022303,0.02062166,0.9396519,0.9396519,True,True,1.0,1.0,0.0,0.0,False
d:\Research\Multi-View Fusion Network\datasets\brisc2025\classification_task\test\no_tumor\brisc2025_test_00642_no_co_t1.jpg,no_tumor,no_tumor,coronal,0.020209618,0.020732993,0.020917162,0.9381402,0.9381402,True,True,1.0,1.0,0.0,0.0,False
d:\Research\Multi-View Fusion Network\datasets\brisc2025\classification_task\test\no_tumor\brisc2025_test_00643_no_co_t1.jpg,no_tumor,no_tumor,coronal,0.019378124,0.020258581,0.020636493,0.9397268,0.9397268,True,True,1.0,1.0,0.0,0.0,False
d:\Research\Multi-View Fusion Network\datasets\brisc2025\classification_task\test\no_tumor\brisc2025_test_00644_no_co_t1.jpg,no_tumor,no_tumor,coronal,0.019769879,0.020430284,0.020476824,0.93932307,0.93932307,True,True,1.0,1.0,0.0,0.0,False
d:\Research\Multi-View Fusion Network\datasets\brisc2025\classification_task\test\no_tumor\brisc2025_test_00645_no_co_t1.jpg,no_tumor,no_tumor,coronal,0.019617204,0.020468226,0.020631913,0.9392827,0.9392827,True,True,1.0,1.0,0.0,0.0,False
d:\Research\Multi-View Fusion Network\datasets\brisc2025\classification_task\test\no_tumor\brisc2025_test_00646_no_co_t1.jpg,no_tumor,no_tumor,coronal,0.020774575,0.02112693,0.020997122,0.93710136,0.93710136,True,True,1.0,1.0,0.0,0.0,False
d:\Research\Multi-View Fusion Network\datasets\brisc2025\classification_task\test\no_tumor\brisc2025_test_00647_no_co_t1.jpg,no_tumor,no_tumor,coronal,0.019518074,0.020395728,0.02043834,0.9396478,0.9396478,True,True,1.0,1.0,0.0,0.0,False
d:\Research\Multi-View Fusion Network\datasets\brisc2025\classification_task\test\no_tumor\brisc2025_test_00648_no_co_t1.jpg,no_tumor,no_tumor,coronal,0.02078902,0.021510808,0.021226676,0.93647355,0.93647355,True,True,1.0,1.0,0.0,0.0,False
d:\Research\Multi-View Fusion Network\datasets\brisc2025\classification_task\test\no_tumor\brisc2025_test_00649_no_co_t1.jpg,no_tumor,no_tumor,coronal,0.019395873,0.020346474,0.02048195,0.9397757,0.9397757,True,True,1.0,1.0,0.0,0.0,False
d:\Research\Multi-View Fusion Network\datasets\brisc2025\classification_task\test\no_tumor\brisc2025_test_00650_no_co_t1.jpg,no_tumor,no_tumor,coronal,0.021181716,0.021403072,0.02122303,0.9361922,0.9361922,True,True,1.0,1.0,0.0,0.0,False
d:\Research\Multi-View Fusion Network\datasets\brisc2025\classification_task\test\no_tumor\brisc2025_test_00651_no_co_t1.jpg,no_tumor,no_tumor,coronal,0.02000551,0.02094043,0.020876339,0.9381778,0.9381778,True,True,1.0,1.0,0.0,0.0,False
d:\Research\Multi-View Fusion Network\datasets\brisc2025\classification_task\test\no_tumor\brisc2025_test_00652_no_co_t1.jpg,no_tumor,no_tumor,coronal,0.01984818,0.020727905,0.020607391,0.9388165,0.9388165,True,True,1.0,1.0,0.0,0.0,False
d:\Research\Multi-View Fusion Network\datasets\brisc2025\classification_task\test\no_tumor\brisc2025_test_00653_no_co_t1.jpg,no_tumor,no_tumor,coronal,0.019849816,0.020690573,0.02061848,0.9388411,0.9388411,True,True,1.0,1.0,0.0,0.0,False
d:\Research\Multi-View Fusion Network\datasets\brisc2025\classification_task\test\no_tumor\brisc2025_test_00654_no_co_t1.jpg,no_tumor,no_tumor,coronal,0.019915195,0.020870594,0.020905923,0.93830836,0.93830836,True,True,1.0,1.0,0.0,0.0,False
d:\Research\Multi-View Fusion Network\datasets\brisc2025\classification_task\test\no_tumor\brisc2025_test_00655_no_co_t1.jpg,no_tumor,no_tumor,coronal,0.021105533,0.021522095,0.021482026,0.9358904,0.9358904,True,True,1.0,1.0,0.0,0.0,False
d:\Research\Multi-View Fusion Network\datasets\brisc2025\classification_task\test\no_tumor\brisc2025_test_00656_no_co_t1.jpg,no_tumor,no_tumor,coronal,0.021282917,0.021454945,0.021195313,0.93606675,0.93606675,True,True,1.0,1.0,0.0,0.0,False
d:\Research\Multi-View Fusion Network\datasets\brisc2025\classification_task\test\no_tumor\brisc2025_test_00657_no_co_t1.jpg,no_tumor,no_tumor,coronal,0.020747064,0.021620551,0.021315582,0.9363168,0.9363168,True,True,1.0,1.0,0.0,0.0,False
d:\Research\Multi-View Fusion Network\datasets\brisc2025\classification_task\test\no_tumor\brisc2025_test_00658_no_co_t1.jpg,no_tumor,no_tumor,coronal,0.020769851,0.020871874,0.020680327,0.937678,0.937678,True,True,1.0,1.0,0.0,0.0,False
d:\Research\Multi-View Fusion Network\datasets\brisc2025\classification_task\test\no_tumor\brisc2025_test_00659_no_co_t1.jpg,no_tumor,no_tumor,coronal,0.021461872,0.02163477,0.021377549,0.9355259,0.9355259,True,True,1.0,1.0,0.0,0.0,False
d:\Research\Multi-View Fusion Network\datasets\brisc2025\classification_task\test\no_tumor\brisc2025_test_00660_no_co_t1.jpg,no_tumor,no_tumor,coronal,0.021461872,0.02163477,0.021377549,0.9355259,0.9355259,True,True,1.0,1.0,0.0,0.0,False
d:\Research\Multi-View Fusion Network\datasets\brisc2025\classification_task\test\no_tumor\brisc2025_test_00661_no_sa_t1.jpg,no_tumor,no_tumor,sagittal,0.020058667,0.020672075,0.02056311,0.9387061,0.9387061,True,True,1.0,1.0,0.0,0.0,False
d:\Research\Multi-View Fusion Network\datasets\brisc2025\classification_task\test\no_tumor\brisc2025_test_00662_no_sa_t1.jpg,no_tumor,no_tumor,sagittal,0.020792909,0.021423904,0.021374043,0.9364092,0.9364092,True,True,1.0,1.0,0.0,0.0,False
d:\Research\Multi-View Fusion Network\datasets\brisc2025\classification_task\test\no_tumor\brisc2025_test_00663_no_sa_t1.jpg,no_tumor,no_tumor,sagittal,0.020365639,0.021361185,0.02110682,0.9371664,0.9371664,True,True,1.0,1.0,0.0,0.0,False
d:\Research\Multi-View Fusion Network\datasets\brisc2025\classification_task\test\no_tumor\brisc2025_test_00664_no_sa_t1.jpg,no_tumor,no_tumor,sagittal,0.020030234,0.020436654,0.020875866,0.9386572,0.9386572,True,True,1.0,1.0,0.0,0.0,False
d:\Research\Multi-View Fusion Network\datasets\brisc2025\classification_task\test\no_tumor\brisc2025_test_00665_no_sa_t1.jpg,no_tumor,no_tumor,sagittal,0.02019841,0.020442832,0.020735433,0.9386234,0.9386234,True,True,1.0,1.0,0.0,0.0,False
d:\Research\Multi-View Fusion Network\datasets\brisc2025\classification_task\test\no_tumor\brisc2025_test_00666_no_sa_t1.jpg,no_tumor,no_tumor,sagittal,0.019733202,0.020035056,0.020658992,0.93957275,0.93957275,True,True,1.0,1.0,0.0,0.0,False
d:\Research\Multi-View Fusion Network\datasets\brisc2025\classification_task\test\no_tumor\brisc2025_test_00667_no_sa_t1.jpg,no_tumor,no_tumor,sagittal,0.019800106,0.020200681,0.02070431,0.93929493,0.93929493,True,True,1.0,1.0,0.0,0.0,False
d:\Research\Multi-View Fusion Network\datasets\brisc2025\classification_task\test\no_tumor\brisc2025_test_00668_no_sa_t1.jpg,no_tumor,no_tumor,sagittal,0.020371294,0.020760404,0.021331,0.93753725,0.93753725,True,True,1.0,1.0,0.0,0.0,False
d:\Research\Multi-View Fusion Network\datasets\brisc2025\classification_task\test\no_tumor\brisc2025_test_00669_no_sa_t1.jpg,no_tumor,no_tumor,sagittal,0.02028527,0.020664247,0.021323677,0.93772686,0.93772686,True,True,1.0,1.0,0.0,0.0,False
d:\Research\Multi-View Fusion Network\datasets\brisc2025\classification_task\test\no_tumor\brisc2025_test_00670_no_sa_t1.jpg,no_tumor,no_tumor,sagittal,0.020306828,0.020606268,0.021167258,0.9379197,0.9379197,True,True,1.0,1.0,0.0,0.0,False
d:\Research\Multi-View Fusion Network\datasets\brisc2025\classification_task\test\no_tumor\brisc2025_test_00671_no_sa_t1.jpg,no_tumor,no_tumor,sagittal,0.020644147,0.020540206,0.021712303,0.93710333,0.93710333,True,True,1.0,1.0,0.0,0.0,False
d:\Research\Multi-View Fusion Network\datasets\brisc2025\classification_task\test\no_tumor\brisc2025_test_00672_no_sa_t1.jpg,no_tumor,no_tumor,sagittal,0.020490164,0.020759968,0.021488298,0.93726164,0.93726164,True,True,1.0,1.0,0.0,0.0,False
d:\Research\Multi-View Fusion Network\datasets\brisc2025\classification_task\test\no_tumor\brisc2025_test_00673_no_sa_t1.jpg,no_tumor,no_tumor,sagittal,0.020552855,0.020453632,0.021955365,0.9370381,0.9370381,True,True,1.0,1.0,0.0,0.0,False
d:\Research\Multi-View Fusion Network\datasets\brisc2025\classification_task\test\no_tumor\brisc2025_test_00674_no_sa_t1.jpg,no_tumor,no_tumor,sagittal,0.019637238,0.020125661,0.020901341,0.9393358,0.9393358,True,True,1.0,1.0,0.0,0.0,False
d:\Research\Multi-View Fusion Network\datasets\brisc2025\classification_task\test\no_tumor\brisc2025_test_00675_no_sa_t1.jpg,no_tumor,no_tumor,sagittal,0.01943022,0.020160437,0.021093883,0.93931544,0.93931544,True,True,1.0,1.0,0.0,0.0,False
d:\Research\Multi-View Fusion Network\datasets\brisc2025\classification_task\test\no_tumor\brisc2025_test_00676_no_sa_t1.jpg,no_tumor,no_tumor,sagittal,0.020191252,0.020605378,0.021507071,0.93769634,0.93769634,True,True,1.0,1.0,0.0,0.0,False
d:\Research\Multi-View Fusion Network\datasets\brisc2025\classification_task\test\no_tumor\brisc2025_test_00677_no_sa_t1.jpg,no_tumor,no_tumor,sagittal,0.02003548,0.020401008,0.02104003,0.9385235,0.9385235,True,True,1.0,1.0,0.0,0.0,False
d:\Research\Multi-View Fusion Network\datasets\brisc2025\classification_task\test\no_tumor\brisc2025_test_00678_no_sa_t1.jpg,no_tumor,no_tumor,sagittal,0.020200076,0.020369949,0.021223707,0.93820626,0.93820626,True,True,1.0,1.0,0.0,0.0,False
d:\Research\Multi-View Fusion Network\datasets\brisc2025\classification_task\test\no_tumor\brisc2025_test_00679_no_sa_t1.jpg,no_tumor,no_tumor,sagittal,0.0200711,0.020491263,0.021158444,0.9382793,0.9382793,True,True,1.0,1.0,0.0,0.0,False
d:\Research\Multi-View Fusion Network\datasets\brisc2025\classification_task\test\no_tumor\brisc2025_test_00680_no_sa_t1.jpg,no_tumor,no_tumor,sagittal,0.020641461,0.020929055,0.021579575,0.93684983,0.93684983,True,True,1.0,1.0,0.0,0.0,False
d:\Research\Multi-View Fusion Network\datasets\brisc2025\classification_task\test\no_tumor\brisc2025_test_00681_no_sa_t1.jpg,no_tumor,no_tumor,sagittal,0.020497693,0.020750016,0.02178984,0.9369625,0.9369625,True,True,1.0,1.0,0.0,0.0,False
d:\Research\Multi-View Fusion Network\datasets\brisc2025\classification_task\test\no_tumor\brisc2025_test_00682_no_sa_t1.jpg,no_tumor,no_tumor,sagittal,0.020354532,0.020695427,0.02181099,0.93713903,0.93713903,True,True,1.0,1.0,0.0,0.0,False
d:\Research\Multi-View Fusion Network\datasets\brisc2025\classification_task\test\no_tumor\brisc2025_test_00683_no_sa_t1.jpg,no_tumor,no_tumor,sagittal,0.02088986,0.020463208,0.021247044,0.9373999,0.9373999,True,True,1.0,1.0,0.0,0.0,False
d:\Research\Multi-View Fusion Network\datasets\brisc2025\classification_task\test\no_tumor\brisc2025_test_00684_no_sa_t1.jpg,no_tumor,no_tumor,sagittal,0.020316277,0.020576706,0.021478843,0.9376282,0.9376282,True,True,1.0,1.0,0.0,0.0,False
d:\Research\Multi-View Fusion Network\datasets\brisc2025\classification_task\test\no_tumor\brisc2025_test_00685_no_sa_t1.jpg,no_tumor,no_tumor,sagittal,0.020281918,0.020531941,0.02136624,0.93781996,0.93781996,True,True,1.0,1.0,0.0,0.0,False
d:\Research\Multi-View Fusion Network\datasets\brisc2025\classification_task\test\no_tumor\brisc2025_test_00686_no_sa_t1.jpg,no_tumor,no_tumor,sagittal,0.02016616,0.02075138,0.021522868,0.93755966,0.93755966,True,True,1.0,1.0,0.0,0.0,False
d:\Research\Multi-View Fusion Network\datasets\brisc2025\classification_task\test\no_tumor\brisc2025_test_00687_no_sa_t1.jpg,no_tumor,no_tumor,sagittal,0.020214306,0.020413369,0.02157884,0.93779343,0.93779343,True,True,1.0,1.0,0.0,0.0,False
d:\Research\Multi-View Fusion Network\datasets\brisc2025\classification_task\test\no_tumor\brisc2025_test_00688_no_sa_t1.jpg,no_tumor,no_tumor,sagittal,0.020444823,0.020618934,0.021424958,0.93751127,0.93751127,True,True,1.0,1.0,0.0,0.0,False
d:\Research\Multi-View Fusion Network\datasets\brisc2025\classification_task\test\no_tumor\brisc2025_test_00689_no_sa_t1.jpg,no_tumor,no_tumor,sagittal,0.02057656,0.020733578,0.021754796,0.936935,0.936935,True,True,1.0,1.0,0.0,0.0,False
d:\Research\Multi-View Fusion Network\datasets\brisc2025\classification_task\test\no_tumor\brisc2025_test_00690_no_sa_t1.jpg,no_tumor,no_tumor,sagittal,0.02012611,0.020185769,0.021427052,0.93826103,0.93826103,True,True,1.0,1.0,0.0,0.0,False
d:\Research\Multi-View Fusion Network\datasets\brisc2025\classification_task\test\no_tumor\brisc2025_test_00691_no_sa_t1.jpg,no_tumor,no_tumor,sagittal,0.02015764,0.020644411,0.020936029,0.938262,0.938262,True,True,1.0,1.0,0.0,0.0,False
d:\Research\Multi-View Fusion Network\datasets\brisc2025\classification_task\test\no_tumor\brisc2025_test_00692_no_sa_t1.jpg,no_tumor,no_tumor,sagittal,0.020574238,0.020859404,0.021215418,0.937351,0.937351,True,True,1.0,1.0,0.0,0.0,False
d:\Research\Multi-View Fusion Network\datasets\brisc2025\classification_task\test\no_tumor\brisc2025_test_00693_no_sa_t1.jpg,no_tumor,no_tumor,sagittal,0.020207386,0.020140316,0.020679843,0.9389725,0.9389725,True,True,1.0,1.0,0.0,0.0,False
d:\Research\Multi-View Fusion Network\datasets\brisc2025\classification_task\test\no_tumor\brisc2025_test_00694_no_sa_t1.jpg,no_tumor,no_tumor,sagittal,0.019984141,0.02039544,0.020890927,0.9387295,0.9387295,True,True,1.0,1.0,0.0,0.0,False
d:\Research\Multi-View Fusion Network\datasets\brisc2025\classification_task\test\no_tumor\brisc2025_test_00695_no_sa_t1.jpg,no_tumor,no_tumor,sagittal,0.020969395,0.020859534,0.021369888,0.9368012,0.9368012,True,True,1.0,1.0,0.0,0.0,False
d:\Research\Multi-View Fusion Network\datasets\brisc2025\classification_task\test\no_tumor\brisc2025_test_00696_no_sa_t1.jpg,no_tumor,no_tumor,sagittal,0.020666959,0.020536918,0.021465695,0.9373305,0.9373305,True,True,1.0,1.0,0.0,0.0,False
d:\Research\Multi-View Fusion Network\datasets\brisc2025\classification_task\test\no_tumor\brisc2025_test_00697_no_sa_t1.jpg,no_tumor,no_tumor,sagittal,0.020590538,0.02055705,0.021258982,0.9375934,0.9375934,True,True,1.0,1.0,0.0,0.0,False
d:\Research\Multi-View Fusion Network\datasets\brisc2025\classification_task\test\no_tumor\brisc2025_test_00698_no_sa_t1.jpg,no_tumor,no_tumor,sagittal,0.01987898,0.020223675,0.020680588,0.9392167,0.9392167,True,True,1.0,1.0,0.0,0.0,False
d:\Research\Multi-View Fusion Network\datasets\brisc2025\classification_task\test\no_tumor\brisc2025_test_00699_no_sa_t1.jpg,no_tumor,no_tumor,sagittal,0.0203192,0.020622745,0.020760324,0.93829775,0.93829775,True,True,1.0,1.0,0.0,0.0,False
d:\Research\Multi-View Fusion Network\datasets\brisc2025\classification_task\test\no_tumor\brisc2025_test_00700_no_sa_t1.jpg,no_tumor,no_tumor,sagittal,0.020152967,0.020772431,0.020742498,0.9383321,0.9383321,True,True,1.0,1.0,0.0,0.0,False
d:\Research\Multi-View Fusion Network\datasets\brisc2025\classification_task\test\pituitary\brisc2025_test_00701_pi_ax_t1.jpg,pituitary,pituitary,axial,0.028024796,0.028220393,0.9154421,0.028312625,0.9154421,True,True,0.9070122,0.83008355,344.0,311.0,False
d:\Research\Multi-View Fusion Network\datasets\brisc2025\classification_task\test\pituitary\brisc2025_test_00702_pi_ax_t1.jpg,pituitary,pituitary,axial,0.028439708,0.029951755,0.9139123,0.027696276,0.9139123,True,True,0.95579267,0.9154519,323.0,332.0,False
d:\Research\Multi-View Fusion Network\datasets\brisc2025\classification_task\test\pituitary\brisc2025_test_00703_pi_ax_t1.jpg,pituitary,pituitary,axial,0.0285187,0.031188156,0.91213506,0.02815813,0.91213506,True,True,0.91366905,0.84210527,67.0,71.0,False
d:\Research\Multi-View Fusion Network\datasets\brisc2025\classification_task\test\pituitary\brisc2025_test_00704_pi_ax_t1.jpg,pituitary,pituitary,axial,0.02756688,0.02891343,0.9161896,0.027330099,0.9161896,True,True,0.8666667,0.7650794,283.0,271.0,False
d:\Research\Multi-View Fusion Network\datasets\brisc2025\classification_task\test\pituitary\brisc2025_test_00705_pi_ax_t1.jpg,pituitary,pituitary,axial,0.027941046,0.02948036,0.91511035,0.027468262,0.91511035,True,True,0.7706271,0.62734586,248.0,357.0,False
d:\Research\Multi-View Fusion Network\datasets\brisc2025\classification_task\test\pituitary\brisc2025_test_00706_pi_ax_t1.jpg,pituitary,pituitary,axial,0.02720934,0.026892576,0.9186199,0.027278164,0.9186199,True,True,0.8834587,0.7919463,131.0,134.0,False
d:\Research\Multi-View Fusion Network\datasets\brisc2025\classification_task\test\pituitary\brisc2025_test_00707_pi_ax_t1.jpg,pituitary,pituitary,axial,0.026851617,0.027729414,0.9179895,0.027429452,0.9179895,True,True,0.835175,0.7172196,483.0,602.0,False
d:\Research\Multi-View Fusion Network\datasets\brisc2025\classification_task\test\pituitary\brisc2025_test_00708_pi_ax_t1.jpg,pituitary,pituitary,axial,0.027960876,0.028847398,0.91551596,0.02767587,0.91551596,True,True,0.9476268,0.9006211,303.0,307.0,False
d:\Research\Multi-View Fusion Network\datasets\brisc2025\classification_task\test\pituitary\brisc2025_test_00709_pi_ax_t1.jpg,pituitary,pituitary,axial,0.028327797,0.030983333,0.913168,0.027520798,0.913168,True,True,0.9580786,0.919598,569.0,575.0,False
d:\Research\Multi-View Fusion Network\datasets\brisc2025\classification_task\test\pituitary\brisc2025_test_00710_pi_ax_t1.jpg,pituitary,pituitary,axial,0.027685715,0.028935537,0.91588616,0.027492516,0.91588616,True,True,0.822479,0.6987522,400.0,551.0,False
d:\Research\Multi-View Fusion Network\datasets\brisc2025\classification_task\test\pituitary\brisc2025_test_00711_pi_ax_t1.jpg,pituitary,pituitary,axial,0.027953481,0.03075032,0.91400486,0.027291294,0.91400486,True,True,0.915625,0.8448276,156.0,163.0,False
d:\Research\Multi-View Fusion Network\datasets\brisc2025\classification_task\test\pituitary\brisc2025_test_00712_pi_ax_t1.jpg,pituitary,pituitary,axial,0.02774033,0.029430654,0.9159012,0.026927786,0.9159012,True,True,0.7265745,0.5710843,236.0,414.0,False
d:\Research\Multi-View Fusion Network\datasets\brisc2025\classification_task\test\pituitary\brisc2025_test_00713_pi_ax_t1.jpg,pituitary,pituitary,axial,0.027198277,0.02738583,0.9177721,0.027643751,0.9177721,True,True,0.8189964,0.6939394,230.0,327.0,False
d:\Research\Multi-View Fusion Network\datasets\brisc2025\classification_task\test\pituitary\brisc2025_test_00714_pi_ax_t1.jpg,pituitary,pituitary,axial,0.027444592,0.028520934,0.9167623,0.027272115,0.9167623,True,True,0.9548287,0.91369045,313.0,328.0,False
d:\Research\Multi-View Fusion Network\datasets\brisc2025\classification_task\test\pituitary\brisc2025_test_00715_pi_ax_t1.jpg,pituitary,pituitary,axial,0.026956977,0.027259728,0.91831374,0.027469605,0.91831374,True,True,0.938343,0.884058,249.0,269.0,False
d:\Research\Multi-View Fusion Network\datasets\brisc2025\classification_task\test\pituitary\brisc2025_test_00716_pi_ax_t1.jpg,pituitary,pituitary,axial,0.026878988,0.027912406,0.9178374,0.02737124,0.9178374,True,True,0.597973,0.4278846,88.0,207.0,False
d:\Research\Multi-View Fusion Network\datasets\brisc2025\classification_task\test\pituitary\brisc2025_test_00717_pi_ax_t1.jpg,pituitary,pituitary,axial,0.028042624,0.026850786,0.9165275,0.028579105,0.9165275,True,True,0.9096074,0.8342803,890.0,1045.0,False
d:\Research\Multi-View Fusion Network\datasets\brisc2025\classification_task\test\pituitary\brisc2025_test_00718_pi_ax_t1.jpg,pituitary,pituitary,axial,0.027812164,0.027865263,0.9160063,0.028316298,0.9160063,True,True,0.9789357,0.95875543,1371.0,1334.0,False
d:\Research\Multi-View Fusion Network\datasets\brisc2025\classification_task\test\pituitary\brisc2025_test_00719_pi_ax_t1.jpg,pituitary,pituitary,axial,0.027341334,0.028580114,0.91631716,0.027761385,0.91631716,True,True,0.881323,0.787949,680.0,861.0,False
d:\Research\Multi-View Fusion Network\datasets\brisc2025\classification_task\test\pituitary\brisc2025_test_00720_pi_ax_t1.jpg,pituitary,pituitary,axial,0.02767626,0.028170777,0.9169276,0.027225478,0.9169276,True,True,0.9456522,0.89705884,327.0,316.0,False
d:\Research\Multi-View Fusion Network\datasets\brisc2025\classification_task\test\pituitary\brisc2025_test_00721_pi_ax_t1.jpg,pituitary,pituitary,axial,0.027822215,0.029680932,0.9151566,0.027340237,0.9151566,True,True,0.8923395,0.80597013,221.0,261.0,False
d:\Research\Multi-View Fusion Network\datasets\brisc2025\classification_task\test\pituitary\brisc2025_test_00722_pi_ax_t1.jpg,pituitary,pituitary,axial,0.027251534,0.027170738,0.91866356,0.026914256,0.91866356,True,True,0.75927603,0.6122449,519.0,585.0,False
d:\Research\Multi-View Fusion Network\datasets\brisc2025\classification_task\test\pituitary\brisc2025_test_00723_pi_ax_t1.jpg,pituitary,pituitary,axial,0.02752822,0.028256455,0.91726184,0.026953518,0.91726184,True,True,0.5877193,0.41687346,168.0,401.0,False
d:\Research\Multi-View Fusion Network\datasets\brisc2025\classification_task\test\pituitary\brisc2025_test_00724_pi_ax_t1.jpg,pituitary,pituitary,axial,0.027611304,0.028910503,0.9160562,0.027422002,0.9160562,True,True,0.8933162,0.8074246,383.0,394.0,False
d:\Research\Multi-View Fusion Network\datasets\brisc2025\classification_task\test\pituitary\brisc2025_test_00725_pi_ax_t1.jpg,pituitary,meningioma,axial,0.036620732,0.76560104,0.16338275,0.034395404,0.76560104,False,True,0.92096776,0.85373133,314.0,305.0,False
d:\Research\Multi-View Fusion Network\datasets\brisc2025\classification_task\test\pituitary\brisc2025_test_00726_pi_ax_t1.jpg,pituitary,pituitary,axial,0.02724065,0.02729234,0.91742224,0.028044738,0.91742224,True,True,0.92028135,0.8524946,430.0,422.0,False
d:\Research\Multi-View Fusion Network\datasets\brisc2025\classification_task\test\pituitary\brisc2025_test_00727_pi_ax_t1.jpg,pituitary,pituitary,axial,0.028584149,0.028985517,0.91410875,0.02832159,0.91410875,True,True,0.92535543,0.8612335,421.0,422.0,False
d:\Research\Multi-View Fusion Network\datasets\brisc2025\classification_task\test\pituitary\brisc2025_test_00728_pi_ax_t1.jpg,pituitary,pituitary,axial,0.02749544,0.028525777,0.9164201,0.027558722,0.9164201,True,True,0.91483516,0.84343433,173.0,190.0,False
d:\Research\Multi-View Fusion Network\datasets\brisc2025\classification_task\test\pituitary\brisc2025_test_00729_pi_ax_t1.jpg,pituitary,pituitary,axial,0.027994517,0.029409014,0.915344,0.027252486,0.915344,True,True,0.916849,0.8467742,227.0,229.0,False
d:\Research\Multi-View Fusion Network\datasets\brisc2025\classification_task\test\pituitary\brisc2025_test_00730_pi_ax_t1.jpg,pituitary,pituitary,axial,0.027084962,0.02817723,0.9175752,0.02716264,0.9175752,True,True,0.8109756,0.6825939,246.0,245.0,False
d:\Research\Multi-View Fusion Network\datasets\brisc2025\classification_task\test\pituitary\brisc2025_test_00731_pi_ax_t1.jpg,pituitary,pituitary,axial,0.027753374,0.029142113,0.91551864,0.027585959,0.91551864,True,True,0.6679637,0.5019455,257.0,513.0,False
d:\Research\Multi-View Fusion Network\datasets\brisc2025\classification_task\test\pituitary\brisc2025_test_00732_pi_ax_t1.jpg,pituitary,pituitary,axial,0.027603766,0.028384596,0.91647184,0.027539732,0.91647184,True,True,0.940552,0.888,225.0,245.0,False
d:\Research\Multi-View Fusion Network\datasets\brisc2025\classification_task\test\pituitary\brisc2025_test_00733_pi_ax_t1.jpg,pituitary,pituitary,axial,0.027680717,0.028865883,0.9155228,0.02793063,0.9155228,True,True,0.9494382,0.9039146,266.0,267.0,False
d:\Research\Multi-View Fusion Network\datasets\brisc2025\classification_task\test\pituitary\brisc2025_test_00734_pi_ax_t1.jpg,pituitary,pituitary,axial,0.027305562,0.028633503,0.91674095,0.0273199,0.91674095,True,True,0.94192106,0.8902954,689.0,653.0,False
d:\Research\Multi-View Fusion Network\datasets\brisc2025\classification_task\test\pituitary\brisc2025_test_00735_pi_ax_t1.jpg,pituitary,pituitary,axial,0.02779562,0.028452873,0.91591656,0.027834872,0.91591656,True,True,0.92570126,0.8617771,683.0,635.0,False
d:\Research\Multi-View Fusion Network\datasets\brisc2025\classification_task\test\pituitary\brisc2025_test_00736_pi_ax_t1.jpg,pituitary,pituitary,axial,0.028787043,0.0288117,0.91344327,0.028957998,0.91344327,True,True,0.955626,0.91515154,306.0,324.0,False
d:\Research\Multi-View Fusion Network\datasets\brisc2025\classification_task\test\pituitary\brisc2025_test_00737_pi_ax_t1.jpg,pituitary,pituitary,axial,0.02688233,0.026913138,0.91902566,0.02717896,0.91902566,True,True,0.88522726,0.79429734,444.0,435.0,False
d:\Research\Multi-View Fusion Network\datasets\brisc2025\classification_task\test\pituitary\brisc2025_test_00738_pi_ax_t1.jpg,pituitary,pituitary,axial,0.027580094,0.028338393,0.91653174,0.02754987,0.91653174,True,True,0.9352201,0.8783943,770.0,819.0,False
d:\Research\Multi-View Fusion Network\datasets\brisc2025\classification_task\test\pituitary\brisc2025_test_00739_pi_ax_t1.jpg,pituitary,pituitary,axial,0.12525307,0.047798432,0.780411,0.04653755,0.780411,True,True,0.6151484,0.44460857,338.0,638.0,False
d:\Research\Multi-View Fusion Network\datasets\brisc2025\classification_task\test\pituitary\brisc2025_test_00740_pi_ax_t1.jpg,pituitary,pituitary,axial,0.027022189,0.0279816,0.9181241,0.02687213,0.9181241,True,True,0.93941605,0.8858322,678.0,691.0,False
d:\Research\Multi-View Fusion Network\datasets\brisc2025\classification_task\test\pituitary\brisc2025_test_00741_pi_ax_t1.jpg,pituitary,pituitary,axial,0.027123645,0.028009603,0.91724646,0.027620248,0.91724646,True,True,0.74422187,0.59313726,248.0,400.0,False
d:\Research\Multi-View Fusion Network\datasets\brisc2025\classification_task\test\pituitary\brisc2025_test_00742_pi_ax_t1.jpg,pituitary,pituitary,axial,0.02774508,0.02840386,0.91617936,0.02767169,0.91617936,True,True,0.9395425,0.8861538,313.0,298.0,False
d:\Research\Multi-View Fusion Network\datasets\brisc2025\classification_task\test\pituitary\brisc2025_test_00743_pi_ax_t1.jpg,pituitary,pituitary,axial,0.027946694,0.028780725,0.915421,0.02785154,0.915421,True,True,0.9590444,0.92136306,712.0,752.0,False
d:\Research\Multi-View Fusion Network\datasets\brisc2025\classification_task\test\pituitary\brisc2025_test_00744_pi_ax_t1.jpg,pituitary,pituitary,axial,0.0273722,0.02712545,0.9178193,0.02768308,0.9178193,True,True,0.8502463,0.739726,438.0,576.0,False
d:\Research\Multi-View Fusion Network\datasets\brisc2025\classification_task\test\pituitary\brisc2025_test_00745_pi_ax_t1.jpg,pituitary,pituitary,axial,0.026967492,0.027772367,0.918444,0.026816137,0.918444,True,True,0.96056783,0.92424244,313.0,320.0,False
d:\Research\Multi-View Fusion Network\datasets\brisc2025\classification_task\test\pituitary\brisc2025_test_00746_pi_ax_t1.jpg,pituitary,pituitary,axial,0.027937545,0.029151184,0.9148941,0.028017158,0.9148941,True,True,0.8745562,0.7773109,406.0,438.0,False
d:\Research\Multi-View Fusion Network\datasets\brisc2025\classification_task\test\pituitary\brisc2025_test_00747_pi_ax_t1.jpg,pituitary,pituitary,axial,0.027024003,0.028472017,0.9172642,0.027239803,0.9172642,True,True,0.47145876,0.30939227,111.0,361.0,False
d:\Research\Multi-View Fusion Network\datasets\brisc2025\classification_task\test\pituitary\brisc2025_test_00748_pi_ax_t1.jpg,pituitary,pituitary,axial,0.027611613,0.028196026,0.9174754,0.026716907,0.9174754,True,True,0.81722057,0.69132656,283.0,378.0,False
d:\Research\Multi-View Fusion Network\datasets\brisc2025\classification_task\test\pituitary\brisc2025_test_00749_pi_ax_t1.jpg,pituitary,pituitary,axial,0.027856668,0.028700538,0.9157618,0.027680984,0.9157618,True,True,0.946281,0.8981723,367.0,358.0,False
d:\Research\Multi-View Fusion Network\datasets\brisc2025\classification_task\test\pituitary\brisc2025_test_00750_pi_ax_t1.jpg,pituitary,pituitary,axial,0.02760908,0.027968327,0.91693336,0.027489223,0.91693336,True,True,0.9194529,0.8511236,323.0,334.0,False
d:\Research\Multi-View Fusion Network\datasets\brisc2025\classification_task\test\pituitary\brisc2025_test_00751_pi_ax_t1.jpg,pituitary,pituitary,axial,0.026953984,0.028239192,0.91800594,0.026800867,0.91800594,True,True,0.9474074,0.90014064,683.0,666.0,False
d:\Research\Multi-View Fusion Network\datasets\brisc2025\classification_task\test\pituitary\brisc2025_test_00752_pi_ax_t1.jpg,pituitary,pituitary,axial,0.028117767,0.030446475,0.91382754,0.027608193,0.91382754,True,True,0.9174455,0.84770113,320.0,321.0,False
d:\Research\Multi-View Fusion Network\datasets\brisc2025\classification_task\test\pituitary\brisc2025_test_00753_pi_ax_t1.jpg,pituitary,pituitary,axial,0.02788823,0.029009141,0.9151967,0.027905919,0.9151967,True,True,0.93394494,0.87628865,267.0,277.0,False
d:\Research\Multi-View Fusion Network\datasets\brisc2025\classification_task\test\pituitary\brisc2025_test_00754_pi_ax_t1.jpg,pituitary,pituitary,axial,0.02761761,0.028643556,0.91652805,0.027210748,0.91652805,True,True,0.64346594,0.4748954,226.0,477.0,False
d:\Research\Multi-View Fusion Network\datasets\brisc2025\classification_task\test\pituitary\brisc2025_test_00755_pi_ax_t1.jpg,pituitary,pituitary,axial,0.027199674,0.026976822,0.91815645,0.027667016,0.91815645,True,True,0.90355605,0.82416505,941.0,914.0,False
d:\Research\Multi-View Fusion Network\datasets\brisc2025\classification_task\test\pituitary\brisc2025_test_00756_pi_ax_t1.jpg,pituitary,pituitary,axial,0.02685913,0.028427761,0.9175557,0.027157454,0.9175557,True,True,0.9099735,0.83495146,518.0,614.0,False
d:\Research\Multi-View Fusion Network\datasets\brisc2025\classification_task\test\pituitary\brisc2025_test_00757_pi_ax_t1.jpg,pituitary,pituitary,axial,0.026611963,0.026975648,0.9196898,0.02672267,0.9196898,True,True,0.9819319,0.96452934,726.0,712.0,False
d:\Research\Multi-View Fusion Network\datasets\brisc2025\classification_task\test\pituitary\brisc2025_test_00758_pi_ax_t1.jpg,pituitary,pituitary,axial,0.02727285,0.028168252,0.9169013,0.027657567,0.9169013,True,True,0.7894737,0.6525096,344.0,510.0,False
d:\Research\Multi-View Fusion Network\datasets\brisc2025\classification_task\test\pituitary\brisc2025_test_00759_pi_ax_t1.jpg,pituitary,pituitary,axial,0.027290156,0.028215805,0.9173567,0.0271373,0.9173567,True,True,0.9363817,0.880597,252.0,250.0,False
d:\Research\Multi-View Fusion Network\datasets\brisc2025\classification_task\test\pituitary\brisc2025_test_00760_pi_ax_t1.jpg,pituitary,pituitary,axial,0.028373225,0.029133664,0.91455495,0.027938118,0.91455495,True,True,0.9627412,0.92820513,746.0,756.0,False
d:\Research\Multi-View Fusion Network\datasets\brisc2025\classification_task\test\pituitary\brisc2025_test_00761_pi_ax_t1.jpg,pituitary,pituitary,axial,0.027628021,0.026858604,0.9174412,0.02807224,0.9174412,True,True,0.7909664,0.6545139,379.0,572.0,False
d:\Research\Multi-View Fusion Network\datasets\brisc2025\classification_task\test\pituitary\brisc2025_test_00762_pi_ax_t1.jpg,pituitary,pituitary,axial,0.0276925,0.028875545,0.9158979,0.027534034,0.9158979,True,True,0.92254496,0.85641026,351.0,371.0,False
d:\Research\Multi-View Fusion Network\datasets\brisc2025\classification_task\test\pituitary\brisc2025_test_00763_pi_ax_t1.jpg,pituitary,pituitary,axial,0.02720443,0.028065355,0.9175605,0.027169732,0.9175605,True,True,0.9490132,0.903125,294.0,313.0,False
d:\Research\Multi-View Fusion Network\datasets\brisc2025\classification_task\test\pituitary\brisc2025_test_00764_pi_ax_t1.jpg,pituitary,pituitary,axial,0.027580054,0.028658682,0.91615504,0.0276062,0.91615504,True,True,0.8863905,0.79617834,391.0,453.0,False
d:\Research\Multi-View Fusion Network\datasets\brisc2025\classification_task\test\pituitary\brisc2025_test_00765_pi_ax_t1.jpg,pituitary,pituitary,axial,0.027269812,0.028730243,0.91655487,0.0274451,0.91655487,True,True,0.47692308,0.31412104,108.0,346.0,False
d:\Research\Multi-View Fusion Network\datasets\brisc2025\classification_task\test\pituitary\brisc2025_test_00766_pi_ax_t1.jpg,pituitary,pituitary,axial,0.02796594,0.027563576,0.91852283,0.025947649,0.91852283,True,True,0.8643326,0.76153845,208.0,248.0,False
d:\Research\Multi-View Fusion Network\datasets\brisc2025\classification_task\test\pituitary\brisc2025_test_00767_pi_ax_t1.jpg,pituitary,pituitary,axial,0.028021136,0.02983306,0.9144847,0.027661217,0.9144847,True,True,0.6520979,0.48445597,186.0,385.0,False
d:\Research\Multi-View Fusion Network\datasets\brisc2025\classification_task\test\pituitary\brisc2025_test_00768_pi_ax_t1.jpg,pituitary,pituitary,axial,0.028008422,0.029556803,0.9147861,0.027648594,0.9147861,True,True,0.8132353,0.68564355,276.0,403.0,False
d:\Research\Multi-View Fusion Network\datasets\brisc2025\classification_task\test\pituitary\brisc2025_test_00769_pi_ax_t1.jpg,pituitary,pituitary,axial,0.027042393,0.02821804,0.9175821,0.027157456,0.9175821,True,True,0.8739035,0.7762646,479.0,432.0,False
d:\Research\Multi-View Fusion Network\datasets\brisc2025\classification_task\test\pituitary\brisc2025_test_00770_pi_ax_t1.jpg,pituitary,pituitary,axial,0.027450899,0.028731383,0.9167218,0.02709584,0.9167218,True,True,0.89966553,0.8181818,136.0,162.0,False
d:\Research\Multi-View Fusion Network\datasets\brisc2025\classification_task\test\pituitary\brisc2025_test_00771_pi_ax_t1.jpg,pituitary,pituitary,axial,0.028093448,0.029995754,0.9142684,0.027642518,0.9142684,True,True,0.75490195,0.6069182,206.0,303.0,False
d:\Research\Multi-View Fusion Network\datasets\brisc2025\classification_task\test\pituitary\brisc2025_test_00772_pi_ax_t1.jpg,pituitary,pituitary,axial,0.028288124,0.028365359,0.9151038,0.02824276,0.9151038,True,True,0.915625,0.84452975,498.0,461.0,False
d:\Research\Multi-View Fusion Network\datasets\brisc2025\classification_task\test\pituitary\brisc2025_test_00773_pi_ax_t1.jpg,pituitary,pituitary,axial,0.027646711,0.027964478,0.9163437,0.028045116,0.9163437,True,True,0.8555184,0.74766356,768.0,726.0,False
d:\Research\Multi-View Fusion Network\datasets\brisc2025\classification_task\test\pituitary\brisc2025_test_00774_pi_ax_t1.jpg,pituitary,pituitary,axial,0.027028726,0.028338445,0.91743046,0.027202373,0.91743046,True,True,0.96133566,0.9256757,287.0,281.0,False
d:\Research\Multi-View Fusion Network\datasets\brisc2025\classification_task\test\pituitary\brisc2025_test_00775_pi_ax_t1.jpg,pituitary,pituitary,axial,0.027751666,0.028127933,0.9167221,0.027398305,0.9167221,True,True,0.93579453,0.8795181,304.0,318.0,False
d:\Research\Multi-View Fusion Network\datasets\brisc2025\classification_task\test\pituitary\brisc2025_test_00776_pi_ax_t1.jpg,pituitary,pituitary,axial,0.02929222,0.028179314,0.9158661,0.026662342,0.9158661,True,True,0.9558719,0.91553134,700.0,704.0,False
d:\Research\Multi-View Fusion Network\datasets\brisc2025\classification_task\test\pituitary\brisc2025_test_00777_pi_ax_t1.jpg,pituitary,pituitary,axial,0.027827345,0.028247008,0.91645825,0.027467355,0.91645825,True,True,0.57091343,0.4,238.0,593.0,False
d:\Research\Multi-View Fusion Network\datasets\brisc2025\classification_task\test\pituitary\brisc2025_test_00778_pi_ax_t1.jpg,pituitary,pituitary,axial,0.027875964,0.028796077,0.9152523,0.02807562,0.9152523,True,True,0.56354916,0.39333335,298.0,118.0,False
d:\Research\Multi-View Fusion Network\datasets\brisc2025\classification_task\test\pituitary\brisc2025_test_00779_pi_ax_t1.jpg,pituitary,pituitary,axial,0.02783868,0.028703114,0.9159393,0.02751889,0.9159393,True,True,0.7063369,0.54653937,303.0,343.0,False
d:\Research\Multi-View Fusion Network\datasets\brisc2025\classification_task\test\pituitary\brisc2025_test_00780_pi_ax_t1.jpg,pituitary,pituitary,axial,0.027539173,0.02843314,0.9167914,0.02723634,0.9167914,True,True,0.8996139,0.817757,389.0,387.0,False
d:\Research\Multi-View Fusion Network\datasets\brisc2025\classification_task\test\pituitary\brisc2025_test_00781_pi_ax_t1.jpg,pituitary,pituitary,axial,0.027808012,0.028407376,0.9164836,0.027301032,0.9164836,True,True,0.8083832,0.6787149,347.0,487.0,False
d:\Research\Multi-View Fusion Network\datasets\brisc2025\classification_task\test\pituitary\brisc2025_test_00782_pi_ax_t1.jpg,pituitary,pituitary,axial,0.027760407,0.028516103,0.9157306,0.027992882,0.9157306,True,True,0.9097222,0.83474576,205.0,226.0,False
d:\Research\Multi-View Fusion Network\datasets\brisc2025\classification_task\test\pituitary\brisc2025_test_00783_pi_ax_t1.jpg,pituitary,pituitary,axial,0.027274739,0.028410945,0.91733825,0.026976036,0.91733825,True,True,0.8353909,0.7183099,131.0,111.0,False
d:\Research\Multi-View Fusion Network\datasets\brisc2025\classification_task\test\pituitary\brisc2025_test_00784_pi_ax_t1.jpg,pituitary,pituitary,axial,0.027285757,0.0279526,0.91692585,0.02783585,0.91692585,True,True,0.7814397,0.6415363,469.0,683.0,False
d:\Research\Multi-View Fusion Network\datasets\brisc2025\classification_task\test\pituitary\brisc2025_test_00785_pi_ax_t1.jpg,pituitary,pituitary,axial,0.02822119,0.02973127,0.9141796,0.027867911,0.9141796,True,True,0.9714795,0.9446367,278.0,282.0,False
d:\Research\Multi-View Fusion Network\datasets\brisc2025\classification_task\test\pituitary\brisc2025_test_00786_pi_ax_t1.jpg,pituitary,pituitary,axial,0.028110078,0.031572998,0.9130729,0.02724396,0.9130729,True,True,0.93775374,0.8829517,365.0,373.0,False
d:\Research\Multi-View Fusion Network\datasets\brisc2025\classification_task\test\pituitary\brisc2025_test_00787_pi_ax_t1.jpg,pituitary,pituitary,axial,0.027615273,0.028653722,0.9164505,0.027280457,0.9164505,True,True,0.8831823,0.790991,453.0,539.0,False
d:\Research\Multi-View Fusion Network\datasets\brisc2025\classification_task\test\pituitary\brisc2025_test_00788_pi_ax_t1.jpg,pituitary,pituitary,axial,0.0276676,0.030795798,0.9146092,0.02692735,0.9146092,True,True,0.9218241,0.85542166,151.0,155.0,False
d:\Research\Multi-View Fusion Network\datasets\brisc2025\classification_task\test\pituitary\brisc2025_test_00789_pi_ax_t1.jpg,pituitary,pituitary,axial,0.027356792,0.028402034,0.91690713,0.027334126,0.91690713,True,True,0.84653467,0.73504275,86.0,115.0,False
d:\Research\Multi-View Fusion Network\datasets\brisc2025\classification_task\test\pituitary\brisc2025_test_00790_pi_ax_t1.jpg,pituitary,pituitary,axial,0.027340004,0.031512156,0.9149489,0.026198989,0.9149489,True,True,0.9160448,0.8453608,250.0,285.0,False
d:\Research\Multi-View Fusion Network\datasets\brisc2025\classification_task\test\pituitary\brisc2025_test_00791_pi_ax_t1.jpg,pituitary,pituitary,axial,0.027493771,0.029246662,0.91588306,0.027376479,0.91588306,True,True,0.9362745,0.8803681,302.0,309.0,False
d:\Research\Multi-View Fusion Network\datasets\brisc2025\classification_task\test\pituitary\brisc2025_test_00792_pi_ax_t1.jpg,pituitary,pituitary,axial,0.026560415,0.027103243,0.91954136,0.02679503,0.91954136,True,True,0.9410959,0.8888889,352.0,377.0,False
d:\Research\Multi-View Fusion Network\datasets\brisc2025\classification_task\test\pituitary\brisc2025_test_00793_pi_ax_t1.jpg,pituitary,pituitary,axial,0.026808191,0.02826266,0.9177683,0.02716078,0.9177683,True,True,0.3968254,0.24820144,195.0,497.0,False
d:\Research\Multi-View Fusion Network\datasets\brisc2025\classification_task\test\pituitary\brisc2025_test_00794_pi_ax_t1.jpg,pituitary,pituitary,axial,0.027578622,0.028851496,0.9162267,0.027343122,0.9162267,True,True,0.8590476,0.75333333,239.0,285.0,False
d:\Research\Multi-View Fusion Network\datasets\brisc2025\classification_task\test\pituitary\brisc2025_test_00795_pi_ax_t1.jpg,pituitary,pituitary,axial,0.027086582,0.028375132,0.9173236,0.027214693,0.9173236,True,True,0.91463417,0.8432836,121.0,124.0,False
d:\Research\Multi-View Fusion Network\datasets\brisc2025\classification_task\test\pituitary\brisc2025_test_00796_pi_ax_t1.jpg,pituitary,pituitary,axial,0.02805755,0.028916102,0.9152143,0.027812012,0.9152143,True,True,0.9187867,0.8499096,511.0,510.0,False
d:\Research\Multi-View Fusion Network\datasets\brisc2025\classification_task\test\pituitary\brisc2025_test_00797_pi_ax_t1.jpg,pituitary,pituitary,axial,0.028536402,0.027137822,0.9156733,0.028652474,0.9156733,True,True,0.92421913,0.8591817,912.0,1040.0,False
d:\Research\Multi-View Fusion Network\datasets\brisc2025\classification_task\test\pituitary\brisc2025_test_00798_pi_ax_t1.jpg,pituitary,pituitary,axial,0.02743441,0.027774487,0.91667634,0.02811473,0.91667634,True,True,0.98013973,0.9610671,1376.0,1342.0,False
d:\Research\Multi-View Fusion Network\datasets\brisc2025\classification_task\test\pituitary\brisc2025_test_00799_pi_ax_t1.jpg,pituitary,pituitary,axial,0.027972266,0.028620988,0.91580087,0.027605828,0.91580087,True,True,0.8333333,0.71460176,323.0,450.0,False
d:\Research\Multi-View Fusion Network\datasets\brisc2025\classification_task\test\pituitary\brisc2025_test_00800_pi_ax_t1.jpg,pituitary,pituitary,axial,0.027894258,0.028995221,0.9150182,0.02809228,0.9150182,True,True,0.8637847,0.7604017,556.0,669.0,False
d:\Research\Multi-View Fusion Network\datasets\brisc2025\classification_task\test\pituitary\brisc2025_test_00801_pi_ax_t1.jpg,pituitary,pituitary,axial,0.027778286,0.029027488,0.9155774,0.027616829,0.9155774,True,True,0.9512684,0.9071247,716.0,781.0,False
d:\Research\Multi-View Fusion Network\datasets\brisc2025\classification_task\test\pituitary\brisc2025_test_00802_pi_ax_t1.jpg,pituitary,pituitary,axial,0.026663698,0.02777978,0.91870266,0.026853872,0.91870266,True,True,0.7900553,0.65349543,223.0,319.0,False
d:\Research\Multi-View Fusion Network\datasets\brisc2025\classification_task\test\pituitary\brisc2025_test_00803_pi_ax_t1.jpg,pituitary,pituitary,axial,0.027578684,0.028973382,0.9160876,0.027360318,0.9160876,True,True,0.9312407,0.87150836,339.0,329.0,False
d:\Research\Multi-View Fusion Network\datasets\brisc2025\classification_task\test\pituitary\brisc2025_test_00804_pi_ax_t1.jpg,pituitary,pituitary,axial,0.027826145,0.031467322,0.91387194,0.026834508,0.91387194,True,True,0.89534885,0.8111888,137.0,120.0,False
d:\Research\Multi-View Fusion Network\datasets\brisc2025\classification_task\test\pituitary\brisc2025_test_00805_pi_ax_t1.jpg,pituitary,pituitary,axial,0.027745,0.032344896,0.91277295,0.027137196,0.91277295,True,True,0.6623616,0.49586776,184.0,357.0,False
d:\Research\Multi-View Fusion Network\datasets\brisc2025\classification_task\test\pituitary\brisc2025_test_00806_pi_ax_t1.jpg,pituitary,pituitary,axial,0.027427927,0.029749382,0.9158748,0.02694783,0.9158748,True,True,0.9130435,0.8403756,184.0,206.0,False
d:\Research\Multi-View Fusion Network\datasets\brisc2025\classification_task\test\pituitary\brisc2025_test_00807_pi_ax_t1.jpg,pituitary,pituitary,axial,0.02757052,0.028974062,0.9162303,0.027225064,0.9162303,True,True,0.9030303,0.82339954,436.0,388.0,False
d:\Research\Multi-View Fusion Network\datasets\brisc2025\classification_task\test\pituitary\brisc2025_test_00808_pi_ax_t1.jpg,pituitary,meningioma,axial,0.027746795,0.8973579,0.04663634,0.028259095,0.8973579,False,True,0.9342723,0.87683284,331.0,307.0,False
d:\Research\Multi-View Fusion Network\datasets\brisc2025\classification_task\test\pituitary\brisc2025_test_00809_pi_ax_t1.jpg,pituitary,pituitary,axial,0.028573504,0.028559182,0.91421086,0.028656522,0.91421086,True,True,0.9145699,0.8426724,851.0,857.0,False
d:\Research\Multi-View Fusion Network\datasets\brisc2025\classification_task\test\pituitary\brisc2025_test_00810_pi_ax_t1.jpg,pituitary,pituitary,axial,0.027193457,0.027521359,0.917476,0.027809242,0.917476,True,True,0.93932325,0.8857143,432.0,424.0,False
d:\Research\Multi-View Fusion Network\datasets\brisc2025\classification_task\test\pituitary\brisc2025_test_00811_pi_ax_t1.jpg,pituitary,pituitary,axial,0.027872527,0.027755285,0.91626287,0.028109312,0.91626287,True,True,0.8088843,0.67937607,413.0,554.0,False
d:\Research\Multi-View Fusion Network\datasets\brisc2025\classification_task\test\pituitary\brisc2025_test_00812_pi_ax_t1.jpg,pituitary,pituitary,axial,0.028017147,0.030812765,0.91352475,0.027645314,0.91352475,True,True,0.9273256,0.8648649,177.0,166.0,False
d:\Research\Multi-View Fusion Network\datasets\brisc2025\classification_task\test\pituitary\brisc2025_test_00813_pi_ax_t1.jpg,pituitary,pituitary,axial,0.026518025,0.027467322,0.9184071,0.027607623,0.9184071,True,True,0.30628273,0.18209876,323.0,58.0,False
d:\Research\Multi-View Fusion Network\datasets\brisc2025\classification_task\test\pituitary\brisc2025_test_00814_pi_ax_t1.jpg,pituitary,pituitary,axial,0.027910078,0.030173456,0.9146459,0.02727057,0.9146459,True,True,0.89726025,0.8140496,207.0,230.0,False
d:\Research\Multi-View Fusion Network\datasets\brisc2025\classification_task\test\pituitary\brisc2025_test_00815_pi_ax_t1.jpg,pituitary,pituitary,axial,0.027388845,0.028299622,0.9169341,0.027377406,0.9169341,True,True,0.5218447,0.35409835,110.0,301.0,False
d:\Research\Multi-View Fusion Network\datasets\brisc2025\classification_task\test\pituitary\brisc2025_test_00816_pi_ax_t1.jpg,pituitary,pituitary,axial,0.027589455,0.02838834,0.91639215,0.027630059,0.91639215,True,True,0.83184856,0.71238095,391.0,506.0,False
d:\Research\Multi-View Fusion Network\datasets\brisc2025\classification_task\test\pituitary\brisc2025_test_00817_pi_ax_t1.jpg,pituitary,pituitary,axial,0.027319536,0.028734963,0.9164677,0.027477793,0.9164677,True,True,0.94255316,0.8915663,227.0,242.0,False
d:\Research\Multi-View Fusion Network\datasets\brisc2025\classification_task\test\pituitary\brisc2025_test_00818_pi_ax_t1.jpg,pituitary,pituitary,axial,0.027949812,0.028978555,0.91506004,0.028011585,0.91506004,True,True,0.9502868,0.9054545,265.0,257.0,False
d:\Research\Multi-View Fusion Network\datasets\brisc2025\classification_task\test\pituitary\brisc2025_test_00819_pi_ax_t1.jpg,pituitary,pituitary,axial,0.02738086,0.028560767,0.9161618,0.02789661,0.9161618,True,True,0.8452545,0.73214287,633.0,820.0,False
d:\Research\Multi-View Fusion Network\datasets\brisc2025\classification_task\test\pituitary\brisc2025_test_00820_pi_ax_t1.jpg,pituitary,glioma,axial,0.84723836,0.03909745,0.07792125,0.03574287,0.84723836,False,True,0.3257143,0.19727892,146.0,28.0,False
d:\Research\Multi-View Fusion Network\datasets\brisc2025\classification_task\test\pituitary\brisc2025_test_00821_pi_ax_t1.jpg,pituitary,pituitary,axial,0.028059768,0.0284946,0.9156158,0.027829845,0.9156158,True,True,0.9876894,0.9757009,526.0,529.0,False
d:\Research\Multi-View Fusion Network\datasets\brisc2025\classification_task\test\pituitary\brisc2025_test_00822_pi_ax_t1.jpg,pituitary,pituitary,axial,0.028746951,0.028773447,0.9141083,0.0283713,0.9141083,True,True,0.9684066,0.9388298,362.0,365.0,False
d:\Research\Multi-View Fusion Network\datasets\brisc2025\classification_task\test\pituitary\brisc2025_test_00823_pi_ax_t1.jpg,pituitary,pituitary,axial,0.027770724,0.028520636,0.9159124,0.027796235,0.9159124,True,True,0.9625,0.92783505,277.0,282.0,False
d:\Research\Multi-View Fusion Network\datasets\brisc2025\classification_task\test\pituitary\brisc2025_test_00824_pi_ax_t1.jpg,pituitary,pituitary,axial,0.027207593,0.028945755,0.9167274,0.02711924,0.9167274,True,True,0.8327465,0.71385545,292.0,275.0,False
d:\Research\Multi-View Fusion Network\datasets\brisc2025\classification_task\test\pituitary\brisc2025_test_00825_pi_co_t1.jpg,pituitary,pituitary,coronal,0.027002899,0.027205084,0.9185005,0.027291564,0.9185005,True,True,0.9459053,0.8974359,671.0,659.0,False
d:\Research\Multi-View Fusion Network\datasets\brisc2025\classification_task\test\pituitary\brisc2025_test_00826_pi_co_t1.jpg,pituitary,meningioma,coronal,0.027418172,0.9124959,0.032684583,0.027401295,0.9124959,False,True,0.91824526,0.8489871,475.0,527.0,False
d:\Research\Multi-View Fusion Network\datasets\brisc2025\classification_task\test\pituitary\brisc2025_test_00827_pi_co_t1.jpg,pituitary,pituitary,coronal,0.026042972,0.0257789,0.92168283,0.026495272,0.92168283,True,True,0.95335823,0.911032,265.0,270.0,False
d:\Research\Multi-View Fusion Network\datasets\brisc2025\classification_task\test\pituitary\brisc2025_test_00828_pi_co_t1.jpg,pituitary,pituitary,coronal,0.02678724,0.026728064,0.9194674,0.027017297,0.9194674,True,True,0.93078244,0.87057877,1132.0,1193.0,False
d:\Research\Multi-View Fusion Network\datasets\brisc2025\classification_task\test\pituitary\brisc2025_test_00829_pi_co_t1.jpg,pituitary,pituitary,coronal,0.027066248,0.02779321,0.91779333,0.02734722,0.91779333,True,True,0.9127471,0.839599,695.0,771.0,False
d:\Research\Multi-View Fusion Network\datasets\brisc2025\classification_task\test\pituitary\brisc2025_test_00830_pi_co_t1.jpg,pituitary,pituitary,coronal,0.026521415,0.026215047,0.92091244,0.026351089,0.92091244,True,True,0.85822785,0.7522124,212.0,182.0,False
d:\Research\Multi-View Fusion Network\datasets\brisc2025\classification_task\test\pituitary\brisc2025_test_00831_pi_co_t1.jpg,pituitary,pituitary,coronal,0.027243309,0.027733702,0.9184649,0.026558165,0.9184649,True,True,0.90841585,0.8325792,211.0,192.0,False
d:\Research\Multi-View Fusion Network\datasets\brisc2025\classification_task\test\pituitary\brisc2025_test_00832_pi_co_t1.jpg,pituitary,pituitary,coronal,0.026448991,0.027675284,0.919545,0.026330747,0.919545,True,True,0.93679774,0.8812665,353.0,358.0,False
d:\Research\Multi-View Fusion Network\datasets\brisc2025\classification_task\test\pituitary\brisc2025_test_00833_pi_co_t1.jpg,pituitary,pituitary,coronal,0.027293265,0.026920926,0.91848934,0.027296439,0.91848934,True,True,0.8952703,0.8105906,401.0,486.0,False
d:\Research\Multi-View Fusion Network\datasets\brisc2025\classification_task\test\pituitary\brisc2025_test_00834_pi_co_t1.jpg,pituitary,pituitary,coronal,0.027112199,0.027900917,0.9178957,0.027091257,0.9178957,True,True,0.9613454,0.92560387,994.0,997.0,False
d:\Research\Multi-View Fusion Network\datasets\brisc2025\classification_task\test\pituitary\brisc2025_test_00835_pi_co_t1.jpg,pituitary,pituitary,coronal,0.02684373,0.027696908,0.9186962,0.026763057,0.9186962,True,True,0.75974023,0.612855,461.0,616.0,False
d:\Research\Multi-View Fusion Network\datasets\brisc2025\classification_task\test\pituitary\brisc2025_test_00836_pi_co_t1.jpg,pituitary,pituitary,coronal,0.028005194,0.032194175,0.913454,0.026346566,0.913454,True,True,0.7808951,0.6407448,834.0,662.0,False
d:\Research\Multi-View Fusion Network\datasets\brisc2025\classification_task\test\pituitary\brisc2025_test_00837_pi_co_t1.jpg,pituitary,pituitary,coronal,0.026832335,0.02806976,0.91836816,0.026729822,0.91836816,True,True,0.8610847,0.75626045,583.0,467.0,False
d:\Research\Multi-View Fusion Network\datasets\brisc2025\classification_task\test\pituitary\brisc2025_test_00838_pi_co_t1.jpg,pituitary,pituitary,coronal,0.026073093,0.025989294,0.9216466,0.026291048,0.9216466,True,True,0.4009901,0.25308642,40.0,161.0,False
d:\Research\Multi-View Fusion Network\datasets\brisc2025\classification_task\test\pituitary\brisc2025_test_00839_pi_co_t1.jpg,pituitary,pituitary,coronal,0.02656319,0.026566496,0.9196691,0.027201211,0.9196691,True,True,0.8806971,0.78708136,401.0,344.0,False
d:\Research\Multi-View Fusion Network\datasets\brisc2025\classification_task\test\pituitary\brisc2025_test_00840_pi_co_t1.jpg,pituitary,pituitary,coronal,0.02673523,0.027051661,0.9197615,0.026451714,0.9197615,True,True,0.8581395,0.75169605,691.0,598.0,False
d:\Research\Multi-View Fusion Network\datasets\brisc2025\classification_task\test\pituitary\brisc2025_test_00841_pi_co_t1.jpg,pituitary,pituitary,coronal,0.026675975,0.027264144,0.9190906,0.026969267,0.9190906,True,True,0.90522647,0.826972,770.0,664.0,False
d:\Research\Multi-View Fusion Network\datasets\brisc2025\classification_task\test\pituitary\brisc2025_test_00842_pi_co_t1.jpg,pituitary,pituitary,coronal,0.025803626,0.025395231,0.922841,0.025960172,0.922841,True,True,0.84090906,0.7258065,337.0,410.0,False
d:\Research\Multi-View Fusion Network\datasets\brisc2025\classification_task\test\pituitary\brisc2025_test_00843_pi_co_t1.jpg,pituitary,pituitary,coronal,0.027176157,0.024865028,0.92170393,0.026254836,0.92170393,True,True,0.5505255,0.38015607,375.0,861.0,False
d:\Research\Multi-View Fusion Network\datasets\brisc2025\classification_task\test\pituitary\brisc2025_test_00844_pi_co_t1.jpg,pituitary,pituitary,coronal,0.026615651,0.026421122,0.9198593,0.027103992,0.9198593,True,True,0.88643533,0.79622644,432.0,518.0,False
d:\Research\Multi-View Fusion Network\datasets\brisc2025\classification_task\test\pituitary\brisc2025_test_00845_pi_co_t1.jpg,pituitary,pituitary,coronal,0.02781605,0.027751537,0.91817224,0.026260136,0.91817224,True,True,0.9201726,0.8522954,444.0,482.0,False
d:\Research\Multi-View Fusion Network\datasets\brisc2025\classification_task\test\pituitary\brisc2025_test_00846_pi_co_t1.jpg,pituitary,pituitary,coronal,0.027592847,0.028056307,0.91806763,0.026283192,0.91806763,True,True,0.8218218,0.6977929,410.0,588.0,False
d:\Research\Multi-View Fusion Network\datasets\brisc2025\classification_task\test\pituitary\brisc2025_test_00847_pi_co_t1.jpg,pituitary,pituitary,coronal,0.026715271,0.026963796,0.91994935,0.026371572,0.91994935,True,True,0.66517055,0.49865592,375.0,738.0,False
d:\Research\Multi-View Fusion Network\datasets\brisc2025\classification_task\test\pituitary\brisc2025_test_00848_pi_co_t1.jpg,pituitary,pituitary,coronal,0.026674554,0.026741842,0.9201629,0.026420688,0.9201629,True,True,0.8815789,0.78842676,475.0,512.0,False
d:\Research\Multi-View Fusion Network\datasets\brisc2025\classification_task\test\pituitary\brisc2025_test_00849_pi_co_t1.jpg,pituitary,pituitary,coronal,0.026850602,0.027189665,0.91913533,0.02682438,0.91913533,True,True,0.8906395,0.803005,502.0,576.0,False
d:\Research\Multi-View Fusion Network\datasets\brisc2025\classification_task\test\pituitary\brisc2025_test_00850_pi_co_t1.jpg,pituitary,pituitary,coronal,0.026959991,0.027373796,0.9186765,0.026989672,0.9186765,True,True,0.90544873,0.8274854,301.0,322.0,False
d:\Research\Multi-View Fusion Network\datasets\brisc2025\classification_task\test\pituitary\brisc2025_test_00851_pi_co_t1.jpg,pituitary,pituitary,coronal,0.026962182,0.02755488,0.91852605,0.02695695,0.91852605,True,True,0.8178603,0.69207776,629.0,501.0,False
d:\Research\Multi-View Fusion Network\datasets\brisc2025\classification_task\test\pituitary\brisc2025_test_00852_pi_co_t1.jpg,pituitary,pituitary,coronal,0.027378112,0.026584243,0.9179508,0.028086867,0.9179508,True,True,0.9170685,0.8469751,533.0,503.0,False
d:\Research\Multi-View Fusion Network\datasets\brisc2025\classification_task\test\pituitary\brisc2025_test_00853_pi_co_t1.jpg,pituitary,pituitary,coronal,0.02701643,0.026723241,0.9191996,0.027060762,0.9191996,True,True,0.93014127,0.8695015,616.0,657.0,False
d:\Research\Multi-View Fusion Network\datasets\brisc2025\classification_task\test\pituitary\brisc2025_test_00854_pi_co_t1.jpg,pituitary,pituitary,coronal,0.02664159,0.026734864,0.91947556,0.027148047,0.91947556,True,True,0.73551786,0.58186865,631.0,1077.0,False
d:\Research\Multi-View Fusion Network\datasets\brisc2025\classification_task\test\pituitary\brisc2025_test_00855_pi_co_t1.jpg,pituitary,pituitary,coronal,0.026849307,0.027678477,0.91850793,0.026964296,0.91850793,True,True,0.8312303,0.7115903,297.0,336.0,False
d:\Research\Multi-View Fusion Network\datasets\brisc2025\classification_task\test\pituitary\brisc2025_test_00856_pi_co_t1.jpg,pituitary,pituitary,coronal,0.027242584,0.026888864,0.919283,0.026585612,0.919283,True,True,0.9695962,0.9410138,1040.0,1064.0,False
d:\Research\Multi-View Fusion Network\datasets\brisc2025\classification_task\test\pituitary\brisc2025_test_00857_pi_co_t1.jpg,pituitary,pituitary,coronal,0.026776342,0.026931355,0.9200922,0.02620001,0.9200922,True,True,0.95153475,0.9076923,302.0,316.0,False
d:\Research\Multi-View Fusion Network\datasets\brisc2025\classification_task\test\pituitary\brisc2025_test_00858_pi_co_t1.jpg,pituitary,pituitary,coronal,0.026878586,0.026613658,0.9195722,0.02693559,0.9195722,True,True,0.87974685,0.78555304,357.0,432.0,False
d:\Research\Multi-View Fusion Network\datasets\brisc2025\classification_task\test\pituitary\brisc2025_test_00859_pi_co_t1.jpg,pituitary,pituitary,coronal,0.026395705,0.026521768,0.9205928,0.026489845,0.9205928,True,True,0.89774984,0.8145258,1473.0,1548.0,False
d:\Research\Multi-View Fusion Network\datasets\brisc2025\classification_task\test\pituitary\brisc2025_test_00860_pi_co_t1.jpg,pituitary,pituitary,coronal,0.02722633,0.027895367,0.9175078,0.02737048,0.9175078,True,True,0.964497,0.93147206,754.0,766.0,False
d:\Research\Multi-View Fusion Network\datasets\brisc2025\classification_task\test\pituitary\brisc2025_test_00861_pi_co_t1.jpg,pituitary,pituitary,coronal,0.027496247,0.028201269,0.91722584,0.027076736,0.91722584,True,True,0.94234467,0.89104116,757.0,803.0,False
d:\Research\Multi-View Fusion Network\datasets\brisc2025\classification_task\test\pituitary\brisc2025_test_00862_pi_co_t1.jpg,pituitary,pituitary,coronal,0.026500871,0.027011363,0.91903925,0.027448546,0.91903925,True,True,0.8102518,0.6812689,547.0,564.0,False
d:\Research\Multi-View Fusion Network\datasets\brisc2025\classification_task\test\pituitary\brisc2025_test_00863_pi_co_t1.jpg,pituitary,pituitary,coronal,0.027090488,0.026110023,0.9208429,0.025956597,0.9208429,True,True,0.7918149,0.65588236,303.0,258.0,False
d:\Research\Multi-View Fusion Network\datasets\brisc2025\classification_task\test\pituitary\brisc2025_test_00864_pi_co_t1.jpg,pituitary,pituitary,coronal,0.026799448,0.02724016,0.91994756,0.026012814,0.91994756,True,True,0.8063439,0.67597765,336.0,262.0,False
d:\Research\Multi-View Fusion Network\datasets\brisc2025\classification_task\test\pituitary\brisc2025_test_00865_pi_co_t1.jpg,pituitary,pituitary,coronal,0.026378715,0.027403792,0.91983306,0.026384419,0.91983306,True,True,0.91961855,0.8513854,359.0,374.0,False
d:\Research\Multi-View Fusion Network\datasets\brisc2025\classification_task\test\pituitary\brisc2025_test_00866_pi_co_t1.jpg,pituitary,pituitary,coronal,0.027459456,0.027749296,0.9172245,0.027566792,0.9172245,True,True,0.9150402,0.8435518,423.0,447.0,False
d:\Research\Multi-View Fusion Network\datasets\brisc2025\classification_task\test\pituitary\brisc2025_test_00867_pi_co_t1.jpg,pituitary,pituitary,coronal,0.025487198,0.025075212,0.9237029,0.025734708,0.9237029,True,True,0.82098764,0.6968641,218.0,267.0,False
d:\Research\Multi-View Fusion Network\datasets\brisc2025\classification_task\test\pituitary\brisc2025_test_00868_pi_co_t1.jpg,pituitary,pituitary,coronal,0.027339283,0.026568152,0.9185573,0.02753523,0.9185573,True,True,0.9007538,0.8196347,410.0,385.0,False
d:\Research\Multi-View Fusion Network\datasets\brisc2025\classification_task\test\pituitary\brisc2025_test_00869_pi_co_t1.jpg,pituitary,pituitary,coronal,0.026480785,0.026672626,0.9205343,0.02631233,0.9205343,True,True,0.9135531,0.84097034,655.0,709.0,False
d:\Research\Multi-View Fusion Network\datasets\brisc2025\classification_task\test\pituitary\brisc2025_test_00870_pi_co_t1.jpg,pituitary,pituitary,coronal,0.026925024,0.02630864,0.92015857,0.026607811,0.92015857,True,True,0.9655371,0.9334073,862.0,878.0,False
d:\Research\Multi-View Fusion Network\datasets\brisc2025\classification_task\test\pituitary\brisc2025_test_00871_pi_co_t1.jpg,pituitary,pituitary,coronal,0.026638696,0.026384305,0.9198705,0.027106563,0.9198705,True,True,0.9674292,0.9369369,1287.0,1291.0,False
d:\Research\Multi-View Fusion Network\datasets\brisc2025\classification_task\test\pituitary\brisc2025_test_00872_pi_co_t1.jpg,pituitary,pituitary,coronal,0.026124625,0.025186846,0.92324543,0.02544317,0.92324543,True,True,0.8148695,0.68770766,873.0,1157.0,False
d:\Research\Multi-View Fusion Network\datasets\brisc2025\classification_task\test\pituitary\brisc2025_test_00873_pi_co_t1.jpg,pituitary,pituitary,coronal,0.027093703,0.028050674,0.9176194,0.027236199,0.9176194,True,True,0.89625937,0.81210476,1058.0,946.0,False
d:\Research\Multi-View Fusion Network\datasets\brisc2025\classification_task\test\pituitary\brisc2025_test_00874_pi_co_t1.jpg,pituitary,pituitary,coronal,0.027332725,0.027712375,0.91786957,0.027085345,0.91786957,True,True,0.95231956,0.90909094,379.0,396.0,False
d:\Research\Multi-View Fusion Network\datasets\brisc2025\classification_task\test\pituitary\brisc2025_test_00875_pi_co_t1.jpg,pituitary,pituitary,coronal,0.027076863,0.027964775,0.9178055,0.027152818,0.9178055,True,True,0.9663033,0.9348659,512.0,496.0,False
d:\Research\Multi-View Fusion Network\datasets\brisc2025\classification_task\test\pituitary\brisc2025_test_00876_pi_co_t1.jpg,pituitary,pituitary,coronal,0.026579006,0.026707191,0.9199538,0.026759993,0.9199538,True,True,0.69132656,0.52918285,165.0,226.0,False
d:\Research\Multi-View Fusion Network\datasets\brisc2025\classification_task\test\pituitary\brisc2025_test_00877_pi_co_t1.jpg,pituitary,pituitary,coronal,0.026822284,0.027634993,0.9184119,0.02713085,0.9184119,True,True,0.9301451,0.8694779,920.0,940.0,False
d:\Research\Multi-View Fusion Network\datasets\brisc2025\classification_task\test\pituitary\brisc2025_test_00878_pi_co_t1.jpg,pituitary,pituitary,coronal,0.02638949,0.02596165,0.9200807,0.027568117,0.9200807,True,True,0.8784278,0.7833876,581.0,512.0,False
d:\Research\Multi-View Fusion Network\datasets\brisc2025\classification_task\test\pituitary\brisc2025_test_00879_pi_co_t1.jpg,pituitary,pituitary,coronal,0.026886228,0.027029492,0.9192867,0.026797542,0.9192867,True,True,0.86042404,0.75541794,281.0,284.0,False
d:\Research\Multi-View Fusion Network\datasets\brisc2025\classification_task\test\pituitary\brisc2025_test_00880_pi_co_t1.jpg,pituitary,pituitary,coronal,0.026498055,0.02664232,0.9204273,0.02643234,0.9204273,True,True,0.6039409,0.43300423,345.0,669.0,False
d:\Research\Multi-View Fusion Network\datasets\brisc2025\classification_task\test\pituitary\brisc2025_test_00881_pi_co_t1.jpg,pituitary,pituitary,coronal,0.026528927,0.02632363,0.91994673,0.02720066,0.91994673,True,True,0.98182195,0.9643004,2420.0,2365.0,False
d:\Research\Multi-View Fusion Network\datasets\brisc2025\classification_task\test\pituitary\brisc2025_test_00882_pi_co_t1.jpg,pituitary,pituitary,coronal,0.02633831,0.026210733,0.9208997,0.026551303,0.9208997,True,True,0.88455415,0.79315263,646.0,609.0,False
d:\Research\Multi-View Fusion Network\datasets\brisc2025\classification_task\test\pituitary\brisc2025_test_00883_pi_co_t1.jpg,pituitary,pituitary,coronal,0.02583782,0.024686994,0.92274123,0.02673397,0.92274123,True,True,0.8484589,0.7369985,666.0,501.0,False
d:\Research\Multi-View Fusion Network\datasets\brisc2025\classification_task\test\pituitary\brisc2025_test_00884_pi_co_t1.jpg,pituitary,pituitary,coronal,0.026644463,0.027629372,0.91906,0.02666621,0.91906,True,True,0.9180064,0.84851485,992.0,873.0,False
d:\Research\Multi-View Fusion Network\datasets\brisc2025\classification_task\test\pituitary\brisc2025_test_00885_pi_co_t1.jpg,pituitary,pituitary,coronal,0.02725247,0.027946541,0.91791254,0.026888438,0.91791254,True,True,0.8778966,0.78253967,612.0,509.0,False
d:\Research\Multi-View Fusion Network\datasets\brisc2025\classification_task\test\pituitary\brisc2025_test_00886_pi_co_t1.jpg,pituitary,pituitary,coronal,0.025771223,0.0247416,0.92324847,0.026238674,0.92324847,True,True,0.8181818,0.6938776,79.0,85.0,False
d:\Research\Multi-View Fusion Network\datasets\brisc2025\classification_task\test\pituitary\brisc2025_test_00887_pi_co_t1.jpg,pituitary,pituitary,coronal,0.027114026,0.02710525,0.9185881,0.027192684,0.9185881,True,True,0.7049336,0.5446559,387.0,666.0,False
d:\Research\Multi-View Fusion Network\datasets\brisc2025\classification_task\test\pituitary\brisc2025_test_00888_pi_co_t1.jpg,pituitary,pituitary,coronal,0.026339397,0.027404092,0.9187423,0.027514124,0.9187423,True,True,0.71875,0.56216216,103.0,184.0,False
d:\Research\Multi-View Fusion Network\datasets\brisc2025\classification_task\test\pituitary\brisc2025_test_00889_pi_co_t1.jpg,pituitary,pituitary,coronal,0.026408916,0.026318505,0.9209341,0.026338473,0.9209341,True,True,0.9580713,0.9196787,233.0,243.0,False
d:\Research\Multi-View Fusion Network\datasets\brisc2025\classification_task\test\pituitary\brisc2025_test_00890_pi_co_t1.jpg,pituitary,pituitary,coronal,0.02592856,0.024269998,0.9231533,0.026648225,0.9231533,True,True,0.86292833,0.75956285,144.0,176.0,False
d:\Research\Multi-View Fusion Network\datasets\brisc2025\classification_task\test\pituitary\brisc2025_test_00891_pi_co_t1.jpg,pituitary,pituitary,coronal,0.027577922,0.02742495,0.9176644,0.027332703,0.9176644,True,True,0.9681009,0.9382184,684.0,663.0,False
d:\Research\Multi-View Fusion Network\datasets\brisc2025\classification_task\test\pituitary\brisc2025_test_00892_pi_co_t1.jpg,pituitary,pituitary,coronal,0.02655458,0.026360968,0.9193297,0.027754642,0.9193297,True,True,0.8032258,0.6714542,406.0,523.0,False
d:\Research\Multi-View Fusion Network\datasets\brisc2025\classification_task\test\pituitary\brisc2025_test_00893_pi_co_t1.jpg,pituitary,pituitary,coronal,0.027080167,0.027851481,0.9183702,0.026698116,0.9183702,True,True,0.9068441,0.829664,761.0,816.0,False
d:\Research\Multi-View Fusion Network\datasets\brisc2025\classification_task\test\pituitary\brisc2025_test_00894_pi_co_t1.jpg,pituitary,pituitary,coronal,0.026253497,0.026299944,0.9203799,0.027066713,0.9203799,True,True,0.93165314,0.8721023,1248.0,1092.0,False
d:\Research\Multi-View Fusion Network\datasets\brisc2025\classification_task\test\pituitary\brisc2025_test_00895_pi_co_t1.jpg,pituitary,pituitary,coronal,0.027027562,0.02721819,0.91867197,0.02708221,0.91867197,True,True,0.91903406,0.8503937,332.0,371.0,False
d:\Research\Multi-View Fusion Network\datasets\brisc2025\classification_task\test\pituitary\brisc2025_test_00896_pi_co_t1.jpg,pituitary,pituitary,coronal,0.026551185,0.027517885,0.91947657,0.026454337,0.91947657,True,True,0.94006115,0.8869665,829.0,805.0,False
d:\Research\Multi-View Fusion Network\datasets\brisc2025\classification_task\test\pituitary\brisc2025_test_00897_pi_co_t1.jpg,pituitary,pituitary,coronal,0.02605324,0.026855262,0.92088383,0.026207687,0.92088383,True,True,0.8990066,0.8168168,318.0,285.0,False
d:\Research\Multi-View Fusion Network\datasets\brisc2025\classification_task\test\pituitary\brisc2025_test_00898_pi_co_t1.jpg,pituitary,pituitary,coronal,0.027052734,0.027283458,0.9188721,0.026791692,0.9188721,True,True,0.94721687,0.8998178,522.0,519.0,False
d:\Research\Multi-View Fusion Network\datasets\brisc2025\classification_task\test\pituitary\brisc2025_test_00899_pi_co_t1.jpg,pituitary,pituitary,coronal,0.026341185,0.026417917,0.9210351,0.026205864,0.9210351,True,True,0.8460076,0.73355263,238.0,287.0,False
d:\Research\Multi-View Fusion Network\datasets\brisc2025\classification_task\test\pituitary\brisc2025_test_00900_pi_co_t1.jpg,pituitary,pituitary,coronal,0.026696129,0.026866715,0.9195074,0.02692982,0.9195074,True,True,0.87677056,0.78085643,345.0,360.0,False
d:\Research\Multi-View Fusion Network\datasets\brisc2025\classification_task\test\pituitary\brisc2025_test_00901_pi_co_t1.jpg,pituitary,pituitary,coronal,0.027140778,0.027527854,0.9183118,0.027019577,0.9183118,True,True,0.95065534,0.9060206,678.0,618.0,False
d:\Research\Multi-View Fusion Network\datasets\brisc2025\classification_task\test\pituitary\brisc2025_test_00902_pi_co_t1.jpg,pituitary,pituitary,coronal,0.027590657,0.027162254,0.91705513,0.02819196,0.91705513,True,True,0.96436524,0.93133044,230.0,218.0,False
d:\Research\Multi-View Fusion Network\datasets\brisc2025\classification_task\test\pituitary\brisc2025_test_00903_pi_co_t1.jpg,pituitary,pituitary,coronal,0.02756598,0.027865035,0.91637677,0.028192276,0.91637677,True,True,0.66741574,0.5016835,153.0,291.0,False
d:\Research\Multi-View Fusion Network\datasets\brisc2025\classification_task\test\pituitary\brisc2025_test_00904_pi_co_t1.jpg,pituitary,pituitary,coronal,0.026780883,0.027380975,0.91846377,0.027374309,0.91846377,True,True,0.97002643,0.941814,1678.0,1724.0,False
d:\Research\Multi-View Fusion Network\datasets\brisc2025\classification_task\test\pituitary\brisc2025_test_00905_pi_co_t1.jpg,pituitary,pituitary,coronal,0.026935792,0.02694152,0.91896236,0.027160408,0.91896236,True,True,0.74016565,0.58784896,591.0,374.0,False
d:\Research\Multi-View Fusion Network\datasets\brisc2025\classification_task\test\pituitary\brisc2025_test_00906_pi_co_t1.jpg,pituitary,pituitary,coronal,0.027384676,0.02701658,0.9178007,0.027798006,0.9178007,True,True,0.96902657,0.93996567,561.0,568.0,False
d:\Research\Multi-View Fusion Network\datasets\brisc2025\classification_task\test\pituitary\brisc2025_test_00907_pi_co_t1.jpg,pituitary,pituitary,coronal,0.027129265,0.027451172,0.9183509,0.027068676,0.9183509,True,True,0.91372395,0.8412112,1185.0,1306.0,False
d:\Research\Multi-View Fusion Network\datasets\brisc2025\classification_task\test\pituitary\brisc2025_test_00908_pi_co_t1.jpg,pituitary,pituitary,coronal,0.02679231,0.026974833,0.9190651,0.027167726,0.9190651,True,True,0.96316105,0.9289805,856.0,826.0,False
d:\Research\Multi-View Fusion Network\datasets\brisc2025\classification_task\test\pituitary\brisc2025_test_00909_pi_co_t1.jpg,pituitary,pituitary,coronal,0.02690733,0.027000196,0.9194188,0.026673619,0.9194188,True,True,0.92096776,0.85373133,292.0,327.0,False
d:\Research\Multi-View Fusion Network\datasets\brisc2025\classification_task\test\pituitary\brisc2025_test_00910_pi_co_t1.jpg,pituitary,pituitary,coronal,0.026238387,0.025732813,0.92215014,0.025878655,0.92215014,True,True,0.8371335,0.7201493,400.0,520.0,False
d:\Research\Multi-View Fusion Network\datasets\brisc2025\classification_task\test\pituitary\brisc2025_test_00911_pi_co_t1.jpg,pituitary,pituitary,coronal,0.026696632,0.02741045,0.9192165,0.026676366,0.9192165,True,True,0.8285199,0.7076923,271.0,282.0,False
d:\Research\Multi-View Fusion Network\datasets\brisc2025\classification_task\test\pituitary\brisc2025_test_00912_pi_co_t1.jpg,pituitary,pituitary,coronal,0.027522715,0.027123624,0.91745186,0.027901825,0.91745186,True,True,0.9396552,0.8863636,277.0,302.0,False
d:\Research\Multi-View Fusion Network\datasets\brisc2025\classification_task\test\pituitary\brisc2025_test_00913_pi_co_t1.jpg,pituitary,pituitary,coronal,0.02658623,0.027299315,0.9194222,0.02669223,0.9194222,True,True,0.9650572,0.9325153,780.0,793.0,False
d:\Research\Multi-View Fusion Network\datasets\brisc2025\classification_task\test\pituitary\brisc2025_test_00914_pi_co_t1.jpg,pituitary,pituitary,coronal,0.027096717,0.026707225,0.9198733,0.026322734,0.9198733,True,True,0.8969831,0.81333333,634.0,724.0,False
d:\Research\Multi-View Fusion Network\datasets\brisc2025\classification_task\test\pituitary\brisc2025_test_00915_pi_sa_t1.jpg,pituitary,pituitary,sagittal,0.027146844,0.027566528,0.9186184,0.026668234,0.9186184,True,True,0.90772533,0.83137256,239.0,226.0,False
d:\Research\Multi-View Fusion Network\datasets\brisc2025\classification_task\test\pituitary\brisc2025_test_00916_pi_sa_t1.jpg,pituitary,pituitary,sagittal,0.026972989,0.027160462,0.91882503,0.02704145,0.91882503,True,True,0.9398148,0.8866279,335.0,312.0,False
d:\Research\Multi-View Fusion Network\datasets\brisc2025\classification_task\test\pituitary\brisc2025_test_00917_pi_sa_t1.jpg,pituitary,pituitary,sagittal,0.026939727,0.027187454,0.9189776,0.026895227,0.9189776,True,True,0.92403316,0.85897434,377.0,346.0,False
d:\Research\Multi-View Fusion Network\datasets\brisc2025\classification_task\test\pituitary\brisc2025_test_00918_pi_sa_t1.jpg,pituitary,pituitary,sagittal,0.02714376,0.026090246,0.92104006,0.02572591,0.92104006,True,True,0.9366516,0.88135594,111.0,109.0,False
d:\Research\Multi-View Fusion Network\datasets\brisc2025\classification_task\test\pituitary\brisc2025_test_00919_pi_sa_t1.jpg,pituitary,pituitary,sagittal,0.026825951,0.026533693,0.919809,0.026831433,0.919809,True,True,0.866782,0.7652439,253.0,324.0,False
d:\Research\Multi-View Fusion Network\datasets\brisc2025\classification_task\test\pituitary\brisc2025_test_00920_pi_sa_t1.jpg,pituitary,pituitary,sagittal,0.026731895,0.026096776,0.92023367,0.02693763,0.92023367,True,True,0.9629366,0.9285714,684.0,718.0,False
d:\Research\Multi-View Fusion Network\datasets\brisc2025\classification_task\test\pituitary\brisc2025_test_00921_pi_sa_t1.jpg,pituitary,pituitary,sagittal,0.027319835,0.027125962,0.9184083,0.02714594,0.9184083,True,True,0.93878955,0.884715,729.0,724.0,False
d:\Research\Multi-View Fusion Network\datasets\brisc2025\classification_task\test\pituitary\brisc2025_test_00922_pi_sa_t1.jpg,pituitary,pituitary,sagittal,0.026810039,0.027047027,0.91997874,0.026164234,0.91997874,True,True,0.9727855,0.9470405,936.0,937.0,False
d:\Research\Multi-View Fusion Network\datasets\brisc2025\classification_task\test\pituitary\brisc2025_test_00923_pi_sa_t1.jpg,pituitary,pituitary,sagittal,0.027227033,0.027836004,0.9181775,0.026759524,0.9181775,True,True,0.93609864,0.88,455.0,436.0,False
d:\Research\Multi-View Fusion Network\datasets\brisc2025\classification_task\test\pituitary\brisc2025_test_00924_pi_sa_t1.jpg,pituitary,pituitary,sagittal,0.02691242,0.027330352,0.9192021,0.026555121,0.9192021,True,True,0.9404467,0.88785046,200.0,202.0,False
d:\Research\Multi-View Fusion Network\datasets\brisc2025\classification_task\test\pituitary\brisc2025_test_00925_pi_sa_t1.jpg,pituitary,pituitary,sagittal,0.027225586,0.025648177,0.92103106,0.026095247,0.92103106,True,True,0.97763735,0.95627373,1015.0,1041.0,False
d:\Research\Multi-View Fusion Network\datasets\brisc2025\classification_task\test\pituitary\brisc2025_test_00926_pi_sa_t1.jpg,pituitary,pituitary,sagittal,0.026722893,0.026775124,0.9199424,0.026559595,0.9199424,True,True,0.8779904,0.7829787,226.0,191.0,False
d:\Research\Multi-View Fusion Network\datasets\brisc2025\classification_task\test\pituitary\brisc2025_test_00927_pi_sa_t1.jpg,pituitary,pituitary,sagittal,0.026439665,0.026841218,0.9201692,0.02654999,0.9201692,True,True,0.9497549,0.9044289,411.0,404.0,False
d:\Research\Multi-View Fusion Network\datasets\brisc2025\classification_task\test\pituitary\brisc2025_test_00928_pi_sa_t1.jpg,pituitary,pituitary,sagittal,0.026700774,0.027245944,0.9194582,0.02659501,0.9194582,True,True,0.8969404,0.81341106,302.0,318.0,False
d:\Research\Multi-View Fusion Network\datasets\brisc2025\classification_task\test\pituitary\brisc2025_test_00929_pi_sa_t1.jpg,pituitary,pituitary,sagittal,0.02658542,0.02680157,0.9201763,0.02643663,0.9201763,True,True,0.66201115,0.49583334,118.0,239.0,False
d:\Research\Multi-View Fusion Network\datasets\brisc2025\classification_task\test\pituitary\brisc2025_test_00930_pi_sa_t1.jpg,pituitary,pituitary,sagittal,0.026288806,0.027154904,0.9203095,0.02624677,0.9203095,True,True,0.8713592,0.77253217,207.0,204.0,False
d:\Research\Multi-View Fusion Network\datasets\brisc2025\classification_task\test\pituitary\brisc2025_test_00931_pi_sa_t1.jpg,pituitary,pituitary,sagittal,0.026901623,0.027215915,0.91902304,0.02685942,0.91902304,True,True,0.8606299,0.7555249,572.0,697.0,False
d:\Research\Multi-View Fusion Network\datasets\brisc2025\classification_task\test\pituitary\brisc2025_test_00932_pi_sa_t1.jpg,pituitary,pituitary,sagittal,0.026423067,0.026674371,0.92030007,0.026602516,0.92030007,True,True,0.7531144,0.6043557,334.0,548.0,False
d:\Research\Multi-View Fusion Network\datasets\brisc2025\classification_task\test\pituitary\brisc2025_test_00933_pi_sa_t1.jpg,pituitary,pituitary,sagittal,0.026404073,0.026493035,0.92105186,0.026051026,0.92105186,True,True,0.8705674,0.7711599,259.0,304.0,False
d:\Research\Multi-View Fusion Network\datasets\brisc2025\classification_task\test\pituitary\brisc2025_test_00934_pi_sa_t1.jpg,pituitary,pituitary,sagittal,0.02648492,0.026644561,0.9213662,0.02550434,0.9213662,True,True,0.943128,0.8924731,520.0,534.0,False
d:\Research\Multi-View Fusion Network\datasets\brisc2025\classification_task\test\pituitary\brisc2025_test_00935_pi_sa_t1.jpg,pituitary,pituitary,sagittal,0.026342766,0.027201483,0.92036724,0.026088474,0.92036724,True,True,0.9366812,0.88114756,238.0,219.0,False
d:\Research\Multi-View Fusion Network\datasets\brisc2025\classification_task\test\pituitary\brisc2025_test_00936_pi_sa_t1.jpg,pituitary,pituitary,sagittal,0.026814522,0.027103733,0.91938597,0.026695687,0.91938597,True,True,0.87341774,0.7761194,111.0,125.0,False
d:\Research\Multi-View Fusion Network\datasets\brisc2025\classification_task\test\pituitary\brisc2025_test_00937_pi_sa_t1.jpg,pituitary,pituitary,sagittal,0.026958138,0.02747258,0.9186038,0.026965583,0.9186038,True,True,0.9605873,0.9242199,632.0,661.0,False
d:\Research\Multi-View Fusion Network\datasets\brisc2025\classification_task\test\pituitary\brisc2025_test_00938_pi_sa_t1.jpg,pituitary,pituitary,sagittal,0.026753712,0.026710883,0.919884,0.026651349,0.919884,True,True,0.57417893,0.4031746,275.0,607.0,False
d:\Research\Multi-View Fusion Network\datasets\brisc2025\classification_task\test\pituitary\brisc2025_test_00939_pi_sa_t1.jpg,pituitary,pituitary,sagittal,0.0266324,0.026869453,0.9198555,0.026642624,0.9198555,True,True,0.85263157,0.74345547,291.0,373.0,False
d:\Research\Multi-View Fusion Network\datasets\brisc2025\classification_task\test\pituitary\brisc2025_test_00940_pi_sa_t1.jpg,pituitary,pituitary,sagittal,0.026654692,0.026847187,0.91995484,0.026543317,0.91995484,True,True,0.81402934,0.6868132,249.0,363.0,False
d:\Research\Multi-View Fusion Network\datasets\brisc2025\classification_task\test\pituitary\brisc2025_test_00941_pi_sa_t1.jpg,pituitary,pituitary,sagittal,0.026123215,0.02642731,0.92128766,0.026161825,0.92128766,True,True,0.8792614,0.7848101,321.0,382.0,False
d:\Research\Multi-View Fusion Network\datasets\brisc2025\classification_task\test\pituitary\brisc2025_test_00942_pi_sa_t1.jpg,pituitary,pituitary,sagittal,0.026743058,0.026181351,0.92212903,0.02494654,0.92212903,True,True,0.9537111,0.9115854,640.0,612.0,False
d:\Research\Multi-View Fusion Network\datasets\brisc2025\classification_task\test\pituitary\brisc2025_test_00943_pi_sa_t1.jpg,pituitary,pituitary,sagittal,0.026331076,0.026615003,0.921504,0.02554991,0.921504,True,True,0.8591731,0.75339365,353.0,420.0,False
d:\Research\Multi-View Fusion Network\datasets\brisc2025\classification_task\test\pituitary\brisc2025_test_00944_pi_sa_t1.jpg,pituitary,pituitary,sagittal,0.0267355,0.027046274,0.9197312,0.026487058,0.9197312,True,True,0.9201452,0.852349,261.0,289.0,False
d:\Research\Multi-View Fusion Network\datasets\brisc2025\classification_task\test\pituitary\brisc2025_test_00945_pi_sa_t1.jpg,pituitary,pituitary,sagittal,0.02692394,0.027855337,0.9187067,0.026514107,0.9187067,True,True,0.9095941,0.8344595,268.0,273.0,False
d:\Research\Multi-View Fusion Network\datasets\brisc2025\classification_task\test\pituitary\brisc2025_test_00946_pi_sa_t1.jpg,pituitary,pituitary,sagittal,0.026528088,0.026786115,0.92033935,0.026346453,0.92033935,True,True,0.9622222,0.9273504,225.0,224.0,False
d:\Research\Multi-View Fusion Network\datasets\brisc2025\classification_task\test\pituitary\brisc2025_test_00947_pi_sa_t1.jpg,pituitary,pituitary,sagittal,0.027091837,0.02670389,0.91945004,0.02675416,0.91945004,True,True,0.9198718,0.852071,163.0,148.0,False
d:\Research\Multi-View Fusion Network\datasets\brisc2025\classification_task\test\pituitary\brisc2025_test_00948_pi_sa_t1.jpg,pituitary,pituitary,sagittal,0.026456779,0.02630835,0.92103165,0.02620318,0.92103165,True,True,0.8333333,0.7146974,248.0,345.0,False
d:\Research\Multi-View Fusion Network\datasets\brisc2025\classification_task\test\pituitary\brisc2025_test_00949_pi_sa_t1.jpg,pituitary,pituitary,sagittal,0.026310714,0.025199452,0.9224596,0.02603022,0.9224596,True,True,0.95812273,0.9196676,670.0,714.0,False
d:\Research\Multi-View Fusion Network\datasets\brisc2025\classification_task\test\pituitary\brisc2025_test_00950_pi_sa_t1.jpg,pituitary,pituitary,sagittal,0.026423749,0.026630681,0.92136294,0.025582582,0.92136294,True,True,0.90136474,0.82054174,732.0,879.0,False
d:\Research\Multi-View Fusion Network\datasets\brisc2025\classification_task\test\pituitary\brisc2025_test_00951_pi_sa_t1.jpg,pituitary,pituitary,sagittal,0.02676444,0.0272403,0.91929406,0.026701164,0.91929406,True,True,0.89718616,0.8137255,422.0,501.0,False
d:\Research\Multi-View Fusion Network\datasets\brisc2025\classification_task\test\pituitary\brisc2025_test_00952_pi_sa_t1.jpg,pituitary,pituitary,sagittal,0.027066141,0.027874826,0.91828,0.02677897,0.91828,True,True,0.723741,0.5675676,253.0,441.0,False
d:\Research\Multi-View Fusion Network\datasets\brisc2025\classification_task\test\pituitary\brisc2025_test_00953_pi_sa_t1.jpg,pituitary,pituitary,sagittal,0.027021183,0.0275742,0.9184679,0.026936697,0.9184679,True,True,0.9479419,0.90114945,405.0,420.0,False
d:\Research\Multi-View Fusion Network\datasets\brisc2025\classification_task\test\pituitary\brisc2025_test_00954_pi_sa_t1.jpg,pituitary,pituitary,sagittal,0.026068557,0.025653714,0.92198116,0.026296517,0.92198116,True,True,0.84042555,0.7256098,140.0,141.0,False
d:\Research\Multi-View Fusion Network\datasets\brisc2025\classification_task\test\pituitary\brisc2025_test_00955_pi_sa_t1.jpg,pituitary,pituitary,sagittal,0.027596096,0.026234223,0.9209306,0.025239065,0.9209306,True,True,0.87205386,0.77380955,140.0,156.0,False
d:\Research\Multi-View Fusion Network\datasets\brisc2025\classification_task\test\pituitary\brisc2025_test_00956_pi_sa_t1.jpg,pituitary,pituitary,sagittal,0.026315099,0.026487056,0.9209556,0.026242325,0.9209556,True,True,0.916955,0.84713376,134.0,154.0,False
d:\Research\Multi-View Fusion Network\datasets\brisc2025\classification_task\test\pituitary\brisc2025_test_00957_pi_sa_t1.jpg,pituitary,pituitary,sagittal,0.027329383,0.02834027,0.91772294,0.02660736,0.91772294,True,True,0.9322034,0.87341774,147.0,147.0,False
d:\Research\Multi-View Fusion Network\datasets\brisc2025\classification_task\test\pituitary\brisc2025_test_00958_pi_sa_t1.jpg,pituitary,pituitary,sagittal,0.026558507,0.026761133,0.92050093,0.02617937,0.92050093,True,True,0.94413406,0.8943662,271.0,265.0,False
d:\Research\Multi-View Fusion Network\datasets\brisc2025\classification_task\test\pituitary\brisc2025_test_00959_pi_sa_t1.jpg,pituitary,pituitary,sagittal,0.026481736,0.02666502,0.920235,0.02661827,0.920235,True,True,0.90569395,0.8279221,281.0,280.0,False
d:\Research\Multi-View Fusion Network\datasets\brisc2025\classification_task\test\pituitary\brisc2025_test_00960_pi_sa_t1.jpg,pituitary,pituitary,sagittal,0.026367769,0.027698282,0.92001384,0.0259201,0.92001384,True,True,0.8240469,0.70149255,152.0,188.0,False
d:\Research\Multi-View Fusion Network\datasets\brisc2025\classification_task\test\pituitary\brisc2025_test_00961_pi_sa_t1.jpg,pituitary,pituitary,sagittal,0.026607597,0.027026998,0.9201472,0.026218213,0.9201472,True,True,0.9516519,0.9078341,612.0,628.0,False
d:\Research\Multi-View Fusion Network\datasets\brisc2025\classification_task\test\pituitary\brisc2025_test_00962_pi_sa_t1.jpg,pituitary,pituitary,sagittal,0.02722518,0.027557515,0.9185186,0.026698682,0.9185186,True,True,0.9316726,0.87217045,665.0,739.0,False
d:\Research\Multi-View Fusion Network\datasets\brisc2025\classification_task\test\pituitary\brisc2025_test_00963_pi_sa_t1.jpg,pituitary,pituitary,sagittal,0.027358815,0.027777594,0.9181431,0.026720423,0.9181431,True,True,0.9338061,0.8759232,619.0,649.0,False
d:\Research\Multi-View Fusion Network\datasets\brisc2025\classification_task\test\pituitary\brisc2025_test_00964_pi_sa_t1.jpg,pituitary,pituitary,sagittal,0.026446354,0.026784137,0.92042255,0.026346907,0.92042255,True,True,0.90387183,0.82481754,350.0,398.0,False
d:\Research\Multi-View Fusion Network\datasets\brisc2025\classification_task\test\pituitary\brisc2025_test_00965_pi_sa_t1.jpg,pituitary,pituitary,sagittal,0.02722531,0.027418282,0.9176913,0.0276651,0.9176913,True,True,0.94109195,0.8888889,335.0,360.0,False
d:\Research\Multi-View Fusion Network\datasets\brisc2025\classification_task\test\pituitary\brisc2025_test_00966_pi_sa_t1.jpg,pituitary,pituitary,sagittal,0.026836965,0.027052738,0.91927767,0.026832717,0.91927767,True,True,0.91516244,0.84385383,263.0,290.0,False
d:\Research\Multi-View Fusion Network\datasets\brisc2025\classification_task\test\pituitary\brisc2025_test_00967_pi_sa_t1.jpg,pituitary,pituitary,sagittal,0.026651198,0.026675608,0.9196672,0.027006004,0.9196672,True,True,0.9321839,0.8731183,410.0,459.0,False
d:\Research\Multi-View Fusion Network\datasets\brisc2025\classification_task\test\pituitary\brisc2025_test_00968_pi_sa_t1.jpg,pituitary,pituitary,sagittal,0.026216313,0.026271624,0.9213689,0.026143089,0.9213689,True,True,0.76057404,0.6138855,773.0,550.0,False
d:\Research\Multi-View Fusion Network\datasets\brisc2025\classification_task\test\pituitary\brisc2025_test_00969_pi_sa_t1.jpg,pituitary,pituitary,sagittal,0.026202092,0.026357401,0.92103124,0.026409198,0.92103124,True,True,0.91076624,0.83629894,541.0,489.0,False
d:\Research\Multi-View Fusion Network\datasets\brisc2025\classification_task\test\pituitary\brisc2025_test_00970_pi_sa_t1.jpg,pituitary,pituitary,sagittal,0.0251693,0.02532525,0.92342174,0.026083598,0.92342174,True,True,0.7552611,0.60700876,778.0,504.0,False
d:\Research\Multi-View Fusion Network\datasets\brisc2025\classification_task\test\pituitary\brisc2025_test_00971_pi_sa_t1.jpg,pituitary,pituitary,sagittal,0.02650249,0.027064703,0.91966474,0.026768101,0.91966474,True,True,0.8305882,0.7108434,228.0,196.0,False
d:\Research\Multi-View Fusion Network\datasets\brisc2025\classification_task\test\pituitary\brisc2025_test_00972_pi_sa_t1.jpg,pituitary,pituitary,sagittal,0.026686555,0.026739176,0.91935825,0.027216086,0.91935825,True,True,0.87225705,0.7736111,600.0,675.0,False
d:\Research\Multi-View Fusion Network\datasets\brisc2025\classification_task\test\pituitary\brisc2025_test_00973_pi_sa_t1.jpg,pituitary,pituitary,sagittal,0.026353808,0.026811045,0.9205842,0.026250932,0.9205842,True,True,0.96493375,0.9322568,2443.0,2461.0,False
d:\Research\Multi-View Fusion Network\datasets\brisc2025\classification_task\test\pituitary\brisc2025_test_00974_pi_sa_t1.jpg,pituitary,meningioma,sagittal,0.033984743,0.8821784,0.05246852,0.031368233,0.8821784,False,True,0.92786294,0.8655462,580.0,528.0,False
d:\Research\Multi-View Fusion Network\datasets\brisc2025\classification_task\test\pituitary\brisc2025_test_00975_pi_sa_t1.jpg,pituitary,pituitary,sagittal,0.026473496,0.026965445,0.92034805,0.02621308,0.92034805,True,True,0.93736386,0.8821721,911.0,924.0,False
d:\Research\Multi-View Fusion Network\datasets\brisc2025\classification_task\test\pituitary\brisc2025_test_00976_pi_sa_t1.jpg,pituitary,pituitary,sagittal,0.026671188,0.026980188,0.92015797,0.026190663,0.92015797,True,True,0.8233831,0.7004219,205.0,196.0,False
d:\Research\Multi-View Fusion Network\datasets\brisc2025\classification_task\test\pituitary\brisc2025_test_00977_pi_sa_t1.jpg,pituitary,pituitary,sagittal,0.026713813,0.02623396,0.9206466,0.026405616,0.9206466,True,True,0.9064246,0.82908165,340.0,375.0,False
d:\Research\Multi-View Fusion Network\datasets\brisc2025\classification_task\test\pituitary\brisc2025_test_00978_pi_sa_t1.jpg,pituitary,pituitary,sagittal,0.027084814,0.026951216,0.9196826,0.026281375,0.9196826,True,True,0.94749403,0.9004525,213.0,205.0,False
d:\Research\Multi-View Fusion Network\datasets\brisc2025\classification_task\test\pituitary\brisc2025_test_00979_pi_sa_t1.jpg,pituitary,pituitary,sagittal,0.027016455,0.026526991,0.91988057,0.026576014,0.91988057,True,True,0.8981818,0.81578946,145.0,129.0,False
d:\Research\Multi-View Fusion Network\datasets\brisc2025\classification_task\test\pituitary\brisc2025_test_00980_pi_sa_t1.jpg,pituitary,pituitary,sagittal,0.0266808,0.027147397,0.9193782,0.026793616,0.9193782,True,True,0.9054054,0.8278689,104.0,117.0,False
d:\Research\Multi-View Fusion Network\datasets\brisc2025\classification_task\test\pituitary\brisc2025_test_00981_pi_sa_t1.jpg,pituitary,pituitary,sagittal,0.026785003,0.026997017,0.9196933,0.026524734,0.9196933,True,True,0.8971631,0.8141026,132.0,149.0,False
d:\Research\Multi-View Fusion Network\datasets\brisc2025\classification_task\test\pituitary\brisc2025_test_00982_pi_sa_t1.jpg,pituitary,pituitary,sagittal,0.026611025,0.026871849,0.9201983,0.026318854,0.9201983,True,True,0.6833977,0.5204678,89.0,169.0,False
d:\Research\Multi-View Fusion Network\datasets\brisc2025\classification_task\test\pituitary\brisc2025_test_00983_pi_sa_t1.jpg,pituitary,pituitary,sagittal,0.026618117,0.02633037,0.92096937,0.026082117,0.92096937,True,True,0.9443366,0.89460784,751.0,793.0,False
d:\Research\Multi-View Fusion Network\datasets\brisc2025\classification_task\test\pituitary\brisc2025_test_00984_pi_sa_t1.jpg,pituitary,pituitary,sagittal,0.026345763,0.026631633,0.920008,0.02701466,0.920008,True,True,0.85515726,0.74712646,653.0,713.0,False
d:\Research\Multi-View Fusion Network\datasets\brisc2025\classification_task\test\pituitary\brisc2025_test_00985_pi_sa_t1.jpg,pituitary,pituitary,sagittal,0.026619488,0.026984042,0.9195915,0.026804969,0.9195915,True,True,0.8652257,0.762598,880.0,692.0,False
d:\Research\Multi-View Fusion Network\datasets\brisc2025\classification_task\test\pituitary\brisc2025_test_00986_pi_sa_t1.jpg,pituitary,pituitary,sagittal,0.026950728,0.027382543,0.9189256,0.02674118,0.9189256,True,True,0.7784615,0.6381909,129.0,195.0,False
d:\Research\Multi-View Fusion Network\datasets\brisc2025\classification_task\test\pituitary\brisc2025_test_00987_pi_sa_t1.jpg,pituitary,pituitary,sagittal,0.025895892,0.02608051,0.9220002,0.026023373,0.9220002,True,True,0.8895349,0.80139375,229.0,286.0,False
d:\Research\Multi-View Fusion Network\datasets\brisc2025\classification_task\test\pituitary\brisc2025_test_00988_pi_sa_t1.jpg,pituitary,pituitary,sagittal,0.026604915,0.026832417,0.9195443,0.027018456,0.9195443,True,True,0.8814433,0.78899086,96.0,97.0,False
d:\Research\Multi-View Fusion Network\datasets\brisc2025\classification_task\test\pituitary\brisc2025_test_00989_pi_sa_t1.jpg,pituitary,pituitary,sagittal,0.026384195,0.027085042,0.91952765,0.027003136,0.91952765,True,True,0.90822786,0.8323699,156.0,159.0,False
d:\Research\Multi-View Fusion Network\datasets\brisc2025\classification_task\test\pituitary\brisc2025_test_00990_pi_sa_t1.jpg,pituitary,pituitary,sagittal,0.028220851,0.025926327,0.9199754,0.0258774,0.9199754,True,True,0.9425414,0.8914405,437.0,467.0,False
d:\Research\Multi-View Fusion Network\datasets\brisc2025\classification_task\test\pituitary\brisc2025_test_00991_pi_sa_t1.jpg,pituitary,pituitary,sagittal,0.02757644,0.027238248,0.9196958,0.02548941,0.9196958,True,True,0.807309,0.67777777,121.0,179.0,False
d:\Research\Multi-View Fusion Network\datasets\brisc2025\classification_task\test\pituitary\brisc2025_test_00992_pi_sa_t1.jpg,pituitary,pituitary,sagittal,0.026776092,0.027320787,0.91920805,0.026695099,0.91920805,True,True,0.49115044,0.32748538,55.0,170.0,False
d:\Research\Multi-View Fusion Network\datasets\brisc2025\classification_task\test\pituitary\brisc2025_test_00993_pi_sa_t1.jpg,pituitary,pituitary,sagittal,0.025514854,0.029989256,0.9201906,0.024305278,0.9201906,True,True,0.9610927,0.9251592,618.0,589.0,False
d:\Research\Multi-View Fusion Network\datasets\brisc2025\classification_task\test\pituitary\brisc2025_test_00994_pi_sa_t1.jpg,pituitary,pituitary,sagittal,0.027377328,0.027430339,0.9178517,0.027340712,0.9178517,True,True,0.9061728,0.8288288,193.0,211.0,False
d:\Research\Multi-View Fusion Network\datasets\brisc2025\classification_task\test\pituitary\brisc2025_test_00995_pi_sa_t1.jpg,pituitary,pituitary,sagittal,0.026536228,0.025965203,0.9216623,0.025836265,0.9216623,True,True,0.9361949,0.8801743,430.0,431.0,False
d:\Research\Multi-View Fusion Network\datasets\brisc2025\classification_task\test\pituitary\brisc2025_test_00996_pi_sa_t1.jpg,pituitary,pituitary,sagittal,0.093082175,0.04175782,0.8271748,0.037985187,0.8271748,True,True,0.60774195,0.43703705,530.0,244.0,False
d:\Research\Multi-View Fusion Network\datasets\brisc2025\classification_task\test\pituitary\brisc2025_test_00997_pi_sa_t1.jpg,pituitary,pituitary,sagittal,0.026763517,0.026968526,0.9188772,0.027390867,0.9188772,True,True,0.9669285,0.936,1182.0,1236.0,False
d:\Research\Multi-View Fusion Network\datasets\brisc2025\classification_task\test\pituitary\brisc2025_test_00998_pi_sa_t1.jpg,pituitary,pituitary,sagittal,0.02698778,0.026595477,0.9190591,0.027357657,0.9190591,True,True,0.92270863,0.856599,724.0,737.0,False
d:\Research\Multi-View Fusion Network\datasets\brisc2025\classification_task\test\pituitary\brisc2025_test_00999_pi_sa_t1.jpg,pituitary,pituitary,sagittal,0.026784299,0.026849762,0.91980946,0.026556455,0.91980946,True,True,0.962017,0.92686003,746.0,780.0,False
d:\Research\Multi-View Fusion Network\datasets\brisc2025\classification_task\test\pituitary\brisc2025_test_01000_pi_sa_t1.jpg,pituitary,pituitary,sagittal,0.027027983,0.02689963,0.91883266,0.027239703,0.91883266,True,True,0.9712023,0.9440559,698.0,690.0,False
