patient_id,path,dice,iou,sensitivity,specificity,precision,hd95,is_empty,pred_area,gt_area,hallucinated
Patient#1,D:\Research\Multi-View Fusion Network\datasets\AJBDS-2023_extracted\AJBDS-2023\Training\Patient#1\Patient#1\input\IMG-0001-00001.jpg,1.0,1.0,1.0,1.0,1.0,,True,0.0,0.0,False
Patient#1,D:\Research\Multi-View Fusion Network\datasets\AJBDS-2023_extracted\AJBDS-2023\Training\Patient#1\Patient#1\input\IMG-0001-00002.jpg,1.886792411198712e-08,1.886792411198712e-08,1.0,0.9989437460899352,1.886792411198712e-08,,True,53.0,0.0,True
Patient#1,D:\Research\Multi-View Fusion Network\datasets\AJBDS-2023_extracted\AJBDS-2023\Training\Patient#1\Patient#1\input\IMG-0001-00003.jpg,1.0,1.0,1.0,1.0,1.0,,True,0.0,0.0,False
Patient#1,D:\Research\Multi-View Fusion Network\datasets\AJBDS-2023_extracted\AJBDS-2023\Training\Patient#1\Patient#1\input\IMG-0001-00004.jpg,1.0,1.0,1.0,1.0,1.0,,True,0.0,0.0,False
Patient#1,D:\Research\Multi-View Fusion Network\datasets\AJBDS-2023_extracted\AJBDS-2023\Training\Patient#1\Patient#1\input\IMG-0001-00005.jpg,1.0,1.0,1.0,1.0,1.0,,True,0.0,0.0,False
Patient#1,D:\Research\Multi-View Fusion Network\datasets\AJBDS-2023_extracted\AJBDS-2023\Training\Patient#1\Patient#1\input\IMG-0001-00006.jpg,1.0,1.0,1.0,1.0,1.0,,True,0.0,0.0,False
Patient#1,D:\Research\Multi-View Fusion Network\datasets\AJBDS-2023_extracted\AJBDS-2023\Training\Patient#1\Patient#1\input\IMG-0001-00007.jpg,3.289473582412938e-09,3.289473582412938e-09,1.0,0.9939413070678712,3.289473582412938e-09,,True,304.0,0.0,True
Patient#1,D:\Research\Multi-View Fusion Network\datasets\AJBDS-2023_extracted\AJBDS-2023\Training\Patient#1\Patient#1\input\IMG-0001-00008.jpg,5.434782401891881e-09,5.434782401891881e-09,1.0,0.9963328838348388,5.434782401891881e-09,,True,184.0,0.0,True
Patient#1,D:\Research\Multi-View Fusion Network\datasets\AJBDS-2023_extracted\AJBDS-2023\Training\Patient#1\Patient#1\input\IMG-0001-00009.jpg,1.0,1.0,1.0,1.0,1.0,,True,0.0,0.0,False
Patient#1,D:\Research\Multi-View Fusion Network\datasets\AJBDS-2023_extracted\AJBDS-2023\Training\Patient#1\Patient#1\input\IMG-0001-00010.jpg,1.0,1.0,1.0,1.0,1.0,,True,0.0,0.0,False
Patient#1,D:\Research\Multi-View Fusion Network\datasets\AJBDS-2023_extracted\AJBDS-2023\Training\Patient#1\Patient#1\input\IMG-0001-00011.jpg,1.0,1.0,1.0,1.0,1.0,,True,0.0,0.0,False
Patient#1,D:\Research\Multi-View Fusion Network\datasets\AJBDS-2023_extracted\AJBDS-2023\Training\Patient#1\Patient#1\input\IMG-0001-00012.jpg,1.0,1.0,1.0,1.0,1.0,,True,0.0,0.0,False
Patient#1,D:\Research\Multi-View Fusion Network\datasets\AJBDS-2023_extracted\AJBDS-2023\Training\Patient#1\Patient#1\input\IMG-0001-00013.jpg,1.666666626931601e-08,1.666666626931601e-08,1.0,0.998804211616516,1.666666626931601e-08,,True,60.0,0.0,True
Patient#1,D:\Research\Multi-View Fusion Network\datasets\AJBDS-2023_extracted\AJBDS-2023\Training\Patient#1\Patient#1\input\IMG-0001-00014.jpg,1.0,1.0,1.0,1.0,1.0,,True,0.0,0.0,False
Patient#1,D:\Research\Multi-View Fusion Network\datasets\AJBDS-2023_extracted\AJBDS-2023\Training\Patient#1\Patient#1\input\IMG-0001-00017.jpg,1.0,1.0,1.0,1.0,1.0,,True,0.0,0.0,False
Patient#1,D:\Research\Multi-View Fusion Network\datasets\AJBDS-2023_extracted\AJBDS-2023\Training\Patient#1\Patient#1\input\IMG-0001-00018.jpg,1.0,1.0,1.0,1.0,1.0,,True,0.0,0.0,False
Patient#1,D:\Research\Multi-View Fusion Network\datasets\AJBDS-2023_extracted\AJBDS-2023\Training\Patient#1\Patient#1\input\IMG-0001-00019.jpg,1.0,1.0,1.0,1.0,1.0,,True,0.0,0.0,False
Patient#1,D:\Research\Multi-View Fusion Network\datasets\AJBDS-2023_extracted\AJBDS-2023\Training\Patient#1\Patient#1\input\IMG-0001-00020.jpg,1.3812154753267691e-09,1.3812154753267691e-09,1.0,0.985570788383484,1.3812154753267691e-09,,True,724.0,0.0,True
Patient#1,D:\Research\Multi-View Fusion Network\datasets\AJBDS-2023_extracted\AJBDS-2023\Training\Patient#1\Patient#1\input\IMG-0002-00001.jpg,2.1413275597126358e-09,2.1413275597126358e-09,1.0,0.9906927347183228,2.1413275597126358e-09,,True,467.0,0.0,True
Patient#1,D:\Research\Multi-View Fusion Network\datasets\AJBDS-2023_extracted\AJBDS-2023\Training\Patient#1\Patient#1\input\IMG-0002-00002.jpg,1.1723328974255762e-09,1.1723328974255762e-09,1.0,0.982999861240387,1.1723328974255762e-09,,True,853.0,0.0,True
Patient#1,D:\Research\Multi-View Fusion Network\datasets\AJBDS-2023_extracted\AJBDS-2023\Training\Patient#1\Patient#1\input\IMG-0002-00003.jpg,1.0,1.0,1.0,1.0,1.0,,True,0.0,0.0,False
Patient#1,D:\Research\Multi-View Fusion Network\datasets\AJBDS-2023_extracted\AJBDS-2023\Training\Patient#1\Patient#1\input\IMG-0002-00004.jpg,4.484304927387939e-09,4.484304927387939e-09,1.0,0.9955556392669678,4.484304927387939e-09,,True,223.0,0.0,True
Patient#1,D:\Research\Multi-View Fusion Network\datasets\AJBDS-2023_extracted\AJBDS-2023\Training\Patient#1\Patient#1\input\IMG-0002-00005.jpg,2.1231423286138806e-09,2.1231423286138806e-09,1.0,0.990613043308258,2.1231423286138806e-09,,True,471.0,0.0,True
Patient#1,D:\Research\Multi-View Fusion Network\datasets\AJBDS-2023_extracted\AJBDS-2023\Training\Patient#1\Patient#1\input\IMG-0002-00006.jpg,5.181347351168597e-09,5.181347351168597e-09,1.0,0.9961535334587096,5.181347351168597e-09,,True,193.0,0.0,True
Patient#1,D:\Research\Multi-View Fusion Network\datasets\AJBDS-2023_extracted\AJBDS-2023\Training\Patient#1\Patient#1\input\IMG-0002-00009.jpg,1.0638298242326982e-08,1.0638298242326982e-08,1.0,0.9981265664100648,1.0638298242326982e-08,,True,94.0,0.0,True
Patient#1,D:\Research\Multi-View Fusion Network\datasets\AJBDS-2023_extracted\AJBDS-2023\Training\Patient#1\Patient#1\input\IMG-0002-00010.jpg,5.6497175826564225e-09,5.6497175826564225e-09,1.0,0.996472418308258,5.6497175826564225e-09,,True,177.0,0.0,True
Patient#1,D:\Research\Multi-View Fusion Network\datasets\AJBDS-2023_extracted\AJBDS-2023\Training\Patient#1\Patient#1\input\IMG-0002-00011.jpg,2.5641025303002607e-08,2.5641025303002607e-08,1.0,0.9992227554321288,2.5641025303002607e-08,,True,39.0,0.0,True
Patient#1,D:\Research\Multi-View Fusion Network\datasets\AJBDS-2023_extracted\AJBDS-2023\Training\Patient#1\Patient#1\input\IMG-0002-00012.jpg,1.0,1.0,1.0,1.0,1.0,,True,0.0,0.0,False
Patient#1,D:\Research\Multi-View Fusion Network\datasets\AJBDS-2023_extracted\AJBDS-2023\Training\Patient#1\Patient#1\input\IMG-0002-00013.jpg,4.6948356313691875e-09,4.6948356313691875e-09,1.0,0.9957549571990968,4.6948356313691875e-09,,True,213.0,0.0,True
Patient#1,D:\Research\Multi-View Fusion Network\datasets\AJBDS-2023_extracted\AJBDS-2023\Training\Patient#1\Patient#1\input\IMG-0002-00014.jpg,1.4064697184679176e-09,1.4064697184679176e-09,1.0,0.9858298897743224,1.4064697184679176e-09,,True,711.0,0.0,True
Patient#1,D:\Research\Multi-View Fusion Network\datasets\AJBDS-2023_extracted\AJBDS-2023\Training\Patient#1\Patient#1\input\IMG-0002-00015.jpg,4.219409266426055e-09,4.219409266426055e-09,1.0,0.9952766299247742,4.219409266426055e-09,,True,237.0,0.0,True
Patient#1,D:\Research\Multi-View Fusion Network\datasets\AJBDS-2023_extracted\AJBDS-2023\Training\Patient#1\Patient#1\input\IMG-0002-00016.jpg,3.846153617814707e-08,3.846153617814707e-08,1.0,0.9994817972183228,3.846153617814707e-08,,True,26.0,0.0,True
Patient#1,D:\Research\Multi-View Fusion Network\datasets\AJBDS-2023_extracted\AJBDS-2023\Training\Patient#1\Patient#1\input\IMG-0002-00017.jpg,2.7700830518284647e-09,2.7700830518284647e-09,1.0,0.9928053021430968,2.7700830518284647e-09,,True,361.0,0.0,True
Patient#1,D:\Research\Multi-View Fusion Network\datasets\AJBDS-2023_extracted\AJBDS-2023\Training\Patient#1\Patient#1\input\IMG-0002-00018.jpg,1.0,1.0,1.0,1.0,1.0,,True,0.0,0.0,False
Patient#1,D:\Research\Multi-View Fusion Network\datasets\AJBDS-2023_extracted\AJBDS-2023\Training\Patient#1\Patient#1\input\IMG-0002-00019.jpg,1.0,1.0,1.0,1.0,1.0,,True,0.0,0.0,False
Patient#1,D:\Research\Multi-View Fusion Network\datasets\AJBDS-2023_extracted\AJBDS-2023\Training\Patient#1\Patient#1\input\IMG-0002-00020.jpg,1.0,1.0,1.0,1.0,1.0,,True,0.0,0.0,False
Patient#1,D:\Research\Multi-View Fusion Network\datasets\AJBDS-2023_extracted\AJBDS-2023\Training\Patient#1\Patient#1\input\IMG-0003-00001.jpg,1.0,1.0,1.0,1.0,1.0,,True,0.0,0.0,False
Patient#1,D:\Research\Multi-View Fusion Network\datasets\AJBDS-2023_extracted\AJBDS-2023\Training\Patient#1\Patient#1\input\IMG-0003-00002.jpg,6.5359477829929355e-09,6.5359477829929355e-09,1.0,0.9969507455825806,6.5359477829929355e-09,,True,153.0,0.0,True
Patient#1,D:\Research\Multi-View Fusion Network\datasets\AJBDS-2023_extracted\AJBDS-2023\Training\Patient#1\Patient#1\input\IMG-0003-00003.jpg,9.090908292819223e-08,9.090908292819223e-08,1.0,0.999780774116516,9.090908292819223e-08,,True,11.0,0.0,True
Patient#1,D:\Research\Multi-View Fusion Network\datasets\AJBDS-2023_extracted\AJBDS-2023\Training\Patient#1\Patient#1\input\IMG-0003-00004.jpg,1.0,1.0,1.0,1.0,1.0,,True,0.0,0.0,False
Patient#1,D:\Research\Multi-View Fusion Network\datasets\AJBDS-2023_extracted\AJBDS-2023\Training\Patient#1\Patient#1\input\IMG-0003-00005.jpg,1.0,1.0,1.0,1.0,1.0,,True,0.0,0.0,False
Patient#1,D:\Research\Multi-View Fusion Network\datasets\AJBDS-2023_extracted\AJBDS-2023\Training\Patient#1\Patient#1\input\IMG-0003-00006.jpg,5.952380810470004e-09,5.952380810470004e-09,1.0,0.9966517686843872,5.952380810470004e-09,,True,168.0,0.0,True
Patient#1,D:\Research\Multi-View Fusion Network\datasets\AJBDS-2023_extracted\AJBDS-2023\Training\Patient#1\Patient#1\input\IMG-0003-00009.jpg,1.0,1.0,1.0,1.0,1.0,,True,0.0,0.0,False
Patient#1,D:\Research\Multi-View Fusion Network\datasets\AJBDS-2023_extracted\AJBDS-2023\Training\Patient#1\Patient#1\input\IMG-0003-00010.jpg,1.0,1.0,1.0,1.0,1.0,,True,0.0,0.0,False
Patient#1,D:\Research\Multi-View Fusion Network\datasets\AJBDS-2023_extracted\AJBDS-2023\Training\Patient#1\Patient#1\input\IMG-0003-00011.jpg,1.0,1.0,1.0,1.0,1.0,,True,0.0,0.0,False
Patient#1,D:\Research\Multi-View Fusion Network\datasets\AJBDS-2023_extracted\AJBDS-2023\Training\Patient#1\Patient#1\input\IMG-0003-00012.jpg,1.0,1.0,1.0,1.0,1.0,,True,0.0,0.0,False
Patient#1,D:\Research\Multi-View Fusion Network\datasets\AJBDS-2023_extracted\AJBDS-2023\Training\Patient#1\Patient#1\input\IMG-0003-00013.jpg,1.0,1.0,1.0,1.0,1.0,,True,0.0,0.0,False
Patient#1,D:\Research\Multi-View Fusion Network\datasets\AJBDS-2023_extracted\AJBDS-2023\Training\Patient#1\Patient#1\input\IMG-0003-00014.jpg,1.0,1.0,1.0,1.0,1.0,,True,0.0,0.0,False
Patient#1,D:\Research\Multi-View Fusion Network\datasets\AJBDS-2023_extracted\AJBDS-2023\Training\Patient#1\Patient#1\input\IMG-0003-00015.jpg,1.0,1.0,1.0,1.0,1.0,,True,0.0,0.0,False
Patient#1,D:\Research\Multi-View Fusion Network\datasets\AJBDS-2023_extracted\AJBDS-2023\Training\Patient#1\Patient#1\input\IMG-0003-00016.jpg,1.0,1.0,1.0,1.0,1.0,,True,0.0,0.0,False
Patient#1,D:\Research\Multi-View Fusion Network\datasets\AJBDS-2023_extracted\AJBDS-2023\Training\Patient#1\Patient#1\input\IMG-0003-00017.jpg,1.0,1.0,1.0,1.0,1.0,,True,0.0,0.0,False
Patient#1,D:\Research\Multi-View Fusion Network\datasets\AJBDS-2023_extracted\AJBDS-2023\Training\Patient#1\Patient#1\input\IMG-0003-00018.jpg,1.0,1.0,1.0,1.0,1.0,,True,0.0,0.0,False
Patient#1,D:\Research\Multi-View Fusion Network\datasets\AJBDS-2023_extracted\AJBDS-2023\Training\Patient#1\Patient#1\input\IMG-0003-00019.jpg,4.995004965202553e-10,4.995004965202553e-10,1.0,0.9601004719734192,4.995004965202553e-10,,True,2002.0,0.0,True
Patient#1,D:\Research\Multi-View Fusion Network\datasets\AJBDS-2023_extracted\AJBDS-2023\Training\Patient#1\Patient#1\input\IMG-0003-00020.jpg,7.1428569725640045e-09,7.1428569725640045e-09,1.0,0.9972098469734192,7.1428569725640045e-09,,True,140.0,0.0,True
Patient#1,D:\Research\Multi-View Fusion Network\datasets\AJBDS-2023_extracted\AJBDS-2023\Training\Patient#1\Patient#1\input\IMG-0004-00001.jpg,1.0,1.0,1.0,1.0,1.0,,True,0.0,0.0,False
Patient#1,D:\Research\Multi-View Fusion Network\datasets\AJBDS-2023_extracted\AJBDS-2023\Training\Patient#1\Patient#1\input\IMG-0004-00002.jpg,1.0,1.0,1.0,1.0,1.0,,True,0.0,0.0,False
Patient#1,D:\Research\Multi-View Fusion Network\datasets\AJBDS-2023_extracted\AJBDS-2023\Training\Patient#1\Patient#1\input\IMG-0004-00003.jpg,1.0,1.0,1.0,1.0,1.0,,True,0.0,0.0,False
Patient#1,D:\Research\Multi-View Fusion Network\datasets\AJBDS-2023_extracted\AJBDS-2023\Training\Patient#1\Patient#1\input\IMG-0004-00004.jpg,3.52112672352689e-09,3.52112672352689e-09,1.0,0.9943399429321288,3.52112672352689e-09,,True,284.0,0.0,True
Patient#1,D:\Research\Multi-View Fusion Network\datasets\AJBDS-2023_extracted\AJBDS-2023\Training\Patient#1\Patient#1\input\IMG-0004-00005.jpg,3.571428308646318e-08,3.571428308646318e-08,1.0,0.9994419813156128,3.571428308646318e-08,,True,28.0,0.0,True
Patient#1,D:\Research\Multi-View Fusion Network\datasets\AJBDS-2023_extracted\AJBDS-2023\Training\Patient#1\Patient#1\input\IMG-0004-00006.jpg,4.048582802340661e-09,4.048582802340661e-09,1.0,0.9950773119926452,4.048582802340661e-09,,True,247.0,0.0,True
Patient#1,D:\Research\Multi-View Fusion Network\datasets\AJBDS-2023_extracted\AJBDS-2023\Training\Patient#1\Patient#1\input\IMG-0004-00009.jpg,1.0,1.0,1.0,1.0,1.0,,True,0.0,0.0,False
Patient#1,D:\Research\Multi-View Fusion Network\datasets\AJBDS-2023_extracted\AJBDS-2023\Training\Patient#1\Patient#1\input\IMG-0004-00010.jpg,1.0,1.0,1.0,1.0,1.0,,True,0.0,0.0,False
Patient#1,D:\Research\Multi-View Fusion Network\datasets\AJBDS-2023_extracted\AJBDS-2023\Training\Patient#1\Patient#1\input\IMG-0004-00011.jpg,1.0,1.0,1.0,1.0,1.0,,True,0.0,0.0,False
Patient#1,D:\Research\Multi-View Fusion Network\datasets\AJBDS-2023_extracted\AJBDS-2023\Training\Patient#1\Patient#1\input\IMG-0004-00012.jpg,1.0,1.0,1.0,1.0,1.0,,True,0.0,0.0,False
Patient#1,D:\Research\Multi-View Fusion Network\datasets\AJBDS-2023_extracted\AJBDS-2023\Training\Patient#1\Patient#1\input\IMG-0004-00013.jpg,1.0,1.0,1.0,1.0,1.0,,True,0.0,0.0,False
Patient#1,D:\Research\Multi-View Fusion Network\datasets\AJBDS-2023_extracted\AJBDS-2023\Training\Patient#1\Patient#1\input\IMG-0004-00014.jpg,1.0,1.0,1.0,1.0,1.0,,True,0.0,0.0,False
Patient#1,D:\Research\Multi-View Fusion Network\datasets\AJBDS-2023_extracted\AJBDS-2023\Training\Patient#1\Patient#1\input\IMG-0004-00015.jpg,1.0,1.0,1.0,1.0,1.0,,True,0.0,0.0,False
Patient#1,D:\Research\Multi-View Fusion Network\datasets\AJBDS-2023_extracted\AJBDS-2023\Training\Patient#1\Patient#1\input\IMG-0004-00016.jpg,1.0,1.0,1.0,1.0,1.0,,True,0.0,0.0,False
Patient#1,D:\Research\Multi-View Fusion Network\datasets\AJBDS-2023_extracted\AJBDS-2023\Training\Patient#1\Patient#1\input\IMG-0004-00017.jpg,1.0,1.0,1.0,1.0,1.0,,True,0.0,0.0,False
Patient#1,D:\Research\Multi-View Fusion Network\datasets\AJBDS-2023_extracted\AJBDS-2023\Training\Patient#1\Patient#1\input\IMG-0004-00018.jpg,1.0,1.0,1.0,1.0,1.0,,True,0.0,0.0,False
Patient#1,D:\Research\Multi-View Fusion Network\datasets\AJBDS-2023_extracted\AJBDS-2023\Training\Patient#1\Patient#1\input\IMG-0004-00019.jpg,1.6977929062633732e-09,1.6977929062633732e-09,1.0,0.988261342048645,1.6977929062633732e-09,,True,589.0,0.0,True
Patient#1,D:\Research\Multi-View Fusion Network\datasets\AJBDS-2023_extracted\AJBDS-2023\Training\Patient#1\Patient#1\input\IMG-0004-00020.jpg,1.0,1.0,1.0,1.0,1.0,,True,0.0,0.0,False
Patient#1,D:\Research\Multi-View Fusion Network\datasets\AJBDS-2023_extracted\AJBDS-2023\Training\Patient#1\Patient#1\input\IMG-0005-00001.jpg,2.1276596040564755e-09,2.1276596040564755e-09,1.0,0.990632951259613,2.1276596040564755e-09,,True,470.0,0.0,True
Patient#1,D:\Research\Multi-View Fusion Network\datasets\AJBDS-2023_extracted\AJBDS-2023\Training\Patient#1\Patient#1\input\IMG-0005-00002.jpg,1.0775862424594607e-09,1.0775862424594607e-09,1.0,0.9815050959587096,1.0775862424594607e-09,,True,928.0,0.0,True
Patient#1,D:\Research\Multi-View Fusion Network\datasets\AJBDS-2023_extracted\AJBDS-2023\Training\Patient#1\Patient#1\input\IMG-0005-00003.jpg,3.579098128980718e-10,3.579098128980718e-10,1.0,0.944316029548645,3.579098128980718e-10,,True,2794.0,0.0,True
Patient#1,D:\Research\Multi-View Fusion Network\datasets\AJBDS-2023_extracted\AJBDS-2023\Training\Patient#1\Patient#1\input\IMG-0005-00004.jpg,2.6089225224623647e-10,2.6089225224623647e-10,1.0,0.923608899116516,2.6089225224623647e-10,,True,3833.0,0.0,True
Patient#1,D:\Research\Multi-View Fusion Network\datasets\AJBDS-2023_extracted\AJBDS-2023\Training\Patient#1\Patient#1\input\IMG-0005-00005.jpg,1.0,1.0,1.0,1.0,1.0,,True,0.0,0.0,False
Patient#1,D:\Research\Multi-View Fusion Network\datasets\AJBDS-2023_extracted\AJBDS-2023\Training\Patient#1\Patient#1\input\IMG-0005-00006.jpg,1.0,1.0,1.0,1.0,1.0,,True,0.0,0.0,False
Patient#1,D:\Research\Multi-View Fusion Network\datasets\AJBDS-2023_extracted\AJBDS-2023\Training\Patient#1\Patient#1\input\IMG-0005-00009.jpg,1.0,1.0,1.0,1.0,1.0,,True,0.0,0.0,False
Patient#1,D:\Research\Multi-View Fusion Network\datasets\AJBDS-2023_extracted\AJBDS-2023\Training\Patient#1\Patient#1\input\IMG-0005-00010.jpg,1.0,1.0,1.0,1.0,1.0,,True,0.0,0.0,False
Patient#1,D:\Research\Multi-View Fusion Network\datasets\AJBDS-2023_extracted\AJBDS-2023\Training\Patient#1\Patient#1\input\IMG-0005-00011.jpg,1.0,1.0,1.0,1.0,1.0,,True,0.0,0.0,False
Patient#1,D:\Research\Multi-View Fusion Network\datasets\AJBDS-2023_extracted\AJBDS-2023\Training\Patient#1\Patient#1\input\IMG-0005-00012.jpg,1.0,1.0,1.0,1.0,1.0,,True,0.0,0.0,False
Patient#1,D:\Research\Multi-View Fusion Network\datasets\AJBDS-2023_extracted\AJBDS-2023\Training\Patient#1\Patient#1\input\IMG-0005-00013.jpg,1.0,1.0,1.0,1.0,1.0,,True,0.0,0.0,False
Patient#1,D:\Research\Multi-View Fusion Network\datasets\AJBDS-2023_extracted\AJBDS-2023\Training\Patient#1\Patient#1\input\IMG-0005-00014.jpg,1.0,1.0,1.0,1.0,1.0,,True,0.0,0.0,False
Patient#1,D:\Research\Multi-View Fusion Network\datasets\AJBDS-2023_extracted\AJBDS-2023\Training\Patient#1\Patient#1\input\IMG-0005-00015.jpg,1.0,1.0,1.0,1.0,1.0,,True,0.0,0.0,False
Patient#1,D:\Research\Multi-View Fusion Network\datasets\AJBDS-2023_extracted\AJBDS-2023\Training\Patient#1\Patient#1\input\IMG-0005-00016.jpg,1.0,1.0,1.0,1.0,1.0,,True,0.0,0.0,False
Patient#1,D:\Research\Multi-View Fusion Network\datasets\AJBDS-2023_extracted\AJBDS-2023\Training\Patient#1\Patient#1\input\IMG-0005-00017.jpg,1.0,1.0,1.0,1.0,1.0,,True,0.0,0.0,False
Patient#1,D:\Research\Multi-View Fusion Network\datasets\AJBDS-2023_extracted\AJBDS-2023\Training\Patient#1\Patient#1\input\IMG-0005-00018.jpg,1.0,1.0,1.0,1.0,1.0,,True,0.0,0.0,False
Patient#1,D:\Research\Multi-View Fusion Network\datasets\AJBDS-2023_extracted\AJBDS-2023\Training\Patient#1\Patient#1\input\IMG-0005-00019.jpg,1.0,1.0,1.0,1.0,1.0,,True,0.0,0.0,False
Patient#1,D:\Research\Multi-View Fusion Network\datasets\AJBDS-2023_extracted\AJBDS-2023\Training\Patient#1\Patient#1\input\IMG-0005-00020.jpg,7.4074075762098354e-09,7.4074075762098354e-09,1.0,0.9973094463348388,7.4074075762098354e-09,,True,135.0,0.0,True
Patient#1,D:\Research\Multi-View Fusion Network\datasets\AJBDS-2023_extracted\AJBDS-2023\Training\Patient#1\Patient#1\input\IMG-0005-00021.jpg,1.2195122245373112e-08,1.2195122245373112e-08,1.0,0.9983657598495485,1.2195122245373112e-08,,True,82.0,0.0,True
Patient#1,D:\Research\Multi-View Fusion Network\datasets\AJBDS-2023_extracted\AJBDS-2023\Training\Patient#1\Patient#1\input\IMG-0005-00022.jpg,4.098360761872755e-09,4.098360761872755e-09,1.0,0.995137095451355,4.098360761872755e-09,,True,244.0,0.0,True
Patient#1,D:\Research\Multi-View Fusion Network\datasets\AJBDS-2023_extracted\AJBDS-2023\Training\Patient#1\Patient#1\input\IMG-0005-00023.jpg,5.698005955956376e-10,5.698005955956376e-10,1.0,0.9650231003761292,5.698005955956376e-10,,True,1755.0,0.0,True
Patient#1,D:\Research\Multi-View Fusion Network\datasets\AJBDS-2023_extracted\AJBDS-2023\Training\Patient#1\Patient#1\input\IMG-0005-00024.jpg,2.8960323028570656e-10,2.8960323028570656e-10,1.0,0.9311822652816772,2.8960323028570656e-10,,True,3453.0,0.0,True
Patient#1,D:\Research\Multi-View Fusion Network\datasets\AJBDS-2023_extracted\AJBDS-2023\Training\Patient#1\Patient#1\input\IMG-0005-00025.jpg,1.0,1.0,1.0,1.0,1.0,,True,0.0,0.0,False
Patient#1,D:\Research\Multi-View Fusion Network\datasets\AJBDS-2023_extracted\AJBDS-2023\Training\Patient#1\Patient#1\input\IMG-0005-00026.jpg,1.0,1.0,1.0,1.0,1.0,,True,0.0,0.0,False
Patient#1,D:\Research\Multi-View Fusion Network\datasets\AJBDS-2023_extracted\AJBDS-2023\Training\Patient#1\Patient#1\input\IMG-0005-00027.jpg,1.0,1.0,1.0,1.0,1.0,,True,0.0,0.0,False
Patient#1,D:\Research\Multi-View Fusion Network\datasets\AJBDS-2023_extracted\AJBDS-2023\Training\Patient#1\Patient#1\input\IMG-0005-00028.jpg,1.0,1.0,1.0,1.0,1.0,,True,0.0,0.0,False
Patient#1,D:\Research\Multi-View Fusion Network\datasets\AJBDS-2023_extracted\AJBDS-2023\Training\Patient#1\Patient#1\input\IMG-0005-00029.jpg,1.0,1.0,1.0,1.0,1.0,,True,0.0,0.0,False
Patient#1,D:\Research\Multi-View Fusion Network\datasets\AJBDS-2023_extracted\AJBDS-2023\Training\Patient#1\Patient#1\input\IMG-0005-00030.jpg,1.0,1.0,1.0,1.0,1.0,,True,0.0,0.0,False
Patient#1,D:\Research\Multi-View Fusion Network\datasets\AJBDS-2023_extracted\AJBDS-2023\Training\Patient#1\Patient#1\input\IMG-0005-00031.jpg,1.0,1.0,1.0,1.0,1.0,,True,0.0,0.0,False
Patient#1,D:\Research\Multi-View Fusion Network\datasets\AJBDS-2023_extracted\AJBDS-2023\Training\Patient#1\Patient#1\input\IMG-0005-00032.jpg,1.0,1.0,1.0,1.0,1.0,,True,0.0,0.0,False
Patient#1,D:\Research\Multi-View Fusion Network\datasets\AJBDS-2023_extracted\AJBDS-2023\Training\Patient#1\Patient#1\input\IMG-0005-00033.jpg,1.0,1.0,1.0,1.0,1.0,,True,0.0,0.0,False
Patient#1,D:\Research\Multi-View Fusion Network\datasets\AJBDS-2023_extracted\AJBDS-2023\Training\Patient#1\Patient#1\input\IMG-0005-00034.jpg,1.0,1.0,1.0,1.0,1.0,,True,0.0,0.0,False
Patient#1,D:\Research\Multi-View Fusion Network\datasets\AJBDS-2023_extracted\AJBDS-2023\Training\Patient#1\Patient#1\input\IMG-0005-00035.jpg,1.0,1.0,1.0,1.0,1.0,,True,0.0,0.0,False
Patient#1,D:\Research\Multi-View Fusion Network\datasets\AJBDS-2023_extracted\AJBDS-2023\Training\Patient#1\Patient#1\input\IMG-0005-00036.jpg,1.0,1.0,1.0,1.0,1.0,,True,0.0,0.0,False
Patient#1,D:\Research\Multi-View Fusion Network\datasets\AJBDS-2023_extracted\AJBDS-2023\Training\Patient#1\Patient#1\input\IMG-0005-00037.jpg,1.0,1.0,1.0,1.0,1.0,,True,0.0,0.0,False
Patient#1,D:\Research\Multi-View Fusion Network\datasets\AJBDS-2023_extracted\AJBDS-2023\Training\Patient#1\Patient#1\input\IMG-0005-00038.jpg,1.0,1.0,1.0,1.0,1.0,,True,0.0,0.0,False
Patient#1,D:\Research\Multi-View Fusion Network\datasets\AJBDS-2023_extracted\AJBDS-2023\Training\Patient#1\Patient#1\input\IMG-0005-00039.jpg,4.714756918211549e-10,4.714756918211549e-10,1.0,0.9577288031578064,4.714756918211549e-10,,True,2121.0,0.0,True
Patient#1,D:\Research\Multi-View Fusion Network\datasets\AJBDS-2023_extracted\AJBDS-2023\Training\Patient#1\Patient#1\input\IMG-0005-00040.jpg,1.0,1.0,1.0,1.0,1.0,,True,0.0,0.0,False
Patient#1,D:\Research\Multi-View Fusion Network\datasets\AJBDS-2023_extracted\AJBDS-2023\Training\Patient#1\Patient#1\input\IMG-0006-00001.jpg,1.0,1.0,1.0,1.0,1.0,,True,0.0,0.0,False
Patient#1,D:\Research\Multi-View Fusion Network\datasets\AJBDS-2023_extracted\AJBDS-2023\Training\Patient#1\Patient#1\input\IMG-0006-00002.jpg,9.460737748767656e-10,9.460737748767656e-10,1.0,0.9789341688156128,9.460737748767656e-10,,True,1057.0,0.0,True
Patient#1,D:\Research\Multi-View Fusion Network\datasets\AJBDS-2023_extracted\AJBDS-2023\Training\Patient#1\Patient#1\input\IMG-0006-00003.jpg,1.0,1.0,1.0,1.0,1.0,,True,0.0,0.0,False
Patient#1,D:\Research\Multi-View Fusion Network\datasets\AJBDS-2023_extracted\AJBDS-2023\Training\Patient#1\Patient#1\input\IMG-0006-00004.jpg,1.042752884039544e-09,1.042752884039544e-09,1.0,0.9808872938156128,1.042752884039544e-09,,True,959.0,0.0,True
Patient#1,D:\Research\Multi-View Fusion Network\datasets\AJBDS-2023_extracted\AJBDS-2023\Training\Patient#1\Patient#1\input\IMG-0006-00005.jpg,5.6818181271012236e-09,5.6818181271012236e-09,1.0,0.996492326259613,5.6818181271012236e-09,,True,176.0,0.0,True
Patient#1,D:\Research\Multi-View Fusion Network\datasets\AJBDS-2023_extracted\AJBDS-2023\Training\Patient#1\Patient#1\input\IMG-0006-00006.jpg,6.2111800147590665e-09,6.2111800147590665e-09,1.0,0.9967913031578064,6.2111800147590665e-09,,True,161.0,0.0,True
Patient#1,D:\Research\Multi-View Fusion Network\datasets\AJBDS-2023_extracted\AJBDS-2023\Training\Patient#1\Patient#1\input\IMG-0006-00009.jpg,1.0,1.0,1.0,1.0,1.0,,True,0.0,0.0,False
Patient#1,D:\Research\Multi-View Fusion Network\datasets\AJBDS-2023_extracted\AJBDS-2023\Training\Patient#1\Patient#1\input\IMG-0006-00010.jpg,1.0,1.0,1.0,1.0,1.0,,True,0.0,0.0,False
Patient#1,D:\Research\Multi-View Fusion Network\datasets\AJBDS-2023_extracted\AJBDS-2023\Training\Patient#1\Patient#1\input\IMG-0006-00011.jpg,1.0,1.0,1.0,1.0,1.0,,True,0.0,0.0,False
Patient#1,D:\Research\Multi-View Fusion Network\datasets\AJBDS-2023_extracted\AJBDS-2023\Training\Patient#1\Patient#1\input\IMG-0006-00012.jpg,1.0,1.0,1.0,1.0,1.0,,True,0.0,0.0,False
Patient#1,D:\Research\Multi-View Fusion Network\datasets\AJBDS-2023_extracted\AJBDS-2023\Training\Patient#1\Patient#1\input\IMG-0006-00013.jpg,1.0,1.0,1.0,1.0,1.0,,True,0.0,0.0,False
Patient#1,D:\Research\Multi-View Fusion Network\datasets\AJBDS-2023_extracted\AJBDS-2023\Training\Patient#1\Patient#1\input\IMG-0006-00014.jpg,1.0,1.0,1.0,1.0,1.0,,True,0.0,0.0,False
Patient#1,D:\Research\Multi-View Fusion Network\datasets\AJBDS-2023_extracted\AJBDS-2023\Training\Patient#1\Patient#1\input\IMG-0006-00015.jpg,1.0,1.0,1.0,1.0,1.0,,True,0.0,0.0,False
Patient#1,D:\Research\Multi-View Fusion Network\datasets\AJBDS-2023_extracted\AJBDS-2023\Training\Patient#1\Patient#1\input\IMG-0006-00016.jpg,1.0,1.0,1.0,1.0,1.0,,True,0.0,0.0,False
Patient#1,D:\Research\Multi-View Fusion Network\datasets\AJBDS-2023_extracted\AJBDS-2023\Training\Patient#1\Patient#1\input\IMG-0006-00017.jpg,1.0,1.0,1.0,1.0,1.0,,True,0.0,0.0,False
Patient#1,D:\Research\Multi-View Fusion Network\datasets\AJBDS-2023_extracted\AJBDS-2023\Training\Patient#1\Patient#1\input\IMG-0006-00018.jpg,1.0,1.0,1.0,1.0,1.0,,True,0.0,0.0,False
Patient#1,D:\Research\Multi-View Fusion Network\datasets\AJBDS-2023_extracted\AJBDS-2023\Training\Patient#1\Patient#1\input\IMG-0006-00019.jpg,3.7678973829891044e-10,3.7678973829891044e-10,1.0,0.9471061825752258,3.7678973829891044e-10,,True,2654.0,0.0,True
Patient#1,D:\Research\Multi-View Fusion Network\datasets\AJBDS-2023_extracted\AJBDS-2023\Training\Patient#1\Patient#1\input\IMG-0006-00020.jpg,1.0,1.0,1.0,1.0,1.0,,True,0.0,0.0,False
Patient#1,D:\Research\Multi-View Fusion Network\datasets\AJBDS-2023_extracted\AJBDS-2023\Training\Patient#1\Patient#1\input\IMG-0007-00001.jpg,2.155172484918921e-09,2.155172484918921e-09,1.0,0.9907525777816772,2.155172484918921e-09,,True,464.0,0.0,True
Patient#1,D:\Research\Multi-View Fusion Network\datasets\AJBDS-2023_extracted\AJBDS-2023\Training\Patient#1\Patient#1\input\IMG-0007-00002.jpg,1.883239120203939e-09,1.883239120203939e-09,1.0,0.9894172549247742,1.883239120203939e-09,,True,531.0,0.0,True
Patient#1,D:\Research\Multi-View Fusion Network\datasets\AJBDS-2023_extracted\AJBDS-2023\Training\Patient#1\Patient#1\input\IMG-0007-00003.jpg,1.0,1.0,1.0,1.0,1.0,,True,0.0,0.0,False
Patient#1,D:\Research\Multi-View Fusion Network\datasets\AJBDS-2023_extracted\AJBDS-2023\Training\Patient#1\Patient#1\input\IMG-0007-00004.jpg,1.0,1.0,1.0,1.0,1.0,,True,0.0,0.0,False
Patient#1,D:\Research\Multi-View Fusion Network\datasets\AJBDS-2023_extracted\AJBDS-2023\Training\Patient#1\Patient#1\input\IMG-0007-00005.jpg,1.0,1.0,1.0,1.0,1.0,,True,0.0,0.0,False
Patient#1,D:\Research\Multi-View Fusion Network\datasets\AJBDS-2023_extracted\AJBDS-2023\Training\Patient#1\Patient#1\input\IMG-0007-00006.jpg,1.0,1.0,1.0,1.0,1.0,,True,0.0,0.0,False
Patient#1,D:\Research\Multi-View Fusion Network\datasets\AJBDS-2023_extracted\AJBDS-2023\Training\Patient#1\Patient#1\input\IMG-0007-00007.jpg,1.0,1.0,1.0,1.0,1.0,,True,0.0,0.0,False
Patient#1,D:\Research\Multi-View Fusion Network\datasets\AJBDS-2023_extracted\AJBDS-2023\Training\Patient#1\Patient#1\input\IMG-0007-00010.jpg,1.0,1.0,1.0,1.0,1.0,,True,0.0,0.0,False
Patient#1,D:\Research\Multi-View Fusion Network\datasets\AJBDS-2023_extracted\AJBDS-2023\Training\Patient#1\Patient#1\input\IMG-0007-00011.jpg,1.0,1.0,1.0,1.0,1.0,,True,0.0,0.0,False
Patient#1,D:\Research\Multi-View Fusion Network\datasets\AJBDS-2023_extracted\AJBDS-2023\Training\Patient#1\Patient#1\input\IMG-0007-00012.jpg,1.0,1.0,1.0,1.0,1.0,,True,0.0,0.0,False
Patient#1,D:\Research\Multi-View Fusion Network\datasets\AJBDS-2023_extracted\AJBDS-2023\Training\Patient#1\Patient#1\input\IMG-0007-00013.jpg,2.500000029215244e-08,2.500000029215244e-08,1.0,0.9992027878761292,2.500000029215244e-08,,True,40.0,0.0,True
Patient#1,D:\Research\Multi-View Fusion Network\datasets\AJBDS-2023_extracted\AJBDS-2023\Training\Patient#1\Patient#1\input\IMG-0007-00014.jpg,3.9682541697061424e-09,3.9682541697061424e-09,1.0,0.9949776530265808,3.9682541697061424e-09,,True,252.0,0.0,True
Patient#1,D:\Research\Multi-View Fusion Network\datasets\AJBDS-2023_extracted\AJBDS-2023\Training\Patient#1\Patient#1\input\IMG-0007-00015.jpg,1.0,1.0,1.0,1.0,1.0,,True,0.0,0.0,False
Patient#1,D:\Research\Multi-View Fusion Network\datasets\AJBDS-2023_extracted\AJBDS-2023\Training\Patient#1\Patient#1\input\IMG-0007-00016.jpg,3.8759688791856214e-09,3.8759688791856214e-09,1.0,0.9948580861091614,3.8759688791856214e-09,,True,258.0,0.0,True
Patient#1,D:\Research\Multi-View Fusion Network\datasets\AJBDS-2023_extracted\AJBDS-2023\Training\Patient#1\Patient#1\input\IMG-0007-00017.jpg,1.0,1.0,1.0,1.0,1.0,,True,0.0,0.0,False
Patient#1,D:\Research\Multi-View Fusion Network\datasets\AJBDS-2023_extracted\AJBDS-2023\Training\Patient#1\Patient#1\input\IMG-0007-00018.jpg,1.0,1.0,1.0,1.0,1.0,,True,0.0,0.0,False
Patient#1,D:\Research\Multi-View Fusion Network\datasets\AJBDS-2023_extracted\AJBDS-2023\Training\Patient#1\Patient#1\input\IMG-0007-00019.jpg,6.1728395728266605e-09,6.1728395728266605e-09,1.0,0.9967713356018066,6.1728395728266605e-09,,True,162.0,0.0,True
Patient#1,D:\Research\Multi-View Fusion Network\datasets\AJBDS-2023_extracted\AJBDS-2023\Training\Patient#1\Patient#1\input\IMG-0007-00020.jpg,4.807692466357594e-09,4.807692466357594e-09,1.0,0.9958546161651612,4.807692466357594e-09,,True,208.0,0.0,True
Patient#1,D:\Research\Multi-View Fusion Network\datasets\AJBDS-2023_extracted\AJBDS-2023\Training\Patient#1\Patient#1\input\IMG-0007-00021.jpg,1.0,1.0,1.0,1.0,1.0,,True,0.0,0.0,False
Patient#1,D:\Research\Multi-View Fusion Network\datasets\AJBDS-2023_extracted\AJBDS-2023\Training\Patient#1\Patient#1\input\IMG-0007-00022.jpg,2.267573684378021e-09,2.267573684378021e-09,1.0,0.9912109375,2.267573684378021e-09,,True,441.0,0.0,True
Patient#1,D:\Research\Multi-View Fusion Network\datasets\AJBDS-2023_extracted\AJBDS-2023\Training\Patient#1\Patient#1\input\IMG-0007-00023.jpg,1.0,1.0,1.0,1.0,1.0,,True,0.0,0.0,False
Patient#1,D:\Research\Multi-View Fusion Network\datasets\AJBDS-2023_extracted\AJBDS-2023\Training\Patient#1\Patient#1\input\IMG-0008-00001.jpg,1.0,1.0,1.0,1.0,1.0,,True,0.0,0.0,False
Patient#1,D:\Research\Multi-View Fusion Network\datasets\AJBDS-2023_extracted\AJBDS-2023\Training\Patient#1\Patient#1\input\IMG-0008-00002.jpg,1.0,1.0,1.0,1.0,1.0,,True,0.0,0.0,False
Patient#1,D:\Research\Multi-View Fusion Network\datasets\AJBDS-2023_extracted\AJBDS-2023\Training\Patient#1\Patient#1\input\IMG-0008-00003.jpg,3.7037032996067865e-08,3.7037032996067865e-08,1.0,0.9994618892669678,3.7037032996067865e-08,,True,27.0,0.0,True
Patient#1,D:\Research\Multi-View Fusion Network\datasets\AJBDS-2023_extracted\AJBDS-2023\Training\Patient#1\Patient#1\input\IMG-0008-00004.jpg,1.1627906637556862e-08,1.1627906637556862e-08,1.0,0.9982860088348388,1.1627906637556862e-08,,True,86.0,0.0,True
Patient#1,D:\Research\Multi-View Fusion Network\datasets\AJBDS-2023_extracted\AJBDS-2023\Training\Patient#1\Patient#1\input\IMG-0008-00005.jpg,9.090908292819223e-08,9.090908292819223e-08,1.0,0.999780774116516,9.090908292819223e-08,,True,11.0,0.0,True
Patient#1,D:\Research\Multi-View Fusion Network\datasets\AJBDS-2023_extracted\AJBDS-2023\Training\Patient#1\Patient#1\input\IMG-0008-00006.jpg,1.0,1.0,1.0,1.0,1.0,,True,0.0,0.0,False
Patient#1,D:\Research\Multi-View Fusion Network\datasets\AJBDS-2023_extracted\AJBDS-2023\Training\Patient#1\Patient#1\input\IMG-0008-00007.jpg,1.0,1.0,1.0,1.0,1.0,,True,0.0,0.0,False
Patient#1,D:\Research\Multi-View Fusion Network\datasets\AJBDS-2023_extracted\AJBDS-2023\Training\Patient#1\Patient#1\input\IMG-0008-00008.jpg,1.0,1.0,1.0,1.0,1.0,,True,0.0,0.0,False
Patient#1,D:\Research\Multi-View Fusion Network\datasets\AJBDS-2023_extracted\AJBDS-2023\Training\Patient#1\Patient#1\input\IMG-0008-00009.jpg,1.0,1.0,1.0,1.0,1.0,,True,0.0,0.0,False
Patient#1,D:\Research\Multi-View Fusion Network\datasets\AJBDS-2023_extracted\AJBDS-2023\Training\Patient#1\Patient#1\input\IMG-0008-00010.jpg,2.8571427890256015e-08,2.8571427890256015e-08,1.0,0.9993024468421936,2.8571427890256015e-08,,True,35.0,0.0,True
Patient#1,D:\Research\Multi-View Fusion Network\datasets\AJBDS-2023_extracted\AJBDS-2023\Training\Patient#1\Patient#1\input\IMG-0008-00011.jpg,1.0,1.0,1.0,1.0,1.0,,True,0.0,0.0,False
Patient#1,D:\Research\Multi-View Fusion Network\datasets\AJBDS-2023_extracted\AJBDS-2023\Training\Patient#1\Patient#1\input\IMG-0008-00012.jpg,1.0,1.0,1.0,1.0,1.0,,True,0.0,0.0,False
Patient#1,D:\Research\Multi-View Fusion Network\datasets\AJBDS-2023_extracted\AJBDS-2023\Training\Patient#1\Patient#1\input\IMG-0008-00013.jpg,1.0,1.0,1.0,1.0,1.0,,True,0.0,0.0,False
Patient#1,D:\Research\Multi-View Fusion Network\datasets\AJBDS-2023_extracted\AJBDS-2023\Training\Patient#1\Patient#1\input\IMG-0008-00014.jpg,1.0,1.0,1.0,1.0,1.0,,True,0.0,0.0,False
Patient#1,D:\Research\Multi-View Fusion Network\datasets\AJBDS-2023_extracted\AJBDS-2023\Training\Patient#1\Patient#1\input\IMG-0008-00015.jpg,9.090908292819223e-08,9.090908292819223e-08,1.0,0.999780774116516,9.090908292819223e-08,,True,11.0,0.0,True
Patient#1,D:\Research\Multi-View Fusion Network\datasets\AJBDS-2023_extracted\AJBDS-2023\Training\Patient#1\Patient#1\input\IMG-0008-00016.jpg,1.0,1.0,1.0,1.0,1.0,,True,0.0,0.0,False
Patient#1,D:\Research\Multi-View Fusion Network\datasets\AJBDS-2023_extracted\AJBDS-2023\Training\Patient#1\Patient#1\input\IMG-0008-00017.jpg,1.0,1.0,1.0,1.0,1.0,,True,0.0,0.0,False
Patient#1,D:\Research\Multi-View Fusion Network\datasets\AJBDS-2023_extracted\AJBDS-2023\Training\Patient#1\Patient#1\input\IMG-0008-00018.jpg,1.0,1.0,1.0,1.0,1.0,,True,0.0,0.0,False
Patient#1,D:\Research\Multi-View Fusion Network\datasets\AJBDS-2023_extracted\AJBDS-2023\Training\Patient#1\Patient#1\input\IMG-0008-00019.jpg,1.0,1.0,1.0,1.0,1.0,,True,0.0,0.0,False
Patient#1,D:\Research\Multi-View Fusion Network\datasets\AJBDS-2023_extracted\AJBDS-2023\Training\Patient#1\Patient#1\input\IMG-0008-00020.jpg,1.1363636254202449e-08,1.1363636254202449e-08,1.0,0.9982461929321288,1.1363636254202449e-08,,True,88.0,0.0,True
Patient#1,D:\Research\Multi-View Fusion Network\datasets\AJBDS-2023_extracted\AJBDS-2023\Training\Patient#1\Patient#1\input\IMG-0008-00021.jpg,1.0,1.0,1.0,1.0,1.0,,True,0.0,0.0,False
Patient#1,D:\Research\Multi-View Fusion Network\datasets\AJBDS-2023_extracted\AJBDS-2023\Training\Patient#1\Patient#1\input\IMG-0008-00022.jpg,1.0,1.0,1.0,1.0,1.0,,True,0.0,0.0,False
Patient#1,D:\Research\Multi-View Fusion Network\datasets\AJBDS-2023_extracted\AJBDS-2023\Training\Patient#1\Patient#1\input\IMG-0008-00023.jpg,1.0,1.0,1.0,1.0,1.0,,True,0.0,0.0,False
Patient#1,D:\Research\Multi-View Fusion Network\datasets\AJBDS-2023_extracted\AJBDS-2023\Training\Patient#1\Patient#1\input\IMG-0008-00024.jpg,1.0,1.0,1.0,1.0,1.0,,True,0.0,0.0,False
Patient#1,D:\Research\Multi-View Fusion Network\datasets\AJBDS-2023_extracted\AJBDS-2023\Training\Patient#1\Patient#1\input\IMG-0008-00025.jpg,1.0,1.0,1.0,1.0,1.0,,True,0.0,0.0,False
Patient#1,D:\Research\Multi-View Fusion Network\datasets\AJBDS-2023_extracted\AJBDS-2023\Training\Patient#1\Patient#1\input\IMG-0008-00026.jpg,1.0,1.0,1.0,1.0,1.0,,True,0.0,0.0,False
Patient#1,D:\Research\Multi-View Fusion Network\datasets\AJBDS-2023_extracted\AJBDS-2023\Training\Patient#1\Patient#1\input\IMG-0008-00027.jpg,1.0,1.0,1.0,1.0,1.0,,True,0.0,0.0,False
Patient#1,D:\Research\Multi-View Fusion Network\datasets\AJBDS-2023_extracted\AJBDS-2023\Training\Patient#1\Patient#1\input\IMG-0008-00028.jpg,1.0,1.0,1.0,1.0,1.0,,True,0.0,0.0,False
Patient#1,D:\Research\Multi-View Fusion Network\datasets\AJBDS-2023_extracted\AJBDS-2023\Training\Patient#1\Patient#1\input\IMG-0008-00029.jpg,1.0,1.0,1.0,1.0,1.0,,True,0.0,0.0,False
Patient#1,D:\Research\Multi-View Fusion Network\datasets\AJBDS-2023_extracted\AJBDS-2023\Training\Patient#1\Patient#1\input\IMG-0008-00030.jpg,1.0,1.0,1.0,1.0,1.0,,True,0.0,0.0,False
Patient#1,D:\Research\Multi-View Fusion Network\datasets\AJBDS-2023_extracted\AJBDS-2023\Training\Patient#1\Patient#1\input\IMG-0008-00031.jpg,1.0,1.0,1.0,1.0,1.0,,True,0.0,0.0,False
Patient#1,D:\Research\Multi-View Fusion Network\datasets\AJBDS-2023_extracted\AJBDS-2023\Training\Patient#1\Patient#1\input\IMG-0008-00032.jpg,1.0,1.0,1.0,1.0,1.0,,True,0.0,0.0,False
Patient#1,D:\Research\Multi-View Fusion Network\datasets\AJBDS-2023_extracted\AJBDS-2023\Training\Patient#1\Patient#1\input\IMG-0008-00033.jpg,1.0,1.0,1.0,1.0,1.0,,True,0.0,0.0,False
Patient#1,D:\Research\Multi-View Fusion Network\datasets\AJBDS-2023_extracted\AJBDS-2023\Training\Patient#1\Patient#1\input\IMG-0008-00034.jpg,1.0,1.0,1.0,1.0,1.0,,True,0.0,0.0,False
Patient#1,D:\Research\Multi-View Fusion Network\datasets\AJBDS-2023_extracted\AJBDS-2023\Training\Patient#1\Patient#1\input\IMG-0008-00035.jpg,1.0,1.0,1.0,1.0,1.0,,True,0.0,0.0,False
Patient#1,D:\Research\Multi-View Fusion Network\datasets\AJBDS-2023_extracted\AJBDS-2023\Training\Patient#1\Patient#1\input\IMG-0008-00036.jpg,1.0,1.0,1.0,1.0,1.0,,True,0.0,0.0,False
Patient#1,D:\Research\Multi-View Fusion Network\datasets\AJBDS-2023_extracted\AJBDS-2023\Training\Patient#1\Patient#1\input\IMG-0008-00037.jpg,1.0,1.0,1.0,1.0,1.0,,True,0.0,0.0,False
Patient#1,D:\Research\Multi-View Fusion Network\datasets\AJBDS-2023_extracted\AJBDS-2023\Training\Patient#1\Patient#1\input\IMG-0008-00038.jpg,1.0,1.0,1.0,1.0,1.0,,True,0.0,0.0,False
Patient#1,D:\Research\Multi-View Fusion Network\datasets\AJBDS-2023_extracted\AJBDS-2023\Training\Patient#1\Patient#1\input\IMG-0008-00039.jpg,1.0,1.0,1.0,1.0,1.0,,True,0.0,0.0,False
Patient#1,D:\Research\Multi-View Fusion Network\datasets\AJBDS-2023_extracted\AJBDS-2023\Training\Patient#1\Patient#1\input\IMG-0008-00040.jpg,1.0,1.0,1.0,1.0,1.0,,True,0.0,0.0,False
Patient#1,D:\Research\Multi-View Fusion Network\datasets\AJBDS-2023_extracted\AJBDS-2023\Training\Patient#1\Patient#1\input\IMG-0008-00041.jpg,1.0,1.0,1.0,1.0,1.0,,True,0.0,0.0,False
Patient#1,D:\Research\Multi-View Fusion Network\datasets\AJBDS-2023_extracted\AJBDS-2023\Training\Patient#1\Patient#1\input\IMG-0008-00042.jpg,1.0,1.0,1.0,1.0,1.0,,True,0.0,0.0,False
Patient#1,D:\Research\Multi-View Fusion Network\datasets\AJBDS-2023_extracted\AJBDS-2023\Training\Patient#1\Patient#1\input\IMG-0008-00043.jpg,1.0,1.0,1.0,1.0,1.0,,True,0.0,0.0,False
Patient#1,D:\Research\Multi-View Fusion Network\datasets\AJBDS-2023_extracted\AJBDS-2023\Training\Patient#1\Patient#1\input\IMG-0008-00044.jpg,1.0,1.0,1.0,1.0,1.0,,True,0.0,0.0,False
Patient#1,D:\Research\Multi-View Fusion Network\datasets\AJBDS-2023_extracted\AJBDS-2023\Training\Patient#1\Patient#1\input\IMG-0008-00045.jpg,1.0,1.0,1.0,1.0,1.0,,True,0.0,0.0,False
Patient#1,D:\Research\Multi-View Fusion Network\datasets\AJBDS-2023_extracted\AJBDS-2023\Training\Patient#1\Patient#1\input\IMG-0008-00046.jpg,1.0,1.0,1.0,1.0,1.0,,True,0.0,0.0,False
Patient#1,D:\Research\Multi-View Fusion Network\datasets\AJBDS-2023_extracted\AJBDS-2023\Training\Patient#1\Patient#1\input\IMG-0008-00047.jpg,1.0,1.0,1.0,1.0,1.0,,True,0.0,0.0,False
Patient#1,D:\Research\Multi-View Fusion Network\datasets\AJBDS-2023_extracted\AJBDS-2023\Training\Patient#1\Patient#1\input\IMG-0008-00048.jpg,1.0,1.0,1.0,1.0,1.0,,True,0.0,0.0,False
Patient#1,D:\Research\Multi-View Fusion Network\datasets\AJBDS-2023_extracted\AJBDS-2023\Training\Patient#1\Patient#1\input\IMG-0008-00049.jpg,1.0,1.0,1.0,1.0,1.0,,True,0.0,0.0,False
Patient#1,D:\Research\Multi-View Fusion Network\datasets\AJBDS-2023_extracted\AJBDS-2023\Training\Patient#1\Patient#1\input\IMG-0008-00050.jpg,1.0,1.0,1.0,1.0,1.0,,True,0.0,0.0,False
Patient#1,D:\Research\Multi-View Fusion Network\datasets\AJBDS-2023_extracted\AJBDS-2023\Training\Patient#1\Patient#1\input\IMG-0008-00051.jpg,1.0,1.0,1.0,1.0,1.0,,True,0.0,0.0,False
Patient#1,D:\Research\Multi-View Fusion Network\datasets\AJBDS-2023_extracted\AJBDS-2023\Training\Patient#1\Patient#1\input\IMG-0008-00052.jpg,1.0,1.0,1.0,1.0,1.0,,True,0.0,0.0,False
Patient#1,D:\Research\Multi-View Fusion Network\datasets\AJBDS-2023_extracted\AJBDS-2023\Training\Patient#1\Patient#1\input\IMG-0008-00053.jpg,1.0,1.0,1.0,1.0,1.0,,True,0.0,0.0,False
Patient#1,D:\Research\Multi-View Fusion Network\datasets\AJBDS-2023_extracted\AJBDS-2023\Training\Patient#1\Patient#1\input\IMG-0008-00054.jpg,1.0,1.0,1.0,1.0,1.0,,True,0.0,0.0,False
Patient#1,D:\Research\Multi-View Fusion Network\datasets\AJBDS-2023_extracted\AJBDS-2023\Training\Patient#1\Patient#1\input\IMG-0008-00055.jpg,1.0,1.0,1.0,1.0,1.0,,True,0.0,0.0,False
Patient#1,D:\Research\Multi-View Fusion Network\datasets\AJBDS-2023_extracted\AJBDS-2023\Training\Patient#1\Patient#1\input\IMG-0008-00056.jpg,1.0,1.0,1.0,1.0,1.0,,True,0.0,0.0,False
Patient#1,D:\Research\Multi-View Fusion Network\datasets\AJBDS-2023_extracted\AJBDS-2023\Training\Patient#1\Patient#1\input\IMG-0008-00057.jpg,1.0,1.0,1.0,1.0,1.0,,True,0.0,0.0,False
Patient#1,D:\Research\Multi-View Fusion Network\datasets\AJBDS-2023_extracted\AJBDS-2023\Training\Patient#1\Patient#1\input\IMG-0008-00058.jpg,1.0,1.0,1.0,1.0,1.0,,True,0.0,0.0,False
Patient#1,D:\Research\Multi-View Fusion Network\datasets\AJBDS-2023_extracted\AJBDS-2023\Training\Patient#1\Patient#1\input\IMG-0008-00059.jpg,1.0,1.0,1.0,1.0,1.0,,True,0.0,0.0,False
Patient#1,D:\Research\Multi-View Fusion Network\datasets\AJBDS-2023_extracted\AJBDS-2023\Training\Patient#1\Patient#1\input\IMG-0008-00060.jpg,1.0,1.0,1.0,1.0,1.0,,True,0.0,0.0,False
Patient#1,D:\Research\Multi-View Fusion Network\datasets\AJBDS-2023_extracted\AJBDS-2023\Training\Patient#1\Patient#1\input\IMG-0008-00061.jpg,1.0,1.0,1.0,1.0,1.0,,True,0.0,0.0,False
Patient#1,D:\Research\Multi-View Fusion Network\datasets\AJBDS-2023_extracted\AJBDS-2023\Training\Patient#1\Patient#1\input\IMG-0008-00062.jpg,1.0,1.0,1.0,1.0,1.0,,True,0.0,0.0,False
Patient#1,D:\Research\Multi-View Fusion Network\datasets\AJBDS-2023_extracted\AJBDS-2023\Training\Patient#1\Patient#1\input\IMG-0008-00063.jpg,1.0,1.0,1.0,1.0,1.0,,True,0.0,0.0,False
Patient#1,D:\Research\Multi-View Fusion Network\datasets\AJBDS-2023_extracted\AJBDS-2023\Training\Patient#1\Patient#1\input\IMG-0008-00064.jpg,1.0,1.0,1.0,1.0,1.0,,True,0.0,0.0,False
Patient#1,D:\Research\Multi-View Fusion Network\datasets\AJBDS-2023_extracted\AJBDS-2023\Training\Patient#1\Patient#1\input\IMG-0008-00065.jpg,1.0,1.0,1.0,1.0,1.0,,True,0.0,0.0,False
Patient#1,D:\Research\Multi-View Fusion Network\datasets\AJBDS-2023_extracted\AJBDS-2023\Training\Patient#1\Patient#1\input\IMG-0008-00066.jpg,1.0,1.0,1.0,1.0,1.0,,True,0.0,0.0,False
Patient#1,D:\Research\Multi-View Fusion Network\datasets\AJBDS-2023_extracted\AJBDS-2023\Training\Patient#1\Patient#1\input\IMG-0008-00067.jpg,1.724137987935137e-08,1.724137987935137e-08,1.0,0.9988440871238708,1.724137987935137e-08,,True,58.0,0.0,True
Patient#1,D:\Research\Multi-View Fusion Network\datasets\AJBDS-2023_extracted\AJBDS-2023\Training\Patient#1\Patient#1\input\IMG-0008-00068.jpg,9.999998695775505e-08,9.999998695775505e-08,1.0,0.9998006820678712,9.999998695775505e-08,,True,10.0,0.0,True
Patient#1,D:\Research\Multi-View Fusion Network\datasets\AJBDS-2023_extracted\AJBDS-2023\Training\Patient#1\Patient#1\input\IMG-0008-00069.jpg,1.0,1.0,1.0,1.0,1.0,,True,0.0,0.0,False
Patient#1,D:\Research\Multi-View Fusion Network\datasets\AJBDS-2023_extracted\AJBDS-2023\Training\Patient#1\Patient#1\input\IMG-0008-00070.jpg,4.237288298014619e-09,4.237288298014619e-09,1.0,0.9952965378761292,4.237288298014619e-09,,True,236.0,0.0,True
Patient#1,D:\Research\Multi-View Fusion Network\datasets\AJBDS-2023_extracted\AJBDS-2023\Training\Patient#1\Patient#1\input\IMG-0008-00071.jpg,2.68817212933925e-09,2.68817212933925e-09,1.0,0.992586076259613,2.68817212933925e-09,,True,372.0,0.0,True
Patient#1,D:\Research\Multi-View Fusion Network\datasets\AJBDS-2023_extracted\AJBDS-2023\Training\Patient#1\Patient#1\input\IMG-0008-00072.jpg,1.0,1.0,1.0,1.0,1.0,,True,0.0,0.0,False
Patient#10,D:\Research\Multi-View Fusion Network\datasets\AJBDS-2023_extracted\AJBDS-2023\Training\Patient#10\input\IMG-0001-00001.jpg,1.999999987845058e-08,1.999999987845058e-08,1.0,0.999003529548645,1.999999987845058e-08,,True,50.0,0.0,True
Patient#10,D:\Research\Multi-View Fusion Network\datasets\AJBDS-2023_extracted\AJBDS-2023\Training\Patient#10\input\IMG-0001-00002.jpg,1.0,1.0,1.0,1.0,1.0,,True,0.0,0.0,False
Patient#10,D:\Research\Multi-View Fusion Network\datasets\AJBDS-2023_extracted\AJBDS-2023\Training\Patient#10\input\IMG-0001-00003.jpg,1.0,1.0,1.0,1.0,1.0,,True,0.0,0.0,False
Patient#10,D:\Research\Multi-View Fusion Network\datasets\AJBDS-2023_extracted\AJBDS-2023\Training\Patient#10\input\IMG-0001-00004.jpg,1.0,1.0,1.0,1.0,1.0,,True,0.0,0.0,False
Patient#10,D:\Research\Multi-View Fusion Network\datasets\AJBDS-2023_extracted\AJBDS-2023\Training\Patient#10\input\IMG-0001-00005.jpg,1.0,1.0,1.0,1.0,1.0,,True,0.0,0.0,False
Patient#10,D:\Research\Multi-View Fusion Network\datasets\AJBDS-2023_extracted\AJBDS-2023\Training\Patient#10\input\IMG-0001-00006.jpg,1.0,1.0,1.0,1.0,1.0,,True,0.0,0.0,False
Patient#10,D:\Research\Multi-View Fusion Network\datasets\AJBDS-2023_extracted\AJBDS-2023\Training\Patient#10\input\IMG-0001-00007.jpg,1.0,1.0,1.0,1.0,1.0,,True,0.0,0.0,False
Patient#10,D:\Research\Multi-View Fusion Network\datasets\AJBDS-2023_extracted\AJBDS-2023\Training\Patient#10\input\IMG-0001-00008.jpg,1.0,1.0,1.0,1.0,1.0,,True,0.0,0.0,False
Patient#10,D:\Research\Multi-View Fusion Network\datasets\AJBDS-2023_extracted\AJBDS-2023\Training\Patient#10\input\IMG-0001-00009.jpg,1.0,1.0,1.0,1.0,1.0,,True,0.0,0.0,False
Patient#10,D:\Research\Multi-View Fusion Network\datasets\AJBDS-2023_extracted\AJBDS-2023\Training\Patient#10\input\IMG-0001-00020.jpg,3.6630036781559742e-09,3.6630036781559742e-09,1.0,0.9945591688156128,3.6630036781559742e-09,,True,273.0,0.0,True
Patient#10,D:\Research\Multi-View Fusion Network\datasets\AJBDS-2023_extracted\AJBDS-2023\Training\Patient#10\input\IMG-0002-00001.jpg,1.7699115506530914e-09,1.7699115506530914e-09,1.0,0.9887396097183228,1.7699115506530914e-09,,True,565.0,0.0,True
Patient#10,D:\Research\Multi-View Fusion Network\datasets\AJBDS-2023_extracted\AJBDS-2023\Training\Patient#10\input\IMG-0002-00002.jpg,1.0,1.0,1.0,1.0,1.0,,True,0.0,0.0,False
Patient#10,D:\Research\Multi-View Fusion Network\datasets\AJBDS-2023_extracted\AJBDS-2023\Training\Patient#10\input\IMG-0002-00003.jpg,1.0,1.0,1.0,1.0,1.0,,True,0.0,0.0,False
Patient#10,D:\Research\Multi-View Fusion Network\datasets\AJBDS-2023_extracted\AJBDS-2023\Training\Patient#10\input\IMG-0002-00004.jpg,1.0,1.0,1.0,1.0,1.0,,True,0.0,0.0,False
Patient#10,D:\Research\Multi-View Fusion Network\datasets\AJBDS-2023_extracted\AJBDS-2023\Training\Patient#10\input\IMG-0002-00005.jpg,1.0,1.0,1.0,1.0,1.0,,True,0.0,0.0,False
Patient#10,D:\Research\Multi-View Fusion Network\datasets\AJBDS-2023_extracted\AJBDS-2023\Training\Patient#10\input\IMG-0002-00006.jpg,8.333332601750953e-08,8.333332601750953e-08,1.0,0.9997608661651612,8.333332601750953e-08,,True,12.0,0.0,True
Patient#10,D:\Research\Multi-View Fusion Network\datasets\AJBDS-2023_extracted\AJBDS-2023\Training\Patient#10\input\IMG-0002-00007.jpg,1.0,1.0,1.0,1.0,1.0,,True,0.0,0.0,False
Patient#10,D:\Research\Multi-View Fusion Network\datasets\AJBDS-2023_extracted\AJBDS-2023\Training\Patient#10\input\IMG-0002-00008.jpg,5.97728644358142e-10,5.97728644358142e-10,1.0,0.9666573405265808,5.97728644358142e-10,,True,1673.0,0.0,True
Patient#10,D:\Research\Multi-View Fusion Network\datasets\AJBDS-2023_extracted\AJBDS-2023\Training\Patient#10\input\IMG-0002-00009.jpg,2.1881838563331253e-09,2.1881838563331253e-09,1.0,0.9908920526504515,2.1881838563331253e-09,,True,457.0,0.0,True
Patient#10,D:\Research\Multi-View Fusion Network\datasets\AJBDS-2023_extracted\AJBDS-2023\Training\Patient#10\input\IMG-0002-00018.jpg,3.1133251532367007e-10,3.1133251532367007e-10,1.0,0.9359853267669678,3.1133251532367007e-10,,True,3212.0,0.0,True
Patient#10,D:\Research\Multi-View Fusion Network\datasets\AJBDS-2023_extracted\AJBDS-2023\Training\Patient#10\input\IMG-0002-00019.jpg,2.5641025303002607e-08,2.5641025303002607e-08,1.0,0.9992227554321288,2.5641025303002607e-08,,True,39.0,0.0,True
Patient#10,D:\Research\Multi-View Fusion Network\datasets\AJBDS-2023_extracted\AJBDS-2023\Training\Patient#10\input\IMG-0002-00020.jpg,6.1728395728266605e-09,6.1728395728266605e-09,1.0,0.9967713356018066,6.1728395728266605e-09,,True,162.0,0.0,True
Patient#10,D:\Research\Multi-View Fusion Network\datasets\AJBDS-2023_extracted\AJBDS-2023\Training\Patient#10\input\IMG-0003-00001.jpg,1.249999992403161e-09,1.249999992403161e-09,1.0,0.9840561151504515,1.249999992403161e-09,,True,800.0,0.0,True
Patient#10,D:\Research\Multi-View Fusion Network\datasets\AJBDS-2023_extracted\AJBDS-2023\Training\Patient#10\input\IMG-0003-00002.jpg,4.975124312522894e-09,4.975124312522894e-09,1.0,0.9959940910339355,4.975124312522894e-09,,True,201.0,0.0,True
Patient#10,D:\Research\Multi-View Fusion Network\datasets\AJBDS-2023_extracted\AJBDS-2023\Training\Patient#10\input\IMG-0003-00003.jpg,2.277904309622158e-09,2.277904309622158e-09,1.0,0.9912508130073548,2.277904309622158e-09,,True,439.0,0.0,True
Patient#10,D:\Research\Multi-View Fusion Network\datasets\AJBDS-2023_extracted\AJBDS-2023\Training\Patient#10\input\IMG-0003-00004.jpg,1.0,1.0,1.0,1.0,1.0,,True,0.0,0.0,False
Patient#10,D:\Research\Multi-View Fusion Network\datasets\AJBDS-2023_extracted\AJBDS-2023\Training\Patient#10\input\IMG-0003-00005.jpg,2.409638488742871e-09,2.409638488742871e-09,1.0,0.9917291402816772,2.409638488742871e-09,,True,415.0,0.0,True
Patient#10,D:\Research\Multi-View Fusion Network\datasets\AJBDS-2023_extracted\AJBDS-2023\Training\Patient#10\input\IMG-0003-00017.jpg,4.405286357922478e-09,4.405286357922478e-09,1.0,0.9954759478569032,4.405286357922478e-09,,True,227.0,0.0,True
Patient#10,D:\Research\Multi-View Fusion Network\datasets\AJBDS-2023_extracted\AJBDS-2023\Training\Patient#10\input\IMG-0003-00018.jpg,1.0,1.0,1.0,1.0,1.0,,True,0.0,0.0,False
Patient#10,D:\Research\Multi-View Fusion Network\datasets\AJBDS-2023_extracted\AJBDS-2023\Training\Patient#10\input\IMG-0003-00019.jpg,1.0,1.0,1.0,1.0,1.0,,True,0.0,0.0,False
Patient#10,D:\Research\Multi-View Fusion Network\datasets\AJBDS-2023_extracted\AJBDS-2023\Training\Patient#10\input\IMG-0003-00020.jpg,5.58659229987768e-10,5.58659229987768e-10,1.0,0.9643255472183228,5.58659229987768e-10,,True,1790.0,0.0,True
Patient#10,D:\Research\Multi-View Fusion Network\datasets\AJBDS-2023_extracted\AJBDS-2023\Training\Patient#10\input\IMG-0004-00001.jpg,1.0,1.0,1.0,1.0,1.0,,True,0.0,0.0,False
Patient#10,D:\Research\Multi-View Fusion Network\datasets\AJBDS-2023_extracted\AJBDS-2023\Training\Patient#10\input\IMG-0004-00002.jpg,2.0833333280734223e-08,2.0833333280734223e-08,1.0,0.999043345451355,2.0833333280734223e-08,,True,48.0,0.0,True
Patient#10,D:\Research\Multi-View Fusion Network\datasets\AJBDS-2023_extracted\AJBDS-2023\Training\Patient#10\input\IMG-0004-00003.jpg,1.0,1.0,1.0,1.0,1.0,,True,0.0,0.0,False
Patient#10,D:\Research\Multi-View Fusion Network\datasets\AJBDS-2023_extracted\AJBDS-2023\Training\Patient#10\input\IMG-0004-00004.jpg,1.0,1.0,1.0,1.0,1.0,,True,0.0,0.0,False
Patient#10,D:\Research\Multi-View Fusion Network\datasets\AJBDS-2023_extracted\AJBDS-2023\Training\Patient#10\input\IMG-0004-00005.jpg,1.0,1.0,1.0,1.0,1.0,,True,0.0,0.0,False
Patient#10,D:\Research\Multi-View Fusion Network\datasets\AJBDS-2023_extracted\AJBDS-2023\Training\Patient#10\input\IMG-0004-00006.jpg,1.0,1.0,1.0,1.0,1.0,,True,0.0,0.0,False
Patient#10,D:\Research\Multi-View Fusion Network\datasets\AJBDS-2023_extracted\AJBDS-2023\Training\Patient#10\input\IMG-0004-00016.jpg,1.0,1.0,1.0,1.0,1.0,,True,0.0,0.0,False
Patient#10,D:\Research\Multi-View Fusion Network\datasets\AJBDS-2023_extracted\AJBDS-2023\Training\Patient#10\input\IMG-0004-00017.jpg,1.0,1.0,1.0,1.0,1.0,,True,0.0,0.0,False
Patient#10,D:\Research\Multi-View Fusion Network\datasets\AJBDS-2023_extracted\AJBDS-2023\Training\Patient#10\input\IMG-0004-00018.jpg,1.0,1.0,1.0,1.0,1.0,,True,0.0,0.0,False
Patient#10,D:\Research\Multi-View Fusion Network\datasets\AJBDS-2023_extracted\AJBDS-2023\Training\Patient#10\input\IMG-0004-00019.jpg,1.0,1.0,1.0,1.0,1.0,,True,0.0,0.0,False
Patient#10,D:\Research\Multi-View Fusion Network\datasets\AJBDS-2023_extracted\AJBDS-2023\Training\Patient#10\input\IMG-0004-00020.jpg,1.0050251741944294e-09,1.0050251741944294e-09,1.0,0.9801697731018066,1.0050251741944294e-09,,True,995.0,0.0,True
Patient#10,D:\Research\Multi-View Fusion Network\datasets\AJBDS-2023_extracted\AJBDS-2023\Training\Patient#10\input\IMG-0005-00001.jpg,1.0,1.0,1.0,1.0,1.0,,True,0.0,0.0,False
Patient#10,D:\Research\Multi-View Fusion Network\datasets\AJBDS-2023_extracted\AJBDS-2023\Training\Patient#10\input\IMG-0005-00002.jpg,1.0,1.0,1.0,1.0,1.0,,True,0.0,0.0,False
Patient#10,D:\Research\Multi-View Fusion Network\datasets\AJBDS-2023_extracted\AJBDS-2023\Training\Patient#10\input\IMG-0005-00003.jpg,1.0,1.0,1.0,1.0,1.0,,True,0.0,0.0,False
Patient#10,D:\Research\Multi-View Fusion Network\datasets\AJBDS-2023_extracted\AJBDS-2023\Training\Patient#10\input\IMG-0005-00004.jpg,2.2727273396583314e-09,2.2727273396583314e-09,1.0,0.991230845451355,2.2727273396583314e-09,,True,440.0,0.0,True
Patient#10,D:\Research\Multi-View Fusion Network\datasets\AJBDS-2023_extracted\AJBDS-2023\Training\Patient#10\input\IMG-0005-00005.jpg,1.0,1.0,1.0,1.0,1.0,,True,0.0,0.0,False
Patient#10,D:\Research\Multi-View Fusion Network\datasets\AJBDS-2023_extracted\AJBDS-2023\Training\Patient#10\input\IMG-0005-00006.jpg,1.0,1.0,1.0,1.0,1.0,,True,0.0,0.0,False
Patient#10,D:\Research\Multi-View Fusion Network\datasets\AJBDS-2023_extracted\AJBDS-2023\Training\Patient#10\input\IMG-0005-00007.jpg,3.115264712860721e-09,3.115264712860721e-09,1.0,0.9936025142669678,3.115264712860721e-09,,True,321.0,0.0,True
Patient#10,D:\Research\Multi-View Fusion Network\datasets\AJBDS-2023_extracted\AJBDS-2023\Training\Patient#10\input\IMG-0005-00019.jpg,1.6286645365681807e-09,1.6286645365681807e-09,1.0,0.9877630472183228,1.6286645365681807e-09,,True,614.0,0.0,True
Patient#10,D:\Research\Multi-View Fusion Network\datasets\AJBDS-2023_extracted\AJBDS-2023\Training\Patient#10\input\IMG-0005-00020.jpg,1.3568520751405801e-09,1.3568520751405801e-09,1.0,0.9853116869926452,1.3568520751405801e-09,,True,737.0,0.0,True
Patient#10,D:\Research\Multi-View Fusion Network\datasets\AJBDS-2023_extracted\AJBDS-2023\Training\Patient#10\input\IMG-0005-00021.jpg,1.0,1.0,1.0,1.0,1.0,,True,0.0,0.0,False
Patient#10,D:\Research\Multi-View Fusion Network\datasets\AJBDS-2023_extracted\AJBDS-2023\Training\Patient#10\input\IMG-0005-00022.jpg,1.6583747708409644e-09,1.6583747708409644e-09,1.0,0.9879822731018066,1.6583747708409644e-09,,True,603.0,0.0,True
Patient#10,D:\Research\Multi-View Fusion Network\datasets\AJBDS-2023_extracted\AJBDS-2023\Training\Patient#10\input\IMG-0006-00001.jpg,1.0,1.0,1.0,1.0,1.0,,True,0.0,0.0,False
Patient#10,D:\Research\Multi-View Fusion Network\datasets\AJBDS-2023_extracted\AJBDS-2023\Training\Patient#10\input\IMG-0006-00002.jpg,1.0,1.0,1.0,1.0,1.0,,True,0.0,0.0,False
Patient#10,D:\Research\Multi-View Fusion Network\datasets\AJBDS-2023_extracted\AJBDS-2023\Training\Patient#10\input\IMG-0006-00003.jpg,1.0,1.0,1.0,1.0,1.0,,True,0.0,0.0,False
Patient#10,D:\Research\Multi-View Fusion Network\datasets\AJBDS-2023_extracted\AJBDS-2023\Training\Patient#10\input\IMG-0006-00004.jpg,1.0,1.0,1.0,1.0,1.0,,True,0.0,0.0,False
Patient#10,D:\Research\Multi-View Fusion Network\datasets\AJBDS-2023_extracted\AJBDS-2023\Training\Patient#10\input\IMG-0006-00005.jpg,4.366812245137908e-09,4.366812245137908e-09,1.0,0.9954360723495485,4.366812245137908e-09,,True,229.0,0.0,True
Patient#10,D:\Research\Multi-View Fusion Network\datasets\AJBDS-2023_extracted\AJBDS-2023\Training\Patient#10\input\IMG-0006-00016.jpg,1.0,1.0,1.0,1.0,1.0,,True,0.0,0.0,False
Patient#10,D:\Research\Multi-View Fusion Network\datasets\AJBDS-2023_extracted\AJBDS-2023\Training\Patient#10\input\IMG-0006-00017.jpg,1.0,1.0,1.0,1.0,1.0,,True,0.0,0.0,False
Patient#10,D:\Research\Multi-View Fusion Network\datasets\AJBDS-2023_extracted\AJBDS-2023\Training\Patient#10\input\IMG-0006-00018.jpg,1.0,1.0,1.0,1.0,1.0,,True,0.0,0.0,False
Patient#10,D:\Research\Multi-View Fusion Network\datasets\AJBDS-2023_extracted\AJBDS-2023\Training\Patient#10\input\IMG-0006-00019.jpg,1.0,1.0,1.0,1.0,1.0,,True,0.0,0.0,False
Patient#10,D:\Research\Multi-View Fusion Network\datasets\AJBDS-2023_extracted\AJBDS-2023\Training\Patient#10\input\IMG-0006-00020.jpg,7.564296411466386e-10,7.564296411466386e-10,1.0,0.973652720451355,7.564296411466386e-10,,True,1322.0,0.0,True
Patient#10,D:\Research\Multi-View Fusion Network\datasets\AJBDS-2023_extracted\AJBDS-2023\Training\Patient#10\input\IMG-0007-00001.jpg,1.0,1.0,1.0,1.0,1.0,,True,0.0,0.0,False
Patient#10,D:\Research\Multi-View Fusion Network\datasets\AJBDS-2023_extracted\AJBDS-2023\Training\Patient#10\input\IMG-0007-00002.jpg,2.3474178156845933e-09,2.3474178156845933e-09,1.0,0.9915099143981934,2.3474178156845933e-09,,True,426.0,0.0,True
Patient#10,D:\Research\Multi-View Fusion Network\datasets\AJBDS-2023_extracted\AJBDS-2023\Training\Patient#10\input\IMG-0007-00003.jpg,1.953124995068833e-09,1.953124995068833e-09,1.0,0.9897959232330322,1.953124995068833e-09,,True,512.0,0.0,True
Patient#10,D:\Research\Multi-View Fusion Network\datasets\AJBDS-2023_extracted\AJBDS-2023\Training\Patient#10\input\IMG-0007-00004.jpg,1.0,1.0,1.0,1.0,1.0,,True,0.0,0.0,False
Patient#10,D:\Research\Multi-View Fusion Network\datasets\AJBDS-2023_extracted\AJBDS-2023\Training\Patient#10\input\IMG-0007-00005.jpg,1.0,1.0,1.0,1.0,1.0,,True,0.0,0.0,False
Patient#10,D:\Research\Multi-View Fusion Network\datasets\AJBDS-2023_extracted\AJBDS-2023\Training\Patient#10\input\IMG-0007-00006.jpg,3.3658700826499905e-10,3.3658700826499905e-10,1.0,0.9407884478569032,3.3658700826499905e-10,,True,2971.0,0.0,True
Patient#10,D:\Research\Multi-View Fusion Network\datasets\AJBDS-2023_extracted\AJBDS-2023\Training\Patient#10\input\IMG-0007-00016.jpg,1.0,1.0,1.0,1.0,1.0,,True,0.0,0.0,False
Patient#10,D:\Research\Multi-View Fusion Network\datasets\AJBDS-2023_extracted\AJBDS-2023\Training\Patient#10\input\IMG-0007-00017.jpg,1.0,1.0,1.0,1.0,1.0,,True,0.0,0.0,False
Patient#10,D:\Research\Multi-View Fusion Network\datasets\AJBDS-2023_extracted\AJBDS-2023\Training\Patient#10\input\IMG-0007-00018.jpg,1.0,1.0,1.0,1.0,1.0,,True,0.0,0.0,False
Patient#10,D:\Research\Multi-View Fusion Network\datasets\AJBDS-2023_extracted\AJBDS-2023\Training\Patient#10\input\IMG-0007-00019.jpg,8.68055571867643e-10,8.68055571867643e-10,1.0,0.9770408272743224,8.68055571867643e-10,,True,1152.0,0.0,True
Patient#10,D:\Research\Multi-View Fusion Network\datasets\AJBDS-2023_extracted\AJBDS-2023\Training\Patient#10\input\IMG-0007-00020.jpg,4.308487733251098e-10,4.308487733251098e-10,1.0,0.9537428021430968,4.308487733251098e-10,,True,2321.0,0.0,True
Patient#10,D:\Research\Multi-View Fusion Network\datasets\AJBDS-2023_extracted\AJBDS-2023\Training\Patient#10\input\IMG-0007-00021.jpg,3.2258065107981793e-09,3.2258065107981793e-09,1.0,0.9938217401504515,3.2258065107981793e-09,,True,310.0,0.0,True
Patient#10,D:\Research\Multi-View Fusion Network\datasets\AJBDS-2023_extracted\AJBDS-2023\Training\Patient#10\input\IMG-0007-00022.jpg,1.893939449715276e-09,1.893939449715276e-09,1.0,0.989477038383484,1.893939449715276e-09,,True,528.0,0.0,True
Patient#10,D:\Research\Multi-View Fusion Network\datasets\AJBDS-2023_extracted\AJBDS-2023\Training\Patient#10\input\IMG-0007-00023.jpg,5.74052805291103e-10,5.74052805291103e-10,1.0,0.9652822017669678,5.74052805291103e-10,,True,1742.0,0.0,True
Patient#10,D:\Research\Multi-View Fusion Network\datasets\AJBDS-2023_extracted\AJBDS-2023\Training\Patient#10\input\IMG-0007-00024.jpg,1.0,1.0,1.0,1.0,1.0,,True,0.0,0.0,False
Patient#10,D:\Research\Multi-View Fusion Network\datasets\AJBDS-2023_extracted\AJBDS-2023\Training\Patient#10\input\IMG-0007-00025.jpg,1.0,1.0,1.0,1.0,1.0,,True,0.0,0.0,False
Patient#10,D:\Research\Multi-View Fusion Network\datasets\AJBDS-2023_extracted\AJBDS-2023\Training\Patient#10\input\IMG-0007-00026.jpg,1.0,1.0,1.0,1.0,1.0,,True,0.0,0.0,False
Patient#10,D:\Research\Multi-View Fusion Network\datasets\AJBDS-2023_extracted\AJBDS-2023\Training\Patient#10\input\IMG-0007-00036.jpg,1.0,1.0,1.0,1.0,1.0,,True,0.0,0.0,False
Patient#10,D:\Research\Multi-View Fusion Network\datasets\AJBDS-2023_extracted\AJBDS-2023\Training\Patient#10\input\IMG-0007-00037.jpg,1.0,1.0,1.0,1.0,1.0,,True,0.0,0.0,False
Patient#10,D:\Research\Multi-View Fusion Network\datasets\AJBDS-2023_extracted\AJBDS-2023\Training\Patient#10\input\IMG-0007-00038.jpg,1.0,1.0,1.0,1.0,1.0,,True,0.0,0.0,False
Patient#10,D:\Research\Multi-View Fusion Network\datasets\AJBDS-2023_extracted\AJBDS-2023\Training\Patient#10\input\IMG-0007-00039.jpg,5.980861361720713e-10,5.980861361720713e-10,1.0,0.9666773080825806,5.980861361720713e-10,,True,1672.0,0.0,True
Patient#10,D:\Research\Multi-View Fusion Network\datasets\AJBDS-2023_extracted\AJBDS-2023\Training\Patient#10\input\IMG-0007-00040.jpg,9.643201792641776e-10,9.643201792641776e-10,1.0,0.9793327450752258,9.643201792641776e-10,,True,1037.0,0.0,True
Patient#10,D:\Research\Multi-View Fusion Network\datasets\AJBDS-2023_extracted\AJBDS-2023\Training\Patient#10\input\IMG-0008-00001.jpg,1.0,1.0,1.0,1.0,1.0,,True,0.0,0.0,False
Patient#10,D:\Research\Multi-View Fusion Network\datasets\AJBDS-2023_extracted\AJBDS-2023\Training\Patient#10\input\IMG-0008-00002.jpg,1.0,1.0,1.0,1.0,1.0,,True,0.0,0.0,False
Patient#10,D:\Research\Multi-View Fusion Network\datasets\AJBDS-2023_extracted\AJBDS-2023\Training\Patient#10\input\IMG-0008-00003.jpg,1.5290519961297375e-09,1.5290519961297375e-09,1.0,0.9869658946990968,1.5290519961297375e-09,,True,654.0,0.0,True
Patient#10,D:\Research\Multi-View Fusion Network\datasets\AJBDS-2023_extracted\AJBDS-2023\Training\Patient#10\input\IMG-0008-00004.jpg,1.0,1.0,1.0,1.0,1.0,,True,0.0,0.0,False
Patient#10,D:\Research\Multi-View Fusion Network\datasets\AJBDS-2023_extracted\AJBDS-2023\Training\Patient#10\input\IMG-0008-00005.jpg,1.0,1.0,1.0,1.0,1.0,,True,0.0,0.0,False
Patient#10,D:\Research\Multi-View Fusion Network\datasets\AJBDS-2023_extracted\AJBDS-2023\Training\Patient#10\input\IMG-0008-00006.jpg,2.724795722386375e-09,2.724795722386375e-09,1.0,0.9926857352256776,2.724795722386375e-09,,True,367.0,0.0,True
Patient#10,D:\Research\Multi-View Fusion Network\datasets\AJBDS-2023_extracted\AJBDS-2023\Training\Patient#10\input\IMG-0008-00017.jpg,1.0,1.0,1.0,1.0,1.0,,True,0.0,0.0,False
Patient#10,D:\Research\Multi-View Fusion Network\datasets\AJBDS-2023_extracted\AJBDS-2023\Training\Patient#10\input\IMG-0008-00018.jpg,1.0,1.0,1.0,1.0,1.0,,True,0.0,0.0,False
Patient#10,D:\Research\Multi-View Fusion Network\datasets\AJBDS-2023_extracted\AJBDS-2023\Training\Patient#10\input\IMG-0008-00019.jpg,1.0,1.0,1.0,1.0,1.0,,True,0.0,0.0,False
Patient#10,D:\Research\Multi-View Fusion Network\datasets\AJBDS-2023_extracted\AJBDS-2023\Training\Patient#10\input\IMG-0008-00020.jpg,1.0,1.0,1.0,1.0,1.0,,True,0.0,0.0,False
Patient#10,D:\Research\Multi-View Fusion Network\datasets\AJBDS-2023_extracted\AJBDS-2023\Training\Patient#10\input\IMG-0009-00001.jpg,1.0,1.0,1.0,1.0,1.0,,True,0.0,0.0,False
Patient#10,D:\Research\Multi-View Fusion Network\datasets\AJBDS-2023_extracted\AJBDS-2023\Training\Patient#10\input\IMG-0009-00002.jpg,1.0,1.0,1.0,1.0,1.0,,True,0.0,0.0,False
Patient#10,D:\Research\Multi-View Fusion Network\datasets\AJBDS-2023_extracted\AJBDS-2023\Training\Patient#10\input\IMG-0009-00003.jpg,1.0,1.0,1.0,1.0,1.0,,True,0.0,0.0,False
Patient#10,D:\Research\Multi-View Fusion Network\datasets\AJBDS-2023_extracted\AJBDS-2023\Training\Patient#10\input\IMG-0009-00004.jpg,1.0,1.0,1.0,1.0,1.0,,True,0.0,0.0,False
Patient#10,D:\Research\Multi-View Fusion Network\datasets\AJBDS-2023_extracted\AJBDS-2023\Training\Patient#10\input\IMG-0009-00005.jpg,1.0,1.0,1.0,1.0,1.0,,True,0.0,0.0,False
Patient#10,D:\Research\Multi-View Fusion Network\datasets\AJBDS-2023_extracted\AJBDS-2023\Training\Patient#10\input\IMG-0009-00006.jpg,1.0,1.0,1.0,1.0,1.0,,True,0.0,0.0,False
Patient#10,D:\Research\Multi-View Fusion Network\datasets\AJBDS-2023_extracted\AJBDS-2023\Training\Patient#10\input\IMG-0009-00007.jpg,1.0,1.0,1.0,1.0,1.0,,True,0.0,0.0,False
Patient#10,D:\Research\Multi-View Fusion Network\datasets\AJBDS-2023_extracted\AJBDS-2023\Training\Patient#10\input\IMG-0009-00008.jpg,1.0,1.0,1.0,1.0,1.0,,True,0.0,0.0,False
Patient#10,D:\Research\Multi-View Fusion Network\datasets\AJBDS-2023_extracted\AJBDS-2023\Training\Patient#10\input\IMG-0009-00009.jpg,1.0,1.0,1.0,1.0,1.0,,True,0.0,0.0,False
Patient#10,D:\Research\Multi-View Fusion Network\datasets\AJBDS-2023_extracted\AJBDS-2023\Training\Patient#10\input\IMG-0009-00010.jpg,1.0,1.0,1.0,1.0,1.0,,True,0.0,0.0,False
Patient#10,D:\Research\Multi-View Fusion Network\datasets\AJBDS-2023_extracted\AJBDS-2023\Training\Patient#10\input\IMG-0009-00011.jpg,1.0,1.0,1.0,1.0,1.0,,True,0.0,0.0,False
Patient#10,D:\Research\Multi-View Fusion Network\datasets\AJBDS-2023_extracted\AJBDS-2023\Training\Patient#10\input\IMG-0009-00012.jpg,1.0,1.0,1.0,1.0,1.0,,True,0.0,0.0,False
Patient#10,D:\Research\Multi-View Fusion Network\datasets\AJBDS-2023_extracted\AJBDS-2023\Training\Patient#10\input\IMG-0009-00013.jpg,1.0,1.0,1.0,1.0,1.0,,True,0.0,0.0,False
Patient#10,D:\Research\Multi-View Fusion Network\datasets\AJBDS-2023_extracted\AJBDS-2023\Training\Patient#10\input\IMG-0009-00014.jpg,1.0,1.0,1.0,1.0,1.0,,True,0.0,0.0,False
Patient#10,D:\Research\Multi-View Fusion Network\datasets\AJBDS-2023_extracted\AJBDS-2023\Training\Patient#10\input\IMG-0009-00015.jpg,1.0,1.0,1.0,1.0,1.0,,True,0.0,0.0,False
Patient#10,D:\Research\Multi-View Fusion Network\datasets\AJBDS-2023_extracted\AJBDS-2023\Training\Patient#10\input\IMG-0009-00016.jpg,1.0,1.0,1.0,1.0,1.0,,True,0.0,0.0,False
Patient#10,D:\Research\Multi-View Fusion Network\datasets\AJBDS-2023_extracted\AJBDS-2023\Training\Patient#10\input\IMG-0009-00061.jpg,1.0,1.0,1.0,1.0,1.0,,True,0.0,0.0,False
Patient#10,D:\Research\Multi-View Fusion Network\datasets\AJBDS-2023_extracted\AJBDS-2023\Training\Patient#10\input\IMG-0009-00062.jpg,1.0,1.0,1.0,1.0,1.0,,True,0.0,0.0,False
Patient#10,D:\Research\Multi-View Fusion Network\datasets\AJBDS-2023_extracted\AJBDS-2023\Training\Patient#10\input\IMG-0009-00063.jpg,1.0,1.0,1.0,1.0,1.0,,True,0.0,0.0,False
Patient#10,D:\Research\Multi-View Fusion Network\datasets\AJBDS-2023_extracted\AJBDS-2023\Training\Patient#10\input\IMG-0009-00064.jpg,1.0,1.0,1.0,1.0,1.0,,True,0.0,0.0,False
Patient#10,D:\Research\Multi-View Fusion Network\datasets\AJBDS-2023_extracted\AJBDS-2023\Training\Patient#10\input\IMG-0009-00065.jpg,1.0,1.0,1.0,1.0,1.0,,True,0.0,0.0,False
Patient#10,D:\Research\Multi-View Fusion Network\datasets\AJBDS-2023_extracted\AJBDS-2023\Training\Patient#10\input\IMG-0009-00066.jpg,1.0,1.0,1.0,1.0,1.0,,True,0.0,0.0,False
Patient#10,D:\Research\Multi-View Fusion Network\datasets\AJBDS-2023_extracted\AJBDS-2023\Training\Patient#10\input\IMG-0009-00067.jpg,1.0,1.0,1.0,1.0,1.0,,True,0.0,0.0,False
Patient#10,D:\Research\Multi-View Fusion Network\datasets\AJBDS-2023_extracted\AJBDS-2023\Training\Patient#10\input\IMG-0009-00068.jpg,1.0,1.0,1.0,1.0,1.0,,True,0.0,0.0,False
Patient#10,D:\Research\Multi-View Fusion Network\datasets\AJBDS-2023_extracted\AJBDS-2023\Training\Patient#10\input\IMG-0009-00069.jpg,1.0,1.0,1.0,1.0,1.0,,True,0.0,0.0,False
Patient#10,D:\Research\Multi-View Fusion Network\datasets\AJBDS-2023_extracted\AJBDS-2023\Training\Patient#10\input\IMG-0009-00070.jpg,1.0,1.0,1.0,1.0,1.0,,True,0.0,0.0,False
Patient#10,D:\Research\Multi-View Fusion Network\datasets\AJBDS-2023_extracted\AJBDS-2023\Training\Patient#10\input\IMG-0009-00071.jpg,1.0,1.0,1.0,1.0,1.0,,True,0.0,0.0,False
Patient#10,D:\Research\Multi-View Fusion Network\datasets\AJBDS-2023_extracted\AJBDS-2023\Training\Patient#10\input\IMG-0009-00072.jpg,1.0,1.0,1.0,1.0,1.0,,True,0.0,0.0,False
Patient#10,D:\Research\Multi-View Fusion Network\datasets\AJBDS-2023_extracted\AJBDS-2023\Training\Patient#10\input\IMG-0010-00001.jpg,1.0,1.0,1.0,1.0,1.0,,True,0.0,0.0,False
Patient#10,D:\Research\Multi-View Fusion Network\datasets\AJBDS-2023_extracted\AJBDS-2023\Training\Patient#10\input\IMG-0010-00002.jpg,1.0,1.0,1.0,1.0,1.0,,True,0.0,0.0,False
Patient#10,D:\Research\Multi-View Fusion Network\datasets\AJBDS-2023_extracted\AJBDS-2023\Training\Patient#10\input\IMG-0010-00003.jpg,1.0,1.0,1.0,1.0,1.0,,True,0.0,0.0,False
Patient#10,D:\Research\Multi-View Fusion Network\datasets\AJBDS-2023_extracted\AJBDS-2023\Training\Patient#10\input\IMG-0010-00004.jpg,3.448275620598906e-08,3.448275620598906e-08,1.0,0.999422013759613,3.448275620598906e-08,,True,29.0,0.0,True
Patient#10,D:\Research\Multi-View Fusion Network\datasets\AJBDS-2023_extracted\AJBDS-2023\Training\Patient#10\input\IMG-0010-00005.jpg,1.1235955277300036e-08,1.1235955277300036e-08,1.0,0.9982262253761292,1.1235955277300036e-08,,True,89.0,0.0,True
Patient#10,D:\Research\Multi-View Fusion Network\datasets\AJBDS-2023_extracted\AJBDS-2023\Training\Patient#10\input\IMG-0010-00015.jpg,1.0,1.0,1.0,1.0,1.0,,True,0.0,0.0,False
Patient#10,D:\Research\Multi-View Fusion Network\datasets\AJBDS-2023_extracted\AJBDS-2023\Training\Patient#10\input\IMG-0010-00016.jpg,1.0,1.0,1.0,1.0,1.0,,True,0.0,0.0,False
Patient#10,D:\Research\Multi-View Fusion Network\datasets\AJBDS-2023_extracted\AJBDS-2023\Training\Patient#10\input\IMG-0010-00017.jpg,1.5624999960550667e-08,1.5624999960550667e-08,1.0,0.9987244606018066,1.5624999960550667e-08,,True,64.0,0.0,True
Patient#10,D:\Research\Multi-View Fusion Network\datasets\AJBDS-2023_extracted\AJBDS-2023\Training\Patient#10\input\IMG-0010-00018.jpg,1.0,1.0,1.0,1.0,1.0,,True,0.0,0.0,False
Patient#10,D:\Research\Multi-View Fusion Network\datasets\AJBDS-2023_extracted\AJBDS-2023\Training\Patient#10\input\IMG-0010-00019.jpg,1.0,1.0,1.0,1.0,1.0,,True,0.0,0.0,False
Patient#10,D:\Research\Multi-View Fusion Network\datasets\AJBDS-2023_extracted\AJBDS-2023\Training\Patient#10\input\IMG-0010-00020.jpg,1.0,1.0,1.0,1.0,1.0,,True,0.0,0.0,False
Patient#10,D:\Research\Multi-View Fusion Network\datasets\AJBDS-2023_extracted\AJBDS-2023\Training\Patient#10\input\IMG-0011-00001.jpg,1.0,1.0,1.0,1.0,1.0,,True,0.0,0.0,False
Patient#10,D:\Research\Multi-View Fusion Network\datasets\AJBDS-2023_extracted\AJBDS-2023\Training\Patient#10\input\IMG-0011-00002.jpg,1.0,1.0,1.0,1.0,1.0,,True,0.0,0.0,False
Patient#10,D:\Research\Multi-View Fusion Network\datasets\AJBDS-2023_extracted\AJBDS-2023\Training\Patient#10\input\IMG-0011-00003.jpg,1.0,1.0,1.0,1.0,1.0,,True,0.0,0.0,False
Patient#10,D:\Research\Multi-View Fusion Network\datasets\AJBDS-2023_extracted\AJBDS-2023\Training\Patient#10\input\IMG-0011-00004.jpg,1.0,1.0,1.0,1.0,1.0,,True,0.0,0.0,False
Patient#10,D:\Research\Multi-View Fusion Network\datasets\AJBDS-2023_extracted\AJBDS-2023\Training\Patient#10\input\IMG-0011-00005.jpg,1.0,1.0,1.0,1.0,1.0,,True,0.0,0.0,False
Patient#10,D:\Research\Multi-View Fusion Network\datasets\AJBDS-2023_extracted\AJBDS-2023\Training\Patient#10\input\IMG-0011-00006.jpg,1.0,1.0,1.0,1.0,1.0,,True,0.0,0.0,False
Patient#10,D:\Research\Multi-View Fusion Network\datasets\AJBDS-2023_extracted\AJBDS-2023\Training\Patient#10\input\IMG-0011-00007.jpg,1.0,1.0,1.0,1.0,1.0,,True,0.0,0.0,False
Patient#10,D:\Research\Multi-View Fusion Network\datasets\AJBDS-2023_extracted\AJBDS-2023\Training\Patient#10\input\IMG-0011-00008.jpg,1.0,1.0,1.0,1.0,1.0,,True,0.0,0.0,False
Patient#10,D:\Research\Multi-View Fusion Network\datasets\AJBDS-2023_extracted\AJBDS-2023\Training\Patient#10\input\IMG-0011-00009.jpg,2.898550732766125e-09,2.898550732766125e-09,1.0,0.9931241869926452,2.898550732766125e-09,,True,345.0,0.0,True
Patient#10,D:\Research\Multi-View Fusion Network\datasets\AJBDS-2023_extracted\AJBDS-2023\Training\Patient#10\input\IMG-0011-00010.jpg,1.488095202617501e-09,1.488095202617501e-09,1.0,0.9866071343421936,1.488095202617501e-09,,True,672.0,0.0,True
Patient#10,D:\Research\Multi-View Fusion Network\datasets\AJBDS-2023_extracted\AJBDS-2023\Training\Patient#10\input\IMG-0011-00020.jpg,1.0,1.0,1.0,1.0,1.0,,True,0.0,0.0,False
Patient#10,D:\Research\Multi-View Fusion Network\datasets\AJBDS-2023_extracted\AJBDS-2023\Training\Patient#10\input\IMG-0012-00001.jpg,1.0,1.0,1.0,1.0,1.0,,True,0.0,0.0,False
Patient#10,D:\Research\Multi-View Fusion Network\datasets\AJBDS-2023_extracted\AJBDS-2023\Training\Patient#10\input\IMG-0012-00002.jpg,1.0,1.0,1.0,1.0,1.0,,True,0.0,0.0,False
Patient#10,D:\Research\Multi-View Fusion Network\datasets\AJBDS-2023_extracted\AJBDS-2023\Training\Patient#10\input\IMG-0012-00003.jpg,1.0,1.0,1.0,1.0,1.0,,True,0.0,0.0,False
Patient#10,D:\Research\Multi-View Fusion Network\datasets\AJBDS-2023_extracted\AJBDS-2023\Training\Patient#10\input\IMG-0012-00004.jpg,1.0,1.0,1.0,1.0,1.0,,True,0.0,0.0,False
Patient#10,D:\Research\Multi-View Fusion Network\datasets\AJBDS-2023_extracted\AJBDS-2023\Training\Patient#10\input\IMG-0012-00005.jpg,1.0,1.0,1.0,1.0,1.0,,True,0.0,0.0,False
Patient#10,D:\Research\Multi-View Fusion Network\datasets\AJBDS-2023_extracted\AJBDS-2023\Training\Patient#10\input\IMG-0012-00006.jpg,1.0,1.0,1.0,1.0,1.0,,True,0.0,0.0,False
Patient#10,D:\Research\Multi-View Fusion Network\datasets\AJBDS-2023_extracted\AJBDS-2023\Training\Patient#10\input\IMG-0012-00007.jpg,3.8167939919731e-09,3.8167939919731e-09,1.0,0.9947783946990968,3.8167939919731e-09,,True,262.0,0.0,True
Patient#10,D:\Research\Multi-View Fusion Network\datasets\AJBDS-2023_extracted\AJBDS-2023\Training\Patient#10\input\IMG-0012-00019.jpg,1.0,1.0,1.0,1.0,1.0,,True,0.0,0.0,False
Patient#10,D:\Research\Multi-View Fusion Network\datasets\AJBDS-2023_extracted\AJBDS-2023\Training\Patient#10\input\IMG-0012-00020.jpg,1.0,1.0,1.0,1.0,1.0,,True,0.0,0.0,False
Patient#10,D:\Research\Multi-View Fusion Network\datasets\AJBDS-2023_extracted\AJBDS-2023\Training\Patient#10\input\IMG-0012-00021.jpg,4.821600896320888e-10,4.821600896320888e-10,1.0,0.9586654901504515,4.821600896320888e-10,,True,2074.0,0.0,True
Patient#10,D:\Research\Multi-View Fusion Network\datasets\AJBDS-2023_extracted\AJBDS-2023\Training\Patient#10\input\IMG-0012-00022.jpg,1.2422359807473524e-09,1.2422359807473524e-09,1.0,0.9839564561843872,1.2422359807473524e-09,,True,805.0,0.0,True
Patient#11,D:\Research\Multi-View Fusion Network\datasets\AJBDS-2023_extracted\AJBDS-2023\Training\Patient#11\input\IMG-0001-00001.jpg,5.847953232773761e-09,5.847953232773761e-09,1.0,0.9965919852256776,5.847953232773761e-09,,True,171.0,0.0,True
Patient#11,D:\Research\Multi-View Fusion Network\datasets\AJBDS-2023_extracted\AJBDS-2023\Training\Patient#11\input\IMG-0001-00002.jpg,1.6339869457482335e-09,1.6339869457482335e-09,1.0,0.9878029227256776,1.6339869457482335e-09,,True,612.0,0.0,True
Patient#11,D:\Research\Multi-View Fusion Network\datasets\AJBDS-2023_extracted\AJBDS-2023\Training\Patient#11\input\IMG-0001-00003.jpg,2.604166660091778e-09,2.604166660091778e-09,1.0,0.9923469424247742,2.604166660091778e-09,,True,384.0,0.0,True
Patient#11,D:\Research\Multi-View Fusion Network\datasets\AJBDS-2023_extracted\AJBDS-2023\Training\Patient#11\input\IMG-0001-00004.jpg,2.6246718132227893e-09,2.6246718132227893e-09,1.0,0.992406725883484,2.6246718132227893e-09,,True,381.0,0.0,True
Patient#11,D:\Research\Multi-View Fusion Network\datasets\AJBDS-2023_extracted\AJBDS-2023\Training\Patient#11\input\IMG-0001-00005.jpg,1.7064846202785586e-09,1.7064846202785586e-09,1.0,0.9883211255073548,1.7064846202785586e-09,,True,586.0,0.0,True
Patient#11,D:\Research\Multi-View Fusion Network\datasets\AJBDS-2023_extracted\AJBDS-2023\Training\Patient#11\input\IMG-0001-00006.jpg,1.644736791206469e-09,1.644736791206469e-09,1.0,0.987882673740387,1.644736791206469e-09,,True,608.0,0.0,True
Patient#11,D:\Research\Multi-View Fusion Network\datasets\AJBDS-2023_extracted\AJBDS-2023\Training\Patient#11\input\IMG-0001-00014.jpg,1.0,1.0,1.0,1.0,1.0,,True,0.0,0.0,False
Patient#11,D:\Research\Multi-View Fusion Network\datasets\AJBDS-2023_extracted\AJBDS-2023\Training\Patient#11\input\IMG-0001-00015.jpg,4.629629568597693e-09,4.629629568597693e-09,1.0,0.995695173740387,4.629629568597693e-09,,True,216.0,0.0,True
Patient#11,D:\Research\Multi-View Fusion Network\datasets\AJBDS-2023_extracted\AJBDS-2023\Training\Patient#11\input\IMG-0001-00016.jpg,1.2919896263952067e-09,1.2919896263952067e-09,1.0,0.9845743179321288,1.2919896263952067e-09,,True,774.0,0.0,True
Patient#11,D:\Research\Multi-View Fusion Network\datasets\AJBDS-2023_extracted\AJBDS-2023\Training\Patient#11\input\IMG-0001-00017.jpg,4.3103449698378435e-09,4.3103449698378435e-09,1.0,0.9953762888908386,4.3103449698378435e-09,,True,232.0,0.0,True
Patient#11,D:\Research\Multi-View Fusion Network\datasets\AJBDS-2023_extracted\AJBDS-2023\Training\Patient#11\input\IMG-0001-00018.jpg,1.0,1.0,1.0,1.0,1.0,,True,0.0,0.0,False
Patient#11,D:\Research\Multi-View Fusion Network\datasets\AJBDS-2023_extracted\AJBDS-2023\Training\Patient#11\input\IMG-0001-00019.jpg,2.6954178888871642e-09,2.6954178888871642e-09,1.0,0.9926060438156128,2.6954178888871642e-09,,True,371.0,0.0,True
Patient#11,D:\Research\Multi-View Fusion Network\datasets\AJBDS-2023_extracted\AJBDS-2023\Training\Patient#11\input\IMG-0001-00020.jpg,1.0,1.0,1.0,1.0,1.0,,True,0.0,0.0,False
Patient#11,D:\Research\Multi-View Fusion Network\datasets\AJBDS-2023_extracted\AJBDS-2023\Training\Patient#11\input\IMG-0002-00001.jpg,1.0,1.0,1.0,1.0,1.0,,True,0.0,0.0,False
Patient#11,D:\Research\Multi-View Fusion Network\datasets\AJBDS-2023_extracted\AJBDS-2023\Training\Patient#11\input\IMG-0002-00002.jpg,4.504504325097969e-09,4.504504325097969e-09,1.0,0.9955755472183228,4.504504325097969e-09,,True,222.0,0.0,True
Patient#11,D:\Research\Multi-View Fusion Network\datasets\AJBDS-2023_extracted\AJBDS-2023\Training\Patient#11\input\IMG-0002-00003.jpg,1.0,1.0,1.0,1.0,1.0,,True,0.0,0.0,False
Patient#11,D:\Research\Multi-View Fusion Network\datasets\AJBDS-2023_extracted\AJBDS-2023\Training\Patient#11\input\IMG-0002-00004.jpg,1.0,1.0,1.0,1.0,1.0,,True,0.0,0.0,False
Patient#11,D:\Research\Multi-View Fusion Network\datasets\AJBDS-2023_extracted\AJBDS-2023\Training\Patient#11\input\IMG-0002-00005.jpg,1.0,1.0,1.0,1.0,1.0,,True,0.0,0.0,False
Patient#11,D:\Research\Multi-View Fusion Network\datasets\AJBDS-2023_extracted\AJBDS-2023\Training\Patient#11\input\IMG-0002-00006.jpg,3.999999886872274e-09,3.999999886872274e-09,1.0,0.9950175285339355,3.999999886872274e-09,,True,250.0,0.0,True
Patient#11,D:\Research\Multi-View Fusion Network\datasets\AJBDS-2023_extracted\AJBDS-2023\Training\Patient#11\input\IMG-0002-00014.jpg,1.0,1.0,1.0,1.0,1.0,,True,0.0,0.0,False
Patient#11,D:\Research\Multi-View Fusion Network\datasets\AJBDS-2023_extracted\AJBDS-2023\Training\Patient#11\input\IMG-0002-00015.jpg,1.0,1.0,1.0,1.0,1.0,,True,0.0,0.0,False
Patient#11,D:\Research\Multi-View Fusion Network\datasets\AJBDS-2023_extracted\AJBDS-2023\Training\Patient#11\input\IMG-0002-00016.jpg,1.0,1.0,1.0,1.0,1.0,,True,0.0,0.0,False
Patient#11,D:\Research\Multi-View Fusion Network\datasets\AJBDS-2023_extracted\AJBDS-2023\Training\Patient#11\input\IMG-0002-00017.jpg,1.0,1.0,1.0,1.0,1.0,,True,0.0,0.0,False
Patient#11,D:\Research\Multi-View Fusion Network\datasets\AJBDS-2023_extracted\AJBDS-2023\Training\Patient#11\input\IMG-0002-00018.jpg,1.0,1.0,1.0,1.0,1.0,,True,0.0,0.0,False
Patient#11,D:\Research\Multi-View Fusion Network\datasets\AJBDS-2023_extracted\AJBDS-2023\Training\Patient#11\input\IMG-0002-00019.jpg,8.90471973935547e-10,8.90471973935547e-10,1.0,0.9776187539100648,8.90471973935547e-10,,True,1123.0,0.0,True
Patient#11,D:\Research\Multi-View Fusion Network\datasets\AJBDS-2023_extracted\AJBDS-2023\Training\Patient#11\input\IMG-0002-00020.jpg,1.0,1.0,1.0,1.0,1.0,,True,0.0,0.0,False
Patient#11,D:\Research\Multi-View Fusion Network\datasets\AJBDS-2023_extracted\AJBDS-2023\Training\Patient#11\input\IMG-0003-00001.jpg,1.1764705654115916e-08,1.1764705654115916e-08,1.0,0.9983059763908386,1.1764705654115916e-08,,True,85.0,0.0,True
Patient#11,D:\Research\Multi-View Fusion Network\datasets\AJBDS-2023_extracted\AJBDS-2023\Training\Patient#11\input\IMG-0003-00002.jpg,1.0,1.0,1.0,1.0,1.0,,True,0.0,0.0,False
Patient#11,D:\Research\Multi-View Fusion Network\datasets\AJBDS-2023_extracted\AJBDS-2023\Training\Patient#11\input\IMG-0003-00003.jpg,1.0,1.0,1.0,1.0,1.0,,True,0.0,0.0,False
Patient#11,D:\Research\Multi-View Fusion Network\datasets\AJBDS-2023_extracted\AJBDS-2023\Training\Patient#11\input\IMG-0003-00004.jpg,1.0,1.0,1.0,1.0,1.0,,True,0.0,0.0,False
Patient#11,D:\Research\Multi-View Fusion Network\datasets\AJBDS-2023_extracted\AJBDS-2023\Training\Patient#11\input\IMG-0003-00005.jpg,1.9999995970465534e-07,1.9999995970465534e-07,1.0,0.9999003410339355,1.9999995970465534e-07,,True,5.0,0.0,True
Patient#11,D:\Research\Multi-View Fusion Network\datasets\AJBDS-2023_extracted\AJBDS-2023\Training\Patient#11\input\IMG-0003-00006.jpg,1.0,1.0,1.0,1.0,1.0,,True,0.0,0.0,False
Patient#11,D:\Research\Multi-View Fusion Network\datasets\AJBDS-2023_extracted\AJBDS-2023\Training\Patient#11\input\IMG-0003-00007.jpg,5.263157909496385e-09,5.263157909496385e-09,1.0,0.9962133169174194,5.263157909496385e-09,,True,190.0,0.0,True
Patient#11,D:\Research\Multi-View Fusion Network\datasets\AJBDS-2023_extracted\AJBDS-2023\Training\Patient#11\input\IMG-0003-00008.jpg,5.050504903181263e-09,5.050504903181263e-09,1.0,0.9960538744926452,5.050504903181263e-09,,True,198.0,0.0,True
Patient#11,D:\Research\Multi-View Fusion Network\datasets\AJBDS-2023_extracted\AJBDS-2023\Training\Patient#11\input\IMG-0003-00009.jpg,3.134796200399137e-09,3.134796200399137e-09,1.0,0.9936423897743224,3.134796200399137e-09,,True,319.0,0.0,True
Patient#11,D:\Research\Multi-View Fusion Network\datasets\AJBDS-2023_extracted\AJBDS-2023\Training\Patient#11\input\IMG-0003-00010.jpg,1.0,1.0,1.0,1.0,1.0,,True,0.0,0.0,False
Patient#11,D:\Research\Multi-View Fusion Network\datasets\AJBDS-2023_extracted\AJBDS-2023\Training\Patient#11\input\IMG-0003-00011.jpg,1.0,1.0,1.0,1.0,1.0,,True,0.0,0.0,False
Patient#11,D:\Research\Multi-View Fusion Network\datasets\AJBDS-2023_extracted\AJBDS-2023\Training\Patient#11\input\IMG-0003-00017.jpg,9.990009930405106e-10,9.990009930405106e-10,1.0,0.9800502061843872,9.990009930405106e-10,,True,1001.0,0.0,True
Patient#11,D:\Research\Multi-View Fusion Network\datasets\AJBDS-2023_extracted\AJBDS-2023\Training\Patient#11\input\IMG-0003-00018.jpg,1.0,1.0,1.0,1.0,1.0,,True,0.0,0.0,False
Patient#11,D:\Research\Multi-View Fusion Network\datasets\AJBDS-2023_extracted\AJBDS-2023\Training\Patient#11\input\IMG-0003-00019.jpg,2.9411765467557416e-08,2.9411765467557416e-08,1.0,0.9993224143981934,2.9411765467557416e-08,,True,34.0,0.0,True
Patient#11,D:\Research\Multi-View Fusion Network\datasets\AJBDS-2023_extracted\AJBDS-2023\Training\Patient#11\input\IMG-0003-00020.jpg,1.0,1.0,1.0,1.0,1.0,,True,0.0,0.0,False
Patient#11,D:\Research\Multi-View Fusion Network\datasets\AJBDS-2023_extracted\AJBDS-2023\Training\Patient#11\input\IMG-0004-00001.jpg,1.0,1.0,1.0,1.0,1.0,,True,0.0,0.0,False
Patient#11,D:\Research\Multi-View Fusion Network\datasets\AJBDS-2023_extracted\AJBDS-2023\Training\Patient#11\input\IMG-0004-00002.jpg,1.0,1.0,1.0,1.0,1.0,,True,0.0,0.0,False
Patient#11,D:\Research\Multi-View Fusion Network\datasets\AJBDS-2023_extracted\AJBDS-2023\Training\Patient#11\input\IMG-0004-00003.jpg,1.6666663782416438e-07,1.6666663782416438e-07,1.0,0.9998804330825806,1.6666663782416438e-07,,True,6.0,0.0,True
Patient#11,D:\Research\Multi-View Fusion Network\datasets\AJBDS-2023_extracted\AJBDS-2023\Training\Patient#11\input\IMG-0004-00004.jpg,1.0,1.0,1.0,1.0,1.0,,True,0.0,0.0,False
Patient#11,D:\Research\Multi-View Fusion Network\datasets\AJBDS-2023_extracted\AJBDS-2023\Training\Patient#11\input\IMG-0004-00005.jpg,7.692307235629414e-08,7.692307235629414e-08,1.0,0.9997408986091614,7.692307235629414e-08,,True,13.0,0.0,True
Patient#11,D:\Research\Multi-View Fusion Network\datasets\AJBDS-2023_extracted\AJBDS-2023\Training\Patient#11\input\IMG-0004-00006.jpg,6.711409206161534e-09,6.711409206161534e-09,1.0,0.9970304369926452,6.711409206161534e-09,,True,149.0,0.0,True
Patient#11,D:\Research\Multi-View Fusion Network\datasets\AJBDS-2023_extracted\AJBDS-2023\Training\Patient#11\input\IMG-0004-00007.jpg,1.0,1.0,1.0,1.0,1.0,,True,0.0,0.0,False
Patient#11,D:\Research\Multi-View Fusion Network\datasets\AJBDS-2023_extracted\AJBDS-2023\Training\Patient#11\input\IMG-0004-00010.jpg,1.0,1.0,1.0,1.0,1.0,,True,0.0,0.0,False
Patient#11,D:\Research\Multi-View Fusion Network\datasets\AJBDS-2023_extracted\AJBDS-2023\Training\Patient#11\input\IMG-0004-00011.jpg,1.0,1.0,1.0,1.0,1.0,,True,0.0,0.0,False
Patient#11,D:\Research\Multi-View Fusion Network\datasets\AJBDS-2023_extracted\AJBDS-2023\Training\Patient#11\input\IMG-0004-00012.jpg,1.0,1.0,1.0,1.0,1.0,,True,0.0,0.0,False
Patient#11,D:\Research\Multi-View Fusion Network\datasets\AJBDS-2023_extracted\AJBDS-2023\Training\Patient#11\input\IMG-0004-00013.jpg,1.0,1.0,1.0,1.0,1.0,,True,0.0,0.0,False
Patient#11,D:\Research\Multi-View Fusion Network\datasets\AJBDS-2023_extracted\AJBDS-2023\Training\Patient#11\input\IMG-0004-00014.jpg,1.0,1.0,1.0,1.0,1.0,,True,0.0,0.0,False
Patient#11,D:\Research\Multi-View Fusion Network\datasets\AJBDS-2023_extracted\AJBDS-2023\Training\Patient#11\input\IMG-0004-00015.jpg,1.0,1.0,1.0,1.0,1.0,,True,0.0,0.0,False
Patient#11,D:\Research\Multi-View Fusion Network\datasets\AJBDS-2023_extracted\AJBDS-2023\Training\Patient#11\input\IMG-0004-00016.jpg,1.0,1.0,1.0,1.0,1.0,,True,0.0,0.0,False
Patient#11,D:\Research\Multi-View Fusion Network\datasets\AJBDS-2023_extracted\AJBDS-2023\Training\Patient#11\input\IMG-0004-00017.jpg,1.0,1.0,1.0,1.0,1.0,,True,0.0,0.0,False
Patient#11,D:\Research\Multi-View Fusion Network\datasets\AJBDS-2023_extracted\AJBDS-2023\Training\Patient#11\input\IMG-0004-00018.jpg,1.0,1.0,1.0,1.0,1.0,,True,0.0,0.0,False
Patient#11,D:\Research\Multi-View Fusion Network\datasets\AJBDS-2023_extracted\AJBDS-2023\Training\Patient#11\input\IMG-0004-00019.jpg,1.0,1.0,1.0,1.0,1.0,,True,0.0,0.0,False
Patient#11,D:\Research\Multi-View Fusion Network\datasets\AJBDS-2023_extracted\AJBDS-2023\Training\Patient#11\input\IMG-0004-00020.jpg,1.0,1.0,1.0,1.0,1.0,,True,0.0,0.0,False
Patient#11,D:\Research\Multi-View Fusion Network\datasets\AJBDS-2023_extracted\AJBDS-2023\Training\Patient#11\input\IMG-0005-00001.jpg,2.7548210379535476e-09,2.7548210379535476e-09,1.0,0.992765486240387,2.7548210379535476e-09,,True,363.0,0.0,True
Patient#11,D:\Research\Multi-View Fusion Network\datasets\AJBDS-2023_extracted\AJBDS-2023\Training\Patient#11\input\IMG-0005-00002.jpg,1.1806375876943775e-09,1.1806375876943775e-09,1.0,0.9831194281578064,1.1806375876943775e-09,,True,847.0,0.0,True
Patient#11,D:\Research\Multi-View Fusion Network\datasets\AJBDS-2023_extracted\AJBDS-2023\Training\Patient#11\input\IMG-0005-00003.jpg,1.0,1.0,1.0,1.0,1.0,,True,0.0,0.0,False
Patient#11,D:\Research\Multi-View Fusion Network\datasets\AJBDS-2023_extracted\AJBDS-2023\Training\Patient#11\input\IMG-0005-00004.jpg,1.0,1.0,1.0,1.0,1.0,,True,0.0,0.0,False
Patient#11,D:\Research\Multi-View Fusion Network\datasets\AJBDS-2023_extracted\AJBDS-2023\Training\Patient#11\input\IMG-0005-00005.jpg,1.0,1.0,1.0,1.0,1.0,,True,0.0,0.0,False
Patient#11,D:\Research\Multi-View Fusion Network\datasets\AJBDS-2023_extracted\AJBDS-2023\Training\Patient#11\input\IMG-0005-00006.jpg,7.246376831915313e-09,7.246376831915313e-09,1.0,0.9972496628761292,7.246376831915313e-09,,True,138.0,0.0,True
Patient#11,D:\Research\Multi-View Fusion Network\datasets\AJBDS-2023_extracted\AJBDS-2023\Training\Patient#11\input\IMG-0005-00013.jpg,1.0,1.0,1.0,1.0,1.0,,True,0.0,0.0,False
Patient#11,D:\Research\Multi-View Fusion Network\datasets\AJBDS-2023_extracted\AJBDS-2023\Training\Patient#11\input\IMG-0005-00014.jpg,1.0,1.0,1.0,1.0,1.0,,True,0.0,0.0,False
Patient#11,D:\Research\Multi-View Fusion Network\datasets\AJBDS-2023_extracted\AJBDS-2023\Training\Patient#11\input\IMG-0005-00015.jpg,1.0,1.0,1.0,1.0,1.0,,True,0.0,0.0,False
Patient#11,D:\Research\Multi-View Fusion Network\datasets\AJBDS-2023_extracted\AJBDS-2023\Training\Patient#11\input\IMG-0005-00016.jpg,1.0,1.0,1.0,1.0,1.0,,True,0.0,0.0,False
Patient#11,D:\Research\Multi-View Fusion Network\datasets\AJBDS-2023_extracted\AJBDS-2023\Training\Patient#11\input\IMG-0005-00017.jpg,1.0,1.0,1.0,1.0,1.0,,True,0.0,0.0,False
Patient#11,D:\Research\Multi-View Fusion Network\datasets\AJBDS-2023_extracted\AJBDS-2023\Training\Patient#11\input\IMG-0005-00018.jpg,1.0,1.0,1.0,1.0,1.0,,True,0.0,0.0,False
Patient#11,D:\Research\Multi-View Fusion Network\datasets\AJBDS-2023_extracted\AJBDS-2023\Training\Patient#11\input\IMG-0005-00019.jpg,6.3897764857046e-10,6.3897764857046e-10,1.0,0.9688097834587096,6.3897764857046e-10,,True,1565.0,0.0,True
Patient#11,D:\Research\Multi-View Fusion Network\datasets\AJBDS-2023_extracted\AJBDS-2023\Training\Patient#11\input\IMG-0005-00020.jpg,1.0,1.0,1.0,1.0,1.0,,True,0.0,0.0,False
Patient#11,D:\Research\Multi-View Fusion Network\datasets\AJBDS-2023_extracted\AJBDS-2023\Training\Patient#11\input\IMG-0005-00021.jpg,9.523809296752006e-09,9.523809296752006e-09,1.0,0.9979073405265808,9.523809296752006e-09,,True,105.0,0.0,True
Patient#11,D:\Research\Multi-View Fusion Network\datasets\AJBDS-2023_extracted\AJBDS-2023\Training\Patient#11\input\IMG-0005-00022.jpg,2.380952324188001e-09,2.380952324188001e-09,1.0,0.9916294813156128,2.380952324188001e-09,,True,420.0,0.0,True
Patient#11,D:\Research\Multi-View Fusion Network\datasets\AJBDS-2023_extracted\AJBDS-2023\Training\Patient#11\input\IMG-0005-00023.jpg,1.0718113063745702e-09,1.0718113063745702e-09,1.0,0.9814054369926452,1.0718113063745702e-09,,True,933.0,0.0,True
Patient#11,D:\Research\Multi-View Fusion Network\datasets\AJBDS-2023_extracted\AJBDS-2023\Training\Patient#11\input\IMG-0005-00024.jpg,1.841620633769025e-09,1.841620633769025e-09,1.0,0.9891781210899352,1.841620633769025e-09,,True,543.0,0.0,True
Patient#11,D:\Research\Multi-View Fusion Network\datasets\AJBDS-2023_extracted\AJBDS-2023\Training\Patient#11\input\IMG-0005-00025.jpg,1.0,1.0,1.0,1.0,1.0,,True,0.0,0.0,False
Patient#11,D:\Research\Multi-View Fusion Network\datasets\AJBDS-2023_extracted\AJBDS-2023\Training\Patient#11\input\IMG-0005-00026.jpg,1.0,1.0,1.0,1.0,1.0,,True,0.0,0.0,False
Patient#11,D:\Research\Multi-View Fusion Network\datasets\AJBDS-2023_extracted\AJBDS-2023\Training\Patient#11\input\IMG-0005-00030.jpg,1.0,1.0,1.0,1.0,1.0,,True,0.0,0.0,False
Patient#11,D:\Research\Multi-View Fusion Network\datasets\AJBDS-2023_extracted\AJBDS-2023\Training\Patient#11\input\IMG-0005-00031.jpg,1.0,1.0,1.0,1.0,1.0,,True,0.0,0.0,False
Patient#11,D:\Research\Multi-View Fusion Network\datasets\AJBDS-2023_extracted\AJBDS-2023\Training\Patient#11\input\IMG-0005-00032.jpg,1.0,1.0,1.0,1.0,1.0,,True,0.0,0.0,False
Patient#11,D:\Research\Multi-View Fusion Network\datasets\AJBDS-2023_extracted\AJBDS-2023\Training\Patient#11\input\IMG-0005-00033.jpg,1.0,1.0,1.0,1.0,1.0,,True,0.0,0.0,False
Patient#11,D:\Research\Multi-View Fusion Network\datasets\AJBDS-2023_extracted\AJBDS-2023\Training\Patient#11\input\IMG-0005-00034.jpg,1.0,1.0,1.0,1.0,1.0,,True,0.0,0.0,False
Patient#11,D:\Research\Multi-View Fusion Network\datasets\AJBDS-2023_extracted\AJBDS-2023\Training\Patient#11\input\IMG-0005-00035.jpg,1.0,1.0,1.0,1.0,1.0,,True,0.0,0.0,False
Patient#11,D:\Research\Multi-View Fusion Network\datasets\AJBDS-2023_extracted\AJBDS-2023\Training\Patient#11\input\IMG-0005-00036.jpg,1.0,1.0,1.0,1.0,1.0,,True,0.0,0.0,False
Patient#11,D:\Research\Multi-View Fusion Network\datasets\AJBDS-2023_extracted\AJBDS-2023\Training\Patient#11\input\IMG-0005-00037.jpg,1.0,1.0,1.0,1.0,1.0,,True,0.0,0.0,False
Patient#11,D:\Research\Multi-View Fusion Network\datasets\AJBDS-2023_extracted\AJBDS-2023\Training\Patient#11\input\IMG-0005-00038.jpg,3.4867503329039096e-10,3.4867503329039096e-10,1.0,0.9428411722183228,3.4867503329039096e-10,,True,2868.0,0.0,True
Patient#11,D:\Research\Multi-View Fusion Network\datasets\AJBDS-2023_extracted\AJBDS-2023\Training\Patient#11\input\IMG-0005-00039.jpg,7.627765086226646e-10,7.627765086226646e-10,1.0,0.9738719463348388,7.627765086226646e-10,,True,1311.0,0.0,True
Patient#11,D:\Research\Multi-View Fusion Network\datasets\AJBDS-2023_extracted\AJBDS-2023\Training\Patient#11\input\IMG-0006-00001.jpg,1.0,1.0,1.0,1.0,1.0,,True,0.0,0.0,False
Patient#11,D:\Research\Multi-View Fusion Network\datasets\AJBDS-2023_extracted\AJBDS-2023\Training\Patient#11\input\IMG-0006-00002.jpg,1.1363636698291655e-09,1.1363636698291655e-09,1.0,0.9824617505073548,1.1363636698291655e-09,,True,880.0,0.0,True
Patient#11,D:\Research\Multi-View Fusion Network\datasets\AJBDS-2023_extracted\AJBDS-2023\Training\Patient#11\input\IMG-0006-00003.jpg,2.403846233178797e-09,2.403846233178797e-09,1.0,0.9917091727256776,2.403846233178797e-09,,True,416.0,0.0,True
Patient#11,D:\Research\Multi-View Fusion Network\datasets\AJBDS-2023_extracted\AJBDS-2023\Training\Patient#11\input\IMG-0006-00004.jpg,2.257336317867953e-09,2.257336317867953e-09,1.0,0.9911710619926452,2.257336317867953e-09,,True,443.0,0.0,True
Patient#11,D:\Research\Multi-View Fusion Network\datasets\AJBDS-2023_extracted\AJBDS-2023\Training\Patient#11\input\IMG-0006-00005.jpg,1.0,1.0,1.0,1.0,1.0,,True,0.0,0.0,False
Patient#11,D:\Research\Multi-View Fusion Network\datasets\AJBDS-2023_extracted\AJBDS-2023\Training\Patient#11\input\IMG-0006-00006.jpg,2.1276596484653965e-08,2.1276596484653965e-08,1.0,0.9990633130073548,2.1276596484653965e-08,,True,47.0,0.0,True
Patient#11,D:\Research\Multi-View Fusion Network\datasets\AJBDS-2023_extracted\AJBDS-2023\Training\Patient#11\input\IMG-0006-00012.jpg,1.0,1.0,1.0,1.0,1.0,,True,0.0,0.0,False
Patient#11,D:\Research\Multi-View Fusion Network\datasets\AJBDS-2023_extracted\AJBDS-2023\Training\Patient#11\input\IMG-0006-00013.jpg,1.0,1.0,1.0,1.0,1.0,,True,0.0,0.0,False
Patient#11,D:\Research\Multi-View Fusion Network\datasets\AJBDS-2023_extracted\AJBDS-2023\Training\Patient#11\input\IMG-0006-00014.jpg,5.4054054565710885e-09,5.4054054565710885e-09,1.0,0.996312975883484,5.4054054565710885e-09,,True,185.0,0.0,True
Patient#11,D:\Research\Multi-View Fusion Network\datasets\AJBDS-2023_extracted\AJBDS-2023\Training\Patient#11\input\IMG-0006-00015.jpg,1.0,1.0,1.0,1.0,1.0,,True,0.0,0.0,False
Patient#11,D:\Research\Multi-View Fusion Network\datasets\AJBDS-2023_extracted\AJBDS-2023\Training\Patient#11\input\IMG-0006-00016.jpg,1.0,1.0,1.0,1.0,1.0,,True,0.0,0.0,False
Patient#11,D:\Research\Multi-View Fusion Network\datasets\AJBDS-2023_extracted\AJBDS-2023\Training\Patient#11\input\IMG-0006-00017.jpg,1.0,1.0,1.0,1.0,1.0,,True,0.0,0.0,False
Patient#11,D:\Research\Multi-View Fusion Network\datasets\AJBDS-2023_extracted\AJBDS-2023\Training\Patient#11\input\IMG-0006-00018.jpg,1.0,1.0,1.0,1.0,1.0,,True,0.0,0.0,False
Patient#11,D:\Research\Multi-View Fusion Network\datasets\AJBDS-2023_extracted\AJBDS-2023\Training\Patient#11\input\IMG-0006-00019.jpg,5.324813368012825e-10,5.324813368012825e-10,1.0,0.9625717401504515,5.324813368012825e-10,,True,1878.0,0.0,True
Patient#11,D:\Research\Multi-View Fusion Network\datasets\AJBDS-2023_extracted\AJBDS-2023\Training\Patient#11\input\IMG-0006-00020.jpg,1.0,1.0,1.0,1.0,1.0,,True,0.0,0.0,False
Patient#11,D:\Research\Multi-View Fusion Network\datasets\AJBDS-2023_extracted\AJBDS-2023\Training\Patient#11\input\IMG-0007-00001.jpg,1.0,1.0,1.0,1.0,1.0,,True,0.0,0.0,False
Patient#11,D:\Research\Multi-View Fusion Network\datasets\AJBDS-2023_extracted\AJBDS-2023\Training\Patient#11\input\IMG-0007-00002.jpg,6.289308185358777e-09,6.289308185358777e-09,1.0,0.9968311786651612,6.289308185358777e-09,,True,159.0,0.0,True
Patient#11,D:\Research\Multi-View Fusion Network\datasets\AJBDS-2023_extracted\AJBDS-2023\Training\Patient#11\input\IMG-0007-00003.jpg,1.0,1.0,1.0,1.0,1.0,,True,0.0,0.0,False
Patient#11,D:\Research\Multi-View Fusion Network\datasets\AJBDS-2023_extracted\AJBDS-2023\Training\Patient#11\input\IMG-0007-00004.jpg,1.0,1.0,1.0,1.0,1.0,,True,0.0,0.0,False
Patient#11,D:\Research\Multi-View Fusion Network\datasets\AJBDS-2023_extracted\AJBDS-2023\Training\Patient#11\input\IMG-0007-00011.jpg,2.7777778299764577e-08,2.7777778299764577e-08,1.0,0.9992825388908386,2.7777778299764577e-08,,True,36.0,0.0,True
Patient#11,D:\Research\Multi-View Fusion Network\datasets\AJBDS-2023_extracted\AJBDS-2023\Training\Patient#11\input\IMG-0007-00012.jpg,2.314814784298846e-09,2.314814784298846e-09,1.0,0.9913902878761292,2.314814784298846e-09,,True,432.0,0.0,True
Patient#11,D:\Research\Multi-View Fusion Network\datasets\AJBDS-2023_extracted\AJBDS-2023\Training\Patient#11\input\IMG-0007-00013.jpg,3.367003342802377e-09,3.367003342802377e-09,1.0,0.9940808415412904,3.367003342802377e-09,,True,297.0,0.0,True
Patient#11,D:\Research\Multi-View Fusion Network\datasets\AJBDS-2023_extracted\AJBDS-2023\Training\Patient#11\input\IMG-0007-00014.jpg,1.4903129841314922e-09,1.4903129841314922e-09,1.0,0.9866271018981934,1.4903129841314922e-09,,True,671.0,0.0,True
Patient#11,D:\Research\Multi-View Fusion Network\datasets\AJBDS-2023_extracted\AJBDS-2023\Training\Patient#11\input\IMG-0007-00015.jpg,2.739726001621534e-09,2.739726001621534e-09,1.0,0.9927256107330322,2.739726001621534e-09,,True,365.0,0.0,True
Patient#11,D:\Research\Multi-View Fusion Network\datasets\AJBDS-2023_extracted\AJBDS-2023\Training\Patient#11\input\IMG-0007-00016.jpg,2.816901378821512e-09,2.816901378821512e-09,1.0,0.9929249286651612,2.816901378821512e-09,,True,355.0,0.0,True
Patient#11,D:\Research\Multi-View Fusion Network\datasets\AJBDS-2023_extracted\AJBDS-2023\Training\Patient#11\input\IMG-0007-00017.jpg,1.0,1.0,1.0,1.0,1.0,,True,0.0,0.0,False
Patient#11,D:\Research\Multi-View Fusion Network\datasets\AJBDS-2023_extracted\AJBDS-2023\Training\Patient#11\input\IMG-0007-00018.jpg,1.0,1.0,1.0,1.0,1.0,,True,0.0,0.0,False
Patient#11,D:\Research\Multi-View Fusion Network\datasets\AJBDS-2023_extracted\AJBDS-2023\Training\Patient#11\input\IMG-0007-00019.jpg,9.803921230400192e-09,9.803921230400192e-09,1.0,0.9979671835899352,9.803921230400192e-09,,True,102.0,0.0,True
Patient#11,D:\Research\Multi-View Fusion Network\datasets\AJBDS-2023_extracted\AJBDS-2023\Training\Patient#11\input\IMG-0007-00020.jpg,1.9999995970465534e-07,1.9999995970465534e-07,1.0,0.9999003410339355,1.9999995970465534e-07,,True,5.0,0.0,True
Patient#11,D:\Research\Multi-View Fusion Network\datasets\AJBDS-2023_extracted\AJBDS-2023\Training\Patient#11\input\IMG-0007-00021.jpg,6.802721053134064e-09,6.802721053134064e-09,1.0,0.9970703125,6.802721053134064e-09,,True,147.0,0.0,True
Patient#11,D:\Research\Multi-View Fusion Network\datasets\AJBDS-2023_extracted\AJBDS-2023\Training\Patient#11\input\IMG-0007-00022.jpg,1.1235955277300036e-08,1.1235955277300036e-08,1.0,0.9982262253761292,1.1235955277300036e-08,,True,89.0,0.0,True
Patient#11,D:\Research\Multi-View Fusion Network\datasets\AJBDS-2023_extracted\AJBDS-2023\Training\Patient#11\input\IMG-0007-00023.jpg,7.874016105802184e-09,7.874016105802184e-09,1.0,0.997468888759613,7.874016105802184e-09,,True,127.0,0.0,True
Patient#11,D:\Research\Multi-View Fusion Network\datasets\AJBDS-2023_extracted\AJBDS-2023\Training\Patient#11\input\IMG-0008-00001.jpg,1.0,1.0,1.0,1.0,1.0,,True,0.0,0.0,False
Patient#11,D:\Research\Multi-View Fusion Network\datasets\AJBDS-2023_extracted\AJBDS-2023\Training\Patient#11\input\IMG-0008-00002.jpg,1.0,1.0,1.0,1.0,1.0,,True,0.0,0.0,False
Patient#11,D:\Research\Multi-View Fusion Network\datasets\AJBDS-2023_extracted\AJBDS-2023\Training\Patient#11\input\IMG-0008-00003.jpg,1.0,1.0,1.0,1.0,1.0,,True,0.0,0.0,False
Patient#11,D:\Research\Multi-View Fusion Network\datasets\AJBDS-2023_extracted\AJBDS-2023\Training\Patient#11\input\IMG-0008-00004.jpg,1.0,1.0,1.0,1.0,1.0,,True,0.0,0.0,False
Patient#11,D:\Research\Multi-View Fusion Network\datasets\AJBDS-2023_extracted\AJBDS-2023\Training\Patient#11\input\IMG-0008-00005.jpg,1.0,1.0,1.0,1.0,1.0,,True,0.0,0.0,False
Patient#11,D:\Research\Multi-View Fusion Network\datasets\AJBDS-2023_extracted\AJBDS-2023\Training\Patient#11\input\IMG-0008-00006.jpg,1.0,1.0,1.0,1.0,1.0,,True,0.0,0.0,False
Patient#11,D:\Research\Multi-View Fusion Network\datasets\AJBDS-2023_extracted\AJBDS-2023\Training\Patient#11\input\IMG-0008-00007.jpg,1.0,1.0,1.0,1.0,1.0,,True,0.0,0.0,False
Patient#11,D:\Research\Multi-View Fusion Network\datasets\AJBDS-2023_extracted\AJBDS-2023\Training\Patient#11\input\IMG-0008-00008.jpg,1.0,1.0,1.0,1.0,1.0,,True,0.0,0.0,False
Patient#11,D:\Research\Multi-View Fusion Network\datasets\AJBDS-2023_extracted\AJBDS-2023\Training\Patient#11\input\IMG-0008-00009.jpg,1.0,1.0,1.0,1.0,1.0,,True,0.0,0.0,False
Patient#11,D:\Research\Multi-View Fusion Network\datasets\AJBDS-2023_extracted\AJBDS-2023\Training\Patient#11\input\IMG-0008-00010.jpg,1.0,1.0,1.0,1.0,1.0,,True,0.0,0.0,False
Patient#11,D:\Research\Multi-View Fusion Network\datasets\AJBDS-2023_extracted\AJBDS-2023\Training\Patient#11\input\IMG-0008-00011.jpg,1.0,1.0,1.0,1.0,1.0,,True,0.0,0.0,False
Patient#11,D:\Research\Multi-View Fusion Network\datasets\AJBDS-2023_extracted\AJBDS-2023\Training\Patient#11\input\IMG-0008-00012.jpg,1.0,1.0,1.0,1.0,1.0,,True,0.0,0.0,False
Patient#11,D:\Research\Multi-View Fusion Network\datasets\AJBDS-2023_extracted\AJBDS-2023\Training\Patient#11\input\IMG-0008-00013.jpg,1.0,1.0,1.0,1.0,1.0,,True,0.0,0.0,False
Patient#11,D:\Research\Multi-View Fusion Network\datasets\AJBDS-2023_extracted\AJBDS-2023\Training\Patient#11\input\IMG-0008-00014.jpg,1.0,1.0,1.0,1.0,1.0,,True,0.0,0.0,False
Patient#11,D:\Research\Multi-View Fusion Network\datasets\AJBDS-2023_extracted\AJBDS-2023\Training\Patient#11\input\IMG-0008-00015.jpg,1.0,1.0,1.0,1.0,1.0,,True,0.0,0.0,False
Patient#11,D:\Research\Multi-View Fusion Network\datasets\AJBDS-2023_extracted\AJBDS-2023\Training\Patient#11\input\IMG-0008-00016.jpg,1.0,1.0,1.0,1.0,1.0,,True,0.0,0.0,False
Patient#11,D:\Research\Multi-View Fusion Network\datasets\AJBDS-2023_extracted\AJBDS-2023\Training\Patient#11\input\IMG-0008-00017.jpg,1.0,1.0,1.0,1.0,1.0,,True,0.0,0.0,False
Patient#11,D:\Research\Multi-View Fusion Network\datasets\AJBDS-2023_extracted\AJBDS-2023\Training\Patient#11\input\IMG-0008-00048.jpg,1.0,1.0,1.0,1.0,1.0,,True,0.0,0.0,False
Patient#11,D:\Research\Multi-View Fusion Network\datasets\AJBDS-2023_extracted\AJBDS-2023\Training\Patient#11\input\IMG-0008-00049.jpg,1.0,1.0,1.0,1.0,1.0,,True,0.0,0.0,False
Patient#11,D:\Research\Multi-View Fusion Network\datasets\AJBDS-2023_extracted\AJBDS-2023\Training\Patient#11\input\IMG-0008-00050.jpg,1.0,1.0,1.0,1.0,1.0,,True,0.0,0.0,False
Patient#11,D:\Research\Multi-View Fusion Network\datasets\AJBDS-2023_extracted\AJBDS-2023\Training\Patient#11\input\IMG-0008-00051.jpg,1.0,1.0,1.0,1.0,1.0,,True,0.0,0.0,False
Patient#11,D:\Research\Multi-View Fusion Network\datasets\AJBDS-2023_extracted\AJBDS-2023\Training\Patient#11\input\IMG-0008-00052.jpg,1.0,1.0,1.0,1.0,1.0,,True,0.0,0.0,False
Patient#11,D:\Research\Multi-View Fusion Network\datasets\AJBDS-2023_extracted\AJBDS-2023\Training\Patient#11\input\IMG-0008-00053.jpg,1.0,1.0,1.0,1.0,1.0,,True,0.0,0.0,False
Patient#11,D:\Research\Multi-View Fusion Network\datasets\AJBDS-2023_extracted\AJBDS-2023\Training\Patient#11\input\IMG-0008-00054.jpg,1.0,1.0,1.0,1.0,1.0,,True,0.0,0.0,False
Patient#11,D:\Research\Multi-View Fusion Network\datasets\AJBDS-2023_extracted\AJBDS-2023\Training\Patient#11\input\IMG-0008-00055.jpg,1.0,1.0,1.0,1.0,1.0,,True,0.0,0.0,False
Patient#11,D:\Research\Multi-View Fusion Network\datasets\AJBDS-2023_extracted\AJBDS-2023\Training\Patient#11\input\IMG-0008-00056.jpg,1.0,1.0,1.0,1.0,1.0,,True,0.0,0.0,False
Patient#11,D:\Research\Multi-View Fusion Network\datasets\AJBDS-2023_extracted\AJBDS-2023\Training\Patient#11\input\IMG-0008-00057.jpg,1.0,1.0,1.0,1.0,1.0,,True,0.0,0.0,False
Patient#11,D:\Research\Multi-View Fusion Network\datasets\AJBDS-2023_extracted\AJBDS-2023\Training\Patient#11\input\IMG-0008-00058.jpg,1.0,1.0,1.0,1.0,1.0,,True,0.0,0.0,False
Patient#11,D:\Research\Multi-View Fusion Network\datasets\AJBDS-2023_extracted\AJBDS-2023\Training\Patient#11\input\IMG-0008-00059.jpg,1.0,1.0,1.0,1.0,1.0,,True,0.0,0.0,False
Patient#11,D:\Research\Multi-View Fusion Network\datasets\AJBDS-2023_extracted\AJBDS-2023\Training\Patient#11\input\IMG-0008-00060.jpg,1.0,1.0,1.0,1.0,1.0,,True,0.0,0.0,False
Patient#11,D:\Research\Multi-View Fusion Network\datasets\AJBDS-2023_extracted\AJBDS-2023\Training\Patient#11\input\IMG-0008-00061.jpg,1.0,1.0,1.0,1.0,1.0,,True,0.0,0.0,False
Patient#11,D:\Research\Multi-View Fusion Network\datasets\AJBDS-2023_extracted\AJBDS-2023\Training\Patient#11\input\IMG-0008-00062.jpg,1.0,1.0,1.0,1.0,1.0,,True,0.0,0.0,False
Patient#11,D:\Research\Multi-View Fusion Network\datasets\AJBDS-2023_extracted\AJBDS-2023\Training\Patient#11\input\IMG-0008-00063.jpg,1.0,1.0,1.0,1.0,1.0,,True,0.0,0.0,False
Patient#11,D:\Research\Multi-View Fusion Network\datasets\AJBDS-2023_extracted\AJBDS-2023\Training\Patient#11\input\IMG-0008-00064.jpg,1.0,1.0,1.0,1.0,1.0,,True,0.0,0.0,False
Patient#11,D:\Research\Multi-View Fusion Network\datasets\AJBDS-2023_extracted\AJBDS-2023\Training\Patient#11\input\IMG-0008-00065.jpg,1.0,1.0,1.0,1.0,1.0,,True,0.0,0.0,False
Patient#11,D:\Research\Multi-View Fusion Network\datasets\AJBDS-2023_extracted\AJBDS-2023\Training\Patient#11\input\IMG-0008-00066.jpg,1.0,1.0,1.0,1.0,1.0,,True,0.0,0.0,False
Patient#11,D:\Research\Multi-View Fusion Network\datasets\AJBDS-2023_extracted\AJBDS-2023\Training\Patient#11\input\IMG-0008-00067.jpg,1.0,1.0,1.0,1.0,1.0,,True,0.0,0.0,False
Patient#11,D:\Research\Multi-View Fusion Network\datasets\AJBDS-2023_extracted\AJBDS-2023\Training\Patient#11\input\IMG-0008-00068.jpg,1.0,1.0,1.0,1.0,1.0,,True,0.0,0.0,False
Patient#11,D:\Research\Multi-View Fusion Network\datasets\AJBDS-2023_extracted\AJBDS-2023\Training\Patient#11\input\IMG-0008-00069.jpg,1.0,1.0,1.0,1.0,1.0,,True,0.0,0.0,False
Patient#11,D:\Research\Multi-View Fusion Network\datasets\AJBDS-2023_extracted\AJBDS-2023\Training\Patient#11\input\IMG-0008-00070.jpg,2.915451879914599e-09,2.915451879914599e-09,1.0,0.9931640625,2.915451879914599e-09,,True,343.0,0.0,True
Patient#11,D:\Research\Multi-View Fusion Network\datasets\AJBDS-2023_extracted\AJBDS-2023\Training\Patient#11\input\IMG-0008-00071.jpg,8.849557531220853e-09,8.849557531220853e-09,1.0,0.9977478981018066,8.849557531220853e-09,,True,113.0,0.0,True
Patient#11,D:\Research\Multi-View Fusion Network\datasets\AJBDS-2023_extracted\AJBDS-2023\Training\Patient#11\input\IMG-0008-00072.jpg,4.347825566242136e-08,4.347825566242136e-08,1.0,0.9995416402816772,4.347825566242136e-08,,True,23.0,0.0,True
Patient#11,D:\Research\Multi-View Fusion Network\datasets\AJBDS-2023_extracted\AJBDS-2023\Training\Patient#11\input\IMG-0009-00001.jpg,1.0,1.0,1.0,1.0,1.0,,True,0.0,0.0,False
Patient#11,D:\Research\Multi-View Fusion Network\datasets\AJBDS-2023_extracted\AJBDS-2023\Training\Patient#11\input\IMG-0009-00002.jpg,1.0,1.0,1.0,1.0,1.0,,True,0.0,0.0,False
Patient#11,D:\Research\Multi-View Fusion Network\datasets\AJBDS-2023_extracted\AJBDS-2023\Training\Patient#11\input\IMG-0009-00003.jpg,1.2345679145653321e-08,1.2345679145653321e-08,1.0,0.9983856678009032,1.2345679145653321e-08,,True,81.0,0.0,True
Patient#11,D:\Research\Multi-View Fusion Network\datasets\AJBDS-2023_extracted\AJBDS-2023\Training\Patient#11\input\IMG-0009-00004.jpg,1.4285711813499804e-07,1.4285711813499804e-07,1.0,0.9998604655265808,1.4285711813499804e-07,,True,7.0,0.0,True
Patient#11,D:\Research\Multi-View Fusion Network\datasets\AJBDS-2023_extracted\AJBDS-2023\Training\Patient#11\input\IMG-0009-00005.jpg,2.4570023793302202e-09,2.4570023793302202e-09,1.0,0.9918885231018066,2.4570023793302202e-09,,True,407.0,0.0,True
Patient#11,D:\Research\Multi-View Fusion Network\datasets\AJBDS-2023_extracted\AJBDS-2023\Training\Patient#11\input\IMG-0009-00009.jpg,1.0,1.0,1.0,1.0,1.0,,True,0.0,0.0,False
Patient#11,D:\Research\Multi-View Fusion Network\datasets\AJBDS-2023_extracted\AJBDS-2023\Training\Patient#11\input\IMG-0009-00010.jpg,1.0,1.0,1.0,1.0,1.0,,True,0.0,0.0,False
Patient#11,D:\Research\Multi-View Fusion Network\datasets\AJBDS-2023_extracted\AJBDS-2023\Training\Patient#11\input\IMG-0009-00011.jpg,1.0,1.0,1.0,1.0,1.0,,True,0.0,0.0,False
Patient#11,D:\Research\Multi-View Fusion Network\datasets\AJBDS-2023_extracted\AJBDS-2023\Training\Patient#11\input\IMG-0009-00012.jpg,1.0,1.0,1.0,1.0,1.0,,True,0.0,0.0,False
Patient#11,D:\Research\Multi-View Fusion Network\datasets\AJBDS-2023_extracted\AJBDS-2023\Training\Patient#11\input\IMG-0009-00013.jpg,1.0,1.0,1.0,1.0,1.0,,True,0.0,0.0,False
Patient#11,D:\Research\Multi-View Fusion Network\datasets\AJBDS-2023_extracted\AJBDS-2023\Training\Patient#11\input\IMG-0009-00014.jpg,1.0,1.0,1.0,1.0,1.0,,True,0.0,0.0,False
Patient#11,D:\Research\Multi-View Fusion Network\datasets\AJBDS-2023_extracted\AJBDS-2023\Training\Patient#11\input\IMG-0009-00015.jpg,1.0,1.0,1.0,1.0,1.0,,True,0.0,0.0,False
Patient#11,D:\Research\Multi-View Fusion Network\datasets\AJBDS-2023_extracted\AJBDS-2023\Training\Patient#11\input\IMG-0009-00016.jpg,1.0,1.0,1.0,1.0,1.0,,True,0.0,0.0,False
Patient#11,D:\Research\Multi-View Fusion Network\datasets\AJBDS-2023_extracted\AJBDS-2023\Training\Patient#11\input\IMG-0009-00017.jpg,1.0,1.0,1.0,1.0,1.0,,True,0.0,0.0,False
Patient#11,D:\Research\Multi-View Fusion Network\datasets\AJBDS-2023_extracted\AJBDS-2023\Training\Patient#11\input\IMG-0009-00018.jpg,3.5335689929638643e-09,3.5335689929638643e-09,1.0,0.994359850883484,3.5335689929638643e-09,,True,283.0,0.0,True
Patient#11,D:\Research\Multi-View Fusion Network\datasets\AJBDS-2023_extracted\AJBDS-2023\Training\Patient#11\input\IMG-0009-00019.jpg,1.0,1.0,1.0,1.0,1.0,,True,0.0,0.0,False
Patient#11,D:\Research\Multi-View Fusion Network\datasets\AJBDS-2023_extracted\AJBDS-2023\Training\Patient#11\input\IMG-0009-00020.jpg,1.0,1.0,1.0,1.0,1.0,,True,0.0,0.0,False
Patient#11,D:\Research\Multi-View Fusion Network\datasets\AJBDS-2023_extracted\AJBDS-2023\Training\Patient#11\input\IMG-0010-00001.jpg,1.0,1.0,1.0,1.0,1.0,,True,0.0,0.0,False
Patient#11,D:\Research\Multi-View Fusion Network\datasets\AJBDS-2023_extracted\AJBDS-2023\Training\Patient#11\input\IMG-0010-00002.jpg,1.0,1.0,1.0,1.0,1.0,,True,0.0,0.0,False
Patient#11,D:\Research\Multi-View Fusion Network\datasets\AJBDS-2023_extracted\AJBDS-2023\Training\Patient#11\input\IMG-0010-00003.jpg,1.0,1.0,1.0,1.0,1.0,,True,0.0,0.0,False
Patient#11,D:\Research\Multi-View Fusion Network\datasets\AJBDS-2023_extracted\AJBDS-2023\Training\Patient#11\input\IMG-0010-00004.jpg,1.0,1.0,1.0,1.0,1.0,,True,0.0,0.0,False
Patient#11,D:\Research\Multi-View Fusion Network\datasets\AJBDS-2023_extracted\AJBDS-2023\Training\Patient#11\input\IMG-0010-00005.jpg,1.0,1.0,1.0,1.0,1.0,,True,0.0,0.0,False
Patient#11,D:\Research\Multi-View Fusion Network\datasets\AJBDS-2023_extracted\AJBDS-2023\Training\Patient#11\input\IMG-0010-00006.jpg,1.0,1.0,1.0,1.0,1.0,,True,0.0,0.0,False
Patient#11,D:\Research\Multi-View Fusion Network\datasets\AJBDS-2023_extracted\AJBDS-2023\Training\Patient#11\input\IMG-0010-00007.jpg,1.0,1.0,1.0,1.0,1.0,,True,0.0,0.0,False
Patient#11,D:\Research\Multi-View Fusion Network\datasets\AJBDS-2023_extracted\AJBDS-2023\Training\Patient#11\input\IMG-0010-00008.jpg,1.0,1.0,1.0,1.0,1.0,,True,0.0,0.0,False
Patient#11,D:\Research\Multi-View Fusion Network\datasets\AJBDS-2023_extracted\AJBDS-2023\Training\Patient#11\input\IMG-0010-00009.jpg,6.896551774104864e-09,6.896551774104864e-09,1.0,0.9971101880073548,6.896551774104864e-09,,True,145.0,0.0,True
Patient#11,D:\Research\Multi-View Fusion Network\datasets\AJBDS-2023_extracted\AJBDS-2023\Training\Patient#11\input\IMG-0010-00010.jpg,9.803921230400192e-09,9.803921230400192e-09,1.0,0.9979671835899352,9.803921230400192e-09,,True,102.0,0.0,True
Patient#11,D:\Research\Multi-View Fusion Network\datasets\AJBDS-2023_extracted\AJBDS-2023\Training\Patient#11\input\IMG-0010-00011.jpg,1.0309278763998009e-08,1.0309278763998009e-08,1.0,0.998066782951355,1.0309278763998009e-08,,True,97.0,0.0,True
Patient#11,D:\Research\Multi-View Fusion Network\datasets\AJBDS-2023_extracted\AJBDS-2023\Training\Patient#11\input\IMG-0010-00012.jpg,2.6315788659303507e-08,2.6315788659303507e-08,1.0,0.999242663383484,2.6315788659303507e-08,,True,38.0,0.0,True
Patient#11,D:\Research\Multi-View Fusion Network\datasets\AJBDS-2023_extracted\AJBDS-2023\Training\Patient#11\input\IMG-0010-00019.jpg,1.0,1.0,1.0,1.0,1.0,,True,0.0,0.0,False
Patient#11,D:\Research\Multi-View Fusion Network\datasets\AJBDS-2023_extracted\AJBDS-2023\Training\Patient#11\input\IMG-0010-00020.jpg,2.3255812831024514e-09,2.3255812831024514e-09,1.0,0.991430163383484,2.3255812831024514e-09,,True,430.0,0.0,True
Patient#11,D:\Research\Multi-View Fusion Network\datasets\AJBDS-2023_extracted\AJBDS-2023\Training\Patient#11\input\IMG-0011-00001.jpg,1.0,1.0,1.0,1.0,1.0,,True,0.0,0.0,False
Patient#11,D:\Research\Multi-View Fusion Network\datasets\AJBDS-2023_extracted\AJBDS-2023\Training\Patient#11\input\IMG-0011-00002.jpg,1.0,1.0,1.0,1.0,1.0,,True,0.0,0.0,False
Patient#11,D:\Research\Multi-View Fusion Network\datasets\AJBDS-2023_extracted\AJBDS-2023\Training\Patient#11\input\IMG-0011-00003.jpg,1.0,1.0,1.0,1.0,1.0,,True,0.0,0.0,False
Patient#11,D:\Research\Multi-View Fusion Network\datasets\AJBDS-2023_extracted\AJBDS-2023\Training\Patient#11\input\IMG-0011-00007.jpg,1.0,1.0,1.0,1.0,1.0,,True,0.0,0.0,False
Patient#11,D:\Research\Multi-View Fusion Network\datasets\AJBDS-2023_extracted\AJBDS-2023\Training\Patient#11\input\IMG-0011-00008.jpg,1.0204082023790306e-08,1.0204082023790306e-08,1.0,0.998046875,1.0204082023790306e-08,,True,98.0,0.0,True
Patient#11,D:\Research\Multi-View Fusion Network\datasets\AJBDS-2023_extracted\AJBDS-2023\Training\Patient#11\input\IMG-0011-00009.jpg,2.012072508605911e-09,2.012072508605911e-09,1.0,0.9900948405265808,2.012072508605911e-09,,True,497.0,0.0,True
Patient#11,D:\Research\Multi-View Fusion Network\datasets\AJBDS-2023_extracted\AJBDS-2023\Training\Patient#11\input\IMG-0011-00010.jpg,2.590673675584298e-09,2.590673675584298e-09,1.0,0.9923070669174194,2.590673675584298e-09,,True,386.0,0.0,True
Patient#11,D:\Research\Multi-View Fusion Network\datasets\AJBDS-2023_extracted\AJBDS-2023\Training\Patient#11\input\IMG-0011-00011.jpg,1.739130395250754e-09,1.739130395250754e-09,1.0,0.9885403513908386,1.739130395250754e-09,,True,575.0,0.0,True
Patient#11,D:\Research\Multi-View Fusion Network\datasets\AJBDS-2023_extracted\AJBDS-2023\Training\Patient#11\input\IMG-0011-00012.jpg,1.0,1.0,1.0,1.0,1.0,,True,0.0,0.0,False
Patient#11,D:\Research\Multi-View Fusion Network\datasets\AJBDS-2023_extracted\AJBDS-2023\Training\Patient#11\input\IMG-0011-00013.jpg,1.0,1.0,1.0,1.0,1.0,,True,0.0,0.0,False
Patient#11,D:\Research\Multi-View Fusion Network\datasets\AJBDS-2023_extracted\AJBDS-2023\Training\Patient#11\input\IMG-0011-00014.jpg,1.0,1.0,1.0,1.0,1.0,,True,0.0,0.0,False
Patient#11,D:\Research\Multi-View Fusion Network\datasets\AJBDS-2023_extracted\AJBDS-2023\Training\Patient#11\input\IMG-0011-00015.jpg,1.0,1.0,1.0,1.0,1.0,,True,0.0,0.0,False
Patient#11,D:\Research\Multi-View Fusion Network\datasets\AJBDS-2023_extracted\AJBDS-2023\Training\Patient#11\input\IMG-0011-00016.jpg,1.0,1.0,1.0,1.0,1.0,,True,0.0,0.0,False
Patient#11,D:\Research\Multi-View Fusion Network\datasets\AJBDS-2023_extracted\AJBDS-2023\Training\Patient#11\input\IMG-0011-00017.jpg,1.0,1.0,1.0,1.0,1.0,,True,0.0,0.0,False
Patient#11,D:\Research\Multi-View Fusion Network\datasets\AJBDS-2023_extracted\AJBDS-2023\Training\Patient#11\input\IMG-0011-00018.jpg,2.2222222284540294e-08,2.2222222284540294e-08,1.0,0.9991031289100648,2.2222222284540294e-08,,True,45.0,0.0,True
Patient#11,D:\Research\Multi-View Fusion Network\datasets\AJBDS-2023_extracted\AJBDS-2023\Training\Patient#11\input\IMG-0011-00019.jpg,1.0,1.0,1.0,1.0,1.0,,True,0.0,0.0,False
Patient#11,D:\Research\Multi-View Fusion Network\datasets\AJBDS-2023_extracted\AJBDS-2023\Training\Patient#11\input\IMG-0011-00020.jpg,1.0,1.0,1.0,1.0,1.0,,True,0.0,0.0,False
Patient#11,D:\Research\Multi-View Fusion Network\datasets\AJBDS-2023_extracted\AJBDS-2023\Training\Patient#11\input\IMG-0011-00021.jpg,1.0,1.0,1.0,1.0,1.0,,True,0.0,0.0,False
Patient#11,D:\Research\Multi-View Fusion Network\datasets\AJBDS-2023_extracted\AJBDS-2023\Training\Patient#11\input\IMG-0011-00022.jpg,1.0,1.0,1.0,1.0,1.0,,True,0.0,0.0,False
Patient#11,D:\Research\Multi-View Fusion Network\datasets\AJBDS-2023_extracted\AJBDS-2023\Training\Patient#11\input\IMG-0011-00023.jpg,6.523157014548531e-10,6.523157014548531e-10,1.0,0.9694475531578064,6.523157014548531e-10,,True,1533.0,0.0,True
Patient#12,D:\Research\Multi-View Fusion Network\datasets\AJBDS-2023_extracted\AJBDS-2023\Training\Patient#12\input\IMG-0001-00001.jpg,1.0,1.0,1.0,1.0,1.0,,True,0.0,0.0,False
Patient#12,D:\Research\Multi-View Fusion Network\datasets\AJBDS-2023_extracted\AJBDS-2023\Training\Patient#12\input\IMG-0001-00002.jpg,1.6207455377781343e-09,1.6207455377781343e-09,1.0,0.987703263759613,1.6207455377781343e-09,,True,617.0,0.0,True
Patient#12,D:\Research\Multi-View Fusion Network\datasets\AJBDS-2023_extracted\AJBDS-2023\Training\Patient#12\input\IMG-0001-00003.jpg,6.644518268927867e-10,6.644518268927867e-10,1.0,0.9700055718421936,6.644518268927867e-10,,True,1505.0,0.0,True
Patient#12,D:\Research\Multi-View Fusion Network\datasets\AJBDS-2023_extracted\AJBDS-2023\Training\Patient#12\input\IMG-0001-00004.jpg,1.0,1.0,1.0,1.0,1.0,,True,0.0,0.0,False
Patient#12,D:\Research\Multi-View Fusion Network\datasets\AJBDS-2023_extracted\AJBDS-2023\Training\Patient#12\input\IMG-0001-00005.jpg,8.43881853285211e-10,8.43881853285211e-10,1.0,0.9763831496238708,8.43881853285211e-10,,True,1185.0,0.0,True
Patient#12,D:\Research\Multi-View Fusion Network\datasets\AJBDS-2023_extracted\AJBDS-2023\Training\Patient#12\input\IMG-0001-00006.jpg,8.992805944352256e-10,8.992805944352256e-10,1.0,0.9778380393981934,8.992805944352256e-10,,True,1112.0,0.0,True
Patient#12,D:\Research\Multi-View Fusion Network\datasets\AJBDS-2023_extracted\AJBDS-2023\Training\Patient#12\input\IMG-0001-00007.jpg,1.0,1.0,1.0,1.0,1.0,,True,0.0,0.0,False
Patient#12,D:\Research\Multi-View Fusion Network\datasets\AJBDS-2023_extracted\AJBDS-2023\Training\Patient#12\input\IMG-0001-00013.jpg,1.6666663782416438e-07,1.6666663782416438e-07,1.0,0.9998804330825806,1.6666663782416438e-07,,True,6.0,0.0,True
Patient#12,D:\Research\Multi-View Fusion Network\datasets\AJBDS-2023_extracted\AJBDS-2023\Training\Patient#12\input\IMG-0001-00014.jpg,1.0416666640367112e-08,1.0416666640367112e-08,1.0,0.9980867505073548,1.0416666640367112e-08,,True,96.0,0.0,True
Patient#12,D:\Research\Multi-View Fusion Network\datasets\AJBDS-2023_extracted\AJBDS-2023\Training\Patient#12\input\IMG-0001-00015.jpg,1.0,1.0,1.0,1.0,1.0,,True,0.0,0.0,False
Patient#12,D:\Research\Multi-View Fusion Network\datasets\AJBDS-2023_extracted\AJBDS-2023\Training\Patient#12\input\IMG-0001-00016.jpg,1.0,1.0,1.0,1.0,1.0,,True,0.0,0.0,False
Patient#12,D:\Research\Multi-View Fusion Network\datasets\AJBDS-2023_extracted\AJBDS-2023\Training\Patient#12\input\IMG-0001-00017.jpg,1.0,1.0,1.0,1.0,1.0,,True,0.0,0.0,False
Patient#12,D:\Research\Multi-View Fusion Network\datasets\AJBDS-2023_extracted\AJBDS-2023\Training\Patient#12\input\IMG-0001-00018.jpg,1.0,1.0,1.0,1.0,1.0,,True,0.0,0.0,False
Patient#12,D:\Research\Multi-View Fusion Network\datasets\AJBDS-2023_extracted\AJBDS-2023\Training\Patient#12\input\IMG-0001-00019.jpg,1.0,1.0,1.0,1.0,1.0,,True,0.0,0.0,False
Patient#12,D:\Research\Multi-View Fusion Network\datasets\AJBDS-2023_extracted\AJBDS-2023\Training\Patient#12\input\IMG-0001-00020.jpg,1.0,1.0,1.0,1.0,1.0,,True,0.0,0.0,False
Patient#12,D:\Research\Multi-View Fusion Network\datasets\AJBDS-2023_extracted\AJBDS-2023\Training\Patient#12\input\IMG-0001-00021.jpg,1.3888889149882289e-08,1.3888889149882289e-08,1.0,0.9985650777816772,1.3888889149882289e-08,,True,72.0,0.0,True
Patient#12,D:\Research\Multi-View Fusion Network\datasets\AJBDS-2023_extracted\AJBDS-2023\Training\Patient#12\input\IMG-0002-00001.jpg,1.1534024846326931e-09,1.1534024846326931e-09,1.0,0.9827208518981934,1.1534024846326931e-09,,True,867.0,0.0,True
Patient#12,D:\Research\Multi-View Fusion Network\datasets\AJBDS-2023_extracted\AJBDS-2023\Training\Patient#12\input\IMG-0002-00002.jpg,1.0,1.0,1.0,1.0,1.0,,True,0.0,0.0,False
Patient#12,D:\Research\Multi-View Fusion Network\datasets\AJBDS-2023_extracted\AJBDS-2023\Training\Patient#12\input\IMG-0002-00003.jpg,7.09723224634473e-10,7.09723224634473e-10,1.0,0.9719188213348388,7.09723224634473e-10,,True,1409.0,0.0,True
Patient#12,D:\Research\Multi-View Fusion Network\datasets\AJBDS-2023_extracted\AJBDS-2023\Training\Patient#12\input\IMG-0002-00004.jpg,1.6694490234669954e-09,1.6694490234669954e-09,1.0,0.988062024116516,1.6694490234669954e-09,,True,599.0,0.0,True
Patient#12,D:\Research\Multi-View Fusion Network\datasets\AJBDS-2023_extracted\AJBDS-2023\Training\Patient#12\input\IMG-0002-00005.jpg,4.184100621529296e-09,4.184100621529296e-09,1.0,0.9952367544174194,4.184100621529296e-09,,True,239.0,0.0,True
Patient#12,D:\Research\Multi-View Fusion Network\datasets\AJBDS-2023_extracted\AJBDS-2023\Training\Patient#12\input\IMG-0002-00018.jpg,1.0,1.0,1.0,1.0,1.0,,True,0.0,0.0,False
Patient#12,D:\Research\Multi-View Fusion Network\datasets\AJBDS-2023_extracted\AJBDS-2023\Training\Patient#12\input\IMG-0002-00019.jpg,1.0,1.0,1.0,1.0,1.0,,True,0.0,0.0,False
Patient#12,D:\Research\Multi-View Fusion Network\datasets\AJBDS-2023_extracted\AJBDS-2023\Training\Patient#12\input\IMG-0002-00020.jpg,1.0,1.0,1.0,1.0,1.0,,True,0.0,0.0,False
Patient#12,D:\Research\Multi-View Fusion Network\datasets\AJBDS-2023_extracted\AJBDS-2023\Training\Patient#12\input\IMG-0002-00021.jpg,1.0,1.0,1.0,1.0,1.0,,True,0.0,0.0,False
Patient#12,D:\Research\Multi-View Fusion Network\datasets\AJBDS-2023_extracted\AJBDS-2023\Training\Patient#12\input\IMG-0003-00001.jpg,1.0,1.0,1.0,1.0,1.0,,True,0.0,0.0,False
Patient#12,D:\Research\Multi-View Fusion Network\datasets\AJBDS-2023_extracted\AJBDS-2023\Training\Patient#12\input\IMG-0003-00002.jpg,1.0,1.0,1.0,1.0,1.0,,True,0.0,0.0,False
Patient#12,D:\Research\Multi-View Fusion Network\datasets\AJBDS-2023_extracted\AJBDS-2023\Training\Patient#12\input\IMG-0003-00003.jpg,1.0,1.0,1.0,1.0,1.0,,True,0.0,0.0,False
Patient#12,D:\Research\Multi-View Fusion Network\datasets\AJBDS-2023_extracted\AJBDS-2023\Training\Patient#12\input\IMG-0003-00004.jpg,1.0,1.0,1.0,1.0,1.0,,True,0.0,0.0,False
Patient#12,D:\Research\Multi-View Fusion Network\datasets\AJBDS-2023_extracted\AJBDS-2023\Training\Patient#12\input\IMG-0003-00005.jpg,1.0,1.0,1.0,1.0,1.0,,True,0.0,0.0,False
Patient#12,D:\Research\Multi-View Fusion Network\datasets\AJBDS-2023_extracted\AJBDS-2023\Training\Patient#12\input\IMG-0003-00018.jpg,4.8780486316957195e-09,4.8780486316957195e-09,1.0,0.9959143996238708,4.8780486316957195e-09,,True,205.0,0.0,True
Patient#12,D:\Research\Multi-View Fusion Network\datasets\AJBDS-2023_extracted\AJBDS-2023\Training\Patient#12\input\IMG-0003-00019.jpg,1.0,1.0,1.0,1.0,1.0,,True,0.0,0.0,False
Patient#12,D:\Research\Multi-View Fusion Network\datasets\AJBDS-2023_extracted\AJBDS-2023\Training\Patient#12\input\IMG-0003-00020.jpg,1.0,1.0,1.0,1.0,1.0,,True,0.0,0.0,False
Patient#12,D:\Research\Multi-View Fusion Network\datasets\AJBDS-2023_extracted\AJBDS-2023\Training\Patient#12\input\IMG-0003-00021.jpg,6.349206160827237e-10,6.349206160827237e-10,1.0,0.9686104655265808,6.349206160827237e-10,,True,1575.0,0.0,True
Patient#12,D:\Research\Multi-View Fusion Network\datasets\AJBDS-2023_extracted\AJBDS-2023\Training\Patient#12\input\IMG-0004-00001.jpg,3.164556949819541e-10,3.164556949819541e-10,1.0,0.9370216727256776,3.164556949819541e-10,,True,3160.0,0.0,True
Patient#12,D:\Research\Multi-View Fusion Network\datasets\AJBDS-2023_extracted\AJBDS-2023\Training\Patient#12\input\IMG-0004-00002.jpg,1.0,1.0,1.0,1.0,1.0,,True,0.0,0.0,False
Patient#12,D:\Research\Multi-View Fusion Network\datasets\AJBDS-2023_extracted\AJBDS-2023\Training\Patient#12\input\IMG-0004-00003.jpg,2.0777062015309158e-10,2.0777062015309158e-10,1.0,0.904077649116516,2.0777062015309158e-10,,True,4813.0,0.0,True
Patient#12,D:\Research\Multi-View Fusion Network\datasets\AJBDS-2023_extracted\AJBDS-2023\Training\Patient#12\input\IMG-0004-00004.jpg,1.0615711643069403e-09,1.0615711643069403e-09,1.0,0.981226086616516,1.0615711643069403e-09,,True,942.0,0.0,True
Patient#12,D:\Research\Multi-View Fusion Network\datasets\AJBDS-2023_extracted\AJBDS-2023\Training\Patient#12\input\IMG-0004-00005.jpg,4.739336478820633e-09,4.739336478820633e-09,1.0,0.9957947731018066,4.739336478820633e-09,,True,211.0,0.0,True
Patient#12,D:\Research\Multi-View Fusion Network\datasets\AJBDS-2023_extracted\AJBDS-2023\Training\Patient#12\input\IMG-0004-00018.jpg,1.0,1.0,1.0,1.0,1.0,,True,0.0,0.0,False
Patient#12,D:\Research\Multi-View Fusion Network\datasets\AJBDS-2023_extracted\AJBDS-2023\Training\Patient#12\input\IMG-0004-00019.jpg,1.0,1.0,1.0,1.0,1.0,,True,0.0,0.0,False
Patient#12,D:\Research\Multi-View Fusion Network\datasets\AJBDS-2023_extracted\AJBDS-2023\Training\Patient#12\input\IMG-0004-00020.jpg,1.091703061284477e-09,1.091703061284477e-09,1.0,0.9817442893981934,1.091703061284477e-09,,True,916.0,0.0,True
Patient#12,D:\Research\Multi-View Fusion Network\datasets\AJBDS-2023_extracted\AJBDS-2023\Training\Patient#12\input\IMG-0004-00021.jpg,2.8248586803059084e-10,2.8248586803059084e-10,1.0,0.9294483661651612,2.8248586803059084e-10,,True,3540.0,0.0,True
Patient#12,D:\Research\Multi-View Fusion Network\datasets\AJBDS-2023_extracted\AJBDS-2023\Training\Patient#12\input\IMG-0004-00022.jpg,8.944543994360287e-10,8.944543994360287e-10,1.0,0.9777184128761292,8.944543994360287e-10,,True,1118.0,0.0,True
Patient#12,D:\Research\Multi-View Fusion Network\datasets\AJBDS-2023_extracted\AJBDS-2023\Training\Patient#12\input\IMG-0004-00023.jpg,4.5126352654634156e-10,4.5126352654634156e-10,1.0,0.955835461616516,4.5126352654634156e-10,,True,2216.0,0.0,True
Patient#12,D:\Research\Multi-View Fusion Network\datasets\AJBDS-2023_extracted\AJBDS-2023\Training\Patient#12\input\IMG-0004-00024.jpg,2.687449707217126e-10,2.687449707217126e-10,1.0,0.9258410334587096,2.687449707217126e-10,,True,3721.0,0.0,True
Patient#12,D:\Research\Multi-View Fusion Network\datasets\AJBDS-2023_extracted\AJBDS-2023\Training\Patient#12\input\IMG-0004-00025.jpg,1.0,1.0,1.0,1.0,1.0,,True,0.0,0.0,False
Patient#12,D:\Research\Multi-View Fusion Network\datasets\AJBDS-2023_extracted\AJBDS-2023\Training\Patient#12\input\IMG-0004-00026.jpg,1.0,1.0,1.0,1.0,1.0,,True,0.0,0.0,False
Patient#12,D:\Research\Multi-View Fusion Network\datasets\AJBDS-2023_extracted\AJBDS-2023\Training\Patient#12\input\IMG-0004-00027.jpg,1.0,1.0,1.0,1.0,1.0,,True,0.0,0.0,False
Patient#12,D:\Research\Multi-View Fusion Network\datasets\AJBDS-2023_extracted\AJBDS-2023\Training\Patient#12\input\IMG-0004-00028.jpg,1.0,1.0,1.0,1.0,1.0,,True,0.0,0.0,False
Patient#12,D:\Research\Multi-View Fusion Network\datasets\AJBDS-2023_extracted\AJBDS-2023\Training\Patient#12\input\IMG-0004-00039.jpg,1.0,1.0,1.0,1.0,1.0,,True,0.0,0.0,False
Patient#12,D:\Research\Multi-View Fusion Network\datasets\AJBDS-2023_extracted\AJBDS-2023\Training\Patient#12\input\IMG-0004-00040.jpg,3.81242842850682e-10,3.81242842850682e-10,1.0,0.9477239847183228,3.81242842850682e-10,,True,2623.0,0.0,True
Patient#12,D:\Research\Multi-View Fusion Network\datasets\AJBDS-2023_extracted\AJBDS-2023\Training\Patient#12\input\IMG-0004-00041.jpg,1.302083330045889e-09,1.302083330045889e-09,1.0,0.9846938848495485,1.302083330045889e-09,,True,768.0,0.0,True
Patient#12,D:\Research\Multi-View Fusion Network\datasets\AJBDS-2023_extracted\AJBDS-2023\Training\Patient#12\input\IMG-0004-00042.jpg,2.4734109205226673e-10,2.4734109205226673e-10,1.0,0.9194236397743224,2.4734109205226673e-10,,True,4043.0,0.0,True
Patient#12,D:\Research\Multi-View Fusion Network\datasets\AJBDS-2023_extracted\AJBDS-2023\Training\Patient#12\input\IMG-0005-00001.jpg,1.0,1.0,1.0,1.0,1.0,,True,0.0,0.0,False
Patient#12,D:\Research\Multi-View Fusion Network\datasets\AJBDS-2023_extracted\AJBDS-2023\Training\Patient#12\input\IMG-0005-00002.jpg,5.252100976349539e-10,5.252100976349539e-10,1.0,0.9620535969734192,5.252100976349539e-10,,True,1904.0,0.0,True
Patient#12,D:\Research\Multi-View Fusion Network\datasets\AJBDS-2023_extracted\AJBDS-2023\Training\Patient#12\input\IMG-0005-00003.jpg,4.0338846152288004e-10,4.0338846152288004e-10,1.0,0.950593888759613,4.0338846152288004e-10,,True,2479.0,0.0,True
Patient#12,D:\Research\Multi-View Fusion Network\datasets\AJBDS-2023_extracted\AJBDS-2023\Training\Patient#12\input\IMG-0005-00004.jpg,2.392344544688285e-09,2.392344544688285e-09,1.0,0.9916692972183228,2.392344544688285e-09,,True,418.0,0.0,True
Patient#12,D:\Research\Multi-View Fusion Network\datasets\AJBDS-2023_extracted\AJBDS-2023\Training\Patient#12\input\IMG-0005-00005.jpg,4.926108410074903e-09,4.926108410074903e-09,1.0,0.9959542155265808,4.926108410074903e-09,,True,203.0,0.0,True
Patient#12,D:\Research\Multi-View Fusion Network\datasets\AJBDS-2023_extracted\AJBDS-2023\Training\Patient#12\input\IMG-0005-00017.jpg,1.0,1.0,1.0,1.0,1.0,,True,0.0,0.0,False
Patient#12,D:\Research\Multi-View Fusion Network\datasets\AJBDS-2023_extracted\AJBDS-2023\Training\Patient#12\input\IMG-0005-00018.jpg,1.0,1.0,1.0,1.0,1.0,,True,0.0,0.0,False
Patient#12,D:\Research\Multi-View Fusion Network\datasets\AJBDS-2023_extracted\AJBDS-2023\Training\Patient#12\input\IMG-0005-00019.jpg,1.0,1.0,1.0,1.0,1.0,,True,0.0,0.0,False
Patient#12,D:\Research\Multi-View Fusion Network\datasets\AJBDS-2023_extracted\AJBDS-2023\Training\Patient#12\input\IMG-0005-00020.jpg,1.402524540949912e-09,1.402524540949912e-09,1.0,0.9857900142669678,1.402524540949912e-09,,True,713.0,0.0,True
Patient#12,D:\Research\Multi-View Fusion Network\datasets\AJBDS-2023_extracted\AJBDS-2023\Training\Patient#12\input\IMG-0005-00021.jpg,1.1013215894806192e-09,1.1013215894806192e-09,1.0,0.9819036722183228,1.1013215894806192e-09,,True,908.0,0.0,True
Patient#12,D:\Research\Multi-View Fusion Network\datasets\AJBDS-2023_extracted\AJBDS-2023\Training\Patient#12\input\IMG-0006-00001.jpg,1.0,1.0,1.0,1.0,1.0,,True,0.0,0.0,False
Patient#12,D:\Research\Multi-View Fusion Network\datasets\AJBDS-2023_extracted\AJBDS-2023\Training\Patient#12\input\IMG-0006-00002.jpg,1.0,1.0,1.0,1.0,1.0,,True,0.0,0.0,False
Patient#12,D:\Research\Multi-View Fusion Network\datasets\AJBDS-2023_extracted\AJBDS-2023\Training\Patient#12\input\IMG-0006-00003.jpg,1.0,1.0,1.0,1.0,1.0,,True,0.0,0.0,False
Patient#12,D:\Research\Multi-View Fusion Network\datasets\AJBDS-2023_extracted\AJBDS-2023\Training\Patient#12\input\IMG-0006-00004.jpg,1.0,1.0,1.0,1.0,1.0,,True,0.0,0.0,False
Patient#12,D:\Research\Multi-View Fusion Network\datasets\AJBDS-2023_extracted\AJBDS-2023\Training\Patient#12\input\IMG-0006-00005.jpg,1.0,1.0,1.0,1.0,1.0,,True,0.0,0.0,False
Patient#12,D:\Research\Multi-View Fusion Network\datasets\AJBDS-2023_extracted\AJBDS-2023\Training\Patient#12\input\IMG-0006-00017.jpg,1.0,1.0,1.0,1.0,1.0,,True,0.0,0.0,False
Patient#12,D:\Research\Multi-View Fusion Network\datasets\AJBDS-2023_extracted\AJBDS-2023\Training\Patient#12\input\IMG-0006-00018.jpg,1.0,1.0,1.0,1.0,1.0,,True,0.0,0.0,False
Patient#12,D:\Research\Multi-View Fusion Network\datasets\AJBDS-2023_extracted\AJBDS-2023\Training\Patient#12\input\IMG-0006-00019.jpg,1.0,1.0,1.0,1.0,1.0,,True,0.0,0.0,False
Patient#12,D:\Research\Multi-View Fusion Network\datasets\AJBDS-2023_extracted\AJBDS-2023\Training\Patient#12\input\IMG-0006-00020.jpg,1.353180012486632e-09,1.353180012486632e-09,1.0,0.9852718710899352,1.353180012486632e-09,,True,739.0,0.0,True
Patient#12,D:\Research\Multi-View Fusion Network\datasets\AJBDS-2023_extracted\AJBDS-2023\Training\Patient#12\input\IMG-0006-00021.jpg,1.6313214112884111e-09,1.6313214112884111e-09,1.0,0.9877830147743224,1.6313214112884111e-09,,True,613.0,0.0,True
Patient#12,D:\Research\Multi-View Fusion Network\datasets\AJBDS-2023_extracted\AJBDS-2023\Training\Patient#12\input\IMG-0008-00001.jpg,1.0,1.0,1.0,1.0,1.0,,True,0.0,0.0,False
Patient#12,D:\Research\Multi-View Fusion Network\datasets\AJBDS-2023_extracted\AJBDS-2023\Training\Patient#12\input\IMG-0008-00002.jpg,1.0,1.0,1.0,1.0,1.0,,True,0.0,0.0,False
Patient#12,D:\Research\Multi-View Fusion Network\datasets\AJBDS-2023_extracted\AJBDS-2023\Training\Patient#12\input\IMG-0008-00003.jpg,2.1276596040564755e-09,2.1276596040564755e-09,1.0,0.990632951259613,2.1276596040564755e-09,,True,470.0,0.0,True
Patient#12,D:\Research\Multi-View Fusion Network\datasets\AJBDS-2023_extracted\AJBDS-2023\Training\Patient#12\input\IMG-0008-00004.jpg,2.4630542050374515e-09,2.4630542050374515e-09,1.0,0.9919084906578064,2.4630542050374515e-09,,True,406.0,0.0,True
Patient#12,D:\Research\Multi-View Fusion Network\datasets\AJBDS-2023_extracted\AJBDS-2023\Training\Patient#12\input\IMG-0008-00016.jpg,4.366812245137908e-09,4.366812245137908e-09,1.0,0.9954360723495485,4.366812245137908e-09,,True,229.0,0.0,True
Patient#12,D:\Research\Multi-View Fusion Network\datasets\AJBDS-2023_extracted\AJBDS-2023\Training\Patient#12\input\IMG-0008-00017.jpg,1.0,1.0,1.0,1.0,1.0,,True,0.0,0.0,False
Patient#12,D:\Research\Multi-View Fusion Network\datasets\AJBDS-2023_extracted\AJBDS-2023\Training\Patient#12\input\IMG-0008-00018.jpg,1.0,1.0,1.0,1.0,1.0,,True,0.0,0.0,False
Patient#12,D:\Research\Multi-View Fusion Network\datasets\AJBDS-2023_extracted\AJBDS-2023\Training\Patient#12\input\IMG-0008-00019.jpg,5.6497175826564225e-09,5.6497175826564225e-09,1.0,0.996472418308258,5.6497175826564225e-09,,True,177.0,0.0,True
Patient#12,D:\Research\Multi-View Fusion Network\datasets\AJBDS-2023_extracted\AJBDS-2023\Training\Patient#12\input\IMG-0008-00020.jpg,6.77966127682339e-10,6.77966127682339e-10,1.0,0.9706034660339355,6.77966127682339e-10,,True,1475.0,0.0,True
Patient#12,D:\Research\Multi-View Fusion Network\datasets\AJBDS-2023_extracted\AJBDS-2023\Training\Patient#12\input\IMG-0008-00021.jpg,1.0,1.0,1.0,1.0,1.0,,True,0.0,0.0,False
Patient#12,D:\Research\Multi-View Fusion Network\datasets\AJBDS-2023_extracted\AJBDS-2023\Training\Patient#12\input\IMG-0009-00001.jpg,1.0,1.0,1.0,1.0,1.0,,True,0.0,0.0,False
Patient#12,D:\Research\Multi-View Fusion Network\datasets\AJBDS-2023_extracted\AJBDS-2023\Training\Patient#12\input\IMG-0009-00002.jpg,1.0,1.0,1.0,1.0,1.0,,True,0.0,0.0,False
Patient#12,D:\Research\Multi-View Fusion Network\datasets\AJBDS-2023_extracted\AJBDS-2023\Training\Patient#12\input\IMG-0009-00003.jpg,1.0,1.0,1.0,1.0,1.0,,True,0.0,0.0,False
Patient#12,D:\Research\Multi-View Fusion Network\datasets\AJBDS-2023_extracted\AJBDS-2023\Training\Patient#12\input\IMG-0009-00004.jpg,1.0,1.0,1.0,1.0,1.0,,True,0.0,0.0,False
Patient#12,D:\Research\Multi-View Fusion Network\datasets\AJBDS-2023_extracted\AJBDS-2023\Training\Patient#12\input\IMG-0009-00005.jpg,1.0,1.0,1.0,1.0,1.0,,True,0.0,0.0,False
Patient#12,D:\Research\Multi-View Fusion Network\datasets\AJBDS-2023_extracted\AJBDS-2023\Training\Patient#12\input\IMG-0009-00006.jpg,1.0,1.0,1.0,1.0,1.0,,True,0.0,0.0,False
Patient#12,D:\Research\Multi-View Fusion Network\datasets\AJBDS-2023_extracted\AJBDS-2023\Training\Patient#12\input\IMG-0009-00007.jpg,1.0,1.0,1.0,1.0,1.0,,True,0.0,0.0,False
Patient#12,D:\Research\Multi-View Fusion Network\datasets\AJBDS-2023_extracted\AJBDS-2023\Training\Patient#12\input\IMG-0009-00008.jpg,1.0309278763998009e-08,1.0309278763998009e-08,1.0,0.998066782951355,1.0309278763998009e-08,,True,97.0,0.0,True
Patient#12,D:\Research\Multi-View Fusion Network\datasets\AJBDS-2023_extracted\AJBDS-2023\Training\Patient#12\input\IMG-0009-00009.jpg,3.0864197864133303e-09,3.0864197864133303e-09,1.0,0.993542730808258,3.0864197864133303e-09,,True,324.0,0.0,True
Patient#12,D:\Research\Multi-View Fusion Network\datasets\AJBDS-2023_extracted\AJBDS-2023\Training\Patient#12\input\IMG-0009-00010.jpg,1.953124995068833e-09,1.953124995068833e-09,1.0,0.9897959232330322,1.953124995068833e-09,,True,512.0,0.0,True
Patient#12,D:\Research\Multi-View Fusion Network\datasets\AJBDS-2023_extracted\AJBDS-2023\Training\Patient#12\input\IMG-0009-00011.jpg,1.0309278763998009e-08,1.0309278763998009e-08,1.0,0.998066782951355,1.0309278763998009e-08,,True,97.0,0.0,True
Patient#12,D:\Research\Multi-View Fusion Network\datasets\AJBDS-2023_extracted\AJBDS-2023\Training\Patient#12\input\IMG-0009-00012.jpg,2.421307598865496e-09,2.421307598865496e-09,1.0,0.9917689561843872,2.421307598865496e-09,,True,413.0,0.0,True
Patient#12,D:\Research\Multi-View Fusion Network\datasets\AJBDS-2023_extracted\AJBDS-2023\Training\Patient#12\input\IMG-0009-00013.jpg,1.0,1.0,1.0,1.0,1.0,,True,0.0,0.0,False
Patient#12,D:\Research\Multi-View Fusion Network\datasets\AJBDS-2023_extracted\AJBDS-2023\Training\Patient#12\input\IMG-0009-00014.jpg,2.5252524515906316e-09,2.5252524515906316e-09,1.0,0.9921078085899352,2.5252524515906316e-09,,True,396.0,0.0,True
Patient#12,D:\Research\Multi-View Fusion Network\datasets\AJBDS-2023_extracted\AJBDS-2023\Training\Patient#12\input\IMG-0009-00027.jpg,9.009008650195938e-09,9.009008650195938e-09,1.0,0.9977877736091614,9.009008650195938e-09,,True,111.0,0.0,True
Patient#12,D:\Research\Multi-View Fusion Network\datasets\AJBDS-2023_extracted\AJBDS-2023\Training\Patient#12\input\IMG-0009-00028.jpg,1.0,1.0,1.0,1.0,1.0,,True,0.0,0.0,False
Patient#12,D:\Research\Multi-View Fusion Network\datasets\AJBDS-2023_extracted\AJBDS-2023\Training\Patient#12\input\IMG-0009-00029.jpg,4.616805271417945e-10,4.616805271417945e-10,1.0,0.9568319320678712,4.616805271417945e-10,,True,2166.0,0.0,True
Patient#12,D:\Research\Multi-View Fusion Network\datasets\AJBDS-2023_extracted\AJBDS-2023\Training\Patient#12\input\IMG-0010-00001.jpg,3.0581039922594755e-09,3.0581039922594755e-09,1.0,0.9934829473495485,3.0581039922594755e-09,,True,327.0,0.0,True
Patient#12,D:\Research\Multi-View Fusion Network\datasets\AJBDS-2023_extracted\AJBDS-2023\Training\Patient#12\input\IMG-0010-00002.jpg,2.898550732766125e-09,2.898550732766125e-09,1.0,0.9931241869926452,2.898550732766125e-09,,True,345.0,0.0,True
Patient#12,D:\Research\Multi-View Fusion Network\datasets\AJBDS-2023_extracted\AJBDS-2023\Training\Patient#12\input\IMG-0010-00015.jpg,1.0,1.0,1.0,1.0,1.0,,True,0.0,0.0,False
Patient#12,D:\Research\Multi-View Fusion Network\datasets\AJBDS-2023_extracted\AJBDS-2023\Training\Patient#12\input\IMG-0010-00016.jpg,2.9498525844218193e-09,2.9498525844218193e-09,1.0,0.9932437539100648,2.9498525844218193e-09,,True,339.0,0.0,True
Patient#12,D:\Research\Multi-View Fusion Network\datasets\AJBDS-2023_extracted\AJBDS-2023\Training\Patient#12\input\IMG-0010-00017.jpg,1.0,1.0,1.0,1.0,1.0,,True,0.0,0.0,False
Patient#12,D:\Research\Multi-View Fusion Network\datasets\AJBDS-2023_extracted\AJBDS-2023\Training\Patient#12\input\IMG-0010-00018.jpg,1.0,1.0,1.0,1.0,1.0,,True,0.0,0.0,False
Patient#12,D:\Research\Multi-View Fusion Network\datasets\AJBDS-2023_extracted\AJBDS-2023\Training\Patient#12\input\IMG-0010-00019.jpg,1.0,1.0,1.0,1.0,1.0,,True,0.0,0.0,False
Patient#12,D:\Research\Multi-View Fusion Network\datasets\AJBDS-2023_extracted\AJBDS-2023\Training\Patient#12\input\IMG-0010-00020.jpg,1.0,1.0,1.0,1.0,1.0,,True,0.0,0.0,False
Patient#12,D:\Research\Multi-View Fusion Network\datasets\AJBDS-2023_extracted\AJBDS-2023\Training\Patient#12\input\IMG-0010-00021.jpg,4.566210076717425e-09,4.566210076717425e-09,1.0,0.9956353902816772,4.566210076717425e-09,,True,219.0,0.0,True
Patient#13,D:\Research\Multi-View Fusion Network\datasets\AJBDS-2023_extracted\AJBDS-2023\Training\Patient#13\input\IMG-0001-00001.jpg,1.0,1.0,1.0,1.0,1.0,,True,0.0,0.0,False
Patient#13,D:\Research\Multi-View Fusion Network\datasets\AJBDS-2023_extracted\AJBDS-2023\Training\Patient#13\input\IMG-0001-00002.jpg,1.0,1.0,1.0,1.0,1.0,,True,0.0,0.0,False
Patient#13,D:\Research\Multi-View Fusion Network\datasets\AJBDS-2023_extracted\AJBDS-2023\Training\Patient#13\input\IMG-0001-00003.jpg,1.0,1.0,1.0,1.0,1.0,,True,0.0,0.0,False
Patient#13,D:\Research\Multi-View Fusion Network\datasets\AJBDS-2023_extracted\AJBDS-2023\Training\Patient#13\input\IMG-0001-00004.jpg,1.0,1.0,1.0,1.0,1.0,,True,0.0,0.0,False
Patient#13,D:\Research\Multi-View Fusion Network\datasets\AJBDS-2023_extracted\AJBDS-2023\Training\Patient#13\input\IMG-0001-00005.jpg,1.0,1.0,1.0,1.0,1.0,,True,0.0,0.0,False
Patient#13,D:\Research\Multi-View Fusion Network\datasets\AJBDS-2023_extracted\AJBDS-2023\Training\Patient#13\input\IMG-0001-00006.jpg,1.0,1.0,1.0,1.0,1.0,,True,0.0,0.0,False
Patient#13,D:\Research\Multi-View Fusion Network\datasets\AJBDS-2023_extracted\AJBDS-2023\Training\Patient#13\input\IMG-0001-00007.jpg,1.0,1.0,1.0,1.0,1.0,,True,0.0,0.0,False
Patient#13,D:\Research\Multi-View Fusion Network\datasets\AJBDS-2023_extracted\AJBDS-2023\Training\Patient#13\input\IMG-0001-00008.jpg,1.0,1.0,1.0,1.0,1.0,,True,0.0,0.0,False
Patient#13,D:\Research\Multi-View Fusion Network\datasets\AJBDS-2023_extracted\AJBDS-2023\Training\Patient#13\input\IMG-0001-00013.jpg,1.0,1.0,1.0,1.0,1.0,,True,0.0,0.0,False
Patient#13,D:\Research\Multi-View Fusion Network\datasets\AJBDS-2023_extracted\AJBDS-2023\Training\Patient#13\input\IMG-0001-00014.jpg,1.0,1.0,1.0,1.0,1.0,,True,0.0,0.0,False
Patient#13,D:\Research\Multi-View Fusion Network\datasets\AJBDS-2023_extracted\AJBDS-2023\Training\Patient#13\input\IMG-0001-00015.jpg,1.0,1.0,1.0,1.0,1.0,,True,0.0,0.0,False
Patient#13,D:\Research\Multi-View Fusion Network\datasets\AJBDS-2023_extracted\AJBDS-2023\Training\Patient#13\input\IMG-0001-00016.jpg,1.0,1.0,1.0,1.0,1.0,,True,0.0,0.0,False
Patient#13,D:\Research\Multi-View Fusion Network\datasets\AJBDS-2023_extracted\AJBDS-2023\Training\Patient#13\input\IMG-0001-00017.jpg,1.0,1.0,1.0,1.0,1.0,,True,0.0,0.0,False
Patient#13,D:\Research\Multi-View Fusion Network\datasets\AJBDS-2023_extracted\AJBDS-2023\Training\Patient#13\input\IMG-0001-00018.jpg,1.0,1.0,1.0,1.0,1.0,,True,0.0,0.0,False
Patient#13,D:\Research\Multi-View Fusion Network\datasets\AJBDS-2023_extracted\AJBDS-2023\Training\Patient#13\input\IMG-0001-00019.jpg,1.0,1.0,1.0,1.0,1.0,,True,0.0,0.0,False
Patient#13,D:\Research\Multi-View Fusion Network\datasets\AJBDS-2023_extracted\AJBDS-2023\Training\Patient#13\input\IMG-0001-00020.jpg,1.0,1.0,1.0,1.0,1.0,,True,0.0,0.0,False
Patient#13,D:\Research\Multi-View Fusion Network\datasets\AJBDS-2023_extracted\AJBDS-2023\Training\Patient#13\input\IMG-0001-00021.jpg,1.0,1.0,1.0,1.0,1.0,,True,0.0,0.0,False
Patient#13,D:\Research\Multi-View Fusion Network\datasets\AJBDS-2023_extracted\AJBDS-2023\Training\Patient#13\input\IMG-0003-00001.jpg,1.0,1.0,1.0,1.0,1.0,,True,0.0,0.0,False
Patient#13,D:\Research\Multi-View Fusion Network\datasets\AJBDS-2023_extracted\AJBDS-2023\Training\Patient#13\input\IMG-0003-00002.jpg,1.0,1.0,1.0,1.0,1.0,,True,0.0,0.0,False
Patient#13,D:\Research\Multi-View Fusion Network\datasets\AJBDS-2023_extracted\AJBDS-2023\Training\Patient#13\input\IMG-0003-00003.jpg,1.0,1.0,1.0,1.0,1.0,,True,0.0,0.0,False
Patient#13,D:\Research\Multi-View Fusion Network\datasets\AJBDS-2023_extracted\AJBDS-2023\Training\Patient#13\input\IMG-0003-00004.jpg,3.3898304163670905e-09,3.3898304163670905e-09,1.0,0.994120717048645,3.3898304163670905e-09,,True,295.0,0.0,True
Patient#13,D:\Research\Multi-View Fusion Network\datasets\AJBDS-2023_extracted\AJBDS-2023\Training\Patient#13\input\IMG-0003-00005.jpg,2.2883295258679932e-09,2.2883295258679932e-09,1.0,0.9912906289100648,2.2883295258679932e-09,,True,437.0,0.0,True
Patient#13,D:\Research\Multi-View Fusion Network\datasets\AJBDS-2023_extracted\AJBDS-2023\Training\Patient#13\input\IMG-0003-00006.jpg,1.3280212485256015e-09,1.3280212485256015e-09,1.0,0.9849928021430968,1.3280212485256015e-09,,True,753.0,0.0,True
Patient#13,D:\Research\Multi-View Fusion Network\datasets\AJBDS-2023_extracted\AJBDS-2023\Training\Patient#13\input\IMG-0003-00010.jpg,1.0,1.0,1.0,1.0,1.0,,True,0.0,0.0,False
Patient#13,D:\Research\Multi-View Fusion Network\datasets\AJBDS-2023_extracted\AJBDS-2023\Training\Patient#13\input\IMG-0003-00011.jpg,1.0,1.0,1.0,1.0,1.0,,True,0.0,0.0,False
Patient#13,D:\Research\Multi-View Fusion Network\datasets\AJBDS-2023_extracted\AJBDS-2023\Training\Patient#13\input\IMG-0003-00012.jpg,1.5384614471258832e-08,1.5384614471258832e-08,1.0,0.9987045526504515,1.5384614471258832e-08,,True,65.0,0.0,True
Patient#13,D:\Research\Multi-View Fusion Network\datasets\AJBDS-2023_extracted\AJBDS-2023\Training\Patient#13\input\IMG-0003-00013.jpg,1.0,1.0,1.0,1.0,1.0,,True,0.0,0.0,False
Patient#13,D:\Research\Multi-View Fusion Network\datasets\AJBDS-2023_extracted\AJBDS-2023\Training\Patient#13\input\IMG-0003-00014.jpg,1.0,1.0,1.0,1.0,1.0,,True,0.0,0.0,False
Patient#13,D:\Research\Multi-View Fusion Network\datasets\AJBDS-2023_extracted\AJBDS-2023\Training\Patient#13\input\IMG-0003-00015.jpg,1.0,1.0,1.0,1.0,1.0,,True,0.0,0.0,False
Patient#13,D:\Research\Multi-View Fusion Network\datasets\AJBDS-2023_extracted\AJBDS-2023\Training\Patient#13\input\IMG-0003-00016.jpg,1.0,1.0,1.0,1.0,1.0,,True,0.0,0.0,False
Patient#13,D:\Research\Multi-View Fusion Network\datasets\AJBDS-2023_extracted\AJBDS-2023\Training\Patient#13\input\IMG-0003-00017.jpg,1.0,1.0,1.0,1.0,1.0,,True,0.0,0.0,False
Patient#13,D:\Research\Multi-View Fusion Network\datasets\AJBDS-2023_extracted\AJBDS-2023\Training\Patient#13\input\IMG-0003-00018.jpg,1.0,1.0,1.0,1.0,1.0,,True,0.0,0.0,False
Patient#13,D:\Research\Multi-View Fusion Network\datasets\AJBDS-2023_extracted\AJBDS-2023\Training\Patient#13\input\IMG-0003-00019.jpg,4.651162566204903e-09,4.651162566204903e-09,1.0,0.995715081691742,4.651162566204903e-09,,True,215.0,0.0,True
Patient#13,D:\Research\Multi-View Fusion Network\datasets\AJBDS-2023_extracted\AJBDS-2023\Training\Patient#13\input\IMG-0003-00020.jpg,1.0,1.0,1.0,1.0,1.0,,True,0.0,0.0,False
Patient#13,D:\Research\Multi-View Fusion Network\datasets\AJBDS-2023_extracted\AJBDS-2023\Training\Patient#13\input\IMG-0003-00021.jpg,1.0,1.0,1.0,1.0,1.0,,True,0.0,0.0,False
Patient#13,D:\Research\Multi-View Fusion Network\datasets\AJBDS-2023_extracted\AJBDS-2023\Training\Patient#13\input\IMG-0004-00001.jpg,1.0,1.0,1.0,1.0,1.0,,True,0.0,0.0,False
Patient#13,D:\Research\Multi-View Fusion Network\datasets\AJBDS-2023_extracted\AJBDS-2023\Training\Patient#13\input\IMG-0004-00002.jpg,1.0,1.0,1.0,1.0,1.0,,True,0.0,0.0,False
Patient#13,D:\Research\Multi-View Fusion Network\datasets\AJBDS-2023_extracted\AJBDS-2023\Training\Patient#13\input\IMG-0004-00003.jpg,1.3513513863472326e-08,1.3513513863472326e-08,1.0,0.9985252022743224,1.3513513863472326e-08,,True,74.0,0.0,True
Patient#13,D:\Research\Multi-View Fusion Network\datasets\AJBDS-2023_extracted\AJBDS-2023\Training\Patient#13\input\IMG-0004-00004.jpg,1.0,1.0,1.0,1.0,1.0,,True,0.0,0.0,False
Patient#13,D:\Research\Multi-View Fusion Network\datasets\AJBDS-2023_extracted\AJBDS-2023\Training\Patient#13\input\IMG-0004-00005.jpg,1.0,1.0,1.0,1.0,1.0,,True,0.0,0.0,False
Patient#13,D:\Research\Multi-View Fusion Network\datasets\AJBDS-2023_extracted\AJBDS-2023\Training\Patient#13\input\IMG-0004-00006.jpg,1.0,1.0,1.0,1.0,1.0,,True,0.0,0.0,False
Patient#13,D:\Research\Multi-View Fusion Network\datasets\AJBDS-2023_extracted\AJBDS-2023\Training\Patient#13\input\IMG-0004-00007.jpg,1.0,1.0,1.0,1.0,1.0,,True,0.0,0.0,False
Patient#13,D:\Research\Multi-View Fusion Network\datasets\AJBDS-2023_extracted\AJBDS-2023\Training\Patient#13\input\IMG-0004-00008.jpg,1.0,1.0,1.0,1.0,1.0,,True,0.0,0.0,False
Patient#13,D:\Research\Multi-View Fusion Network\datasets\AJBDS-2023_extracted\AJBDS-2023\Training\Patient#13\input\IMG-0004-00009.jpg,1.0,1.0,1.0,1.0,1.0,,True,0.0,0.0,False
Patient#13,D:\Research\Multi-View Fusion Network\datasets\AJBDS-2023_extracted\AJBDS-2023\Training\Patient#13\input\IMG-0004-00014.jpg,1.0,1.0,1.0,1.0,1.0,,True,0.0,0.0,False
Patient#13,D:\Research\Multi-View Fusion Network\datasets\AJBDS-2023_extracted\AJBDS-2023\Training\Patient#13\input\IMG-0004-00015.jpg,1.0,1.0,1.0,1.0,1.0,,True,0.0,0.0,False
Patient#13,D:\Research\Multi-View Fusion Network\datasets\AJBDS-2023_extracted\AJBDS-2023\Training\Patient#13\input\IMG-0004-00016.jpg,1.0,1.0,1.0,1.0,1.0,,True,0.0,0.0,False
Patient#13,D:\Research\Multi-View Fusion Network\datasets\AJBDS-2023_extracted\AJBDS-2023\Training\Patient#13\input\IMG-0004-00017.jpg,1.0,1.0,1.0,1.0,1.0,,True,0.0,0.0,False
Patient#13,D:\Research\Multi-View Fusion Network\datasets\AJBDS-2023_extracted\AJBDS-2023\Training\Patient#13\input\IMG-0004-00018.jpg,1.0,1.0,1.0,1.0,1.0,,True,0.0,0.0,False
Patient#13,D:\Research\Multi-View Fusion Network\datasets\AJBDS-2023_extracted\AJBDS-2023\Training\Patient#13\input\IMG-0004-00019.jpg,1.0,1.0,1.0,1.0,1.0,,True,0.0,0.0,False
Patient#13,D:\Research\Multi-View Fusion Network\datasets\AJBDS-2023_extracted\AJBDS-2023\Training\Patient#13\input\IMG-0004-00020.jpg,1.0,1.0,1.0,1.0,1.0,,True,0.0,0.0,False
Patient#13,D:\Research\Multi-View Fusion Network\datasets\AJBDS-2023_extracted\AJBDS-2023\Training\Patient#13\input\IMG-0004-00021.jpg,1.2500000146076218e-08,1.2500000146076218e-08,1.0,0.9984056353569032,1.2500000146076218e-08,,True,80.0,0.0,True
Patient#13,D:\Research\Multi-View Fusion Network\datasets\AJBDS-2023_extracted\AJBDS-2023\Training\Patient#13\input\IMG-0005-00001.jpg,1.0,1.0,1.0,1.0,1.0,,True,0.0,0.0,False
Patient#13,D:\Research\Multi-View Fusion Network\datasets\AJBDS-2023_extracted\AJBDS-2023\Training\Patient#13\input\IMG-0005-00002.jpg,1.0,1.0,1.0,1.0,1.0,,True,0.0,0.0,False
Patient#13,D:\Research\Multi-View Fusion Network\datasets\AJBDS-2023_extracted\AJBDS-2023\Training\Patient#13\input\IMG-0005-00003.jpg,1.0,1.0,1.0,1.0,1.0,,True,0.0,0.0,False
Patient#13,D:\Research\Multi-View Fusion Network\datasets\AJBDS-2023_extracted\AJBDS-2023\Training\Patient#13\input\IMG-0005-00004.jpg,1.0,1.0,1.0,1.0,1.0,,True,0.0,0.0,False
Patient#13,D:\Research\Multi-View Fusion Network\datasets\AJBDS-2023_extracted\AJBDS-2023\Training\Patient#13\input\IMG-0005-00005.jpg,1.0,1.0,1.0,1.0,1.0,,True,0.0,0.0,False
Patient#13,D:\Research\Multi-View Fusion Network\datasets\AJBDS-2023_extracted\AJBDS-2023\Training\Patient#13\input\IMG-0005-00006.jpg,1.0,1.0,1.0,1.0,1.0,,True,0.0,0.0,False
Patient#13,D:\Research\Multi-View Fusion Network\datasets\AJBDS-2023_extracted\AJBDS-2023\Training\Patient#13\input\IMG-0005-00007.jpg,1.0,1.0,1.0,1.0,1.0,,True,0.0,0.0,False
Patient#13,D:\Research\Multi-View Fusion Network\datasets\AJBDS-2023_extracted\AJBDS-2023\Training\Patient#13\input\IMG-0005-00008.jpg,2.617801087012594e-09,2.617801087012594e-09,1.0,0.9923868179321288,2.617801087012594e-09,,True,382.0,0.0,True
Patient#13,D:\Research\Multi-View Fusion Network\datasets\AJBDS-2023_extracted\AJBDS-2023\Training\Patient#13\input\IMG-0005-00011.jpg,1.712328723257883e-09,1.712328723257883e-09,1.0,0.9883609414100648,1.712328723257883e-09,,True,584.0,0.0,True
Patient#13,D:\Research\Multi-View Fusion Network\datasets\AJBDS-2023_extracted\AJBDS-2023\Training\Patient#13\input\IMG-0005-00012.jpg,1.0,1.0,1.0,1.0,1.0,,True,0.0,0.0,False
Patient#13,D:\Research\Multi-View Fusion Network\datasets\AJBDS-2023_extracted\AJBDS-2023\Training\Patient#13\input\IMG-0005-00013.jpg,1.0,1.0,1.0,1.0,1.0,,True,0.0,0.0,False
Patient#13,D:\Research\Multi-View Fusion Network\datasets\AJBDS-2023_extracted\AJBDS-2023\Training\Patient#13\input\IMG-0005-00014.jpg,1.0,1.0,1.0,1.0,1.0,,True,0.0,0.0,False
Patient#13,D:\Research\Multi-View Fusion Network\datasets\AJBDS-2023_extracted\AJBDS-2023\Training\Patient#13\input\IMG-0005-00015.jpg,1.0,1.0,1.0,1.0,1.0,,True,0.0,0.0,False
Patient#13,D:\Research\Multi-View Fusion Network\datasets\AJBDS-2023_extracted\AJBDS-2023\Training\Patient#13\input\IMG-0005-00016.jpg,1.0,1.0,1.0,1.0,1.0,,True,0.0,0.0,False
Patient#13,D:\Research\Multi-View Fusion Network\datasets\AJBDS-2023_extracted\AJBDS-2023\Training\Patient#13\input\IMG-0005-00017.jpg,1.0,1.0,1.0,1.0,1.0,,True,0.0,0.0,False
Patient#13,D:\Research\Multi-View Fusion Network\datasets\AJBDS-2023_extracted\AJBDS-2023\Training\Patient#13\input\IMG-0005-00018.jpg,5.8823523829687474e-08,5.8823523829687474e-08,1.0,0.9996612071990968,5.8823523829687474e-08,,True,17.0,0.0,True
Patient#13,D:\Research\Multi-View Fusion Network\datasets\AJBDS-2023_extracted\AJBDS-2023\Training\Patient#13\input\IMG-0005-00019.jpg,1.0,1.0,1.0,1.0,1.0,,True,0.0,0.0,False
Patient#13,D:\Research\Multi-View Fusion Network\datasets\AJBDS-2023_extracted\AJBDS-2023\Training\Patient#13\input\IMG-0005-00020.jpg,1.0,1.0,1.0,1.0,1.0,,True,0.0,0.0,False
Patient#13,D:\Research\Multi-View Fusion Network\datasets\AJBDS-2023_extracted\AJBDS-2023\Training\Patient#13\input\IMG-0005-00021.jpg,1.0,1.0,1.0,1.0,1.0,,True,0.0,0.0,False
Patient#13,D:\Research\Multi-View Fusion Network\datasets\AJBDS-2023_extracted\AJBDS-2023\Training\Patient#13\input\IMG-0005-00022.jpg,1.0,1.0,1.0,1.0,1.0,,True,0.0,0.0,False
Patient#13,D:\Research\Multi-View Fusion Network\datasets\AJBDS-2023_extracted\AJBDS-2023\Training\Patient#13\input\IMG-0005-00023.jpg,1.0,1.0,1.0,1.0,1.0,,True,0.0,0.0,False
Patient#13,D:\Research\Multi-View Fusion Network\datasets\AJBDS-2023_extracted\AJBDS-2023\Training\Patient#13\input\IMG-0005-00024.jpg,3.448275887052432e-09,3.448275887052432e-09,1.0,0.9942203164100648,3.448275887052432e-09,,True,290.0,0.0,True
Patient#13,D:\Research\Multi-View Fusion Network\datasets\AJBDS-2023_extracted\AJBDS-2023\Training\Patient#13\input\IMG-0005-00025.jpg,1.0,1.0,1.0,1.0,1.0,,True,0.0,0.0,False
Patient#13,D:\Research\Multi-View Fusion Network\datasets\AJBDS-2023_extracted\AJBDS-2023\Training\Patient#13\input\IMG-0006-00001.jpg,1.0,1.0,1.0,1.0,1.0,,True,0.0,0.0,False
Patient#13,D:\Research\Multi-View Fusion Network\datasets\AJBDS-2023_extracted\AJBDS-2023\Training\Patient#13\input\IMG-0006-00002.jpg,1.0,1.0,1.0,1.0,1.0,,True,0.0,0.0,False
Patient#13,D:\Research\Multi-View Fusion Network\datasets\AJBDS-2023_extracted\AJBDS-2023\Training\Patient#13\input\IMG-0006-00003.jpg,1.0,1.0,1.0,1.0,1.0,,True,0.0,0.0,False
Patient#13,D:\Research\Multi-View Fusion Network\datasets\AJBDS-2023_extracted\AJBDS-2023\Training\Patient#13\input\IMG-0006-00004.jpg,1.0,1.0,1.0,1.0,1.0,,True,0.0,0.0,False
Patient#13,D:\Research\Multi-View Fusion Network\datasets\AJBDS-2023_extracted\AJBDS-2023\Training\Patient#13\input\IMG-0006-00005.jpg,1.0,1.0,1.0,1.0,1.0,,True,0.0,0.0,False
Patient#13,D:\Research\Multi-View Fusion Network\datasets\AJBDS-2023_extracted\AJBDS-2023\Training\Patient#13\input\IMG-0006-00006.jpg,1.0,1.0,1.0,1.0,1.0,,True,0.0,0.0,False
Patient#13,D:\Research\Multi-View Fusion Network\datasets\AJBDS-2023_extracted\AJBDS-2023\Training\Patient#13\input\IMG-0006-00007.jpg,1.3333333548359862e-08,1.3333333548359862e-08,1.0,0.9985052347183228,1.3333333548359862e-08,,True,75.0,0.0,True
Patient#13,D:\Research\Multi-View Fusion Network\datasets\AJBDS-2023_extracted\AJBDS-2023\Training\Patient#13\input\IMG-0006-00008.jpg,2.0408164047580613e-08,2.0408164047580613e-08,1.0,0.9990234375,2.0408164047580613e-08,,True,49.0,0.0,True
Patient#13,D:\Research\Multi-View Fusion Network\datasets\AJBDS-2023_extracted\AJBDS-2023\Training\Patient#13\input\IMG-0006-00009.jpg,1.0,1.0,1.0,1.0,1.0,,True,0.0,0.0,False
Patient#13,D:\Research\Multi-View Fusion Network\datasets\AJBDS-2023_extracted\AJBDS-2023\Training\Patient#13\input\IMG-0006-00010.jpg,1.0,1.0,1.0,1.0,1.0,,True,0.0,0.0,False
Patient#13,D:\Research\Multi-View Fusion Network\datasets\AJBDS-2023_extracted\AJBDS-2023\Training\Patient#13\input\IMG-0006-00011.jpg,1.0,1.0,1.0,1.0,1.0,,True,0.0,0.0,False
Patient#13,D:\Research\Multi-View Fusion Network\datasets\AJBDS-2023_extracted\AJBDS-2023\Training\Patient#13\input\IMG-0006-00012.jpg,1.0,1.0,1.0,1.0,1.0,,True,0.0,0.0,False
Patient#13,D:\Research\Multi-View Fusion Network\datasets\AJBDS-2023_extracted\AJBDS-2023\Training\Patient#13\input\IMG-0006-00013.jpg,1.0,1.0,1.0,1.0,1.0,,True,0.0,0.0,False
Patient#13,D:\Research\Multi-View Fusion Network\datasets\AJBDS-2023_extracted\AJBDS-2023\Training\Patient#13\input\IMG-0006-00014.jpg,1.0,1.0,1.0,1.0,1.0,,True,0.0,0.0,False
Patient#13,D:\Research\Multi-View Fusion Network\datasets\AJBDS-2023_extracted\AJBDS-2023\Training\Patient#13\input\IMG-0006-00015.jpg,1.0,1.0,1.0,1.0,1.0,,True,0.0,0.0,False
Patient#13,D:\Research\Multi-View Fusion Network\datasets\AJBDS-2023_extracted\AJBDS-2023\Training\Patient#13\input\IMG-0006-00016.jpg,1.0,1.0,1.0,1.0,1.0,,True,0.0,0.0,False
Patient#13,D:\Research\Multi-View Fusion Network\datasets\AJBDS-2023_extracted\AJBDS-2023\Training\Patient#13\input\IMG-0006-00017.jpg,1.0,1.0,1.0,1.0,1.0,,True,0.0,0.0,False
Patient#13,D:\Research\Multi-View Fusion Network\datasets\AJBDS-2023_extracted\AJBDS-2023\Training\Patient#13\input\IMG-0006-00018.jpg,3.344481580569436e-09,3.344481580569436e-09,1.0,0.9940409660339355,3.344481580569436e-09,,True,299.0,0.0,True
Patient#13,D:\Research\Multi-View Fusion Network\datasets\AJBDS-2023_extracted\AJBDS-2023\Training\Patient#13\input\IMG-0006-00019.jpg,1.5673981001995683e-09,1.5673981001995683e-09,1.0,0.987284779548645,1.5673981001995683e-09,,True,638.0,0.0,True
Patient#13,D:\Research\Multi-View Fusion Network\datasets\AJBDS-2023_extracted\AJBDS-2023\Training\Patient#13\input\IMG-0006-00020.jpg,1.912045854979283e-09,1.912045854979283e-09,1.0,0.9895766973495485,1.912045854979283e-09,,True,523.0,0.0,True
Patient#13,D:\Research\Multi-View Fusion Network\datasets\AJBDS-2023_extracted\AJBDS-2023\Training\Patient#13\input\IMG-0006-00021.jpg,1.6393443047491022e-08,1.6393443047491022e-08,1.0,0.9987843036651612,1.6393443047491022e-08,,True,61.0,0.0,True
Patient#13,D:\Research\Multi-View Fusion Network\datasets\AJBDS-2023_extracted\AJBDS-2023\Training\Patient#13\input\IMG-0006-00022.jpg,4.78468908937657e-09,4.78468908937657e-09,1.0,0.9958346486091614,4.78468908937657e-09,,True,209.0,0.0,True
Patient#13,D:\Research\Multi-View Fusion Network\datasets\AJBDS-2023_extracted\AJBDS-2023\Training\Patient#13\input\IMG-0006-00023.jpg,1.9880714852149595e-09,1.9880714852149595e-09,1.0,0.9899752736091614,1.9880714852149595e-09,,True,503.0,0.0,True
Patient#13,D:\Research\Multi-View Fusion Network\datasets\AJBDS-2023_extracted\AJBDS-2023\Training\Patient#13\input\IMG-0006-00034.jpg,1.0,1.0,1.0,1.0,1.0,,True,0.0,0.0,False
Patient#13,D:\Research\Multi-View Fusion Network\datasets\AJBDS-2023_extracted\AJBDS-2023\Training\Patient#13\input\IMG-0006-00035.jpg,1.0,1.0,1.0,1.0,1.0,,True,0.0,0.0,False
Patient#13,D:\Research\Multi-View Fusion Network\datasets\AJBDS-2023_extracted\AJBDS-2023\Training\Patient#13\input\IMG-0006-00036.jpg,1.0,1.0,1.0,1.0,1.0,,True,0.0,0.0,False
Patient#13,D:\Research\Multi-View Fusion Network\datasets\AJBDS-2023_extracted\AJBDS-2023\Training\Patient#13\input\IMG-0007-00001.jpg,1.0,1.0,1.0,1.0,1.0,,True,0.0,0.0,False
Patient#13,D:\Research\Multi-View Fusion Network\datasets\AJBDS-2023_extracted\AJBDS-2023\Training\Patient#13\input\IMG-0007-00002.jpg,1.0,1.0,1.0,1.0,1.0,,True,0.0,0.0,False
Patient#13,D:\Research\Multi-View Fusion Network\datasets\AJBDS-2023_extracted\AJBDS-2023\Training\Patient#13\input\IMG-0007-00003.jpg,2.5641025303002607e-08,2.5641025303002607e-08,1.0,0.9992227554321288,2.5641025303002607e-08,,True,39.0,0.0,True
Patient#13,D:\Research\Multi-View Fusion Network\datasets\AJBDS-2023_extracted\AJBDS-2023\Training\Patient#13\input\IMG-0007-00004.jpg,5.14403297735555e-10,5.14403297735555e-10,1.0,0.9612563848495485,5.14403297735555e-10,,True,1944.0,0.0,True
Patient#13,D:\Research\Multi-View Fusion Network\datasets\AJBDS-2023_extracted\AJBDS-2023\Training\Patient#13\input\IMG-0007-00005.jpg,5.988023965564081e-10,5.988023965564081e-10,1.0,0.9667171835899352,5.988023965564081e-10,,True,1670.0,0.0,True
Patient#13,D:\Research\Multi-View Fusion Network\datasets\AJBDS-2023_extracted\AJBDS-2023\Training\Patient#13\input\IMG-0007-00006.jpg,2.4390244490746227e-08,2.4390244490746227e-08,1.0,0.9991828799247742,2.4390244490746227e-08,,True,41.0,0.0,True
Patient#13,D:\Research\Multi-View Fusion Network\datasets\AJBDS-2023_extracted\AJBDS-2023\Training\Patient#13\input\IMG-0007-00007.jpg,1.0,1.0,1.0,1.0,1.0,,True,0.0,0.0,False
Patient#13,D:\Research\Multi-View Fusion Network\datasets\AJBDS-2023_extracted\AJBDS-2023\Training\Patient#13\input\IMG-0007-00008.jpg,1.0,1.0,1.0,1.0,1.0,,True,0.0,0.0,False
Patient#13,D:\Research\Multi-View Fusion Network\datasets\AJBDS-2023_extracted\AJBDS-2023\Training\Patient#13\input\IMG-0007-00009.jpg,1.0,1.0,1.0,1.0,1.0,,True,0.0,0.0,False
Patient#13,D:\Research\Multi-View Fusion Network\datasets\AJBDS-2023_extracted\AJBDS-2023\Training\Patient#13\input\IMG-0007-00010.jpg,1.0,1.0,1.0,1.0,1.0,,True,0.0,0.0,False
Patient#13,D:\Research\Multi-View Fusion Network\datasets\AJBDS-2023_extracted\AJBDS-2023\Training\Patient#13\input\IMG-0007-00011.jpg,1.0,1.0,1.0,1.0,1.0,,True,0.0,0.0,False
Patient#13,D:\Research\Multi-View Fusion Network\datasets\AJBDS-2023_extracted\AJBDS-2023\Training\Patient#13\input\IMG-0007-00012.jpg,1.0,1.0,1.0,1.0,1.0,,True,0.0,0.0,False
Patient#13,D:\Research\Multi-View Fusion Network\datasets\AJBDS-2023_extracted\AJBDS-2023\Training\Patient#13\input\IMG-0007-00013.jpg,1.0,1.0,1.0,1.0,1.0,,True,0.0,0.0,False
Patient#13,D:\Research\Multi-View Fusion Network\datasets\AJBDS-2023_extracted\AJBDS-2023\Training\Patient#13\input\IMG-0007-00014.jpg,1.0,1.0,1.0,1.0,1.0,,True,0.0,0.0,False
Patient#13,D:\Research\Multi-View Fusion Network\datasets\AJBDS-2023_extracted\AJBDS-2023\Training\Patient#13\input\IMG-0007-00015.jpg,1.0,1.0,1.0,1.0,1.0,,True,0.0,0.0,False
Patient#13,D:\Research\Multi-View Fusion Network\datasets\AJBDS-2023_extracted\AJBDS-2023\Training\Patient#13\input\IMG-0007-00016.jpg,1.0,1.0,1.0,1.0,1.0,,True,0.0,0.0,False
Patient#13,D:\Research\Multi-View Fusion Network\datasets\AJBDS-2023_extracted\AJBDS-2023\Training\Patient#13\input\IMG-0007-00017.jpg,1.0,1.0,1.0,1.0,1.0,,True,0.0,0.0,False
Patient#13,D:\Research\Multi-View Fusion Network\datasets\AJBDS-2023_extracted\AJBDS-2023\Training\Patient#13\input\IMG-0007-00018.jpg,1.0,1.0,1.0,1.0,1.0,,True,0.0,0.0,False
Patient#13,D:\Research\Multi-View Fusion Network\datasets\AJBDS-2023_extracted\AJBDS-2023\Training\Patient#13\input\IMG-0007-00019.jpg,1.0,1.0,1.0,1.0,1.0,,True,0.0,0.0,False
Patient#13,D:\Research\Multi-View Fusion Network\datasets\AJBDS-2023_extracted\AJBDS-2023\Training\Patient#13\input\IMG-0007-00020.jpg,1.0,1.0,1.0,1.0,1.0,,True,0.0,0.0,False
Patient#13,D:\Research\Multi-View Fusion Network\datasets\AJBDS-2023_extracted\AJBDS-2023\Training\Patient#13\input\IMG-0007-00021.jpg,1.0,1.0,1.0,1.0,1.0,,True,0.0,0.0,False
Patient#13,D:\Research\Multi-View Fusion Network\datasets\AJBDS-2023_extracted\AJBDS-2023\Training\Patient#13\input\IMG-0007-00022.jpg,1.0,1.0,1.0,1.0,1.0,,True,0.0,0.0,False
Patient#13,D:\Research\Multi-View Fusion Network\datasets\AJBDS-2023_extracted\AJBDS-2023\Training\Patient#13\input\IMG-0007-00023.jpg,1.0,1.0,1.0,1.0,1.0,,True,0.0,0.0,False
Patient#13,D:\Research\Multi-View Fusion Network\datasets\AJBDS-2023_extracted\AJBDS-2023\Training\Patient#13\input\IMG-0007-00031.jpg,1.0,1.0,1.0,1.0,1.0,,True,0.0,0.0,False
Patient#13,D:\Research\Multi-View Fusion Network\datasets\AJBDS-2023_extracted\AJBDS-2023\Training\Patient#13\input\IMG-0007-00032.jpg,1.0,1.0,1.0,1.0,1.0,,True,0.0,0.0,False
Patient#13,D:\Research\Multi-View Fusion Network\datasets\AJBDS-2023_extracted\AJBDS-2023\Training\Patient#13\input\IMG-0007-00033.jpg,1.0,1.0,1.0,1.0,1.0,,True,0.0,0.0,False
Patient#13,D:\Research\Multi-View Fusion Network\datasets\AJBDS-2023_extracted\AJBDS-2023\Training\Patient#13\input\IMG-0007-00034.jpg,1.0,1.0,1.0,1.0,1.0,,True,0.0,0.0,False
Patient#13,D:\Research\Multi-View Fusion Network\datasets\AJBDS-2023_extracted\AJBDS-2023\Training\Patient#13\input\IMG-0007-00035.jpg,1.0,1.0,1.0,1.0,1.0,,True,0.0,0.0,False
Patient#13,D:\Research\Multi-View Fusion Network\datasets\AJBDS-2023_extracted\AJBDS-2023\Training\Patient#13\input\IMG-0007-00036.jpg,1.0,1.0,1.0,1.0,1.0,,True,0.0,0.0,False
Patient#13,D:\Research\Multi-View Fusion Network\datasets\AJBDS-2023_extracted\AJBDS-2023\Training\Patient#13\input\IMG-0007-00037.jpg,1.0,1.0,1.0,1.0,1.0,,True,0.0,0.0,False
Patient#13,D:\Research\Multi-View Fusion Network\datasets\AJBDS-2023_extracted\AJBDS-2023\Training\Patient#13\input\IMG-0007-00038.jpg,1.0,1.0,1.0,1.0,1.0,,True,0.0,0.0,False
Patient#13,D:\Research\Multi-View Fusion Network\datasets\AJBDS-2023_extracted\AJBDS-2023\Training\Patient#13\input\IMG-0007-00039.jpg,1.0,1.0,1.0,1.0,1.0,,True,0.0,0.0,False
Patient#13,D:\Research\Multi-View Fusion Network\datasets\AJBDS-2023_extracted\AJBDS-2023\Training\Patient#13\input\IMG-0007-00040.jpg,1.0,1.0,1.0,1.0,1.0,,True,0.0,0.0,False
Patient#13,D:\Research\Multi-View Fusion Network\datasets\AJBDS-2023_extracted\AJBDS-2023\Training\Patient#13\input\IMG-0008-00001.jpg,1.0,1.0,1.0,1.0,1.0,,True,0.0,0.0,False
Patient#13,D:\Research\Multi-View Fusion Network\datasets\AJBDS-2023_extracted\AJBDS-2023\Training\Patient#13\input\IMG-0008-00002.jpg,1.0,1.0,1.0,1.0,1.0,,True,0.0,0.0,False
Patient#13,D:\Research\Multi-View Fusion Network\datasets\AJBDS-2023_extracted\AJBDS-2023\Training\Patient#13\input\IMG-0008-00003.jpg,1.0,1.0,1.0,1.0,1.0,,True,0.0,0.0,False
Patient#13,D:\Research\Multi-View Fusion Network\datasets\AJBDS-2023_extracted\AJBDS-2023\Training\Patient#13\input\IMG-0008-00004.jpg,1.0,1.0,1.0,1.0,1.0,,True,0.0,0.0,False
Patient#13,D:\Research\Multi-View Fusion Network\datasets\AJBDS-2023_extracted\AJBDS-2023\Training\Patient#13\input\IMG-0008-00005.jpg,1.0,1.0,1.0,1.0,1.0,,True,0.0,0.0,False
Patient#13,D:\Research\Multi-View Fusion Network\datasets\AJBDS-2023_extracted\AJBDS-2023\Training\Patient#13\input\IMG-0008-00006.jpg,1.0,1.0,1.0,1.0,1.0,,True,0.0,0.0,False
Patient#13,D:\Research\Multi-View Fusion Network\datasets\AJBDS-2023_extracted\AJBDS-2023\Training\Patient#13\input\IMG-0008-00007.jpg,5.263157909496385e-09,5.263157909496385e-09,1.0,0.9962133169174194,5.263157909496385e-09,,True,190.0,0.0,True
Patient#13,D:\Research\Multi-View Fusion Network\datasets\AJBDS-2023_extracted\AJBDS-2023\Training\Patient#13\input\IMG-0008-00008.jpg,3.1249999921101335e-08,3.1249999921101335e-08,1.0,0.9993622303009032,3.1249999921101335e-08,,True,32.0,0.0,True
Patient#13,D:\Research\Multi-View Fusion Network\datasets\AJBDS-2023_extracted\AJBDS-2023\Training\Patient#13\input\IMG-0008-00009.jpg,5.208333320183556e-09,5.208333320183556e-09,1.0,0.9961734414100648,5.208333320183556e-09,,True,192.0,0.0,True
Patient#13,D:\Research\Multi-View Fusion Network\datasets\AJBDS-2023_extracted\AJBDS-2023\Training\Patient#13\input\IMG-0008-00010.jpg,2.3419204353558602e-09,2.3419204353558602e-09,1.0,0.9914899468421936,2.3419204353558602e-09,,True,427.0,0.0,True
Patient#13,D:\Research\Multi-View Fusion Network\datasets\AJBDS-2023_extracted\AJBDS-2023\Training\Patient#13\input\IMG-0008-00011.jpg,1.3661202169501507e-09,1.3661202169501507e-09,1.0,0.9854113459587096,1.3661202169501507e-09,,True,732.0,0.0,True
Patient#13,D:\Research\Multi-View Fusion Network\datasets\AJBDS-2023_extracted\AJBDS-2023\Training\Patient#13\input\IMG-0008-00012.jpg,8.417508357005942e-10,8.417508357005942e-10,1.0,0.9763233661651612,8.417508357005942e-10,,True,1188.0,0.0,True
Patient#13,D:\Research\Multi-View Fusion Network\datasets\AJBDS-2023_extracted\AJBDS-2023\Training\Patient#13\input\IMG-0008-00013.jpg,1.1441647629339966e-09,1.1441647629339966e-09,1.0,0.9825813174247742,1.1441647629339966e-09,,True,874.0,0.0,True
Patient#13,D:\Research\Multi-View Fusion Network\datasets\AJBDS-2023_extracted\AJBDS-2023\Training\Patient#13\input\IMG-0008-00014.jpg,9.025270530926831e-10,9.025270530926831e-10,1.0,0.977917730808258,9.025270530926831e-10,,True,1108.0,0.0,True
Patient#13,D:\Research\Multi-View Fusion Network\datasets\AJBDS-2023_extracted\AJBDS-2023\Training\Patient#13\input\IMG-0008-00020.jpg,1.0,1.0,1.0,1.0,1.0,,True,0.0,0.0,False
Patient#13,D:\Research\Multi-View Fusion Network\datasets\AJBDS-2023_extracted\AJBDS-2023\Training\Patient#13\input\IMG-0008-00021.jpg,1.9607842460800384e-08,1.9607842460800384e-08,1.0,0.9989835619926452,1.9607842460800384e-08,,True,51.0,0.0,True
Patient#13,D:\Research\Multi-View Fusion Network\datasets\AJBDS-2023_extracted\AJBDS-2023\Training\Patient#13\input\IMG-0008-00022.jpg,1.0,1.0,1.0,1.0,1.0,,True,0.0,0.0,False
Patient#13,D:\Research\Multi-View Fusion Network\datasets\AJBDS-2023_extracted\AJBDS-2023\Training\Patient#13\input\IMG-0009-00001.jpg,1.0,1.0,1.0,1.0,1.0,,True,0.0,0.0,False
Patient#13,D:\Research\Multi-View Fusion Network\datasets\AJBDS-2023_extracted\AJBDS-2023\Training\Patient#13\input\IMG-0009-00002.jpg,1.0,1.0,1.0,1.0,1.0,,True,0.0,0.0,False
Patient#13,D:\Research\Multi-View Fusion Network\datasets\AJBDS-2023_extracted\AJBDS-2023\Training\Patient#13\input\IMG-0009-00003.jpg,1.2437810781307235e-09,1.2437810781307235e-09,1.0,0.983976423740387,1.2437810781307235e-09,,True,804.0,0.0,True
Patient#13,D:\Research\Multi-View Fusion Network\datasets\AJBDS-2023_extracted\AJBDS-2023\Training\Patient#13\input\IMG-0009-00004.jpg,1.0,1.0,1.0,1.0,1.0,,True,0.0,0.0,False
Patient#13,D:\Research\Multi-View Fusion Network\datasets\AJBDS-2023_extracted\AJBDS-2023\Training\Patient#13\input\IMG-0009-00005.jpg,1.0,1.0,1.0,1.0,1.0,,True,0.0,0.0,False
Patient#13,D:\Research\Multi-View Fusion Network\datasets\AJBDS-2023_extracted\AJBDS-2023\Training\Patient#13\input\IMG-0009-00006.jpg,2.967359025163318e-09,2.967359025163318e-09,1.0,0.9932836294174194,2.967359025163318e-09,,True,337.0,0.0,True
Patient#13,D:\Research\Multi-View Fusion Network\datasets\AJBDS-2023_extracted\AJBDS-2023\Training\Patient#13\input\IMG-0009-00007.jpg,1.0,1.0,1.0,1.0,1.0,,True,0.0,0.0,False
Patient#13,D:\Research\Multi-View Fusion Network\datasets\AJBDS-2023_extracted\AJBDS-2023\Training\Patient#13\input\IMG-0009-00008.jpg,1.0,1.0,1.0,1.0,1.0,,True,0.0,0.0,False
Patient#13,D:\Research\Multi-View Fusion Network\datasets\AJBDS-2023_extracted\AJBDS-2023\Training\Patient#13\input\IMG-0009-00009.jpg,1.4556040817126359e-09,1.4556040817126359e-09,1.0,0.986308217048645,1.4556040817126359e-09,,True,687.0,0.0,True
Patient#13,D:\Research\Multi-View Fusion Network\datasets\AJBDS-2023_extracted\AJBDS-2023\Training\Patient#13\input\IMG-0009-00010.jpg,2.409638488742871e-09,2.409638488742871e-09,1.0,0.9917291402816772,2.409638488742871e-09,,True,415.0,0.0,True
Patient#13,D:\Research\Multi-View Fusion Network\datasets\AJBDS-2023_extracted\AJBDS-2023\Training\Patient#13\input\IMG-0009-00011.jpg,1.5384615803526456e-09,1.5384615803526456e-09,1.0,0.9870455861091614,1.5384615803526456e-09,,True,650.0,0.0,True
Patient#13,D:\Research\Multi-View Fusion Network\datasets\AJBDS-2023_extracted\AJBDS-2023\Training\Patient#13\input\IMG-0009-00012.jpg,3.0120481664397403e-09,3.0120481664397403e-09,1.0,0.993383288383484,3.0120481664397403e-09,,True,332.0,0.0,True
Patient#13,D:\Research\Multi-View Fusion Network\datasets\AJBDS-2023_extracted\AJBDS-2023\Training\Patient#13\input\IMG-0009-00013.jpg,4.6728971803133845e-09,4.6728971803133845e-09,1.0,0.9957349896430968,4.6728971803133845e-09,,True,214.0,0.0,True
Patient#13,D:\Research\Multi-View Fusion Network\datasets\AJBDS-2023_extracted\AJBDS-2023\Training\Patient#13\input\IMG-0009-00020.jpg,9.090908292819223e-08,9.090908292819223e-08,1.0,0.999780774116516,9.090908292819223e-08,,True,11.0,0.0,True
Patient#13,D:\Research\Multi-View Fusion Network\datasets\AJBDS-2023_extracted\AJBDS-2023\Training\Patient#13\input\IMG-0009-00021.jpg,3.7037032996067865e-08,3.7037032996067865e-08,1.0,0.9994618892669678,3.7037032996067865e-08,,True,27.0,0.0,True
Patient#13,D:\Research\Multi-View Fusion Network\datasets\AJBDS-2023_extracted\AJBDS-2023\Training\Patient#13\input\IMG-0009-00022.jpg,2.0618555751639182e-09,2.0618555751639182e-09,1.0,0.9903340339660645,2.0618555751639182e-09,,True,485.0,0.0,True
Patient#14,D:\Research\Multi-View Fusion Network\datasets\AJBDS-2023_extracted\AJBDS-2023\Training\Patient#14\input\IMG-0001-00001.jpg,1.0,1.0,1.0,1.0,1.0,,True,0.0,0.0,False
Patient#14,D:\Research\Multi-View Fusion Network\datasets\AJBDS-2023_extracted\AJBDS-2023\Training\Patient#14\input\IMG-0001-00002.jpg,1.0,1.0,1.0,1.0,1.0,,True,0.0,0.0,False
Patient#14,D:\Research\Multi-View Fusion Network\datasets\AJBDS-2023_extracted\AJBDS-2023\Training\Patient#14\input\IMG-0001-00003.jpg,1.0,1.0,1.0,1.0,1.0,,True,0.0,0.0,False
Patient#14,D:\Research\Multi-View Fusion Network\datasets\AJBDS-2023_extracted\AJBDS-2023\Training\Patient#14\input\IMG-0001-00004.jpg,1.0,1.0,1.0,1.0,1.0,,True,0.0,0.0,False
Patient#14,D:\Research\Multi-View Fusion Network\datasets\AJBDS-2023_extracted\AJBDS-2023\Training\Patient#14\input\IMG-0001-00005.jpg,1.0,1.0,1.0,1.0,1.0,,True,0.0,0.0,False
Patient#14,D:\Research\Multi-View Fusion Network\datasets\AJBDS-2023_extracted\AJBDS-2023\Training\Patient#14\input\IMG-0001-00006.jpg,1.0,1.0,1.0,1.0,1.0,,True,0.0,0.0,False
Patient#14,D:\Research\Multi-View Fusion Network\datasets\AJBDS-2023_extracted\AJBDS-2023\Training\Patient#14\input\IMG-0001-00007.jpg,1.0,1.0,1.0,1.0,1.0,,True,0.0,0.0,False
Patient#14,D:\Research\Multi-View Fusion Network\datasets\AJBDS-2023_extracted\AJBDS-2023\Training\Patient#14\input\IMG-0001-00008.jpg,1.0,1.0,1.0,1.0,1.0,,True,0.0,0.0,False
Patient#14,D:\Research\Multi-View Fusion Network\datasets\AJBDS-2023_extracted\AJBDS-2023\Training\Patient#14\input\IMG-0001-00009.jpg,1.0416666640367112e-08,1.0416666640367112e-08,1.0,0.9980867505073548,1.0416666640367112e-08,,True,96.0,0.0,True
Patient#14,D:\Research\Multi-View Fusion Network\datasets\AJBDS-2023_extracted\AJBDS-2023\Training\Patient#14\input\IMG-0001-00015.jpg,1.0,1.0,1.0,1.0,1.0,,True,0.0,0.0,False
Patient#14,D:\Research\Multi-View Fusion Network\datasets\AJBDS-2023_extracted\AJBDS-2023\Training\Patient#14\input\IMG-0001-00016.jpg,1.0,1.0,1.0,1.0,1.0,,True,0.0,0.0,False
Patient#14,D:\Research\Multi-View Fusion Network\datasets\AJBDS-2023_extracted\AJBDS-2023\Training\Patient#14\input\IMG-0001-00017.jpg,1.0,1.0,1.0,1.0,1.0,,True,0.0,0.0,False
Patient#14,D:\Research\Multi-View Fusion Network\datasets\AJBDS-2023_extracted\AJBDS-2023\Training\Patient#14\input\IMG-0001-00018.jpg,1.0,1.0,1.0,1.0,1.0,,True,0.0,0.0,False
Patient#14,D:\Research\Multi-View Fusion Network\datasets\AJBDS-2023_extracted\AJBDS-2023\Training\Patient#14\input\IMG-0001-00019.jpg,1.0,1.0,1.0,1.0,1.0,,True,0.0,0.0,False
Patient#14,D:\Research\Multi-View Fusion Network\datasets\AJBDS-2023_extracted\AJBDS-2023\Training\Patient#14\input\IMG-0001-00020.jpg,2.5641025303002607e-08,2.5641025303002607e-08,1.0,0.9992227554321288,2.5641025303002607e-08,,True,39.0,0.0,True
Patient#14,D:\Research\Multi-View Fusion Network\datasets\AJBDS-2023_extracted\AJBDS-2023\Training\Patient#14\input\IMG-0002-00001.jpg,1.0,1.0,1.0,1.0,1.0,,True,0.0,0.0,False
Patient#14,D:\Research\Multi-View Fusion Network\datasets\AJBDS-2023_extracted\AJBDS-2023\Training\Patient#14\input\IMG-0002-00002.jpg,1.0,1.0,1.0,1.0,1.0,,True,0.0,0.0,False
Patient#14,D:\Research\Multi-View Fusion Network\datasets\AJBDS-2023_extracted\AJBDS-2023\Training\Patient#14\input\IMG-0002-00003.jpg,1.0101010028407131e-09,1.0101010028407131e-09,1.0,0.9802694320678712,1.0101010028407131e-09,,True,990.0,0.0,True
Patient#14,D:\Research\Multi-View Fusion Network\datasets\AJBDS-2023_extracted\AJBDS-2023\Training\Patient#14\input\IMG-0002-00004.jpg,1.0,1.0,1.0,1.0,1.0,,True,0.0,0.0,False
Patient#14,D:\Research\Multi-View Fusion Network\datasets\AJBDS-2023_extracted\AJBDS-2023\Training\Patient#14\input\IMG-0002-00005.jpg,1.0,1.0,1.0,1.0,1.0,,True,0.0,0.0,False
Patient#14,D:\Research\Multi-View Fusion Network\datasets\AJBDS-2023_extracted\AJBDS-2023\Training\Patient#14\input\IMG-0002-00006.jpg,3.571428308646318e-08,3.571428308646318e-08,1.0,0.9994419813156128,3.571428308646318e-08,,True,28.0,0.0,True
Patient#14,D:\Research\Multi-View Fusion Network\datasets\AJBDS-2023_extracted\AJBDS-2023\Training\Patient#14\input\IMG-0002-00007.jpg,8.68055571867643e-10,8.68055571867643e-10,1.0,0.9770408272743224,8.68055571867643e-10,,True,1152.0,0.0,True
Patient#14,D:\Research\Multi-View Fusion Network\datasets\AJBDS-2023_extracted\AJBDS-2023\Training\Patient#14\input\IMG-0002-00008.jpg,4.1254125116019225e-10,4.1254125116019225e-10,1.0,0.9516900777816772,4.1254125116019225e-10,,True,2424.0,0.0,True
Patient#14,D:\Research\Multi-View Fusion Network\datasets\AJBDS-2023_extracted\AJBDS-2023\Training\Patient#14\input\IMG-0002-00009.jpg,5.307855821534702e-10,5.307855821534702e-10,1.0,0.9624521732330322,5.307855821534702e-10,,True,1884.0,0.0,True
Patient#14,D:\Research\Multi-View Fusion Network\datasets\AJBDS-2023_extracted\AJBDS-2023\Training\Patient#14\input\IMG-0002-00015.jpg,1.4619883081934402e-09,1.4619883081934402e-09,1.0,0.9863680005073548,1.4619883081934402e-09,,True,684.0,0.0,True
Patient#14,D:\Research\Multi-View Fusion Network\datasets\AJBDS-2023_extracted\AJBDS-2023\Training\Patient#14\input\IMG-0002-00016.jpg,1.2499998547355062e-07,1.2499998547355062e-07,1.0,0.9998405575752258,1.2499998547355062e-07,,True,8.0,0.0,True
Patient#14,D:\Research\Multi-View Fusion Network\datasets\AJBDS-2023_extracted\AJBDS-2023\Training\Patient#14\input\IMG-0002-00017.jpg,1.2658228243367375e-08,1.2658228243367375e-08,1.0,0.998425543308258,1.2658228243367375e-08,,True,79.0,0.0,True
Patient#14,D:\Research\Multi-View Fusion Network\datasets\AJBDS-2023_extracted\AJBDS-2023\Training\Patient#14\input\IMG-0002-00018.jpg,1.0,1.0,1.0,1.0,1.0,,True,0.0,0.0,False
Patient#14,D:\Research\Multi-View Fusion Network\datasets\AJBDS-2023_extracted\AJBDS-2023\Training\Patient#14\input\IMG-0002-00019.jpg,2.8409090635506118e-09,2.8409090635506118e-09,1.0,0.9929847121238708,2.8409090635506118e-09,,True,352.0,0.0,True
Patient#14,D:\Research\Multi-View Fusion Network\datasets\AJBDS-2023_extracted\AJBDS-2023\Training\Patient#14\input\IMG-0002-00020.jpg,6.666666507726404e-08,6.666666507726404e-08,1.0,0.9997010231018066,6.666666507726404e-08,,True,15.0,0.0,True
Patient#14,D:\Research\Multi-View Fusion Network\datasets\AJBDS-2023_extracted\AJBDS-2023\Training\Patient#14\input\IMG-0003-00001.jpg,1.0,1.0,1.0,1.0,1.0,,True,0.0,0.0,False
Patient#14,D:\Research\Multi-View Fusion Network\datasets\AJBDS-2023_extracted\AJBDS-2023\Training\Patient#14\input\IMG-0003-00002.jpg,1.0,1.0,1.0,1.0,1.0,,True,0.0,0.0,False
Patient#14,D:\Research\Multi-View Fusion Network\datasets\AJBDS-2023_extracted\AJBDS-2023\Training\Patient#14\input\IMG-0003-00003.jpg,3.246753310648387e-09,3.246753310648387e-09,1.0,0.9938616156578064,3.246753310648387e-09,,True,308.0,0.0,True
Patient#14,D:\Research\Multi-View Fusion Network\datasets\AJBDS-2023_extracted\AJBDS-2023\Training\Patient#14\input\IMG-0003-00009.jpg,1.0615711643069403e-09,1.0615711643069403e-09,1.0,0.981226086616516,1.0615711643069403e-09,,True,942.0,0.0,True
Patient#14,D:\Research\Multi-View Fusion Network\datasets\AJBDS-2023_extracted\AJBDS-2023\Training\Patient#14\input\IMG-0003-00010.jpg,7.002801116762213e-10,7.002801116762213e-10,1.0,0.9715401530265808,7.002801116762213e-10,,True,1428.0,0.0,True
Patient#14,D:\Research\Multi-View Fusion Network\datasets\AJBDS-2023_extracted\AJBDS-2023\Training\Patient#14\input\IMG-0003-00011.jpg,6.544502717531485e-10,6.544502717531485e-10,1.0,0.9695472121238708,6.544502717531485e-10,,True,1528.0,0.0,True
Patient#14,D:\Research\Multi-View Fusion Network\datasets\AJBDS-2023_extracted\AJBDS-2023\Training\Patient#14\input\IMG-0003-00012.jpg,4.5126352654634156e-10,4.5126352654634156e-10,1.0,0.955835461616516,4.5126352654634156e-10,,True,2216.0,0.0,True
Patient#14,D:\Research\Multi-View Fusion Network\datasets\AJBDS-2023_extracted\AJBDS-2023\Training\Patient#14\input\IMG-0003-00013.jpg,2.891008821226393e-10,2.891008821226393e-10,1.0,0.931062638759613,2.891008821226393e-10,,True,3459.0,0.0,True
Patient#14,D:\Research\Multi-View Fusion Network\datasets\AJBDS-2023_extracted\AJBDS-2023\Training\Patient#14\input\IMG-0003-00014.jpg,1.5151515597722213e-08,1.5151515597722213e-08,1.0,0.9986846446990968,1.5151515597722213e-08,,True,66.0,0.0,True
Patient#14,D:\Research\Multi-View Fusion Network\datasets\AJBDS-2023_extracted\AJBDS-2023\Training\Patient#14\input\IMG-0003-00015.jpg,2.3640662760726627e-09,2.3640662760726627e-09,1.0,0.9915696978569032,2.3640662760726627e-09,,True,423.0,0.0,True
Patient#14,D:\Research\Multi-View Fusion Network\datasets\AJBDS-2023_extracted\AJBDS-2023\Training\Patient#14\input\IMG-0003-00016.jpg,2.7624309506535383e-09,2.7624309506535383e-09,1.0,0.992785394191742,2.7624309506535383e-09,,True,362.0,0.0,True
Patient#14,D:\Research\Multi-View Fusion Network\datasets\AJBDS-2023_extracted\AJBDS-2023\Training\Patient#14\input\IMG-0003-00017.jpg,3.546099192064389e-09,3.546099192064389e-09,1.0,0.9943797588348388,3.546099192064389e-09,,True,282.0,0.0,True
Patient#14,D:\Research\Multi-View Fusion Network\datasets\AJBDS-2023_extracted\AJBDS-2023\Training\Patient#14\input\IMG-0003-00018.jpg,1.3513513863472326e-08,1.3513513863472326e-08,1.0,0.9985252022743224,1.3513513863472326e-08,,True,74.0,0.0,True
Patient#14,D:\Research\Multi-View Fusion Network\datasets\AJBDS-2023_extracted\AJBDS-2023\Training\Patient#14\input\IMG-0003-00019.jpg,1.0,1.0,1.0,1.0,1.0,,True,0.0,0.0,False
Patient#14,D:\Research\Multi-View Fusion Network\datasets\AJBDS-2023_extracted\AJBDS-2023\Training\Patient#14\input\IMG-0003-00020.jpg,1.0,1.0,1.0,1.0,1.0,,True,0.0,0.0,False
Patient#14,D:\Research\Multi-View Fusion Network\datasets\AJBDS-2023_extracted\AJBDS-2023\Training\Patient#14\input\IMG-0004-00001.jpg,1.0,1.0,1.0,1.0,1.0,,True,0.0,0.0,False
Patient#14,D:\Research\Multi-View Fusion Network\datasets\AJBDS-2023_extracted\AJBDS-2023\Training\Patient#14\input\IMG-0004-00002.jpg,1.0,1.0,1.0,1.0,1.0,,True,0.0,0.0,False
Patient#14,D:\Research\Multi-View Fusion Network\datasets\AJBDS-2023_extracted\AJBDS-2023\Training\Patient#14\input\IMG-0004-00003.jpg,1.0,1.0,1.0,1.0,1.0,,True,0.0,0.0,False
Patient#14,D:\Research\Multi-View Fusion Network\datasets\AJBDS-2023_extracted\AJBDS-2023\Training\Patient#14\input\IMG-0004-00004.jpg,2.13675210858355e-09,2.13675210858355e-09,1.0,0.9906728267669678,2.13675210858355e-09,,True,468.0,0.0,True
Patient#14,D:\Research\Multi-View Fusion Network\datasets\AJBDS-2023_extracted\AJBDS-2023\Training\Patient#14\input\IMG-0004-00005.jpg,1.0,1.0,1.0,1.0,1.0,,True,0.0,0.0,False
Patient#14,D:\Research\Multi-View Fusion Network\datasets\AJBDS-2023_extracted\AJBDS-2023\Training\Patient#14\input\IMG-0004-00006.jpg,1.0,1.0,1.0,1.0,1.0,,True,0.0,0.0,False
Patient#14,D:\Research\Multi-View Fusion Network\datasets\AJBDS-2023_extracted\AJBDS-2023\Training\Patient#14\input\IMG-0004-00007.jpg,1.0,1.0,1.0,1.0,1.0,,True,0.0,0.0,False
Patient#14,D:\Research\Multi-View Fusion Network\datasets\AJBDS-2023_extracted\AJBDS-2023\Training\Patient#14\input\IMG-0004-00008.jpg,1.0,1.0,1.0,1.0,1.0,,True,0.0,0.0,False
Patient#14,D:\Research\Multi-View Fusion Network\datasets\AJBDS-2023_extracted\AJBDS-2023\Training\Patient#14\input\IMG-0004-00009.jpg,2.481389538289136e-09,2.481389538289136e-09,1.0,0.991968274116516,2.481389538289136e-09,,True,403.0,0.0,True
Patient#14,D:\Research\Multi-View Fusion Network\datasets\AJBDS-2023_extracted\AJBDS-2023\Training\Patient#14\input\IMG-0004-00010.jpg,8.59845250555935e-10,8.59845250555935e-10,1.0,0.9768216013908386,8.59845250555935e-10,,True,1163.0,0.0,True
Patient#14,D:\Research\Multi-View Fusion Network\datasets\AJBDS-2023_extracted\AJBDS-2023\Training\Patient#14\input\IMG-0004-00011.jpg,7.132667789733205e-10,7.132667789733205e-10,1.0,0.972058355808258,7.132667789733205e-10,,True,1402.0,0.0,True
Patient#14,D:\Research\Multi-View Fusion Network\datasets\AJBDS-2023_extracted\AJBDS-2023\Training\Patient#14\input\IMG-0004-00012.jpg,5.205622044535119e-10,5.205622044535119e-10,1.0,0.9617147445678712,5.205622044535119e-10,,True,1921.0,0.0,True
Patient#14,D:\Research\Multi-View Fusion Network\datasets\AJBDS-2023_extracted\AJBDS-2023\Training\Patient#14\input\IMG-0004-00013.jpg,5.998800345352605e-10,5.998800345352605e-10,1.0,0.966776967048645,5.998800345352605e-10,,True,1667.0,0.0,True
Patient#14,D:\Research\Multi-View Fusion Network\datasets\AJBDS-2023_extracted\AJBDS-2023\Training\Patient#14\input\IMG-0004-00018.jpg,4.708097800509846e-10,4.708097800509846e-10,1.0,0.9576690196990968,4.708097800509846e-10,,True,2124.0,0.0,True
Patient#14,D:\Research\Multi-View Fusion Network\datasets\AJBDS-2023_extracted\AJBDS-2023\Training\Patient#14\input\IMG-0004-00019.jpg,6.024096221857177e-10,6.024096221857177e-10,1.0,0.9669164419174194,6.024096221857177e-10,,True,1660.0,0.0,True
Patient#14,D:\Research\Multi-View Fusion Network\datasets\AJBDS-2023_extracted\AJBDS-2023\Training\Patient#14\input\IMG-0004-00020.jpg,3.0674847106837433e-09,3.0674847106837433e-09,1.0,0.9935028553009032,3.0674847106837433e-09,,True,326.0,0.0,True
Patient#14,D:\Research\Multi-View Fusion Network\datasets\AJBDS-2023_extracted\AJBDS-2023\Training\Patient#14\input\IMG-0004-00021.jpg,1.0,1.0,1.0,1.0,1.0,,True,0.0,0.0,False
Patient#14,D:\Research\Multi-View Fusion Network\datasets\AJBDS-2023_extracted\AJBDS-2023\Training\Patient#14\input\IMG-0004-00022.jpg,1.0,1.0,1.0,1.0,1.0,,True,0.0,0.0,False
Patient#14,D:\Research\Multi-View Fusion Network\datasets\AJBDS-2023_extracted\AJBDS-2023\Training\Patient#14\input\IMG-0004-00023.jpg,1.0,1.0,1.0,1.0,1.0,,True,0.0,0.0,False
Patient#14,D:\Research\Multi-View Fusion Network\datasets\AJBDS-2023_extracted\AJBDS-2023\Training\Patient#14\input\IMG-0004-00024.jpg,1.0,1.0,1.0,1.0,1.0,,True,0.0,0.0,False
Patient#14,D:\Research\Multi-View Fusion Network\datasets\AJBDS-2023_extracted\AJBDS-2023\Training\Patient#14\input\IMG-0004-00025.jpg,2.403846233178797e-09,2.403846233178797e-09,1.0,0.9917091727256776,2.403846233178797e-09,,True,416.0,0.0,True
Patient#14,D:\Research\Multi-View Fusion Network\datasets\AJBDS-2023_extracted\AJBDS-2023\Training\Patient#14\input\IMG-0005-00001.jpg,1.0,1.0,1.0,1.0,1.0,,True,0.0,0.0,False
Patient#14,D:\Research\Multi-View Fusion Network\datasets\AJBDS-2023_extracted\AJBDS-2023\Training\Patient#14\input\IMG-0005-00002.jpg,1.5151515597722213e-08,1.5151515597722213e-08,1.0,0.9986846446990968,1.5151515597722213e-08,,True,66.0,0.0,True
Patient#14,D:\Research\Multi-View Fusion Network\datasets\AJBDS-2023_extracted\AJBDS-2023\Training\Patient#14\input\IMG-0005-00003.jpg,1.718213016310699e-09,1.718213016310699e-09,1.0,0.9884008169174194,1.718213016310699e-09,,True,582.0,0.0,True
Patient#14,D:\Research\Multi-View Fusion Network\datasets\AJBDS-2023_extracted\AJBDS-2023\Training\Patient#14\input\IMG-0005-00004.jpg,1.0,1.0,1.0,1.0,1.0,,True,0.0,0.0,False
Patient#14,D:\Research\Multi-View Fusion Network\datasets\AJBDS-2023_extracted\AJBDS-2023\Training\Patient#14\input\IMG-0005-00009.jpg,1.0,1.0,1.0,1.0,1.0,,True,0.0,0.0,False
Patient#14,D:\Research\Multi-View Fusion Network\datasets\AJBDS-2023_extracted\AJBDS-2023\Training\Patient#14\input\IMG-0005-00010.jpg,1.0,1.0,1.0,1.0,1.0,,True,0.0,0.0,False
Patient#14,D:\Research\Multi-View Fusion Network\datasets\AJBDS-2023_extracted\AJBDS-2023\Training\Patient#14\input\IMG-0005-00011.jpg,1.0,1.0,1.0,1.0,1.0,,True,0.0,0.0,False
Patient#14,D:\Research\Multi-View Fusion Network\datasets\AJBDS-2023_extracted\AJBDS-2023\Training\Patient#14\input\IMG-0005-00012.jpg,1.0,1.0,1.0,1.0,1.0,,True,0.0,0.0,False
Patient#14,D:\Research\Multi-View Fusion Network\datasets\AJBDS-2023_extracted\AJBDS-2023\Training\Patient#14\input\IMG-0005-00013.jpg,1.0,1.0,1.0,1.0,1.0,,True,0.0,0.0,False
Patient#14,D:\Research\Multi-View Fusion Network\datasets\AJBDS-2023_extracted\AJBDS-2023\Training\Patient#14\input\IMG-0005-00014.jpg,1.0,1.0,1.0,1.0,1.0,,True,0.0,0.0,False
Patient#14,D:\Research\Multi-View Fusion Network\datasets\AJBDS-2023_extracted\AJBDS-2023\Training\Patient#14\input\IMG-0005-00015.jpg,1.0,1.0,1.0,1.0,1.0,,True,0.0,0.0,False
Patient#14,D:\Research\Multi-View Fusion Network\datasets\AJBDS-2023_extracted\AJBDS-2023\Training\Patient#14\input\IMG-0005-00016.jpg,1.0,1.0,1.0,1.0,1.0,,True,0.0,0.0,False
Patient#14,D:\Research\Multi-View Fusion Network\datasets\AJBDS-2023_extracted\AJBDS-2023\Training\Patient#14\input\IMG-0005-00017.jpg,1.0,1.0,1.0,1.0,1.0,,True,0.0,0.0,False
Patient#14,D:\Research\Multi-View Fusion Network\datasets\AJBDS-2023_extracted\AJBDS-2023\Training\Patient#14\input\IMG-0005-00018.jpg,1.0,1.0,1.0,1.0,1.0,,True,0.0,0.0,False
Patient#14,D:\Research\Multi-View Fusion Network\datasets\AJBDS-2023_extracted\AJBDS-2023\Training\Patient#14\input\IMG-0005-00019.jpg,1.111110989882036e-07,1.111110989882036e-07,1.0,0.9998206496238708,1.111110989882036e-07,,True,9.0,0.0,True
Patient#14,D:\Research\Multi-View Fusion Network\datasets\AJBDS-2023_extracted\AJBDS-2023\Training\Patient#14\input\IMG-0005-00020.jpg,1.225490153800024e-09,1.225490153800024e-09,1.0,0.9837372303009032,1.225490153800024e-09,,True,816.0,0.0,True
Patient#14,D:\Research\Multi-View Fusion Network\datasets\AJBDS-2023_extracted\AJBDS-2023\Training\Patient#14\input\IMG-0006-00001.jpg,1.0,1.0,1.0,1.0,1.0,,True,0.0,0.0,False
Patient#14,D:\Research\Multi-View Fusion Network\datasets\AJBDS-2023_extracted\AJBDS-2023\Training\Patient#14\input\IMG-0006-00002.jpg,1.0,1.0,1.0,1.0,1.0,,True,0.0,0.0,False
Patient#14,D:\Research\Multi-View Fusion Network\datasets\AJBDS-2023_extracted\AJBDS-2023\Training\Patient#14\input\IMG-0006-00003.jpg,1.0,1.0,1.0,1.0,1.0,,True,0.0,0.0,False
Patient#14,D:\Research\Multi-View Fusion Network\datasets\AJBDS-2023_extracted\AJBDS-2023\Training\Patient#14\input\IMG-0006-00009.jpg,3.174603246947072e-09,3.174603246947072e-09,1.0,0.9937220811843872,3.174603246947072e-09,,True,315.0,0.0,True
Patient#14,D:\Research\Multi-View Fusion Network\datasets\AJBDS-2023_extracted\AJBDS-2023\Training\Patient#14\input\IMG-0006-00010.jpg,1.0,1.0,1.0,1.0,1.0,,True,0.0,0.0,False
Patient#14,D:\Research\Multi-View Fusion Network\datasets\AJBDS-2023_extracted\AJBDS-2023\Training\Patient#14\input\IMG-0006-00011.jpg,1.0,1.0,1.0,1.0,1.0,,True,0.0,0.0,False
Patient#14,D:\Research\Multi-View Fusion Network\datasets\AJBDS-2023_extracted\AJBDS-2023\Training\Patient#14\input\IMG-0006-00012.jpg,1.0,1.0,1.0,1.0,1.0,,True,0.0,0.0,False
Patient#14,D:\Research\Multi-View Fusion Network\datasets\AJBDS-2023_extracted\AJBDS-2023\Training\Patient#14\input\IMG-0006-00013.jpg,1.0,1.0,1.0,1.0,1.0,,True,0.0,0.0,False
Patient#14,D:\Research\Multi-View Fusion Network\datasets\AJBDS-2023_extracted\AJBDS-2023\Training\Patient#14\input\IMG-0006-00014.jpg,1.0,1.0,1.0,1.0,1.0,,True,0.0,0.0,False
Patient#14,D:\Research\Multi-View Fusion Network\datasets\AJBDS-2023_extracted\AJBDS-2023\Training\Patient#14\input\IMG-0006-00015.jpg,1.0,1.0,1.0,1.0,1.0,,True,0.0,0.0,False
Patient#14,D:\Research\Multi-View Fusion Network\datasets\AJBDS-2023_extracted\AJBDS-2023\Training\Patient#14\input\IMG-0006-00016.jpg,1.0,1.0,1.0,1.0,1.0,,True,0.0,0.0,False
Patient#14,D:\Research\Multi-View Fusion Network\datasets\AJBDS-2023_extracted\AJBDS-2023\Training\Patient#14\input\IMG-0006-00017.jpg,1.0,1.0,1.0,1.0,1.0,,True,0.0,0.0,False
Patient#14,D:\Research\Multi-View Fusion Network\datasets\AJBDS-2023_extracted\AJBDS-2023\Training\Patient#14\input\IMG-0006-00018.jpg,1.0,1.0,1.0,1.0,1.0,,True,0.0,0.0,False
Patient#14,D:\Research\Multi-View Fusion Network\datasets\AJBDS-2023_extracted\AJBDS-2023\Training\Patient#14\input\IMG-0006-00019.jpg,1.0,1.0,1.0,1.0,1.0,,True,0.0,0.0,False
Patient#14,D:\Research\Multi-View Fusion Network\datasets\AJBDS-2023_extracted\AJBDS-2023\Training\Patient#14\input\IMG-0006-00020.jpg,1.0,1.0,1.0,1.0,1.0,,True,0.0,0.0,False
Patient#14,D:\Research\Multi-View Fusion Network\datasets\AJBDS-2023_extracted\AJBDS-2023\Training\Patient#14\input\IMG-0007-00001.jpg,1.0,1.0,1.0,1.0,1.0,,True,0.0,0.0,False
Patient#14,D:\Research\Multi-View Fusion Network\datasets\AJBDS-2023_extracted\AJBDS-2023\Training\Patient#14\input\IMG-0007-00002.jpg,1.97238647636766e-09,1.97238647636766e-09,1.0,0.9898955821990968,1.97238647636766e-09,,True,507.0,0.0,True
Patient#14,D:\Research\Multi-View Fusion Network\datasets\AJBDS-2023_extracted\AJBDS-2023\Training\Patient#14\input\IMG-0007-00003.jpg,7.127583523391934e-10,7.127583523391934e-10,1.0,0.9720384478569032,7.127583523391934e-10,,True,1403.0,0.0,True
Patient#14,D:\Research\Multi-View Fusion Network\datasets\AJBDS-2023_extracted\AJBDS-2023\Training\Patient#14\input\IMG-0007-00009.jpg,1.0,1.0,1.0,1.0,1.0,,True,0.0,0.0,False
Patient#14,D:\Research\Multi-View Fusion Network\datasets\AJBDS-2023_extracted\AJBDS-2023\Training\Patient#14\input\IMG-0007-00010.jpg,8.278145946505332e-10,8.278145946505332e-10,1.0,0.9759247303009032,8.278145946505332e-10,,True,1208.0,0.0,True
Patient#14,D:\Research\Multi-View Fusion Network\datasets\AJBDS-2023_extracted\AJBDS-2023\Training\Patient#14\input\IMG-0007-00011.jpg,8.326394573821004e-10,8.326394573821004e-10,1.0,0.9760642647743224,8.326394573821004e-10,,True,1201.0,0.0,True
Patient#14,D:\Research\Multi-View Fusion Network\datasets\AJBDS-2023_extracted\AJBDS-2023\Training\Patient#14\input\IMG-0007-00012.jpg,3.668378656396243e-10,3.668378656396243e-10,1.0,0.9456712603569032,3.668378656396243e-10,,True,2726.0,0.0,True
Patient#14,D:\Research\Multi-View Fusion Network\datasets\AJBDS-2023_extracted\AJBDS-2023\Training\Patient#14\input\IMG-0007-00013.jpg,3.1230482089306117e-10,3.1230482089306117e-10,1.0,0.9361846446990968,3.1230482089306117e-10,,True,3202.0,0.0,True
Patient#14,D:\Research\Multi-View Fusion Network\datasets\AJBDS-2023_extracted\AJBDS-2023\Training\Patient#14\input\IMG-0007-00014.jpg,1.0,1.0,1.0,1.0,1.0,,True,0.0,0.0,False
Patient#14,D:\Research\Multi-View Fusion Network\datasets\AJBDS-2023_extracted\AJBDS-2023\Training\Patient#14\input\IMG-0007-00015.jpg,3.999999886872274e-09,3.999999886872274e-09,1.0,0.9950175285339355,3.999999886872274e-09,,True,250.0,0.0,True
Patient#14,D:\Research\Multi-View Fusion Network\datasets\AJBDS-2023_extracted\AJBDS-2023\Training\Patient#14\input\IMG-0007-00016.jpg,1.0,1.0,1.0,1.0,1.0,,True,0.0,0.0,False
Patient#14,D:\Research\Multi-View Fusion Network\datasets\AJBDS-2023_extracted\AJBDS-2023\Training\Patient#14\input\IMG-0007-00017.jpg,1.0,1.0,1.0,1.0,1.0,,True,0.0,0.0,False
Patient#14,D:\Research\Multi-View Fusion Network\datasets\AJBDS-2023_extracted\AJBDS-2023\Training\Patient#14\input\IMG-0007-00018.jpg,1.0,1.0,1.0,1.0,1.0,,True,0.0,0.0,False
Patient#14,D:\Research\Multi-View Fusion Network\datasets\AJBDS-2023_extracted\AJBDS-2023\Training\Patient#14\input\IMG-0007-00019.jpg,1.0,1.0,1.0,1.0,1.0,,True,0.0,0.0,False
Patient#14,D:\Research\Multi-View Fusion Network\datasets\AJBDS-2023_extracted\AJBDS-2023\Training\Patient#14\input\IMG-0007-00020.jpg,1.408450689410756e-09,1.408450689410756e-09,1.0,0.9858497977256776,1.408450689410756e-09,,True,710.0,0.0,True
Patient#14,D:\Research\Multi-View Fusion Network\datasets\AJBDS-2023_extracted\AJBDS-2023\Training\Patient#14\input\IMG-0007-00021.jpg,9.99999087980541e-07,9.99999087980541e-07,1.0,0.999980092048645,9.99999087980541e-07,,True,1.0,0.0,True
Patient#14,D:\Research\Multi-View Fusion Network\datasets\AJBDS-2023_extracted\AJBDS-2023\Training\Patient#14\input\IMG-0007-00022.jpg,8.695652198298376e-09,8.695652198298376e-09,1.0,0.9977080821990968,8.695652198298376e-09,,True,115.0,0.0,True
Patient#14,D:\Research\Multi-View Fusion Network\datasets\AJBDS-2023_extracted\AJBDS-2023\Training\Patient#14\input\IMG-0007-00023.jpg,6.134969199322882e-10,6.134969199322882e-10,1.0,0.9675143361091614,6.134969199322882e-10,,True,1630.0,0.0,True
Patient#14,D:\Research\Multi-View Fusion Network\datasets\AJBDS-2023_extracted\AJBDS-2023\Training\Patient#14\input\IMG-0007-00024.jpg,3.0506405734875836e-10,3.0506405734875836e-10,1.0,0.9346699714660645,3.0506405734875836e-10,,True,3278.0,0.0,True
Patient#14,D:\Research\Multi-View Fusion Network\datasets\AJBDS-2023_extracted\AJBDS-2023\Training\Patient#14\input\IMG-0007-00029.jpg,1.0,1.0,1.0,1.0,1.0,,True,0.0,0.0,False
Patient#14,D:\Research\Multi-View Fusion Network\datasets\AJBDS-2023_extracted\AJBDS-2023\Training\Patient#14\input\IMG-0007-00030.jpg,1.0,1.0,1.0,1.0,1.0,,True,0.0,0.0,False
Patient#14,D:\Research\Multi-View Fusion Network\datasets\AJBDS-2023_extracted\AJBDS-2023\Training\Patient#14\input\IMG-0007-00031.jpg,1.0,1.0,1.0,1.0,1.0,,True,0.0,0.0,False
Patient#14,D:\Research\Multi-View Fusion Network\datasets\AJBDS-2023_extracted\AJBDS-2023\Training\Patient#14\input\IMG-0007-00032.jpg,1.0,1.0,1.0,1.0,1.0,,True,0.0,0.0,False
Patient#14,D:\Research\Multi-View Fusion Network\datasets\AJBDS-2023_extracted\AJBDS-2023\Training\Patient#14\input\IMG-0007-00033.jpg,1.0,1.0,1.0,1.0,1.0,,True,0.0,0.0,False
Patient#14,D:\Research\Multi-View Fusion Network\datasets\AJBDS-2023_extracted\AJBDS-2023\Training\Patient#14\input\IMG-0007-00034.jpg,1.0,1.0,1.0,1.0,1.0,,True,0.0,0.0,False
Patient#14,D:\Research\Multi-View Fusion Network\datasets\AJBDS-2023_extracted\AJBDS-2023\Training\Patient#14\input\IMG-0007-00035.jpg,1.0,1.0,1.0,1.0,1.0,,True,0.0,0.0,False
Patient#14,D:\Research\Multi-View Fusion Network\datasets\AJBDS-2023_extracted\AJBDS-2023\Training\Patient#14\input\IMG-0007-00036.jpg,1.0,1.0,1.0,1.0,1.0,,True,0.0,0.0,False
Patient#14,D:\Research\Multi-View Fusion Network\datasets\AJBDS-2023_extracted\AJBDS-2023\Training\Patient#14\input\IMG-0007-00037.jpg,1.0,1.0,1.0,1.0,1.0,,True,0.0,0.0,False
Patient#14,D:\Research\Multi-View Fusion Network\datasets\AJBDS-2023_extracted\AJBDS-2023\Training\Patient#14\input\IMG-0007-00038.jpg,1.0,1.0,1.0,1.0,1.0,,True,0.0,0.0,False
Patient#14,D:\Research\Multi-View Fusion Network\datasets\AJBDS-2023_extracted\AJBDS-2023\Training\Patient#14\input\IMG-0007-00039.jpg,6.309148203875735e-10,6.309148203875735e-10,1.0,0.9684112071990968,6.309148203875735e-10,,True,1585.0,0.0,True
Patient#14,D:\Research\Multi-View Fusion Network\datasets\AJBDS-2023_extracted\AJBDS-2023\Training\Patient#14\input\IMG-0007-00040.jpg,6.353240156187211e-10,6.353240156187211e-10,1.0,0.9686304330825806,6.353240156187211e-10,,True,1574.0,0.0,True
Patient#14,D:\Research\Multi-View Fusion Network\datasets\AJBDS-2023_extracted\AJBDS-2023\Training\Patient#14\input\IMG-0008-00001.jpg,1.0,1.0,1.0,1.0,1.0,,True,0.0,0.0,False
Patient#14,D:\Research\Multi-View Fusion Network\datasets\AJBDS-2023_extracted\AJBDS-2023\Training\Patient#14\input\IMG-0008-00002.jpg,1.0,1.0,1.0,1.0,1.0,,True,0.0,0.0,False
Patient#14,D:\Research\Multi-View Fusion Network\datasets\AJBDS-2023_extracted\AJBDS-2023\Training\Patient#14\input\IMG-0008-00003.jpg,1.0,1.0,1.0,1.0,1.0,,True,0.0,0.0,False
Patient#14,D:\Research\Multi-View Fusion Network\datasets\AJBDS-2023_extracted\AJBDS-2023\Training\Patient#14\input\IMG-0008-00009.jpg,1.027749219062457e-09,1.027749219062457e-09,1.0,0.9806082844734192,1.027749219062457e-09,,True,973.0,0.0,True
Patient#14,D:\Research\Multi-View Fusion Network\datasets\AJBDS-2023_extracted\AJBDS-2023\Training\Patient#14\input\IMG-0008-00010.jpg,6.341154268341143e-10,6.341154268341143e-10,1.0,0.9685706496238708,6.341154268341143e-10,,True,1577.0,0.0,True
Patient#14,D:\Research\Multi-View Fusion Network\datasets\AJBDS-2023_extracted\AJBDS-2023\Training\Patient#14\input\IMG-0008-00011.jpg,7.91139265210461e-10,7.91139265210461e-10,1.0,0.9748086929321288,7.91139265210461e-10,,True,1264.0,0.0,True
Patient#14,D:\Research\Multi-View Fusion Network\datasets\AJBDS-2023_extracted\AJBDS-2023\Training\Patient#14\input\IMG-0008-00012.jpg,3.8639877408819245e-10,3.8639877408819245e-10,1.0,0.9484215378761292,3.8639877408819245e-10,,True,2588.0,0.0,True
Patient#14,D:\Research\Multi-View Fusion Network\datasets\AJBDS-2023_extracted\AJBDS-2023\Training\Patient#14\input\IMG-0008-00013.jpg,3.2041011510663964e-10,3.2041011510663964e-10,1.0,0.9377989768981934,3.2041011510663964e-10,,True,3121.0,0.0,True
Patient#14,D:\Research\Multi-View Fusion Network\datasets\AJBDS-2023_extracted\AJBDS-2023\Training\Patient#14\input\IMG-0008-00014.jpg,3.6900368871606304e-10,3.6900368871606304e-10,1.0,0.9459900856018066,3.6900368871606304e-10,,True,2710.0,0.0,True
Patient#14,D:\Research\Multi-View Fusion Network\datasets\AJBDS-2023_extracted\AJBDS-2023\Training\Patient#14\input\IMG-0008-00015.jpg,2.0533881261997067e-09,2.0533881261997067e-09,1.0,0.9902941584587096,2.0533881261997067e-09,,True,487.0,0.0,True
Patient#14,D:\Research\Multi-View Fusion Network\datasets\AJBDS-2023_extracted\AJBDS-2023\Training\Patient#14\input\IMG-0008-00016.jpg,1.0,1.0,1.0,1.0,1.0,,True,0.0,0.0,False
Patient#14,D:\Research\Multi-View Fusion Network\datasets\AJBDS-2023_extracted\AJBDS-2023\Training\Patient#14\input\IMG-0008-00017.jpg,1.0,1.0,1.0,1.0,1.0,,True,0.0,0.0,False
Patient#14,D:\Research\Multi-View Fusion Network\datasets\AJBDS-2023_extracted\AJBDS-2023\Training\Patient#14\input\IMG-0008-00018.jpg,1.0,1.0,1.0,1.0,1.0,,True,0.0,0.0,False
Patient#14,D:\Research\Multi-View Fusion Network\datasets\AJBDS-2023_extracted\AJBDS-2023\Training\Patient#14\input\IMG-0008-00019.jpg,1.0,1.0,1.0,1.0,1.0,,True,0.0,0.0,False
Patient#14,D:\Research\Multi-View Fusion Network\datasets\AJBDS-2023_extracted\AJBDS-2023\Training\Patient#14\input\IMG-0008-00020.jpg,1.0,1.0,1.0,1.0,1.0,,True,0.0,0.0,False
Patient#14,D:\Research\Multi-View Fusion Network\datasets\AJBDS-2023_extracted\AJBDS-2023\Training\Patient#14\input\IMG-0009-00001.jpg,1.0,1.0,1.0,1.0,1.0,,True,0.0,0.0,False
Patient#14,D:\Research\Multi-View Fusion Network\datasets\AJBDS-2023_extracted\AJBDS-2023\Training\Patient#14\input\IMG-0009-00002.jpg,1.0,1.0,1.0,1.0,1.0,,True,0.0,0.0,False
Patient#14,D:\Research\Multi-View Fusion Network\datasets\AJBDS-2023_extracted\AJBDS-2023\Training\Patient#14\input\IMG-0009-00003.jpg,1.0,1.0,1.0,1.0,1.0,,True,0.0,0.0,False
Patient#14,D:\Research\Multi-View Fusion Network\datasets\AJBDS-2023_extracted\AJBDS-2023\Training\Patient#14\input\IMG-0009-00028.jpg,1.0,1.0,1.0,1.0,1.0,,True,0.0,0.0,False
Patient#14,D:\Research\Multi-View Fusion Network\datasets\AJBDS-2023_extracted\AJBDS-2023\Training\Patient#14\input\IMG-0009-00029.jpg,1.0,1.0,1.0,1.0,1.0,,True,0.0,0.0,False
Patient#14,D:\Research\Multi-View Fusion Network\datasets\AJBDS-2023_extracted\AJBDS-2023\Training\Patient#14\input\IMG-0009-00030.jpg,1.0,1.0,1.0,1.0,1.0,,True,0.0,0.0,False
Patient#14,D:\Research\Multi-View Fusion Network\datasets\AJBDS-2023_extracted\AJBDS-2023\Training\Patient#14\input\IMG-0009-00031.jpg,1.0,1.0,1.0,1.0,1.0,,True,0.0,0.0,False
Patient#14,D:\Research\Multi-View Fusion Network\datasets\AJBDS-2023_extracted\AJBDS-2023\Training\Patient#14\input\IMG-0009-00032.jpg,1.0,1.0,1.0,1.0,1.0,,True,0.0,0.0,False
Patient#14,D:\Research\Multi-View Fusion Network\datasets\AJBDS-2023_extracted\AJBDS-2023\Training\Patient#14\input\IMG-0009-00033.jpg,1.0,1.0,1.0,1.0,1.0,,True,0.0,0.0,False
Patient#14,D:\Research\Multi-View Fusion Network\datasets\AJBDS-2023_extracted\AJBDS-2023\Training\Patient#14\input\IMG-0009-00034.jpg,1.0,1.0,1.0,1.0,1.0,,True,0.0,0.0,False
Patient#14,D:\Research\Multi-View Fusion Network\datasets\AJBDS-2023_extracted\AJBDS-2023\Training\Patient#14\input\IMG-0009-00035.jpg,1.0,1.0,1.0,1.0,1.0,,True,0.0,0.0,False
Patient#14,D:\Research\Multi-View Fusion Network\datasets\AJBDS-2023_extracted\AJBDS-2023\Training\Patient#14\input\IMG-0009-00036.jpg,1.0,1.0,1.0,1.0,1.0,,True,0.0,0.0,False
Patient#14,D:\Research\Multi-View Fusion Network\datasets\AJBDS-2023_extracted\AJBDS-2023\Training\Patient#14\input\IMG-0009-00037.jpg,1.0,1.0,1.0,1.0,1.0,,True,0.0,0.0,False
Patient#14,D:\Research\Multi-View Fusion Network\datasets\AJBDS-2023_extracted\AJBDS-2023\Training\Patient#14\input\IMG-0009-00038.jpg,1.0,1.0,1.0,1.0,1.0,,True,0.0,0.0,False
Patient#14,D:\Research\Multi-View Fusion Network\datasets\AJBDS-2023_extracted\AJBDS-2023\Training\Patient#14\input\IMG-0009-00039.jpg,1.0,1.0,1.0,1.0,1.0,,True,0.0,0.0,False
Patient#14,D:\Research\Multi-View Fusion Network\datasets\AJBDS-2023_extracted\AJBDS-2023\Training\Patient#14\input\IMG-0009-00040.jpg,1.0,1.0,1.0,1.0,1.0,,True,0.0,0.0,False
Patient#14,D:\Research\Multi-View Fusion Network\datasets\AJBDS-2023_extracted\AJBDS-2023\Training\Patient#14\input\IMG-0009-00041.jpg,1.0,1.0,1.0,1.0,1.0,,True,0.0,0.0,False
Patient#14,D:\Research\Multi-View Fusion Network\datasets\AJBDS-2023_extracted\AJBDS-2023\Training\Patient#14\input\IMG-0009-00042.jpg,1.0,1.0,1.0,1.0,1.0,,True,0.0,0.0,False
Patient#14,D:\Research\Multi-View Fusion Network\datasets\AJBDS-2023_extracted\AJBDS-2023\Training\Patient#14\input\IMG-0009-00043.jpg,1.0,1.0,1.0,1.0,1.0,,True,0.0,0.0,False
Patient#14,D:\Research\Multi-View Fusion Network\datasets\AJBDS-2023_extracted\AJBDS-2023\Training\Patient#14\input\IMG-0009-00044.jpg,1.0,1.0,1.0,1.0,1.0,,True,0.0,0.0,False
Patient#14,D:\Research\Multi-View Fusion Network\datasets\AJBDS-2023_extracted\AJBDS-2023\Training\Patient#14\input\IMG-0009-00045.jpg,1.0,1.0,1.0,1.0,1.0,,True,0.0,0.0,False
Patient#14,D:\Research\Multi-View Fusion Network\datasets\AJBDS-2023_extracted\AJBDS-2023\Training\Patient#14\input\IMG-0009-00046.jpg,1.0,1.0,1.0,1.0,1.0,,True,0.0,0.0,False
Patient#14,D:\Research\Multi-View Fusion Network\datasets\AJBDS-2023_extracted\AJBDS-2023\Training\Patient#14\input\IMG-0009-00047.jpg,1.0,1.0,1.0,1.0,1.0,,True,0.0,0.0,False
Patient#14,D:\Research\Multi-View Fusion Network\datasets\AJBDS-2023_extracted\AJBDS-2023\Training\Patient#14\input\IMG-0009-00048.jpg,1.0,1.0,1.0,1.0,1.0,,True,0.0,0.0,False
Patient#14,D:\Research\Multi-View Fusion Network\datasets\AJBDS-2023_extracted\AJBDS-2023\Training\Patient#14\input\IMG-0009-00049.jpg,1.0,1.0,1.0,1.0,1.0,,True,0.0,0.0,False
Patient#14,D:\Research\Multi-View Fusion Network\datasets\AJBDS-2023_extracted\AJBDS-2023\Training\Patient#14\input\IMG-0009-00050.jpg,1.0,1.0,1.0,1.0,1.0,,True,0.0,0.0,False
Patient#14,D:\Research\Multi-View Fusion Network\datasets\AJBDS-2023_extracted\AJBDS-2023\Training\Patient#14\input\IMG-0009-00051.jpg,1.0,1.0,1.0,1.0,1.0,,True,0.0,0.0,False
Patient#14,D:\Research\Multi-View Fusion Network\datasets\AJBDS-2023_extracted\AJBDS-2023\Training\Patient#14\input\IMG-0009-00052.jpg,1.0,1.0,1.0,1.0,1.0,,True,0.0,0.0,False
Patient#14,D:\Research\Multi-View Fusion Network\datasets\AJBDS-2023_extracted\AJBDS-2023\Training\Patient#14\input\IMG-0009-00053.jpg,1.0,1.0,1.0,1.0,1.0,,True,0.0,0.0,False
Patient#14,D:\Research\Multi-View Fusion Network\datasets\AJBDS-2023_extracted\AJBDS-2023\Training\Patient#14\input\IMG-0009-00054.jpg,1.0,1.0,1.0,1.0,1.0,,True,0.0,0.0,False
Patient#14,D:\Research\Multi-View Fusion Network\datasets\AJBDS-2023_extracted\AJBDS-2023\Training\Patient#14\input\IMG-0009-00055.jpg,1.0,1.0,1.0,1.0,1.0,,True,0.0,0.0,False
Patient#14,D:\Research\Multi-View Fusion Network\datasets\AJBDS-2023_extracted\AJBDS-2023\Training\Patient#14\input\IMG-0009-00056.jpg,1.0,1.0,1.0,1.0,1.0,,True,0.0,0.0,False
Patient#14,D:\Research\Multi-View Fusion Network\datasets\AJBDS-2023_extracted\AJBDS-2023\Training\Patient#14\input\IMG-0009-00057.jpg,1.0,1.0,1.0,1.0,1.0,,True,0.0,0.0,False
Patient#14,D:\Research\Multi-View Fusion Network\datasets\AJBDS-2023_extracted\AJBDS-2023\Training\Patient#14\input\IMG-0009-00058.jpg,1.0,1.0,1.0,1.0,1.0,,True,0.0,0.0,False
Patient#14,D:\Research\Multi-View Fusion Network\datasets\AJBDS-2023_extracted\AJBDS-2023\Training\Patient#14\input\IMG-0009-00059.jpg,1.0,1.0,1.0,1.0,1.0,,True,0.0,0.0,False
Patient#14,D:\Research\Multi-View Fusion Network\datasets\AJBDS-2023_extracted\AJBDS-2023\Training\Patient#14\input\IMG-0009-00060.jpg,1.0,1.0,1.0,1.0,1.0,,True,0.0,0.0,False
Patient#14,D:\Research\Multi-View Fusion Network\datasets\AJBDS-2023_extracted\AJBDS-2023\Training\Patient#14\input\IMG-0009-00061.jpg,1.0,1.0,1.0,1.0,1.0,,True,0.0,0.0,False
Patient#14,D:\Research\Multi-View Fusion Network\datasets\AJBDS-2023_extracted\AJBDS-2023\Training\Patient#14\input\IMG-0009-00062.jpg,1.0,1.0,1.0,1.0,1.0,,True,0.0,0.0,False
Patient#14,D:\Research\Multi-View Fusion Network\datasets\AJBDS-2023_extracted\AJBDS-2023\Training\Patient#14\input\IMG-0009-00063.jpg,1.0,1.0,1.0,1.0,1.0,,True,0.0,0.0,False
Patient#14,D:\Research\Multi-View Fusion Network\datasets\AJBDS-2023_extracted\AJBDS-2023\Training\Patient#14\input\IMG-0009-00064.jpg,1.0,1.0,1.0,1.0,1.0,,True,0.0,0.0,False
Patient#14,D:\Research\Multi-View Fusion Network\datasets\AJBDS-2023_extracted\AJBDS-2023\Training\Patient#14\input\IMG-0009-00065.jpg,1.0,1.0,1.0,1.0,1.0,,True,0.0,0.0,False
Patient#14,D:\Research\Multi-View Fusion Network\datasets\AJBDS-2023_extracted\AJBDS-2023\Training\Patient#14\input\IMG-0009-00066.jpg,1.0,1.0,1.0,1.0,1.0,,True,0.0,0.0,False
Patient#14,D:\Research\Multi-View Fusion Network\datasets\AJBDS-2023_extracted\AJBDS-2023\Training\Patient#14\input\IMG-0009-00067.jpg,1.0,1.0,1.0,1.0,1.0,,True,0.0,0.0,False
Patient#14,D:\Research\Multi-View Fusion Network\datasets\AJBDS-2023_extracted\AJBDS-2023\Training\Patient#14\input\IMG-0009-00068.jpg,1.0,1.0,1.0,1.0,1.0,,True,0.0,0.0,False
Patient#14,D:\Research\Multi-View Fusion Network\datasets\AJBDS-2023_extracted\AJBDS-2023\Training\Patient#14\input\IMG-0009-00069.jpg,1.0,1.0,1.0,1.0,1.0,,True,0.0,0.0,False
Patient#14,D:\Research\Multi-View Fusion Network\datasets\AJBDS-2023_extracted\AJBDS-2023\Training\Patient#14\input\IMG-0009-00070.jpg,1.0,1.0,1.0,1.0,1.0,,True,0.0,0.0,False
Patient#14,D:\Research\Multi-View Fusion Network\datasets\AJBDS-2023_extracted\AJBDS-2023\Training\Patient#14\input\IMG-0009-00071.jpg,1.0,1.0,1.0,1.0,1.0,,True,0.0,0.0,False
Patient#14,D:\Research\Multi-View Fusion Network\datasets\AJBDS-2023_extracted\AJBDS-2023\Training\Patient#14\input\IMG-0009-00072.jpg,1.0,1.0,1.0,1.0,1.0,,True,0.0,0.0,False
Patient#14,D:\Research\Multi-View Fusion Network\datasets\AJBDS-2023_extracted\AJBDS-2023\Training\Patient#14\input\IMG-0010-00001.jpg,1.0,1.0,1.0,1.0,1.0,,True,0.0,0.0,False
Patient#14,D:\Research\Multi-View Fusion Network\datasets\AJBDS-2023_extracted\AJBDS-2023\Training\Patient#14\input\IMG-0010-00002.jpg,1.0,1.0,1.0,1.0,1.0,,True,0.0,0.0,False
Patient#14,D:\Research\Multi-View Fusion Network\datasets\AJBDS-2023_extracted\AJBDS-2023\Training\Patient#14\input\IMG-0010-00003.jpg,1.0,1.0,1.0,1.0,1.0,,True,0.0,0.0,False
Patient#14,D:\Research\Multi-View Fusion Network\datasets\AJBDS-2023_extracted\AJBDS-2023\Training\Patient#14\input\IMG-0010-00009.jpg,4.761904648376003e-09,4.761904648376003e-09,1.0,0.9958147406578064,4.761904648376003e-09,,True,210.0,0.0,True
Patient#14,D:\Research\Multi-View Fusion Network\datasets\AJBDS-2023_extracted\AJBDS-2023\Training\Patient#14\input\IMG-0010-00010.jpg,1.0,1.0,1.0,1.0,1.0,,True,0.0,0.0,False
Patient#14,D:\Research\Multi-View Fusion Network\datasets\AJBDS-2023_extracted\AJBDS-2023\Training\Patient#14\input\IMG-0010-00011.jpg,1.0,1.0,1.0,1.0,1.0,,True,0.0,0.0,False
Patient#14,D:\Research\Multi-View Fusion Network\datasets\AJBDS-2023_extracted\AJBDS-2023\Training\Patient#14\input\IMG-0010-00012.jpg,1.0,1.0,1.0,1.0,1.0,,True,0.0,0.0,False
Patient#14,D:\Research\Multi-View Fusion Network\datasets\AJBDS-2023_extracted\AJBDS-2023\Training\Patient#14\input\IMG-0010-00013.jpg,1.0,1.0,1.0,1.0,1.0,,True,0.0,0.0,False
Patient#14,D:\Research\Multi-View Fusion Network\datasets\AJBDS-2023_extracted\AJBDS-2023\Training\Patient#14\input\IMG-0010-00014.jpg,1.0,1.0,1.0,1.0,1.0,,True,0.0,0.0,False
Patient#14,D:\Research\Multi-View Fusion Network\datasets\AJBDS-2023_extracted\AJBDS-2023\Training\Patient#14\input\IMG-0010-00015.jpg,2.183406122568954e-09,2.183406122568954e-09,1.0,0.9908721446990968,2.183406122568954e-09,,True,458.0,0.0,True
Patient#14,D:\Research\Multi-View Fusion Network\datasets\AJBDS-2023_extracted\AJBDS-2023\Training\Patient#14\input\IMG-0010-00016.jpg,1.0,1.0,1.0,1.0,1.0,,True,0.0,0.0,False
Patient#14,D:\Research\Multi-View Fusion Network\datasets\AJBDS-2023_extracted\AJBDS-2023\Training\Patient#14\input\IMG-0010-00017.jpg,1.0,1.0,1.0,1.0,1.0,,True,0.0,0.0,False
Patient#14,D:\Research\Multi-View Fusion Network\datasets\AJBDS-2023_extracted\AJBDS-2023\Training\Patient#14\input\IMG-0010-00018.jpg,3.448275887052432e-09,3.448275887052432e-09,1.0,0.9942203164100648,3.448275887052432e-09,,True,290.0,0.0,True
Patient#14,D:\Research\Multi-View Fusion Network\datasets\AJBDS-2023_extracted\AJBDS-2023\Training\Patient#14\input\IMG-0010-00019.jpg,1.0,1.0,1.0,1.0,1.0,,True,0.0,0.0,False
Patient#14,D:\Research\Multi-View Fusion Network\datasets\AJBDS-2023_extracted\AJBDS-2023\Training\Patient#14\input\IMG-0010-00020.jpg,1.0,1.0,1.0,1.0,1.0,,True,0.0,0.0,False
Patient#14,D:\Research\Multi-View Fusion Network\datasets\AJBDS-2023_extracted\AJBDS-2023\Training\Patient#14\input\IMG-0011-00001.jpg,1.0,1.0,1.0,1.0,1.0,,True,0.0,0.0,False
Patient#14,D:\Research\Multi-View Fusion Network\datasets\AJBDS-2023_extracted\AJBDS-2023\Training\Patient#14\input\IMG-0011-00002.jpg,2.415458943971771e-09,2.415458943971771e-09,1.0,0.9917490482330322,2.415458943971771e-09,,True,414.0,0.0,True
Patient#14,D:\Research\Multi-View Fusion Network\datasets\AJBDS-2023_extracted\AJBDS-2023\Training\Patient#14\input\IMG-0011-00003.jpg,1.0,1.0,1.0,1.0,1.0,,True,0.0,0.0,False
Patient#14,D:\Research\Multi-View Fusion Network\datasets\AJBDS-2023_extracted\AJBDS-2023\Training\Patient#14\input\IMG-0011-00004.jpg,2.976190405235002e-09,2.976190405235002e-09,1.0,0.9933035969734192,2.976190405235002e-09,,True,336.0,0.0,True
Patient#14,D:\Research\Multi-View Fusion Network\datasets\AJBDS-2023_extracted\AJBDS-2023\Training\Patient#14\input\IMG-0011-00005.jpg,5.9171596511475855e-09,5.9171596511475855e-09,1.0,0.9966318607330322,5.9171596511475855e-09,,True,169.0,0.0,True
Patient#14,D:\Research\Multi-View Fusion Network\datasets\AJBDS-2023_extracted\AJBDS-2023\Training\Patient#14\input\IMG-0011-00006.jpg,1.0,1.0,1.0,1.0,1.0,,True,0.0,0.0,False
Patient#14,D:\Research\Multi-View Fusion Network\datasets\AJBDS-2023_extracted\AJBDS-2023\Training\Patient#14\input\IMG-0011-00007.jpg,1.0,1.0,1.0,1.0,1.0,,True,0.0,0.0,False
Patient#14,D:\Research\Multi-View Fusion Network\datasets\AJBDS-2023_extracted\AJBDS-2023\Training\Patient#14\input\IMG-0011-00008.jpg,2.499999425253918e-07,2.499999425253918e-07,1.0,0.9999203085899352,2.499999425253918e-07,,True,4.0,0.0,True
Patient#14,D:\Research\Multi-View Fusion Network\datasets\AJBDS-2023_extracted\AJBDS-2023\Training\Patient#14\input\IMG-0011-00009.jpg,6.896551774104864e-09,6.896551774104864e-09,1.0,0.9971101880073548,6.896551774104864e-09,,True,145.0,0.0,True
Patient#14,D:\Research\Multi-View Fusion Network\datasets\AJBDS-2023_extracted\AJBDS-2023\Training\Patient#14\input\IMG-0011-00015.jpg,1.0,1.0,1.0,1.0,1.0,,True,0.0,0.0,False
Patient#14,D:\Research\Multi-View Fusion Network\datasets\AJBDS-2023_extracted\AJBDS-2023\Training\Patient#14\input\IMG-0011-00016.jpg,1.0,1.0,1.0,1.0,1.0,,True,0.0,0.0,False
Patient#14,D:\Research\Multi-View Fusion Network\datasets\AJBDS-2023_extracted\AJBDS-2023\Training\Patient#14\input\IMG-0011-00017.jpg,1.0,1.0,1.0,1.0,1.0,,True,0.0,0.0,False
Patient#14,D:\Research\Multi-View Fusion Network\datasets\AJBDS-2023_extracted\AJBDS-2023\Training\Patient#14\input\IMG-0011-00018.jpg,3.448275620598906e-08,3.448275620598906e-08,1.0,0.999422013759613,3.448275620598906e-08,,True,29.0,0.0,True
Patient#14,D:\Research\Multi-View Fusion Network\datasets\AJBDS-2023_extracted\AJBDS-2023\Training\Patient#14\input\IMG-0011-00019.jpg,1.0,1.0,1.0,1.0,1.0,,True,0.0,0.0,False
Patient#14,D:\Research\Multi-View Fusion Network\datasets\AJBDS-2023_extracted\AJBDS-2023\Training\Patient#14\input\IMG-0011-00020.jpg,1.426533557946641e-09,1.426533557946641e-09,1.0,0.9860291481018066,1.426533557946641e-09,,True,701.0,0.0,True
Patient#14,D:\Research\Multi-View Fusion Network\datasets\AJBDS-2023_extracted\AJBDS-2023\Training\Patient#14\input\IMG-0012-00001.jpg,5.55555494941018e-08,5.55555494941018e-08,1.0,0.9996412396430968,5.55555494941018e-08,,True,18.0,0.0,True
Patient#14,D:\Research\Multi-View Fusion Network\datasets\AJBDS-2023_extracted\AJBDS-2023\Training\Patient#14\input\IMG-0012-00002.jpg,1.0,1.0,1.0,1.0,1.0,,True,0.0,0.0,False
Patient#14,D:\Research\Multi-View Fusion Network\datasets\AJBDS-2023_extracted\AJBDS-2023\Training\Patient#14\input\IMG-0012-00003.jpg,1.0,1.0,1.0,1.0,1.0,,True,0.0,0.0,False
Patient#14,D:\Research\Multi-View Fusion Network\datasets\AJBDS-2023_extracted\AJBDS-2023\Training\Patient#14\input\IMG-0012-00004.jpg,1.0,1.0,1.0,1.0,1.0,,True,0.0,0.0,False
Patient#14,D:\Research\Multi-View Fusion Network\datasets\AJBDS-2023_extracted\AJBDS-2023\Training\Patient#14\input\IMG-0012-00005.jpg,1.0,1.0,1.0,1.0,1.0,,True,0.0,0.0,False
Patient#14,D:\Research\Multi-View Fusion Network\datasets\AJBDS-2023_extracted\AJBDS-2023\Training\Patient#14\input\IMG-0012-00006.jpg,1.0,1.0,1.0,1.0,1.0,,True,0.0,0.0,False
Patient#14,D:\Research\Multi-View Fusion Network\datasets\AJBDS-2023_extracted\AJBDS-2023\Training\Patient#14\input\IMG-0012-00007.jpg,1.0,1.0,1.0,1.0,1.0,,True,0.0,0.0,False
Patient#14,D:\Research\Multi-View Fusion Network\datasets\AJBDS-2023_extracted\AJBDS-2023\Training\Patient#14\input\IMG-0012-00008.jpg,1.0,1.0,1.0,1.0,1.0,,True,0.0,0.0,False
Patient#14,D:\Research\Multi-View Fusion Network\datasets\AJBDS-2023_extracted\AJBDS-2023\Training\Patient#14\input\IMG-0012-00009.jpg,2.173913049574594e-09,2.173913049574594e-09,1.0,0.990832269191742,2.173913049574594e-09,,True,460.0,0.0,True
Patient#14,D:\Research\Multi-View Fusion Network\datasets\AJBDS-2023_extracted\AJBDS-2023\Training\Patient#14\input\IMG-0012-00010.jpg,2.5380710866329533e-09,2.5380710866329533e-09,1.0,0.9921476244926452,2.5380710866329533e-09,,True,394.0,0.0,True
Patient#14,D:\Research\Multi-View Fusion Network\datasets\AJBDS-2023_extracted\AJBDS-2023\Training\Patient#14\input\IMG-0012-00011.jpg,1.841620633769025e-09,1.841620633769025e-09,1.0,0.9891781210899352,1.841620633769025e-09,,True,543.0,0.0,True
Patient#14,D:\Research\Multi-View Fusion Network\datasets\AJBDS-2023_extracted\AJBDS-2023\Training\Patient#14\input\IMG-0012-00012.jpg,1.9379844395928103e-09,1.9379844395928103e-09,1.0,0.9897161722183228,1.9379844395928103e-09,,True,516.0,0.0,True
Patient#14,D:\Research\Multi-View Fusion Network\datasets\AJBDS-2023_extracted\AJBDS-2023\Training\Patient#14\input\IMG-0012-00013.jpg,3.6496350386272525e-09,3.6496350386272525e-09,1.0,0.994539201259613,3.6496350386272525e-09,,True,274.0,0.0,True
Patient#14,D:\Research\Multi-View Fusion Network\datasets\AJBDS-2023_extracted\AJBDS-2023\Training\Patient#14\input\IMG-0012-00018.jpg,1.0,1.0,1.0,1.0,1.0,,True,0.0,0.0,False
Patient#14,D:\Research\Multi-View Fusion Network\datasets\AJBDS-2023_extracted\AJBDS-2023\Training\Patient#14\input\IMG-0012-00019.jpg,1.0,1.0,1.0,1.0,1.0,,True,0.0,0.0,False
Patient#14,D:\Research\Multi-View Fusion Network\datasets\AJBDS-2023_extracted\AJBDS-2023\Training\Patient#14\input\IMG-0012-00020.jpg,1.0,1.0,1.0,1.0,1.0,,True,0.0,0.0,False
Patient#14,D:\Research\Multi-View Fusion Network\datasets\AJBDS-2023_extracted\AJBDS-2023\Training\Patient#14\input\IMG-0012-00021.jpg,1.0,1.0,1.0,1.0,1.0,,True,0.0,0.0,False
Patient#14,D:\Research\Multi-View Fusion Network\datasets\AJBDS-2023_extracted\AJBDS-2023\Training\Patient#14\input\IMG-0012-00022.jpg,1.0,1.0,1.0,1.0,1.0,,True,0.0,0.0,False
Patient#14,D:\Research\Multi-View Fusion Network\datasets\AJBDS-2023_extracted\AJBDS-2023\Training\Patient#14\input\IMG-0012-00023.jpg,1.0,1.0,1.0,1.0,1.0,,True,0.0,0.0,False
Patient#14,D:\Research\Multi-View Fusion Network\datasets\AJBDS-2023_extracted\AJBDS-2023\Training\Patient#14\input\IMG-0012-00024.jpg,1.2345679145653321e-08,1.2345679145653321e-08,1.0,0.9983856678009032,1.2345679145653321e-08,,True,81.0,0.0,True
Patient#14,D:\Research\Multi-View Fusion Network\datasets\AJBDS-2023_extracted\AJBDS-2023\Training\Patient#14\input\IMG-0012-00025.jpg,4.1666665673290035e-09,4.1666665673290035e-09,1.0,0.9952168464660645,4.1666665673290035e-09,,True,240.0,0.0,True
Patient#15,D:\Research\Multi-View Fusion Network\datasets\AJBDS-2023_extracted\AJBDS-2023\Training\Patient#15\input\IMG-0001-00001.jpg,1.0,1.0,1.0,1.0,1.0,,True,0.0,0.0,False
Patient#15,D:\Research\Multi-View Fusion Network\datasets\AJBDS-2023_extracted\AJBDS-2023\Training\Patient#15\input\IMG-0001-00002.jpg,1.0,1.0,1.0,1.0,1.0,,True,0.0,0.0,False
Patient#15,D:\Research\Multi-View Fusion Network\datasets\AJBDS-2023_extracted\AJBDS-2023\Training\Patient#15\input\IMG-0001-00003.jpg,1.0,1.0,1.0,1.0,1.0,,True,0.0,0.0,False
Patient#15,D:\Research\Multi-View Fusion Network\datasets\AJBDS-2023_extracted\AJBDS-2023\Training\Patient#15\input\IMG-0001-00004.jpg,1.0,1.0,1.0,1.0,1.0,,True,0.0,0.0,False
Patient#15,D:\Research\Multi-View Fusion Network\datasets\AJBDS-2023_extracted\AJBDS-2023\Training\Patient#15\input\IMG-0001-00005.jpg,1.0,1.0,1.0,1.0,1.0,,True,0.0,0.0,False
Patient#15,D:\Research\Multi-View Fusion Network\datasets\AJBDS-2023_extracted\AJBDS-2023\Training\Patient#15\input\IMG-0001-00006.jpg,1.0,1.0,1.0,1.0,1.0,,True,0.0,0.0,False
Patient#15,D:\Research\Multi-View Fusion Network\datasets\AJBDS-2023_extracted\AJBDS-2023\Training\Patient#15\input\IMG-0001-00007.jpg,1.0,1.0,1.0,1.0,1.0,,True,0.0,0.0,False
Patient#15,D:\Research\Multi-View Fusion Network\datasets\AJBDS-2023_extracted\AJBDS-2023\Training\Patient#15\input\IMG-0001-00008.jpg,1.0,1.0,1.0,1.0,1.0,,True,0.0,0.0,False
Patient#15,D:\Research\Multi-View Fusion Network\datasets\AJBDS-2023_extracted\AJBDS-2023\Training\Patient#15\input\IMG-0001-00011.jpg,1.0,1.0,1.0,1.0,1.0,,True,0.0,0.0,False
Patient#15,D:\Research\Multi-View Fusion Network\datasets\AJBDS-2023_extracted\AJBDS-2023\Training\Patient#15\input\IMG-0001-00015.jpg,1.0,1.0,1.0,1.0,1.0,,True,0.0,0.0,False
Patient#15,D:\Research\Multi-View Fusion Network\datasets\AJBDS-2023_extracted\AJBDS-2023\Training\Patient#15\input\IMG-0001-00016.jpg,1.4641288181849175e-09,1.4641288181849175e-09,1.0,0.9863879084587096,1.4641288181849175e-09,,True,683.0,0.0,True
Patient#15,D:\Research\Multi-View Fusion Network\datasets\AJBDS-2023_extracted\AJBDS-2023\Training\Patient#15\input\IMG-0001-00017.jpg,1.5128592822932772e-09,1.5128592822932772e-09,1.0,0.9868263602256776,1.5128592822932772e-09,,True,661.0,0.0,True
Patient#15,D:\Research\Multi-View Fusion Network\datasets\AJBDS-2023_extracted\AJBDS-2023\Training\Patient#15\input\IMG-0001-00018.jpg,1.0,1.0,1.0,1.0,1.0,,True,0.0,0.0,False
Patient#15,D:\Research\Multi-View Fusion Network\datasets\AJBDS-2023_extracted\AJBDS-2023\Training\Patient#15\input\IMG-0001-00019.jpg,1.9999995970465534e-07,1.9999995970465534e-07,1.0,0.9999003410339355,1.9999995970465534e-07,,True,5.0,0.0,True
Patient#15,D:\Research\Multi-View Fusion Network\datasets\AJBDS-2023_extracted\AJBDS-2023\Training\Patient#15\input\IMG-0001-00020.jpg,1.0,1.0,1.0,1.0,1.0,,True,0.0,0.0,False
Patient#15,D:\Research\Multi-View Fusion Network\datasets\AJBDS-2023_extracted\AJBDS-2023\Training\Patient#15\input\IMG-0002-00001.jpg,2.074688865150165e-09,2.074688865150165e-09,1.0,0.9903938174247742,2.074688865150165e-09,,True,482.0,0.0,True
Patient#15,D:\Research\Multi-View Fusion Network\datasets\AJBDS-2023_extracted\AJBDS-2023\Training\Patient#15\input\IMG-0002-00002.jpg,2.849002811444734e-09,2.849002811444734e-09,1.0,0.9930046200752258,2.849002811444734e-09,,True,351.0,0.0,True
Patient#15,D:\Research\Multi-View Fusion Network\datasets\AJBDS-2023_extracted\AJBDS-2023\Training\Patient#15\input\IMG-0002-00003.jpg,1.8552875902244639e-09,1.8552875902244639e-09,1.0,0.9892578125,1.8552875902244639e-09,,True,539.0,0.0,True
Patient#15,D:\Research\Multi-View Fusion Network\datasets\AJBDS-2023_extracted\AJBDS-2023\Training\Patient#15\input\IMG-0002-00008.jpg,4.184100621529296e-09,4.184100621529296e-09,1.0,0.9952367544174194,4.184100621529296e-09,,True,239.0,0.0,True
Patient#15,D:\Research\Multi-View Fusion Network\datasets\AJBDS-2023_extracted\AJBDS-2023\Training\Patient#15\input\IMG-0002-00009.jpg,3.3333321880490985e-07,3.3333321880490985e-07,1.0,0.9999402165412904,3.3333321880490985e-07,,True,3.0,0.0,True
Patient#15,D:\Research\Multi-View Fusion Network\datasets\AJBDS-2023_extracted\AJBDS-2023\Training\Patient#15\input\IMG-0002-00010.jpg,8.130081496915409e-09,8.130081496915409e-09,1.0,0.9975486397743224,8.130081496915409e-09,,True,123.0,0.0,True
Patient#15,D:\Research\Multi-View Fusion Network\datasets\AJBDS-2023_extracted\AJBDS-2023\Training\Patient#15\input\IMG-0002-00011.jpg,1.297016827273012e-09,1.297016827273012e-09,1.0,0.9846341013908386,1.297016827273012e-09,,True,771.0,0.0,True
Patient#15,D:\Research\Multi-View Fusion Network\datasets\AJBDS-2023_extracted\AJBDS-2023\Training\Patient#15\input\IMG-0002-00012.jpg,1.0,1.0,1.0,1.0,1.0,,True,0.0,0.0,False
Patient#15,D:\Research\Multi-View Fusion Network\datasets\AJBDS-2023_extracted\AJBDS-2023\Training\Patient#15\input\IMG-0002-00013.jpg,1.0,1.0,1.0,1.0,1.0,,True,0.0,0.0,False
Patient#15,D:\Research\Multi-View Fusion Network\datasets\AJBDS-2023_extracted\AJBDS-2023\Training\Patient#15\input\IMG-0002-00014.jpg,1.0,1.0,1.0,1.0,1.0,,True,0.0,0.0,False
Patient#15,D:\Research\Multi-View Fusion Network\datasets\AJBDS-2023_extracted\AJBDS-2023\Training\Patient#15\input\IMG-0002-00015.jpg,1.0,1.0,1.0,1.0,1.0,,True,0.0,0.0,False
Patient#15,D:\Research\Multi-View Fusion Network\datasets\AJBDS-2023_extracted\AJBDS-2023\Training\Patient#15\input\IMG-0002-00016.jpg,1.0,1.0,1.0,1.0,1.0,,True,0.0,0.0,False
Patient#15,D:\Research\Multi-View Fusion Network\datasets\AJBDS-2023_extracted\AJBDS-2023\Training\Patient#15\input\IMG-0002-00017.jpg,1.0,1.0,1.0,1.0,1.0,,True,0.0,0.0,False
Patient#15,D:\Research\Multi-View Fusion Network\datasets\AJBDS-2023_extracted\AJBDS-2023\Training\Patient#15\input\IMG-0002-00018.jpg,1.0,1.0,1.0,1.0,1.0,,True,0.0,0.0,False
Patient#15,D:\Research\Multi-View Fusion Network\datasets\AJBDS-2023_extracted\AJBDS-2023\Training\Patient#15\input\IMG-0002-00019.jpg,1.0,1.0,1.0,1.0,1.0,,True,0.0,0.0,False
Patient#15,D:\Research\Multi-View Fusion Network\datasets\AJBDS-2023_extracted\AJBDS-2023\Training\Patient#15\input\IMG-0002-00020.jpg,1.0,1.0,1.0,1.0,1.0,,True,0.0,0.0,False
Patient#15,D:\Research\Multi-View Fusion Network\datasets\AJBDS-2023_extracted\AJBDS-2023\Training\Patient#15\input\IMG-0003-00001.jpg,1.0,1.0,1.0,1.0,1.0,,True,0.0,0.0,False
Patient#15,D:\Research\Multi-View Fusion Network\datasets\AJBDS-2023_extracted\AJBDS-2023\Training\Patient#15\input\IMG-0003-00002.jpg,1.4285713945128007e-08,1.4285713945128007e-08,1.0,0.9986048936843872,1.4285713945128007e-08,,True,70.0,0.0,True
Patient#15,D:\Research\Multi-View Fusion Network\datasets\AJBDS-2023_extracted\AJBDS-2023\Training\Patient#15\input\IMG-0003-00003.jpg,6.1728395728266605e-09,6.1728395728266605e-09,1.0,0.9967713356018066,6.1728395728266605e-09,,True,162.0,0.0,True
Patient#15,D:\Research\Multi-View Fusion Network\datasets\AJBDS-2023_extracted\AJBDS-2023\Training\Patient#15\input\IMG-0003-00009.jpg,1.0,1.0,1.0,1.0,1.0,,True,0.0,0.0,False
Patient#15,D:\Research\Multi-View Fusion Network\datasets\AJBDS-2023_extracted\AJBDS-2023\Training\Patient#15\input\IMG-0003-00010.jpg,1.0,1.0,1.0,1.0,1.0,,True,0.0,0.0,False
Patient#15,D:\Research\Multi-View Fusion Network\datasets\AJBDS-2023_extracted\AJBDS-2023\Training\Patient#15\input\IMG-0003-00011.jpg,1.0,1.0,1.0,1.0,1.0,,True,0.0,0.0,False
Patient#15,D:\Research\Multi-View Fusion Network\datasets\AJBDS-2023_extracted\AJBDS-2023\Training\Patient#15\input\IMG-0003-00012.jpg,1.0,1.0,1.0,1.0,1.0,,True,0.0,0.0,False
Patient#15,D:\Research\Multi-View Fusion Network\datasets\AJBDS-2023_extracted\AJBDS-2023\Training\Patient#15\input\IMG-0003-00013.jpg,1.0,1.0,1.0,1.0,1.0,,True,0.0,0.0,False
Patient#15,D:\Research\Multi-View Fusion Network\datasets\AJBDS-2023_extracted\AJBDS-2023\Training\Patient#15\input\IMG-0003-00014.jpg,1.0,1.0,1.0,1.0,1.0,,True,0.0,0.0,False
Patient#15,D:\Research\Multi-View Fusion Network\datasets\AJBDS-2023_extracted\AJBDS-2023\Training\Patient#15\input\IMG-0003-00015.jpg,1.0,1.0,1.0,1.0,1.0,,True,0.0,0.0,False
Patient#15,D:\Research\Multi-View Fusion Network\datasets\AJBDS-2023_extracted\AJBDS-2023\Training\Patient#15\input\IMG-0003-00016.jpg,1.0,1.0,1.0,1.0,1.0,,True,0.0,0.0,False
Patient#15,D:\Research\Multi-View Fusion Network\datasets\AJBDS-2023_extracted\AJBDS-2023\Training\Patient#15\input\IMG-0003-00017.jpg,1.0,1.0,1.0,1.0,1.0,,True,0.0,0.0,False
Patient#15,D:\Research\Multi-View Fusion Network\datasets\AJBDS-2023_extracted\AJBDS-2023\Training\Patient#15\input\IMG-0003-00018.jpg,1.0,1.0,1.0,1.0,1.0,,True,0.0,0.0,False
Patient#15,D:\Research\Multi-View Fusion Network\datasets\AJBDS-2023_extracted\AJBDS-2023\Training\Patient#15\input\IMG-0003-00019.jpg,1.0,1.0,1.0,1.0,1.0,,True,0.0,0.0,False
Patient#15,D:\Research\Multi-View Fusion Network\datasets\AJBDS-2023_extracted\AJBDS-2023\Training\Patient#15\input\IMG-0003-00020.jpg,1.0,1.0,1.0,1.0,1.0,,True,0.0,0.0,False
Patient#15,D:\Research\Multi-View Fusion Network\datasets\AJBDS-2023_extracted\AJBDS-2023\Training\Patient#15\input\IMG-0004-00001.jpg,1.0,1.0,1.0,1.0,1.0,,True,0.0,0.0,False
Patient#15,D:\Research\Multi-View Fusion Network\datasets\AJBDS-2023_extracted\AJBDS-2023\Training\Patient#15\input\IMG-0004-00002.jpg,3.636363654635488e-09,3.636363654635488e-09,1.0,0.994519293308258,3.636363654635488e-09,,True,275.0,0.0,True
Patient#15,D:\Research\Multi-View Fusion Network\datasets\AJBDS-2023_extracted\AJBDS-2023\Training\Patient#15\input\IMG-0004-00003.jpg,5.464480867800603e-09,5.464480867800603e-09,1.0,0.9963528513908386,5.464480867800603e-09,,True,183.0,0.0,True
Patient#15,D:\Research\Multi-View Fusion Network\datasets\AJBDS-2023_extracted\AJBDS-2023\Training\Patient#15\input\IMG-0004-00008.jpg,1.1235955277300036e-08,1.1235955277300036e-08,1.0,0.9982262253761292,1.1235955277300036e-08,,True,89.0,0.0,True
Patient#15,D:\Research\Multi-View Fusion Network\datasets\AJBDS-2023_extracted\AJBDS-2023\Training\Patient#15\input\IMG-0004-00009.jpg,1.0,1.0,1.0,1.0,1.0,,True,0.0,0.0,False
Patient#15,D:\Research\Multi-View Fusion Network\datasets\AJBDS-2023_extracted\AJBDS-2023\Training\Patient#15\input\IMG-0004-00010.jpg,1.0,1.0,1.0,1.0,1.0,,True,0.0,0.0,False
Patient#15,D:\Research\Multi-View Fusion Network\datasets\AJBDS-2023_extracted\AJBDS-2023\Training\Patient#15\input\IMG-0004-00011.jpg,1.0,1.0,1.0,1.0,1.0,,True,0.0,0.0,False
Patient#15,D:\Research\Multi-View Fusion Network\datasets\AJBDS-2023_extracted\AJBDS-2023\Training\Patient#15\input\IMG-0004-00012.jpg,1.0,1.0,1.0,1.0,1.0,,True,0.0,0.0,False
Patient#15,D:\Research\Multi-View Fusion Network\datasets\AJBDS-2023_extracted\AJBDS-2023\Training\Patient#15\input\IMG-0004-00013.jpg,1.0,1.0,1.0,1.0,1.0,,True,0.0,0.0,False
Patient#15,D:\Research\Multi-View Fusion Network\datasets\AJBDS-2023_extracted\AJBDS-2023\Training\Patient#15\input\IMG-0004-00014.jpg,1.0,1.0,1.0,1.0,1.0,,True,0.0,0.0,False
Patient#15,D:\Research\Multi-View Fusion Network\datasets\AJBDS-2023_extracted\AJBDS-2023\Training\Patient#15\input\IMG-0004-00015.jpg,1.0,1.0,1.0,1.0,1.0,,True,0.0,0.0,False
Patient#15,D:\Research\Multi-View Fusion Network\datasets\AJBDS-2023_extracted\AJBDS-2023\Training\Patient#15\input\IMG-0004-00016.jpg,1.0,1.0,1.0,1.0,1.0,,True,0.0,0.0,False
Patient#15,D:\Research\Multi-View Fusion Network\datasets\AJBDS-2023_extracted\AJBDS-2023\Training\Patient#15\input\IMG-0004-00017.jpg,1.0,1.0,1.0,1.0,1.0,,True,0.0,0.0,False
Patient#15,D:\Research\Multi-View Fusion Network\datasets\AJBDS-2023_extracted\AJBDS-2023\Training\Patient#15\input\IMG-0004-00018.jpg,1.0,1.0,1.0,1.0,1.0,,True,0.0,0.0,False
Patient#15,D:\Research\Multi-View Fusion Network\datasets\AJBDS-2023_extracted\AJBDS-2023\Training\Patient#15\input\IMG-0004-00019.jpg,1.0,1.0,1.0,1.0,1.0,,True,0.0,0.0,False
Patient#15,D:\Research\Multi-View Fusion Network\datasets\AJBDS-2023_extracted\AJBDS-2023\Training\Patient#15\input\IMG-0004-00020.jpg,1.0,1.0,1.0,1.0,1.0,,True,0.0,0.0,False
Patient#15,D:\Research\Multi-View Fusion Network\datasets\AJBDS-2023_extracted\AJBDS-2023\Training\Patient#15\input\IMG-0005-00001.jpg,2.252252162548984e-09,2.252252162548984e-09,1.0,0.9911511540412904,2.252252162548984e-09,,True,444.0,0.0,True
Patient#15,D:\Research\Multi-View Fusion Network\datasets\AJBDS-2023_extracted\AJBDS-2023\Training\Patient#15\input\IMG-0005-00002.jpg,2.2727273396583314e-09,2.2727273396583314e-09,1.0,0.991230845451355,2.2727273396583314e-09,,True,440.0,0.0,True
Patient#15,D:\Research\Multi-View Fusion Network\datasets\AJBDS-2023_extracted\AJBDS-2023\Training\Patient#15\input\IMG-0005-00003.jpg,1.2755102529737883e-09,1.2755102529737883e-09,1.0,0.984375,1.2755102529737883e-09,,True,784.0,0.0,True
Patient#15,D:\Research\Multi-View Fusion Network\datasets\AJBDS-2023_extracted\AJBDS-2023\Training\Patient#15\input\IMG-0005-00004.jpg,1.0,1.0,1.0,1.0,1.0,,True,0.0,0.0,False
Patient#15,D:\Research\Multi-View Fusion Network\datasets\AJBDS-2023_extracted\AJBDS-2023\Training\Patient#15\input\IMG-0005-00009.jpg,1.0,1.0,1.0,1.0,1.0,,True,0.0,0.0,False
Patient#15,D:\Research\Multi-View Fusion Network\datasets\AJBDS-2023_extracted\AJBDS-2023\Training\Patient#15\input\IMG-0005-00010.jpg,1.0,1.0,1.0,1.0,1.0,,True,0.0,0.0,False
Patient#15,D:\Research\Multi-View Fusion Network\datasets\AJBDS-2023_extracted\AJBDS-2023\Training\Patient#15\input\IMG-0005-00011.jpg,1.3227513528946131e-09,1.3227513528946131e-09,1.0,0.9849330186843872,1.3227513528946131e-09,,True,756.0,0.0,True
Patient#15,D:\Research\Multi-View Fusion Network\datasets\AJBDS-2023_extracted\AJBDS-2023\Training\Patient#15\input\IMG-0005-00012.jpg,1.0,1.0,1.0,1.0,1.0,,True,0.0,0.0,False
Patient#15,D:\Research\Multi-View Fusion Network\datasets\AJBDS-2023_extracted\AJBDS-2023\Training\Patient#15\input\IMG-0005-00013.jpg,1.0,1.0,1.0,1.0,1.0,,True,0.0,0.0,False
Patient#15,D:\Research\Multi-View Fusion Network\datasets\AJBDS-2023_extracted\AJBDS-2023\Training\Patient#15\input\IMG-0005-00014.jpg,1.0,1.0,1.0,1.0,1.0,,True,0.0,0.0,False
Patient#15,D:\Research\Multi-View Fusion Network\datasets\AJBDS-2023_extracted\AJBDS-2023\Training\Patient#15\input\IMG-0005-00015.jpg,1.0,1.0,1.0,1.0,1.0,,True,0.0,0.0,False
Patient#15,D:\Research\Multi-View Fusion Network\datasets\AJBDS-2023_extracted\AJBDS-2023\Training\Patient#15\input\IMG-0005-00016.jpg,1.0,1.0,1.0,1.0,1.0,,True,0.0,0.0,False
Patient#15,D:\Research\Multi-View Fusion Network\datasets\AJBDS-2023_extracted\AJBDS-2023\Training\Patient#15\input\IMG-0005-00017.jpg,1.0,1.0,1.0,1.0,1.0,,True,0.0,0.0,False
Patient#15,D:\Research\Multi-View Fusion Network\datasets\AJBDS-2023_extracted\AJBDS-2023\Training\Patient#15\input\IMG-0005-00018.jpg,1.0,1.0,1.0,1.0,1.0,,True,0.0,0.0,False
Patient#15,D:\Research\Multi-View Fusion Network\datasets\AJBDS-2023_extracted\AJBDS-2023\Training\Patient#15\input\IMG-0005-00019.jpg,1.0,1.0,1.0,1.0,1.0,,True,0.0,0.0,False
Patient#15,D:\Research\Multi-View Fusion Network\datasets\AJBDS-2023_extracted\AJBDS-2023\Training\Patient#15\input\IMG-0005-00020.jpg,1.0,1.0,1.0,1.0,1.0,,True,0.0,0.0,False
Patient#15,D:\Research\Multi-View Fusion Network\datasets\AJBDS-2023_extracted\AJBDS-2023\Training\Patient#15\input\IMG-0005-00021.jpg,1.424501405722367e-09,1.424501405722367e-09,1.0,0.9860092401504515,1.424501405722367e-09,,True,702.0,0.0,True
Patient#15,D:\Research\Multi-View Fusion Network\datasets\AJBDS-2023_extracted\AJBDS-2023\Training\Patient#15\input\IMG-0005-00022.jpg,1.587301667882457e-08,1.587301667882457e-08,1.0,0.9987444281578064,1.587301667882457e-08,,True,63.0,0.0,True
Patient#15,D:\Research\Multi-View Fusion Network\datasets\AJBDS-2023_extracted\AJBDS-2023\Training\Patient#15\input\IMG-0005-00023.jpg,1.6977929062633732e-09,1.6977929062633732e-09,1.0,0.988261342048645,1.6977929062633732e-09,,True,589.0,0.0,True
Patient#15,D:\Research\Multi-View Fusion Network\datasets\AJBDS-2023_extracted\AJBDS-2023\Training\Patient#15\input\IMG-0005-00028.jpg,1.0,1.0,1.0,1.0,1.0,,True,0.0,0.0,False
Patient#15,D:\Research\Multi-View Fusion Network\datasets\AJBDS-2023_extracted\AJBDS-2023\Training\Patient#15\input\IMG-0005-00029.jpg,1.0,1.0,1.0,1.0,1.0,,True,0.0,0.0,False
Patient#15,D:\Research\Multi-View Fusion Network\datasets\AJBDS-2023_extracted\AJBDS-2023\Training\Patient#15\input\IMG-0005-00030.jpg,1.0,1.0,1.0,1.0,1.0,,True,0.0,0.0,False
Patient#15,D:\Research\Multi-View Fusion Network\datasets\AJBDS-2023_extracted\AJBDS-2023\Training\Patient#15\input\IMG-0005-00031.jpg,1.0,1.0,1.0,1.0,1.0,,True,0.0,0.0,False
Patient#15,D:\Research\Multi-View Fusion Network\datasets\AJBDS-2023_extracted\AJBDS-2023\Training\Patient#15\input\IMG-0005-00032.jpg,1.0,1.0,1.0,1.0,1.0,,True,0.0,0.0,False
Patient#15,D:\Research\Multi-View Fusion Network\datasets\AJBDS-2023_extracted\AJBDS-2023\Training\Patient#15\input\IMG-0005-00033.jpg,1.0,1.0,1.0,1.0,1.0,,True,0.0,0.0,False
Patient#15,D:\Research\Multi-View Fusion Network\datasets\AJBDS-2023_extracted\AJBDS-2023\Training\Patient#15\input\IMG-0005-00034.jpg,1.0,1.0,1.0,1.0,1.0,,True,0.0,0.0,False
Patient#15,D:\Research\Multi-View Fusion Network\datasets\AJBDS-2023_extracted\AJBDS-2023\Training\Patient#15\input\IMG-0005-00035.jpg,1.0,1.0,1.0,1.0,1.0,,True,0.0,0.0,False
Patient#15,D:\Research\Multi-View Fusion Network\datasets\AJBDS-2023_extracted\AJBDS-2023\Training\Patient#15\input\IMG-0005-00036.jpg,1.0,1.0,1.0,1.0,1.0,,True,0.0,0.0,False
Patient#15,D:\Research\Multi-View Fusion Network\datasets\AJBDS-2023_extracted\AJBDS-2023\Training\Patient#15\input\IMG-0005-00037.jpg,1.0,1.0,1.0,1.0,1.0,,True,0.0,0.0,False
Patient#15,D:\Research\Multi-View Fusion Network\datasets\AJBDS-2023_extracted\AJBDS-2023\Training\Patient#15\input\IMG-0005-00038.jpg,1.0,1.0,1.0,1.0,1.0,,True,0.0,0.0,False
Patient#15,D:\Research\Multi-View Fusion Network\datasets\AJBDS-2023_extracted\AJBDS-2023\Training\Patient#15\input\IMG-0005-00039.jpg,1.0,1.0,1.0,1.0,1.0,,True,0.0,0.0,False
Patient#15,D:\Research\Multi-View Fusion Network\datasets\AJBDS-2023_extracted\AJBDS-2023\Training\Patient#15\input\IMG-0005-00040.jpg,3.5186487057359267e-10,3.5186487057359267e-10,1.0,0.943359375,3.5186487057359267e-10,,True,2842.0,0.0,True
Patient#15,D:\Research\Multi-View Fusion Network\datasets\AJBDS-2023_extracted\AJBDS-2023\Training\Patient#15\input\IMG-0006-00001.jpg,1.0,1.0,1.0,1.0,1.0,,True,0.0,0.0,False
Patient#15,D:\Research\Multi-View Fusion Network\datasets\AJBDS-2023_extracted\AJBDS-2023\Training\Patient#15\input\IMG-0006-00002.jpg,1.5527950036897662e-09,1.5527950036897662e-09,1.0,0.9871651530265808,1.5527950036897662e-09,,True,644.0,0.0,True
Patient#15,D:\Research\Multi-View Fusion Network\datasets\AJBDS-2023_extracted\AJBDS-2023\Training\Patient#15\input\IMG-0006-00003.jpg,1.353180012486632e-09,1.353180012486632e-09,1.0,0.9852718710899352,1.353180012486632e-09,,True,739.0,0.0,True
Patient#15,D:\Research\Multi-View Fusion Network\datasets\AJBDS-2023_extracted\AJBDS-2023\Training\Patient#15\input\IMG-0006-00004.jpg,3.333333387089965e-09,3.333333387089965e-09,1.0,0.9940210580825806,3.333333387089965e-09,,True,300.0,0.0,True
Patient#15,D:\Research\Multi-View Fusion Network\datasets\AJBDS-2023_extracted\AJBDS-2023\Training\Patient#15\input\IMG-0006-00009.jpg,4.5977011087217074e-10,4.5977011087217074e-10,1.0,0.956652581691742,4.5977011087217074e-10,,True,2175.0,0.0,True
Patient#15,D:\Research\Multi-View Fusion Network\datasets\AJBDS-2023_extracted\AJBDS-2023\Training\Patient#15\input\IMG-0006-00010.jpg,1.0,1.0,1.0,1.0,1.0,,True,0.0,0.0,False
Patient#15,D:\Research\Multi-View Fusion Network\datasets\AJBDS-2023_extracted\AJBDS-2023\Training\Patient#15\input\IMG-0006-00011.jpg,1.2515644076671604e-09,1.2515644076671604e-09,1.0,0.9840760231018066,1.2515644076671604e-09,,True,799.0,0.0,True
Patient#15,D:\Research\Multi-View Fusion Network\datasets\AJBDS-2023_extracted\AJBDS-2023\Training\Patient#15\input\IMG-0006-00012.jpg,1.1223344476007924e-09,1.1223344476007924e-09,1.0,0.9822425246238708,1.1223344476007924e-09,,True,891.0,0.0,True
Patient#15,D:\Research\Multi-View Fusion Network\datasets\AJBDS-2023_extracted\AJBDS-2023\Training\Patient#15\input\IMG-0006-00013.jpg,1.1363636254202449e-08,1.1363636254202449e-08,1.0,0.9982461929321288,1.1363636254202449e-08,,True,88.0,0.0,True
Patient#15,D:\Research\Multi-View Fusion Network\datasets\AJBDS-2023_extracted\AJBDS-2023\Training\Patient#15\input\IMG-0006-00014.jpg,5.980861361720713e-10,5.980861361720713e-10,1.0,0.9666773080825806,5.980861361720713e-10,,True,1672.0,0.0,True
Patient#15,D:\Research\Multi-View Fusion Network\datasets\AJBDS-2023_extracted\AJBDS-2023\Training\Patient#15\input\IMG-0006-00015.jpg,3.184713381898518e-09,3.184713381898518e-09,1.0,0.993742048740387,3.184713381898518e-09,,True,314.0,0.0,True
Patient#15,D:\Research\Multi-View Fusion Network\datasets\AJBDS-2023_extracted\AJBDS-2023\Training\Patient#15\input\IMG-0006-00016.jpg,1.0,1.0,1.0,1.0,1.0,,True,0.0,0.0,False
Patient#15,D:\Research\Multi-View Fusion Network\datasets\AJBDS-2023_extracted\AJBDS-2023\Training\Patient#15\input\IMG-0006-00017.jpg,1.0,1.0,1.0,1.0,1.0,,True,0.0,0.0,False
Patient#15,D:\Research\Multi-View Fusion Network\datasets\AJBDS-2023_extracted\AJBDS-2023\Training\Patient#15\input\IMG-0006-00018.jpg,1.0,1.0,1.0,1.0,1.0,,True,0.0,0.0,False
Patient#15,D:\Research\Multi-View Fusion Network\datasets\AJBDS-2023_extracted\AJBDS-2023\Training\Patient#15\input\IMG-0006-00019.jpg,1.0,1.0,1.0,1.0,1.0,,True,0.0,0.0,False
Patient#15,D:\Research\Multi-View Fusion Network\datasets\AJBDS-2023_extracted\AJBDS-2023\Training\Patient#15\input\IMG-0006-00020.jpg,1.0,1.0,1.0,1.0,1.0,,True,0.0,0.0,False
Patient#15,D:\Research\Multi-View Fusion Network\datasets\AJBDS-2023_extracted\AJBDS-2023\Training\Patient#15\input\IMG-0007-00001.jpg,1.0,1.0,1.0,1.0,1.0,,True,0.0,0.0,False
Patient#15,D:\Research\Multi-View Fusion Network\datasets\AJBDS-2023_extracted\AJBDS-2023\Training\Patient#15\input\IMG-0007-00002.jpg,1.0,1.0,1.0,1.0,1.0,,True,0.0,0.0,False
Patient#15,D:\Research\Multi-View Fusion Network\datasets\AJBDS-2023_extracted\AJBDS-2023\Training\Patient#15\input\IMG-0007-00003.jpg,1.0,1.0,1.0,1.0,1.0,,True,0.0,0.0,False
Patient#15,D:\Research\Multi-View Fusion Network\datasets\AJBDS-2023_extracted\AJBDS-2023\Training\Patient#15\input\IMG-0007-00004.jpg,1.0,1.0,1.0,1.0,1.0,,True,0.0,0.0,False
Patient#15,D:\Research\Multi-View Fusion Network\datasets\AJBDS-2023_extracted\AJBDS-2023\Training\Patient#15\input\IMG-0007-00005.jpg,1.0,1.0,1.0,1.0,1.0,,True,0.0,0.0,False
Patient#15,D:\Research\Multi-View Fusion Network\datasets\AJBDS-2023_extracted\AJBDS-2023\Training\Patient#15\input\IMG-0007-00006.jpg,1.0,1.0,1.0,1.0,1.0,,True,0.0,0.0,False
Patient#15,D:\Research\Multi-View Fusion Network\datasets\AJBDS-2023_extracted\AJBDS-2023\Training\Patient#15\input\IMG-0007-00007.jpg,1.0,1.0,1.0,1.0,1.0,,True,0.0,0.0,False
Patient#15,D:\Research\Multi-View Fusion Network\datasets\AJBDS-2023_extracted\AJBDS-2023\Training\Patient#15\input\IMG-0007-00008.jpg,1.763668433518717e-09,1.763668433518717e-09,1.0,0.9886997938156128,1.763668433518717e-09,,True,567.0,0.0,True
Patient#15,D:\Research\Multi-View Fusion Network\datasets\AJBDS-2023_extracted\AJBDS-2023\Training\Patient#15\input\IMG-0007-00009.jpg,1.4064697184679176e-09,1.4064697184679176e-09,1.0,0.9858298897743224,1.4064697184679176e-09,,True,711.0,0.0,True
Patient#15,D:\Research\Multi-View Fusion Network\datasets\AJBDS-2023_extracted\AJBDS-2023\Training\Patient#15\input\IMG-0007-00010.jpg,2.3419204353558602e-09,2.3419204353558602e-09,1.0,0.9914899468421936,2.3419204353558602e-09,,True,427.0,0.0,True
Patient#15,D:\Research\Multi-View Fusion Network\datasets\AJBDS-2023_extracted\AJBDS-2023\Training\Patient#15\input\IMG-0007-00011.jpg,1.0,1.0,1.0,1.0,1.0,,True,0.0,0.0,False
Patient#15,D:\Research\Multi-View Fusion Network\datasets\AJBDS-2023_extracted\AJBDS-2023\Training\Patient#15\input\IMG-0007-00012.jpg,8.771929849160642e-09,8.771929849160642e-09,1.0,0.9977279901504515,8.771929849160642e-09,,True,114.0,0.0,True
Patient#15,D:\Research\Multi-View Fusion Network\datasets\AJBDS-2023_extracted\AJBDS-2023\Training\Patient#15\input\IMG-0007-00013.jpg,1.8281535174580201e-09,1.8281535174580201e-09,1.0,0.9890983700752258,1.8281535174580201e-09,,True,547.0,0.0,True
Patient#15,D:\Research\Multi-View Fusion Network\datasets\AJBDS-2023_extracted\AJBDS-2023\Training\Patient#15\input\IMG-0007-00018.jpg,1.0,1.0,1.0,1.0,1.0,,True,0.0,0.0,False
Patient#15,D:\Research\Multi-View Fusion Network\datasets\AJBDS-2023_extracted\AJBDS-2023\Training\Patient#15\input\IMG-0007-00019.jpg,1.0,1.0,1.0,1.0,1.0,,True,0.0,0.0,False
Patient#15,D:\Research\Multi-View Fusion Network\datasets\AJBDS-2023_extracted\AJBDS-2023\Training\Patient#15\input\IMG-0007-00020.jpg,1.0,1.0,1.0,1.0,1.0,,True,0.0,0.0,False
Patient#15,D:\Research\Multi-View Fusion Network\datasets\AJBDS-2023_extracted\AJBDS-2023\Training\Patient#15\input\IMG-0007-00021.jpg,1.0,1.0,1.0,1.0,1.0,,True,0.0,0.0,False
Patient#15,D:\Research\Multi-View Fusion Network\datasets\AJBDS-2023_extracted\AJBDS-2023\Training\Patient#15\input\IMG-0007-00022.jpg,1.0,1.0,1.0,1.0,1.0,,True,0.0,0.0,False
Patient#15,D:\Research\Multi-View Fusion Network\datasets\AJBDS-2023_extracted\AJBDS-2023\Training\Patient#15\input\IMG-0007-00023.jpg,1.2562814122318855e-09,1.2562814122318855e-09,1.0,0.9841358661651612,1.2562814122318855e-09,,True,796.0,0.0,True
Patient#15,D:\Research\Multi-View Fusion Network\datasets\AJBDS-2023_extracted\AJBDS-2023\Training\Patient#15\input\IMG-0007-00024.jpg,4.63606847356246e-10,4.63606847356246e-10,1.0,0.957011342048645,4.63606847356246e-10,,True,2157.0,0.0,True
Patient#15,D:\Research\Multi-View Fusion Network\datasets\AJBDS-2023_extracted\AJBDS-2023\Training\Patient#15\input\IMG-0008-00001.jpg,1.0,1.0,1.0,1.0,1.0,,True,0.0,0.0,False
Patient#15,D:\Research\Multi-View Fusion Network\datasets\AJBDS-2023_extracted\AJBDS-2023\Training\Patient#15\input\IMG-0008-00002.jpg,1.0,1.0,1.0,1.0,1.0,,True,0.0,0.0,False
Patient#15,D:\Research\Multi-View Fusion Network\datasets\AJBDS-2023_extracted\AJBDS-2023\Training\Patient#15\input\IMG-0008-00003.jpg,1.0,1.0,1.0,1.0,1.0,,True,0.0,0.0,False
Patient#15,D:\Research\Multi-View Fusion Network\datasets\AJBDS-2023_extracted\AJBDS-2023\Training\Patient#15\input\IMG-0008-00004.jpg,1.0,1.0,1.0,1.0,1.0,,True,0.0,0.0,False
Patient#15,D:\Research\Multi-View Fusion Network\datasets\AJBDS-2023_extracted\AJBDS-2023\Training\Patient#15\input\IMG-0008-00005.jpg,1.0,1.0,1.0,1.0,1.0,,True,0.0,0.0,False
Patient#15,D:\Research\Multi-View Fusion Network\datasets\AJBDS-2023_extracted\AJBDS-2023\Training\Patient#15\input\IMG-0008-00006.jpg,1.0,1.0,1.0,1.0,1.0,,True,0.0,0.0,False
Patient#15,D:\Research\Multi-View Fusion Network\datasets\AJBDS-2023_extracted\AJBDS-2023\Training\Patient#15\input\IMG-0008-00007.jpg,1.8348623731512246e-09,1.8348623731512246e-09,1.0,0.9891382455825806,1.8348623731512246e-09,,True,545.0,0.0,True
Patient#15,D:\Research\Multi-View Fusion Network\datasets\AJBDS-2023_extracted\AJBDS-2023\Training\Patient#15\input\IMG-0008-00008.jpg,1.0,1.0,1.0,1.0,1.0,,True,0.0,0.0,False
Patient#15,D:\Research\Multi-View Fusion Network\datasets\AJBDS-2023_extracted\AJBDS-2023\Training\Patient#15\input\IMG-0008-00015.jpg,1.0,1.0,1.0,1.0,1.0,,True,0.0,0.0,False
Patient#15,D:\Research\Multi-View Fusion Network\datasets\AJBDS-2023_extracted\AJBDS-2023\Training\Patient#15\input\IMG-0008-00016.jpg,1.0,1.0,1.0,1.0,1.0,,True,0.0,0.0,False
Patient#15,D:\Research\Multi-View Fusion Network\datasets\AJBDS-2023_extracted\AJBDS-2023\Training\Patient#15\input\IMG-0008-00017.jpg,1.0,1.0,1.0,1.0,1.0,,True,0.0,0.0,False
Patient#15,D:\Research\Multi-View Fusion Network\datasets\AJBDS-2023_extracted\AJBDS-2023\Training\Patient#15\input\IMG-0008-00018.jpg,1.0,1.0,1.0,1.0,1.0,,True,0.0,0.0,False
Patient#15,D:\Research\Multi-View Fusion Network\datasets\AJBDS-2023_extracted\AJBDS-2023\Training\Patient#15\input\IMG-0008-00019.jpg,1.0,1.0,1.0,1.0,1.0,,True,0.0,0.0,False
Patient#15,D:\Research\Multi-View Fusion Network\datasets\AJBDS-2023_extracted\AJBDS-2023\Training\Patient#15\input\IMG-0008-00020.jpg,1.9999995970465534e-07,1.9999995970465534e-07,1.0,0.9999003410339355,1.9999995970465534e-07,,True,5.0,0.0,True
Patient#15,D:\Research\Multi-View Fusion Network\datasets\AJBDS-2023_extracted\AJBDS-2023\Training\Patient#15\input\IMG-0009-00001.jpg,1.949317818272789e-09,1.949317818272789e-09,1.0,0.9897760152816772,1.949317818272789e-09,,True,513.0,0.0,True
Patient#15,D:\Research\Multi-View Fusion Network\datasets\AJBDS-2023_extracted\AJBDS-2023\Training\Patient#15\input\IMG-0009-00002.jpg,1.7761989656861486e-09,1.7761989656861486e-09,1.0,0.9887794852256776,1.7761989656861486e-09,,True,563.0,0.0,True
Patient#15,D:\Research\Multi-View Fusion Network\datasets\AJBDS-2023_extracted\AJBDS-2023\Training\Patient#15\input\IMG-0009-00003.jpg,1.650165004640769e-09,1.650165004640769e-09,1.0,0.9879224896430968,1.650165004640769e-09,,True,606.0,0.0,True
Patient#15,D:\Research\Multi-View Fusion Network\datasets\AJBDS-2023_extracted\AJBDS-2023\Training\Patient#15\input\IMG-0009-00004.jpg,1.547987626970837e-09,1.547987626970837e-09,1.0,0.9871253371238708,1.547987626970837e-09,,True,646.0,0.0,True
Patient#15,D:\Research\Multi-View Fusion Network\datasets\AJBDS-2023_extracted\AJBDS-2023\Training\Patient#15\input\IMG-0009-00005.jpg,1.0,1.0,1.0,1.0,1.0,,True,0.0,0.0,False
Patient#15,D:\Research\Multi-View Fusion Network\datasets\AJBDS-2023_extracted\AJBDS-2023\Training\Patient#15\input\IMG-0009-00006.jpg,1.0,1.0,1.0,1.0,1.0,,True,0.0,0.0,False
Patient#15,D:\Research\Multi-View Fusion Network\datasets\AJBDS-2023_extracted\AJBDS-2023\Training\Patient#15\input\IMG-0009-00032.jpg,1.0,1.0,1.0,1.0,1.0,,True,0.0,0.0,False
Patient#15,D:\Research\Multi-View Fusion Network\datasets\AJBDS-2023_extracted\AJBDS-2023\Training\Patient#15\input\IMG-0009-00033.jpg,1.0,1.0,1.0,1.0,1.0,,True,0.0,0.0,False
Patient#15,D:\Research\Multi-View Fusion Network\datasets\AJBDS-2023_extracted\AJBDS-2023\Training\Patient#15\input\IMG-0009-00034.jpg,1.0,1.0,1.0,1.0,1.0,,True,0.0,0.0,False
Patient#15,D:\Research\Multi-View Fusion Network\datasets\AJBDS-2023_extracted\AJBDS-2023\Training\Patient#15\input\IMG-0009-00035.jpg,1.0,1.0,1.0,1.0,1.0,,True,0.0,0.0,False
Patient#15,D:\Research\Multi-View Fusion Network\datasets\AJBDS-2023_extracted\AJBDS-2023\Training\Patient#15\input\IMG-0009-00036.jpg,1.0,1.0,1.0,1.0,1.0,,True,0.0,0.0,False
Patient#15,D:\Research\Multi-View Fusion Network\datasets\AJBDS-2023_extracted\AJBDS-2023\Training\Patient#15\input\IMG-0009-00037.jpg,1.0,1.0,1.0,1.0,1.0,,True,0.0,0.0,False
Patient#15,D:\Research\Multi-View Fusion Network\datasets\AJBDS-2023_extracted\AJBDS-2023\Training\Patient#15\input\IMG-0009-00038.jpg,1.0,1.0,1.0,1.0,1.0,,True,0.0,0.0,False
Patient#15,D:\Research\Multi-View Fusion Network\datasets\AJBDS-2023_extracted\AJBDS-2023\Training\Patient#15\input\IMG-0009-00039.jpg,1.0,1.0,1.0,1.0,1.0,,True,0.0,0.0,False
Patient#15,D:\Research\Multi-View Fusion Network\datasets\AJBDS-2023_extracted\AJBDS-2023\Training\Patient#15\input\IMG-0009-00040.jpg,1.0,1.0,1.0,1.0,1.0,,True,0.0,0.0,False
Patient#15,D:\Research\Multi-View Fusion Network\datasets\AJBDS-2023_extracted\AJBDS-2023\Training\Patient#15\input\IMG-0009-00041.jpg,1.0,1.0,1.0,1.0,1.0,,True,0.0,0.0,False
Patient#15,D:\Research\Multi-View Fusion Network\datasets\AJBDS-2023_extracted\AJBDS-2023\Training\Patient#15\input\IMG-0009-00042.jpg,1.0,1.0,1.0,1.0,1.0,,True,0.0,0.0,False
Patient#15,D:\Research\Multi-View Fusion Network\datasets\AJBDS-2023_extracted\AJBDS-2023\Training\Patient#15\input\IMG-0009-00043.jpg,1.0,1.0,1.0,1.0,1.0,,True,0.0,0.0,False
Patient#15,D:\Research\Multi-View Fusion Network\datasets\AJBDS-2023_extracted\AJBDS-2023\Training\Patient#15\input\IMG-0009-00044.jpg,1.0,1.0,1.0,1.0,1.0,,True,0.0,0.0,False
Patient#15,D:\Research\Multi-View Fusion Network\datasets\AJBDS-2023_extracted\AJBDS-2023\Training\Patient#15\input\IMG-0009-00045.jpg,1.0,1.0,1.0,1.0,1.0,,True,0.0,0.0,False
Patient#15,D:\Research\Multi-View Fusion Network\datasets\AJBDS-2023_extracted\AJBDS-2023\Training\Patient#15\input\IMG-0009-00046.jpg,1.0,1.0,1.0,1.0,1.0,,True,0.0,0.0,False
Patient#15,D:\Research\Multi-View Fusion Network\datasets\AJBDS-2023_extracted\AJBDS-2023\Training\Patient#15\input\IMG-0009-00047.jpg,1.0,1.0,1.0,1.0,1.0,,True,0.0,0.0,False
Patient#15,D:\Research\Multi-View Fusion Network\datasets\AJBDS-2023_extracted\AJBDS-2023\Training\Patient#15\input\IMG-0009-00048.jpg,1.0,1.0,1.0,1.0,1.0,,True,0.0,0.0,False
Patient#15,D:\Research\Multi-View Fusion Network\datasets\AJBDS-2023_extracted\AJBDS-2023\Training\Patient#15\input\IMG-0009-00049.jpg,1.0,1.0,1.0,1.0,1.0,,True,0.0,0.0,False
Patient#15,D:\Research\Multi-View Fusion Network\datasets\AJBDS-2023_extracted\AJBDS-2023\Training\Patient#15\input\IMG-0009-00050.jpg,1.0,1.0,1.0,1.0,1.0,,True,0.0,0.0,False
Patient#15,D:\Research\Multi-View Fusion Network\datasets\AJBDS-2023_extracted\AJBDS-2023\Training\Patient#15\input\IMG-0009-00051.jpg,1.0,1.0,1.0,1.0,1.0,,True,0.0,0.0,False
Patient#15,D:\Research\Multi-View Fusion Network\datasets\AJBDS-2023_extracted\AJBDS-2023\Training\Patient#15\input\IMG-0009-00052.jpg,1.0,1.0,1.0,1.0,1.0,,True,0.0,0.0,False
Patient#15,D:\Research\Multi-View Fusion Network\datasets\AJBDS-2023_extracted\AJBDS-2023\Training\Patient#15\input\IMG-0009-00053.jpg,1.0,1.0,1.0,1.0,1.0,,True,0.0,0.0,False
Patient#15,D:\Research\Multi-View Fusion Network\datasets\AJBDS-2023_extracted\AJBDS-2023\Training\Patient#15\input\IMG-0009-00054.jpg,1.0,1.0,1.0,1.0,1.0,,True,0.0,0.0,False
Patient#15,D:\Research\Multi-View Fusion Network\datasets\AJBDS-2023_extracted\AJBDS-2023\Training\Patient#15\input\IMG-0009-00055.jpg,1.0,1.0,1.0,1.0,1.0,,True,0.0,0.0,False
Patient#15,D:\Research\Multi-View Fusion Network\datasets\AJBDS-2023_extracted\AJBDS-2023\Training\Patient#15\input\IMG-0009-00056.jpg,1.0,1.0,1.0,1.0,1.0,,True,0.0,0.0,False
Patient#15,D:\Research\Multi-View Fusion Network\datasets\AJBDS-2023_extracted\AJBDS-2023\Training\Patient#15\input\IMG-0009-00057.jpg,1.0,1.0,1.0,1.0,1.0,,True,0.0,0.0,False
Patient#15,D:\Research\Multi-View Fusion Network\datasets\AJBDS-2023_extracted\AJBDS-2023\Training\Patient#15\input\IMG-0009-00058.jpg,1.0,1.0,1.0,1.0,1.0,,True,0.0,0.0,False
Patient#15,D:\Research\Multi-View Fusion Network\datasets\AJBDS-2023_extracted\AJBDS-2023\Training\Patient#15\input\IMG-0009-00059.jpg,1.0,1.0,1.0,1.0,1.0,,True,0.0,0.0,False
Patient#15,D:\Research\Multi-View Fusion Network\datasets\AJBDS-2023_extracted\AJBDS-2023\Training\Patient#15\input\IMG-0009-00060.jpg,1.0,1.0,1.0,1.0,1.0,,True,0.0,0.0,False
Patient#15,D:\Research\Multi-View Fusion Network\datasets\AJBDS-2023_extracted\AJBDS-2023\Training\Patient#15\input\IMG-0009-00061.jpg,1.0,1.0,1.0,1.0,1.0,,True,0.0,0.0,False
Patient#15,D:\Research\Multi-View Fusion Network\datasets\AJBDS-2023_extracted\AJBDS-2023\Training\Patient#15\input\IMG-0009-00062.jpg,1.0,1.0,1.0,1.0,1.0,,True,0.0,0.0,False
Patient#15,D:\Research\Multi-View Fusion Network\datasets\AJBDS-2023_extracted\AJBDS-2023\Training\Patient#15\input\IMG-0009-00063.jpg,1.0,1.0,1.0,1.0,1.0,,True,0.0,0.0,False
Patient#15,D:\Research\Multi-View Fusion Network\datasets\AJBDS-2023_extracted\AJBDS-2023\Training\Patient#15\input\IMG-0009-00064.jpg,1.0,1.0,1.0,1.0,1.0,,True,0.0,0.0,False
Patient#15,D:\Research\Multi-View Fusion Network\datasets\AJBDS-2023_extracted\AJBDS-2023\Training\Patient#15\input\IMG-0009-00065.jpg,1.0,1.0,1.0,1.0,1.0,,True,0.0,0.0,False
Patient#15,D:\Research\Multi-View Fusion Network\datasets\AJBDS-2023_extracted\AJBDS-2023\Training\Patient#15\input\IMG-0009-00066.jpg,1.0,1.0,1.0,1.0,1.0,,True,0.0,0.0,False
Patient#15,D:\Research\Multi-View Fusion Network\datasets\AJBDS-2023_extracted\AJBDS-2023\Training\Patient#15\input\IMG-0009-00067.jpg,1.0,1.0,1.0,1.0,1.0,,True,0.0,0.0,False
Patient#15,D:\Research\Multi-View Fusion Network\datasets\AJBDS-2023_extracted\AJBDS-2023\Training\Patient#15\input\IMG-0009-00068.jpg,1.0,1.0,1.0,1.0,1.0,,True,0.0,0.0,False
Patient#15,D:\Research\Multi-View Fusion Network\datasets\AJBDS-2023_extracted\AJBDS-2023\Training\Patient#15\input\IMG-0009-00069.jpg,1.0,1.0,1.0,1.0,1.0,,True,0.0,0.0,False
Patient#15,D:\Research\Multi-View Fusion Network\datasets\AJBDS-2023_extracted\AJBDS-2023\Training\Patient#15\input\IMG-0009-00070.jpg,1.0,1.0,1.0,1.0,1.0,,True,0.0,0.0,False
Patient#15,D:\Research\Multi-View Fusion Network\datasets\AJBDS-2023_extracted\AJBDS-2023\Training\Patient#15\input\IMG-0009-00071.jpg,1.0,1.0,1.0,1.0,1.0,,True,0.0,0.0,False
Patient#15,D:\Research\Multi-View Fusion Network\datasets\AJBDS-2023_extracted\AJBDS-2023\Training\Patient#15\input\IMG-0009-00072.jpg,1.0,1.0,1.0,1.0,1.0,,True,0.0,0.0,False
Patient#15,D:\Research\Multi-View Fusion Network\datasets\AJBDS-2023_extracted\AJBDS-2023\Training\Patient#15\input\IMG-0010-00001.jpg,1.0,1.0,1.0,1.0,1.0,,True,0.0,0.0,False
Patient#15,D:\Research\Multi-View Fusion Network\datasets\AJBDS-2023_extracted\AJBDS-2023\Training\Patient#15\input\IMG-0010-00002.jpg,1.0,1.0,1.0,1.0,1.0,,True,0.0,0.0,False
Patient#15,D:\Research\Multi-View Fusion Network\datasets\AJBDS-2023_extracted\AJBDS-2023\Training\Patient#15\input\IMG-0010-00003.jpg,1.501501478706757e-09,1.501501478706757e-09,1.0,0.986726701259613,1.501501478706757e-09,,True,666.0,0.0,True
Patient#15,D:\Research\Multi-View Fusion Network\datasets\AJBDS-2023_extracted\AJBDS-2023\Training\Patient#15\input\IMG-0010-00007.jpg,3.745318277736942e-09,3.745318277736942e-09,1.0,0.9946787357330322,3.745318277736942e-09,,True,267.0,0.0,True
Patient#15,D:\Research\Multi-View Fusion Network\datasets\AJBDS-2023_extracted\AJBDS-2023\Training\Patient#15\input\IMG-0010-00008.jpg,4.385964924580321e-09,4.385964924580321e-09,1.0,0.9954559803009032,4.385964924580321e-09,,True,228.0,0.0,True
Patient#15,D:\Research\Multi-View Fusion Network\datasets\AJBDS-2023_extracted\AJBDS-2023\Training\Patient#15\input\IMG-0010-00009.jpg,1.0,1.0,1.0,1.0,1.0,,True,0.0,0.0,False
Patient#15,D:\Research\Multi-View Fusion Network\datasets\AJBDS-2023_extracted\AJBDS-2023\Training\Patient#15\input\IMG-0010-00010.jpg,1.0,1.0,1.0,1.0,1.0,,True,0.0,0.0,False
Patient#15,D:\Research\Multi-View Fusion Network\datasets\AJBDS-2023_extracted\AJBDS-2023\Training\Patient#15\input\IMG-0010-00011.jpg,1.0,1.0,1.0,1.0,1.0,,True,0.0,0.0,False
Patient#15,D:\Research\Multi-View Fusion Network\datasets\AJBDS-2023_extracted\AJBDS-2023\Training\Patient#15\input\IMG-0010-00012.jpg,1.0,1.0,1.0,1.0,1.0,,True,0.0,0.0,False
Patient#15,D:\Research\Multi-View Fusion Network\datasets\AJBDS-2023_extracted\AJBDS-2023\Training\Patient#15\input\IMG-0010-00013.jpg,1.0,1.0,1.0,1.0,1.0,,True,0.0,0.0,False
Patient#15,D:\Research\Multi-View Fusion Network\datasets\AJBDS-2023_extracted\AJBDS-2023\Training\Patient#15\input\IMG-0010-00014.jpg,1.0,1.0,1.0,1.0,1.0,,True,0.0,0.0,False
Patient#15,D:\Research\Multi-View Fusion Network\datasets\AJBDS-2023_extracted\AJBDS-2023\Training\Patient#15\input\IMG-0010-00015.jpg,1.0,1.0,1.0,1.0,1.0,,True,0.0,0.0,False
Patient#15,D:\Research\Multi-View Fusion Network\datasets\AJBDS-2023_extracted\AJBDS-2023\Training\Patient#15\input\IMG-0010-00016.jpg,2.7700830518284647e-09,2.7700830518284647e-09,1.0,0.9928053021430968,2.7700830518284647e-09,,True,361.0,0.0,True
Patient#15,D:\Research\Multi-View Fusion Network\datasets\AJBDS-2023_extracted\AJBDS-2023\Training\Patient#15\input\IMG-0010-00017.jpg,1.0,1.0,1.0,1.0,1.0,,True,0.0,0.0,False
Patient#15,D:\Research\Multi-View Fusion Network\datasets\AJBDS-2023_extracted\AJBDS-2023\Training\Patient#15\input\IMG-0010-00018.jpg,4.405286357922478e-09,4.405286357922478e-09,1.0,0.9954759478569032,4.405286357922478e-09,,True,227.0,0.0,True
Patient#15,D:\Research\Multi-View Fusion Network\datasets\AJBDS-2023_extracted\AJBDS-2023\Training\Patient#15\input\IMG-0010-00019.jpg,1.0,1.0,1.0,1.0,1.0,,True,0.0,0.0,False
Patient#15,D:\Research\Multi-View Fusion Network\datasets\AJBDS-2023_extracted\AJBDS-2023\Training\Patient#15\input\IMG-0010-00020.jpg,1.0,1.0,1.0,1.0,1.0,,True,0.0,0.0,False
Patient#15,D:\Research\Multi-View Fusion Network\datasets\AJBDS-2023_extracted\AJBDS-2023\Training\Patient#15\input\IMG-0011-00001.jpg,1.0,1.0,1.0,1.0,1.0,,True,0.0,0.0,False
Patient#15,D:\Research\Multi-View Fusion Network\datasets\AJBDS-2023_extracted\AJBDS-2023\Training\Patient#15\input\IMG-0011-00002.jpg,1.0,1.0,1.0,1.0,1.0,,True,0.0,0.0,False
Patient#15,D:\Research\Multi-View Fusion Network\datasets\AJBDS-2023_extracted\AJBDS-2023\Training\Patient#15\input\IMG-0011-00003.jpg,7.751937758371241e-09,7.751937758371241e-09,1.0,0.9974290728569032,7.751937758371241e-09,,True,129.0,0.0,True
Patient#15,D:\Research\Multi-View Fusion Network\datasets\AJBDS-2023_extracted\AJBDS-2023\Training\Patient#15\input\IMG-0011-00004.jpg,1.0,1.0,1.0,1.0,1.0,,True,0.0,0.0,False
Patient#15,D:\Research\Multi-View Fusion Network\datasets\AJBDS-2023_extracted\AJBDS-2023\Training\Patient#15\input\IMG-0011-00005.jpg,1.0,1.0,1.0,1.0,1.0,,True,0.0,0.0,False
Patient#15,D:\Research\Multi-View Fusion Network\datasets\AJBDS-2023_extracted\AJBDS-2023\Training\Patient#15\input\IMG-0011-00006.jpg,1.0,1.0,1.0,1.0,1.0,,True,0.0,0.0,False
Patient#15,D:\Research\Multi-View Fusion Network\datasets\AJBDS-2023_extracted\AJBDS-2023\Training\Patient#15\input\IMG-0011-00007.jpg,2.105263074980712e-09,2.105263074980712e-09,1.0,0.9905333518981934,2.105263074980712e-09,,True,475.0,0.0,True
Patient#15,D:\Research\Multi-View Fusion Network\datasets\AJBDS-2023_extracted\AJBDS-2023\Training\Patient#15\input\IMG-0011-00008.jpg,1.0,1.0,1.0,1.0,1.0,,True,0.0,0.0,False
Patient#15,D:\Research\Multi-View Fusion Network\datasets\AJBDS-2023_extracted\AJBDS-2023\Training\Patient#15\input\IMG-0011-00015.jpg,1.0,1.0,1.0,1.0,1.0,,True,0.0,0.0,False
Patient#15,D:\Research\Multi-View Fusion Network\datasets\AJBDS-2023_extracted\AJBDS-2023\Training\Patient#15\input\IMG-0011-00016.jpg,1.0,1.0,1.0,1.0,1.0,,True,0.0,0.0,False
Patient#15,D:\Research\Multi-View Fusion Network\datasets\AJBDS-2023_extracted\AJBDS-2023\Training\Patient#15\input\IMG-0011-00017.jpg,1.0,1.0,1.0,1.0,1.0,,True,0.0,0.0,False
Patient#15,D:\Research\Multi-View Fusion Network\datasets\AJBDS-2023_extracted\AJBDS-2023\Training\Patient#15\input\IMG-0011-00018.jpg,1.724137987935137e-08,1.724137987935137e-08,1.0,0.9988440871238708,1.724137987935137e-08,,True,58.0,0.0,True
Patient#15,D:\Research\Multi-View Fusion Network\datasets\AJBDS-2023_extracted\AJBDS-2023\Training\Patient#15\input\IMG-0011-00019.jpg,1.0638298242326982e-08,1.0638298242326982e-08,1.0,0.9981265664100648,1.0638298242326982e-08,,True,94.0,0.0,True
Patient#15,D:\Research\Multi-View Fusion Network\datasets\AJBDS-2023_extracted\AJBDS-2023\Training\Patient#15\input\IMG-0011-00020.jpg,3.448275620598906e-08,3.448275620598906e-08,1.0,0.999422013759613,3.448275620598906e-08,,True,29.0,0.0,True
Patient#15,D:\Research\Multi-View Fusion Network\datasets\AJBDS-2023_extracted\AJBDS-2023\Training\Patient#15\input\IMG-0012-00001.jpg,1.0,1.0,1.0,1.0,1.0,,True,0.0,0.0,False
Patient#15,D:\Research\Multi-View Fusion Network\datasets\AJBDS-2023_extracted\AJBDS-2023\Training\Patient#15\input\IMG-0012-00002.jpg,1.0,1.0,1.0,1.0,1.0,,True,0.0,0.0,False
Patient#15,D:\Research\Multi-View Fusion Network\datasets\AJBDS-2023_extracted\AJBDS-2023\Training\Patient#15\input\IMG-0012-00003.jpg,1.0,1.0,1.0,1.0,1.0,,True,0.0,0.0,False
Patient#15,D:\Research\Multi-View Fusion Network\datasets\AJBDS-2023_extracted\AJBDS-2023\Training\Patient#15\input\IMG-0012-00004.jpg,1.0,1.0,1.0,1.0,1.0,,True,0.0,0.0,False
Patient#15,D:\Research\Multi-View Fusion Network\datasets\AJBDS-2023_extracted\AJBDS-2023\Training\Patient#15\input\IMG-0012-00005.jpg,1.0,1.0,1.0,1.0,1.0,,True,0.0,0.0,False
Patient#15,D:\Research\Multi-View Fusion Network\datasets\AJBDS-2023_extracted\AJBDS-2023\Training\Patient#15\input\IMG-0012-00006.jpg,1.0,1.0,1.0,1.0,1.0,,True,0.0,0.0,False
Patient#15,D:\Research\Multi-View Fusion Network\datasets\AJBDS-2023_extracted\AJBDS-2023\Training\Patient#15\input\IMG-0012-00007.jpg,5.3763442586785e-09,5.3763442586785e-09,1.0,0.9962930679321288,5.3763442586785e-09,,True,186.0,0.0,True
Patient#15,D:\Research\Multi-View Fusion Network\datasets\AJBDS-2023_extracted\AJBDS-2023\Training\Patient#15\input\IMG-0012-00008.jpg,1.7825312337294006e-09,1.7825312337294006e-09,1.0,0.9888193607330322,1.7825312337294006e-09,,True,561.0,0.0,True
Patient#15,D:\Research\Multi-View Fusion Network\datasets\AJBDS-2023_extracted\AJBDS-2023\Training\Patient#15\input\IMG-0012-00009.jpg,1.0,1.0,1.0,1.0,1.0,,True,0.0,0.0,False
Patient#15,D:\Research\Multi-View Fusion Network\datasets\AJBDS-2023_extracted\AJBDS-2023\Training\Patient#15\input\IMG-0012-00010.jpg,1.0,1.0,1.0,1.0,1.0,,True,0.0,0.0,False
Patient#15,D:\Research\Multi-View Fusion Network\datasets\AJBDS-2023_extracted\AJBDS-2023\Training\Patient#15\input\IMG-0012-00011.jpg,1.0,1.0,1.0,1.0,1.0,,True,0.0,0.0,False
Patient#15,D:\Research\Multi-View Fusion Network\datasets\AJBDS-2023_extracted\AJBDS-2023\Training\Patient#15\input\IMG-0012-00012.jpg,1.0,1.0,1.0,1.0,1.0,,True,0.0,0.0,False
Patient#15,D:\Research\Multi-View Fusion Network\datasets\AJBDS-2023_extracted\AJBDS-2023\Training\Patient#15\input\IMG-0012-00013.jpg,6.249999273677531e-08,6.249999273677531e-08,1.0,0.9996811151504515,6.249999273677531e-08,,True,16.0,0.0,True
Patient#15,D:\Research\Multi-View Fusion Network\datasets\AJBDS-2023_extracted\AJBDS-2023\Training\Patient#15\input\IMG-0012-00018.jpg,1.0,1.0,1.0,1.0,1.0,,True,0.0,0.0,False
Patient#15,D:\Research\Multi-View Fusion Network\datasets\AJBDS-2023_extracted\AJBDS-2023\Training\Patient#15\input\IMG-0012-00019.jpg,1.0,1.0,1.0,1.0,1.0,,True,0.0,0.0,False
Patient#15,D:\Research\Multi-View Fusion Network\datasets\AJBDS-2023_extracted\AJBDS-2023\Training\Patient#15\input\IMG-0012-00020.jpg,3.5335689929638643e-09,3.5335689929638643e-09,1.0,0.994359850883484,3.5335689929638643e-09,,True,283.0,0.0,True
Patient#15,D:\Research\Multi-View Fusion Network\datasets\AJBDS-2023_extracted\AJBDS-2023\Training\Patient#15\input\IMG-0012-00021.jpg,1.0,1.0,1.0,1.0,1.0,,True,0.0,0.0,False
Patient#15,D:\Research\Multi-View Fusion Network\datasets\AJBDS-2023_extracted\AJBDS-2023\Training\Patient#15\input\IMG-0012-00022.jpg,1.0,1.0,1.0,1.0,1.0,,True,0.0,0.0,False
Patient#15,D:\Research\Multi-View Fusion Network\datasets\AJBDS-2023_extracted\AJBDS-2023\Training\Patient#15\input\IMG-0012-00023.jpg,1.0,1.0,1.0,1.0,1.0,,True,0.0,0.0,False
Patient#15,D:\Research\Multi-View Fusion Network\datasets\AJBDS-2023_extracted\AJBDS-2023\Training\Patient#15\input\IMG-0012-00024.jpg,6.361323134917996e-10,6.361323134917996e-10,1.0,0.9686703085899352,6.361323134917996e-10,,True,1572.0,0.0,True
Patient#16,D:\Research\Multi-View Fusion Network\datasets\AJBDS-2023_extracted\AJBDS-2023\Training\Patient#16\input\IMG-0001-00001.jpg,1.0,1.0,1.0,1.0,1.0,,True,0.0,0.0,False
Patient#16,D:\Research\Multi-View Fusion Network\datasets\AJBDS-2023_extracted\AJBDS-2023\Training\Patient#16\input\IMG-0001-00002.jpg,1.0,1.0,1.0,1.0,1.0,,True,0.0,0.0,False
Patient#16,D:\Research\Multi-View Fusion Network\datasets\AJBDS-2023_extracted\AJBDS-2023\Training\Patient#16\input\IMG-0001-00003.jpg,4.854368906848094e-09,4.854368906848094e-09,1.0,0.9958944320678712,4.854368906848094e-09,,True,206.0,0.0,True
Patient#16,D:\Research\Multi-View Fusion Network\datasets\AJBDS-2023_extracted\AJBDS-2023\Training\Patient#16\input\IMG-0001-00004.jpg,1.0,1.0,1.0,1.0,1.0,,True,0.0,0.0,False
Patient#16,D:\Research\Multi-View Fusion Network\datasets\AJBDS-2023_extracted\AJBDS-2023\Training\Patient#16\input\IMG-0001-00005.jpg,1.0,1.0,1.0,1.0,1.0,,True,0.0,0.0,False
Patient#16,D:\Research\Multi-View Fusion Network\datasets\AJBDS-2023_extracted\AJBDS-2023\Training\Patient#16\input\IMG-0001-00006.jpg,1.0,1.0,1.0,1.0,1.0,,True,0.0,0.0,False
Patient#16,D:\Research\Multi-View Fusion Network\datasets\AJBDS-2023_extracted\AJBDS-2023\Training\Patient#16\input\IMG-0001-00007.jpg,1.0,1.0,1.0,1.0,1.0,,True,0.0,0.0,False
Patient#16,D:\Research\Multi-View Fusion Network\datasets\AJBDS-2023_extracted\AJBDS-2023\Training\Patient#16\input\IMG-0001-00008.jpg,1.0,1.0,1.0,1.0,1.0,,True,0.0,0.0,False
Patient#16,D:\Research\Multi-View Fusion Network\datasets\AJBDS-2023_extracted\AJBDS-2023\Training\Patient#16\input\IMG-0001-00009.jpg,1.0,1.0,1.0,1.0,1.0,,True,0.0,0.0,False
Patient#16,D:\Research\Multi-View Fusion Network\datasets\AJBDS-2023_extracted\AJBDS-2023\Training\Patient#16\input\IMG-0001-00010.jpg,7.874016105802184e-09,7.874016105802184e-09,1.0,0.997468888759613,7.874016105802184e-09,,True,127.0,0.0,True
Patient#16,D:\Research\Multi-View Fusion Network\datasets\AJBDS-2023_extracted\AJBDS-2023\Training\Patient#16\input\IMG-0001-00011.jpg,1.0,1.0,1.0,1.0,1.0,,True,0.0,0.0,False
Patient#16,D:\Research\Multi-View Fusion Network\datasets\AJBDS-2023_extracted\AJBDS-2023\Training\Patient#16\input\IMG-0001-00012.jpg,1.0,1.0,1.0,1.0,1.0,,True,0.0,0.0,False
Patient#16,D:\Research\Multi-View Fusion Network\datasets\AJBDS-2023_extracted\AJBDS-2023\Training\Patient#16\input\IMG-0001-00013.jpg,1.0,1.0,1.0,1.0,1.0,,True,0.0,0.0,False
Patient#16,D:\Research\Multi-View Fusion Network\datasets\AJBDS-2023_extracted\AJBDS-2023\Training\Patient#16\input\IMG-0001-00014.jpg,1.0,1.0,1.0,1.0,1.0,,True,0.0,0.0,False
Patient#16,D:\Research\Multi-View Fusion Network\datasets\AJBDS-2023_extracted\AJBDS-2023\Training\Patient#16\input\IMG-0001-00015.jpg,1.0,1.0,1.0,1.0,1.0,,True,0.0,0.0,False
Patient#16,D:\Research\Multi-View Fusion Network\datasets\AJBDS-2023_extracted\AJBDS-2023\Training\Patient#16\input\IMG-0001-00016.jpg,1.0,1.0,1.0,1.0,1.0,,True,0.0,0.0,False
Patient#16,D:\Research\Multi-View Fusion Network\datasets\AJBDS-2023_extracted\AJBDS-2023\Training\Patient#16\input\IMG-0001-00017.jpg,1.0,1.0,1.0,1.0,1.0,,True,0.0,0.0,False
Patient#16,D:\Research\Multi-View Fusion Network\datasets\AJBDS-2023_extracted\AJBDS-2023\Training\Patient#16\input\IMG-0001-00018.jpg,1.0,1.0,1.0,1.0,1.0,,True,0.0,0.0,False
Patient#16,D:\Research\Multi-View Fusion Network\datasets\AJBDS-2023_extracted\AJBDS-2023\Training\Patient#16\input\IMG-0001-00019.jpg,1.0,1.0,1.0,1.0,1.0,,True,0.0,0.0,False
Patient#16,D:\Research\Multi-View Fusion Network\datasets\AJBDS-2023_extracted\AJBDS-2023\Training\Patient#16\input\IMG-0001-00020.jpg,1.0,1.0,1.0,1.0,1.0,,True,0.0,0.0,False
Patient#16,D:\Research\Multi-View Fusion Network\datasets\AJBDS-2023_extracted\AJBDS-2023\Training\Patient#16\input\IMG-0002-00001.jpg,3.448275620598906e-08,3.448275620598906e-08,1.0,0.999422013759613,3.448275620598906e-08,,True,29.0,0.0,True
Patient#16,D:\Research\Multi-View Fusion Network\datasets\AJBDS-2023_extracted\AJBDS-2023\Training\Patient#16\input\IMG-0002-00002.jpg,3.2786884318625198e-09,3.2786884318625198e-09,1.0,0.993921399116516,3.2786884318625198e-09,,True,305.0,0.0,True
Patient#16,D:\Research\Multi-View Fusion Network\datasets\AJBDS-2023_extracted\AJBDS-2023\Training\Patient#16\input\IMG-0002-00003.jpg,1.6778523015403835e-09,1.6778523015403835e-09,1.0,0.9881218075752258,1.6778523015403835e-09,,True,596.0,0.0,True
Patient#16,D:\Research\Multi-View Fusion Network\datasets\AJBDS-2023_extracted\AJBDS-2023\Training\Patient#16\input\IMG-0002-00008.jpg,1.582278530420922e-09,1.582278530420922e-09,1.0,0.9874043464660645,1.582278530420922e-09,,True,632.0,0.0,True
Patient#16,D:\Research\Multi-View Fusion Network\datasets\AJBDS-2023_extracted\AJBDS-2023\Training\Patient#16\input\IMG-0002-00009.jpg,3.8759688791856214e-09,3.8759688791856214e-09,1.0,0.9948580861091614,3.8759688791856214e-09,,True,258.0,0.0,True
Patient#16,D:\Research\Multi-View Fusion Network\datasets\AJBDS-2023_extracted\AJBDS-2023\Training\Patient#16\input\IMG-0002-00010.jpg,2.232142914948554e-09,2.232142914948554e-09,1.0,0.9910714030265808,2.232142914948554e-09,,True,448.0,0.0,True
Patient#16,D:\Research\Multi-View Fusion Network\datasets\AJBDS-2023_extracted\AJBDS-2023\Training\Patient#16\input\IMG-0002-00011.jpg,1.1013215894806192e-09,1.1013215894806192e-09,1.0,0.9819036722183228,1.1013215894806192e-09,,True,908.0,0.0,True
Patient#16,D:\Research\Multi-View Fusion Network\datasets\AJBDS-2023_extracted\AJBDS-2023\Training\Patient#16\input\IMG-0002-00012.jpg,1.0,1.0,1.0,1.0,1.0,,True,0.0,0.0,False
Patient#16,D:\Research\Multi-View Fusion Network\datasets\AJBDS-2023_extracted\AJBDS-2023\Training\Patient#16\input\IMG-0002-00013.jpg,1.0,1.0,1.0,1.0,1.0,,True,0.0,0.0,False
Patient#16,D:\Research\Multi-View Fusion Network\datasets\AJBDS-2023_extracted\AJBDS-2023\Training\Patient#16\input\IMG-0002-00014.jpg,1.0,1.0,1.0,1.0,1.0,,True,0.0,0.0,False
Patient#16,D:\Research\Multi-View Fusion Network\datasets\AJBDS-2023_extracted\AJBDS-2023\Training\Patient#16\input\IMG-0002-00015.jpg,9.293680269806259e-10,9.293680269806259e-10,1.0,0.9785555005073548,9.293680269806259e-10,,True,1076.0,0.0,True
Patient#16,D:\Research\Multi-View Fusion Network\datasets\AJBDS-2023_extracted\AJBDS-2023\Training\Patient#16\input\IMG-0002-00016.jpg,1.1494252660781969e-08,1.1494252660781969e-08,1.0,0.998266100883484,1.1494252660781969e-08,,True,87.0,0.0,True
Patient#16,D:\Research\Multi-View Fusion Network\datasets\AJBDS-2023_extracted\AJBDS-2023\Training\Patient#16\input\IMG-0002-00017.jpg,4.504504325097969e-09,4.504504325097969e-09,1.0,0.9955755472183228,4.504504325097969e-09,,True,222.0,0.0,True
Patient#16,D:\Research\Multi-View Fusion Network\datasets\AJBDS-2023_extracted\AJBDS-2023\Training\Patient#16\input\IMG-0002-00018.jpg,6.1728395728266605e-09,6.1728395728266605e-09,1.0,0.9967713356018066,6.1728395728266605e-09,,True,162.0,0.0,True
Patient#16,D:\Research\Multi-View Fusion Network\datasets\AJBDS-2023_extracted\AJBDS-2023\Training\Patient#16\input\IMG-0002-00019.jpg,1.8975332416459882e-09,1.8975332416459882e-09,1.0,0.9894969463348388,1.8975332416459882e-09,,True,527.0,0.0,True
Patient#16,D:\Research\Multi-View Fusion Network\datasets\AJBDS-2023_extracted\AJBDS-2023\Training\Patient#16\input\IMG-0002-00020.jpg,1.0,1.0,1.0,1.0,1.0,,True,0.0,0.0,False
Patient#16,D:\Research\Multi-View Fusion Network\datasets\AJBDS-2023_extracted\AJBDS-2023\Training\Patient#16\input\IMG-0003-00001.jpg,1.0,1.0,1.0,1.0,1.0,,True,0.0,0.0,False
Patient#16,D:\Research\Multi-View Fusion Network\datasets\AJBDS-2023_extracted\AJBDS-2023\Training\Patient#16\input\IMG-0003-00002.jpg,1.0,1.0,1.0,1.0,1.0,,True,0.0,0.0,False
Patient#16,D:\Research\Multi-View Fusion Network\datasets\AJBDS-2023_extracted\AJBDS-2023\Training\Patient#16\input\IMG-0003-00003.jpg,4.807692466357594e-09,4.807692466357594e-09,1.0,0.9958546161651612,4.807692466357594e-09,,True,208.0,0.0,True
Patient#16,D:\Research\Multi-View Fusion Network\datasets\AJBDS-2023_extracted\AJBDS-2023\Training\Patient#16\input\IMG-0003-00008.jpg,1.0,1.0,1.0,1.0,1.0,,True,0.0,0.0,False
Patient#16,D:\Research\Multi-View Fusion Network\datasets\AJBDS-2023_extracted\AJBDS-2023\Training\Patient#16\input\IMG-0003-00009.jpg,1.0,1.0,1.0,1.0,1.0,,True,0.0,0.0,False
Patient#16,D:\Research\Multi-View Fusion Network\datasets\AJBDS-2023_extracted\AJBDS-2023\Training\Patient#16\input\IMG-0003-00010.jpg,1.0,1.0,1.0,1.0,1.0,,True,0.0,0.0,False
Patient#16,D:\Research\Multi-View Fusion Network\datasets\AJBDS-2023_extracted\AJBDS-2023\Training\Patient#16\input\IMG-0003-00011.jpg,1.0,1.0,1.0,1.0,1.0,,True,0.0,0.0,False
Patient#16,D:\Research\Multi-View Fusion Network\datasets\AJBDS-2023_extracted\AJBDS-2023\Training\Patient#16\input\IMG-0003-00012.jpg,1.0,1.0,1.0,1.0,1.0,,True,0.0,0.0,False
Patient#16,D:\Research\Multi-View Fusion Network\datasets\AJBDS-2023_extracted\AJBDS-2023\Training\Patient#16\input\IMG-0003-00013.jpg,1.0,1.0,1.0,1.0,1.0,,True,0.0,0.0,False
Patient#16,D:\Research\Multi-View Fusion Network\datasets\AJBDS-2023_extracted\AJBDS-2023\Training\Patient#16\input\IMG-0003-00014.jpg,1.0,1.0,1.0,1.0,1.0,,True,0.0,0.0,False
Patient#16,D:\Research\Multi-View Fusion Network\datasets\AJBDS-2023_extracted\AJBDS-2023\Training\Patient#16\input\IMG-0003-00015.jpg,1.0,1.0,1.0,1.0,1.0,,True,0.0,0.0,False
Patient#16,D:\Research\Multi-View Fusion Network\datasets\AJBDS-2023_extracted\AJBDS-2023\Training\Patient#16\input\IMG-0003-00016.jpg,1.0,1.0,1.0,1.0,1.0,,True,0.0,0.0,False
Patient#16,D:\Research\Multi-View Fusion Network\datasets\AJBDS-2023_extracted\AJBDS-2023\Training\Patient#16\input\IMG-0003-00017.jpg,1.0,1.0,1.0,1.0,1.0,,True,0.0,0.0,False
Patient#16,D:\Research\Multi-View Fusion Network\datasets\AJBDS-2023_extracted\AJBDS-2023\Training\Patient#16\input\IMG-0003-00018.jpg,1.0,1.0,1.0,1.0,1.0,,True,0.0,0.0,False
Patient#16,D:\Research\Multi-View Fusion Network\datasets\AJBDS-2023_extracted\AJBDS-2023\Training\Patient#16\input\IMG-0003-00019.jpg,1.0449320297922782e-09,1.0449320297922782e-09,1.0,0.9809271097183228,1.0449320297922782e-09,,True,957.0,0.0,True
Patient#16,D:\Research\Multi-View Fusion Network\datasets\AJBDS-2023_extracted\AJBDS-2023\Training\Patient#16\input\IMG-0003-00020.jpg,1.0,1.0,1.0,1.0,1.0,,True,0.0,0.0,False
Patient#16,D:\Research\Multi-View Fusion Network\datasets\AJBDS-2023_extracted\AJBDS-2023\Training\Patient#16\input\IMG-0004-00001.jpg,3.8167939919731e-09,3.8167939919731e-09,1.0,0.9947783946990968,3.8167939919731e-09,,True,262.0,0.0,True
Patient#16,D:\Research\Multi-View Fusion Network\datasets\AJBDS-2023_extracted\AJBDS-2023\Training\Patient#16\input\IMG-0004-00002.jpg,3.344481580569436e-09,3.344481580569436e-09,1.0,0.9940409660339355,3.344481580569436e-09,,True,299.0,0.0,True
Patient#16,D:\Research\Multi-View Fusion Network\datasets\AJBDS-2023_extracted\AJBDS-2023\Training\Patient#16\input\IMG-0004-00003.jpg,1.953124995068833e-09,1.953124995068833e-09,1.0,0.9897959232330322,1.953124995068833e-09,,True,512.0,0.0,True
Patient#16,D:\Research\Multi-View Fusion Network\datasets\AJBDS-2023_extracted\AJBDS-2023\Training\Patient#16\input\IMG-0004-00008.jpg,1.302083330045889e-09,1.302083330045889e-09,1.0,0.9846938848495485,1.302083330045889e-09,,True,768.0,0.0,True
Patient#16,D:\Research\Multi-View Fusion Network\datasets\AJBDS-2023_extracted\AJBDS-2023\Training\Patient#16\input\IMG-0004-00009.jpg,2.4570023793302202e-09,2.4570023793302202e-09,1.0,0.9918885231018066,2.4570023793302202e-09,,True,407.0,0.0,True
Patient#16,D:\Research\Multi-View Fusion Network\datasets\AJBDS-2023_extracted\AJBDS-2023\Training\Patient#16\input\IMG-0004-00010.jpg,1.724137987935137e-08,1.724137987935137e-08,1.0,0.9988440871238708,1.724137987935137e-08,,True,58.0,0.0,True
Patient#16,D:\Research\Multi-View Fusion Network\datasets\AJBDS-2023_extracted\AJBDS-2023\Training\Patient#16\input\IMG-0004-00011.jpg,1.2562814122318855e-09,1.2562814122318855e-09,1.0,0.9841358661651612,1.2562814122318855e-09,,True,796.0,0.0,True
Patient#16,D:\Research\Multi-View Fusion Network\datasets\AJBDS-2023_extracted\AJBDS-2023\Training\Patient#16\input\IMG-0004-00012.jpg,1.0,1.0,1.0,1.0,1.0,,True,0.0,0.0,False
Patient#16,D:\Research\Multi-View Fusion Network\datasets\AJBDS-2023_extracted\AJBDS-2023\Training\Patient#16\input\IMG-0004-00013.jpg,1.0,1.0,1.0,1.0,1.0,,True,0.0,0.0,False
Patient#16,D:\Research\Multi-View Fusion Network\datasets\AJBDS-2023_extracted\AJBDS-2023\Training\Patient#16\input\IMG-0004-00014.jpg,6.802721053134064e-09,6.802721053134064e-09,1.0,0.9970703125,6.802721053134064e-09,,True,147.0,0.0,True
Patient#16,D:\Research\Multi-View Fusion Network\datasets\AJBDS-2023_extracted\AJBDS-2023\Training\Patient#16\input\IMG-0004-00015.jpg,1.6977929062633732e-09,1.6977929062633732e-09,1.0,0.988261342048645,1.6977929062633732e-09,,True,589.0,0.0,True
Patient#16,D:\Research\Multi-View Fusion Network\datasets\AJBDS-2023_extracted\AJBDS-2023\Training\Patient#16\input\IMG-0004-00016.jpg,1.0,1.0,1.0,1.0,1.0,,True,0.0,0.0,False
Patient#16,D:\Research\Multi-View Fusion Network\datasets\AJBDS-2023_extracted\AJBDS-2023\Training\Patient#16\input\IMG-0004-00017.jpg,4.524886687562457e-09,4.524886687562457e-09,1.0,0.9955955147743224,4.524886687562457e-09,,True,221.0,0.0,True
Patient#16,D:\Research\Multi-View Fusion Network\datasets\AJBDS-2023_extracted\AJBDS-2023\Training\Patient#16\input\IMG-0004-00018.jpg,6.578947164825877e-09,6.578947164825877e-09,1.0,0.9969706535339355,6.578947164825877e-09,,True,152.0,0.0,True
Patient#16,D:\Research\Multi-View Fusion Network\datasets\AJBDS-2023_extracted\AJBDS-2023\Training\Patient#16\input\IMG-0004-00019.jpg,1.968504026450546e-09,1.968504026450546e-09,1.0,0.9898756146430968,1.968504026450546e-09,,True,508.0,0.0,True
Patient#16,D:\Research\Multi-View Fusion Network\datasets\AJBDS-2023_extracted\AJBDS-2023\Training\Patient#16\input\IMG-0004-00020.jpg,1.0,1.0,1.0,1.0,1.0,,True,0.0,0.0,False
Patient#16,D:\Research\Multi-View Fusion Network\datasets\AJBDS-2023_extracted\AJBDS-2023\Training\Patient#16\input\IMG-0005-00001.jpg,1.0,1.0,1.0,1.0,1.0,,True,0.0,0.0,False
Patient#16,D:\Research\Multi-View Fusion Network\datasets\AJBDS-2023_extracted\AJBDS-2023\Training\Patient#16\input\IMG-0005-00002.jpg,1.0,1.0,1.0,1.0,1.0,,True,0.0,0.0,False
Patient#16,D:\Research\Multi-View Fusion Network\datasets\AJBDS-2023_extracted\AJBDS-2023\Training\Patient#16\input\IMG-0005-00003.jpg,1.0,1.0,1.0,1.0,1.0,,True,0.0,0.0,False
Patient#16,D:\Research\Multi-View Fusion Network\datasets\AJBDS-2023_extracted\AJBDS-2023\Training\Patient#16\input\IMG-0005-00008.jpg,1.0,1.0,1.0,1.0,1.0,,True,0.0,0.0,False
Patient#16,D:\Research\Multi-View Fusion Network\datasets\AJBDS-2023_extracted\AJBDS-2023\Training\Patient#16\input\IMG-0005-00009.jpg,1.0,1.0,1.0,1.0,1.0,,True,0.0,0.0,False
Patient#16,D:\Research\Multi-View Fusion Network\datasets\AJBDS-2023_extracted\AJBDS-2023\Training\Patient#16\input\IMG-0005-00010.jpg,4.255319208112951e-09,4.255319208112951e-09,1.0,0.9953165054321288,4.255319208112951e-09,,True,235.0,0.0,True
Patient#16,D:\Research\Multi-View Fusion Network\datasets\AJBDS-2023_extracted\AJBDS-2023\Training\Patient#16\input\IMG-0005-00011.jpg,1.0,1.0,1.0,1.0,1.0,,True,0.0,0.0,False
Patient#16,D:\Research\Multi-View Fusion Network\datasets\AJBDS-2023_extracted\AJBDS-2023\Training\Patient#16\input\IMG-0005-00012.jpg,1.0,1.0,1.0,1.0,1.0,,True,0.0,0.0,False
Patient#16,D:\Research\Multi-View Fusion Network\datasets\AJBDS-2023_extracted\AJBDS-2023\Training\Patient#16\input\IMG-0005-00013.jpg,1.0,1.0,1.0,1.0,1.0,,True,0.0,0.0,False
Patient#16,D:\Research\Multi-View Fusion Network\datasets\AJBDS-2023_extracted\AJBDS-2023\Training\Patient#16\input\IMG-0005-00014.jpg,1.0,1.0,1.0,1.0,1.0,,True,0.0,0.0,False
Patient#16,D:\Research\Multi-View Fusion Network\datasets\AJBDS-2023_extracted\AJBDS-2023\Training\Patient#16\input\IMG-0005-00015.jpg,1.0,1.0,1.0,1.0,1.0,,True,0.0,0.0,False
Patient#16,D:\Research\Multi-View Fusion Network\datasets\AJBDS-2023_extracted\AJBDS-2023\Training\Patient#16\input\IMG-0005-00016.jpg,1.0,1.0,1.0,1.0,1.0,,True,0.0,0.0,False
Patient#16,D:\Research\Multi-View Fusion Network\datasets\AJBDS-2023_extracted\AJBDS-2023\Training\Patient#16\input\IMG-0005-00017.jpg,1.0,1.0,1.0,1.0,1.0,,True,0.0,0.0,False
Patient#16,D:\Research\Multi-View Fusion Network\datasets\AJBDS-2023_extracted\AJBDS-2023\Training\Patient#16\input\IMG-0005-00018.jpg,1.0,1.0,1.0,1.0,1.0,,True,0.0,0.0,False
Patient#16,D:\Research\Multi-View Fusion Network\datasets\AJBDS-2023_extracted\AJBDS-2023\Training\Patient#16\input\IMG-0005-00019.jpg,1.0,1.0,1.0,1.0,1.0,,True,0.0,0.0,False
Patient#16,D:\Research\Multi-View Fusion Network\datasets\AJBDS-2023_extracted\AJBDS-2023\Training\Patient#16\input\IMG-0005-00020.jpg,1.0,1.0,1.0,1.0,1.0,,True,0.0,0.0,False
Patient#16,D:\Research\Multi-View Fusion Network\datasets\AJBDS-2023_extracted\AJBDS-2023\Training\Patient#16\input\IMG-0006-00001.jpg,7.564296411466386e-10,7.564296411466386e-10,1.0,0.973652720451355,7.564296411466386e-10,,True,1322.0,0.0,True
Patient#16,D:\Research\Multi-View Fusion Network\datasets\AJBDS-2023_extracted\AJBDS-2023\Training\Patient#16\input\IMG-0006-00002.jpg,2.976190405235002e-09,2.976190405235002e-09,1.0,0.9933035969734192,2.976190405235002e-09,,True,336.0,0.0,True
Patient#16,D:\Research\Multi-View Fusion Network\datasets\AJBDS-2023_extracted\AJBDS-2023\Training\Patient#16\input\IMG-0006-00003.jpg,1.2048192443714354e-09,1.2048192443714354e-09,1.0,0.9834582209587096,1.2048192443714354e-09,,True,830.0,0.0,True
Patient#16,D:\Research\Multi-View Fusion Network\datasets\AJBDS-2023_extracted\AJBDS-2023\Training\Patient#16\input\IMG-0006-00004.jpg,3.81242842850682e-10,3.81242842850682e-10,1.0,0.9477239847183228,3.81242842850682e-10,,True,2623.0,0.0,True
Patient#16,D:\Research\Multi-View Fusion Network\datasets\AJBDS-2023_extracted\AJBDS-2023\Training\Patient#16\input\IMG-0006-00005.jpg,3.7467215441289165e-10,3.7467215441289165e-10,1.0,0.9468072652816772,3.7467215441289165e-10,,True,2669.0,0.0,True
Patient#16,D:\Research\Multi-View Fusion Network\datasets\AJBDS-2023_extracted\AJBDS-2023\Training\Patient#16\input\IMG-0006-00008.jpg,1.0,1.0,1.0,1.0,1.0,,True,0.0,0.0,False
Patient#16,D:\Research\Multi-View Fusion Network\datasets\AJBDS-2023_extracted\AJBDS-2023\Training\Patient#16\input\IMG-0006-00009.jpg,1.0,1.0,1.0,1.0,1.0,,True,0.0,0.0,False
Patient#16,D:\Research\Multi-View Fusion Network\datasets\AJBDS-2023_extracted\AJBDS-2023\Training\Patient#16\input\IMG-0006-00010.jpg,1.0,1.0,1.0,1.0,1.0,,True,0.0,0.0,False
Patient#16,D:\Research\Multi-View Fusion Network\datasets\AJBDS-2023_extracted\AJBDS-2023\Training\Patient#16\input\IMG-0006-00011.jpg,1.1111111142270149e-08,1.1111111142270149e-08,1.0,0.9982063174247742,1.1111111142270149e-08,,True,90.0,0.0,True
Patient#16,D:\Research\Multi-View Fusion Network\datasets\AJBDS-2023_extracted\AJBDS-2023\Training\Patient#16\input\IMG-0006-00012.jpg,1.0,1.0,1.0,1.0,1.0,,True,0.0,0.0,False
Patient#16,D:\Research\Multi-View Fusion Network\datasets\AJBDS-2023_extracted\AJBDS-2023\Training\Patient#16\input\IMG-0006-00013.jpg,1.0,1.0,1.0,1.0,1.0,,True,0.0,0.0,False
Patient#16,D:\Research\Multi-View Fusion Network\datasets\AJBDS-2023_extracted\AJBDS-2023\Training\Patient#16\input\IMG-0006-00014.jpg,1.0,1.0,1.0,1.0,1.0,,True,0.0,0.0,False
Patient#16,D:\Research\Multi-View Fusion Network\datasets\AJBDS-2023_extracted\AJBDS-2023\Training\Patient#16\input\IMG-0006-00015.jpg,1.0,1.0,1.0,1.0,1.0,,True,0.0,0.0,False
Patient#16,D:\Research\Multi-View Fusion Network\datasets\AJBDS-2023_extracted\AJBDS-2023\Training\Patient#16\input\IMG-0006-00016.jpg,1.0,1.0,1.0,1.0,1.0,,True,0.0,0.0,False
Patient#16,D:\Research\Multi-View Fusion Network\datasets\AJBDS-2023_extracted\AJBDS-2023\Training\Patient#16\input\IMG-0006-00017.jpg,1.0,1.0,1.0,1.0,1.0,,True,0.0,0.0,False
Patient#16,D:\Research\Multi-View Fusion Network\datasets\AJBDS-2023_extracted\AJBDS-2023\Training\Patient#16\input\IMG-0006-00018.jpg,1.0,1.0,1.0,1.0,1.0,,True,0.0,0.0,False
Patient#16,D:\Research\Multi-View Fusion Network\datasets\AJBDS-2023_extracted\AJBDS-2023\Training\Patient#16\input\IMG-0006-00019.jpg,1.6233766553241935e-09,1.6233766553241935e-09,1.0,0.9877232313156128,1.6233766553241935e-09,,True,616.0,0.0,True
Patient#16,D:\Research\Multi-View Fusion Network\datasets\AJBDS-2023_extracted\AJBDS-2023\Training\Patient#16\input\IMG-0006-00020.jpg,2.8579594246735946e-10,2.8579594246735946e-10,1.0,0.930265486240387,2.8579594246735946e-10,,True,3499.0,0.0,True
Patient#16,D:\Research\Multi-View Fusion Network\datasets\AJBDS-2023_extracted\AJBDS-2023\Training\Patient#16\input\IMG-0006-00021.jpg,4.854369128892698e-10,4.854369128892698e-10,1.0,0.9589444994926452,4.854369128892698e-10,,True,2060.0,0.0,True
Patient#16,D:\Research\Multi-View Fusion Network\datasets\AJBDS-2023_extracted\AJBDS-2023\Training\Patient#16\input\IMG-0006-00022.jpg,1.0,1.0,1.0,1.0,1.0,,True,0.0,0.0,False
Patient#16,D:\Research\Multi-View Fusion Network\datasets\AJBDS-2023_extracted\AJBDS-2023\Training\Patient#16\input\IMG-0006-00023.jpg,1.547987626970837e-09,1.547987626970837e-09,1.0,0.9871253371238708,1.547987626970837e-09,,True,646.0,0.0,True
Patient#16,D:\Research\Multi-View Fusion Network\datasets\AJBDS-2023_extracted\AJBDS-2023\Training\Patient#16\input\IMG-0006-00028.jpg,1.0,1.0,1.0,1.0,1.0,,True,0.0,0.0,False
Patient#16,D:\Research\Multi-View Fusion Network\datasets\AJBDS-2023_extracted\AJBDS-2023\Training\Patient#16\input\IMG-0006-00029.jpg,1.0,1.0,1.0,1.0,1.0,,True,0.0,0.0,False
Patient#16,D:\Research\Multi-View Fusion Network\datasets\AJBDS-2023_extracted\AJBDS-2023\Training\Patient#16\input\IMG-0006-00030.jpg,1.0,1.0,1.0,1.0,1.0,,True,0.0,0.0,False
Patient#16,D:\Research\Multi-View Fusion Network\datasets\AJBDS-2023_extracted\AJBDS-2023\Training\Patient#16\input\IMG-0006-00031.jpg,1.0,1.0,1.0,1.0,1.0,,True,0.0,0.0,False
Patient#16,D:\Research\Multi-View Fusion Network\datasets\AJBDS-2023_extracted\AJBDS-2023\Training\Patient#16\input\IMG-0006-00032.jpg,1.0,1.0,1.0,1.0,1.0,,True,0.0,0.0,False
Patient#16,D:\Research\Multi-View Fusion Network\datasets\AJBDS-2023_extracted\AJBDS-2023\Training\Patient#16\input\IMG-0006-00033.jpg,1.0,1.0,1.0,1.0,1.0,,True,0.0,0.0,False
Patient#16,D:\Research\Multi-View Fusion Network\datasets\AJBDS-2023_extracted\AJBDS-2023\Training\Patient#16\input\IMG-0006-00034.jpg,1.0,1.0,1.0,1.0,1.0,,True,0.0,0.0,False
Patient#16,D:\Research\Multi-View Fusion Network\datasets\AJBDS-2023_extracted\AJBDS-2023\Training\Patient#16\input\IMG-0006-00035.jpg,1.0,1.0,1.0,1.0,1.0,,True,0.0,0.0,False
Patient#16,D:\Research\Multi-View Fusion Network\datasets\AJBDS-2023_extracted\AJBDS-2023\Training\Patient#16\input\IMG-0006-00036.jpg,1.0,1.0,1.0,1.0,1.0,,True,0.0,0.0,False
Patient#16,D:\Research\Multi-View Fusion Network\datasets\AJBDS-2023_extracted\AJBDS-2023\Training\Patient#16\input\IMG-0006-00037.jpg,1.0,1.0,1.0,1.0,1.0,,True,0.0,0.0,False
Patient#16,D:\Research\Multi-View Fusion Network\datasets\AJBDS-2023_extracted\AJBDS-2023\Training\Patient#16\input\IMG-0006-00038.jpg,1.0,1.0,1.0,1.0,1.0,,True,0.0,0.0,False
Patient#16,D:\Research\Multi-View Fusion Network\datasets\AJBDS-2023_extracted\AJBDS-2023\Training\Patient#16\input\IMG-0006-00039.jpg,2.398081511145733e-09,2.398081511145733e-09,1.0,0.9916892647743224,2.398081511145733e-09,,True,417.0,0.0,True
Patient#16,D:\Research\Multi-View Fusion Network\datasets\AJBDS-2023_extracted\AJBDS-2023\Training\Patient#16\input\IMG-0006-00040.jpg,2.9197080864129527e-10,2.9197080864129527e-10,1.0,0.9317402839660645,2.9197080864129527e-10,,True,3425.0,0.0,True
Patient#16,D:\Research\Multi-View Fusion Network\datasets\AJBDS-2023_extracted\AJBDS-2023\Training\Patient#16\input\IMG-0007-00001.jpg,1.0,1.0,1.0,1.0,1.0,,True,0.0,0.0,False
Patient#16,D:\Research\Multi-View Fusion Network\datasets\AJBDS-2023_extracted\AJBDS-2023\Training\Patient#16\input\IMG-0007-00002.jpg,1.0,1.0,1.0,1.0,1.0,,True,0.0,0.0,False
Patient#16,D:\Research\Multi-View Fusion Network\datasets\AJBDS-2023_extracted\AJBDS-2023\Training\Patient#16\input\IMG-0007-00003.jpg,1.4771048828521314e-09,1.4771048828521314e-09,1.0,0.9865074753761292,1.4771048828521314e-09,,True,677.0,0.0,True
Patient#16,D:\Research\Multi-View Fusion Network\datasets\AJBDS-2023_extracted\AJBDS-2023\Training\Patient#16\input\IMG-0007-00008.jpg,1.6583747708409644e-09,1.6583747708409644e-09,1.0,0.9879822731018066,1.6583747708409644e-09,,True,603.0,0.0,True
Patient#16,D:\Research\Multi-View Fusion Network\datasets\AJBDS-2023_extracted\AJBDS-2023\Training\Patient#16\input\IMG-0007-00009.jpg,1.0,1.0,1.0,1.0,1.0,,True,0.0,0.0,False
Patient#16,D:\Research\Multi-View Fusion Network\datasets\AJBDS-2023_extracted\AJBDS-2023\Training\Patient#16\input\IMG-0007-00010.jpg,2.380952324188001e-09,2.380952324188001e-09,1.0,0.9916294813156128,2.380952324188001e-09,,True,420.0,0.0,True
Patient#16,D:\Research\Multi-View Fusion Network\datasets\AJBDS-2023_extracted\AJBDS-2023\Training\Patient#16\input\IMG-0007-00011.jpg,6.715916711641511e-10,6.715916711641511e-10,1.0,0.970324456691742,6.715916711641511e-10,,True,1489.0,0.0,True
Patient#16,D:\Research\Multi-View Fusion Network\datasets\AJBDS-2023_extracted\AJBDS-2023\Training\Patient#16\input\IMG-0007-00012.jpg,1.1627906415512255e-09,1.1627906415512255e-09,1.0,0.9828603267669678,1.1627906415512255e-09,,True,860.0,0.0,True
Patient#16,D:\Research\Multi-View Fusion Network\datasets\AJBDS-2023_extracted\AJBDS-2023\Training\Patient#16\input\IMG-0007-00013.jpg,4.185851942839491e-10,4.185851942839491e-10,1.0,0.9523875713348388,4.185851942839491e-10,,True,2389.0,0.0,True
Patient#16,D:\Research\Multi-View Fusion Network\datasets\AJBDS-2023_extracted\AJBDS-2023\Training\Patient#16\input\IMG-0007-00014.jpg,2.7173912009459404e-09,2.7173912009459404e-09,1.0,0.9926658272743224,2.7173912009459404e-09,,True,368.0,0.0,True
Patient#16,D:\Research\Multi-View Fusion Network\datasets\AJBDS-2023_extracted\AJBDS-2023\Training\Patient#16\input\IMG-0007-00015.jpg,1.0,1.0,1.0,1.0,1.0,,True,0.0,0.0,False
Patient#16,D:\Research\Multi-View Fusion Network\datasets\AJBDS-2023_extracted\AJBDS-2023\Training\Patient#16\input\IMG-0007-00016.jpg,1.0,1.0,1.0,1.0,1.0,,True,0.0,0.0,False
Patient#16,D:\Research\Multi-View Fusion Network\datasets\AJBDS-2023_extracted\AJBDS-2023\Training\Patient#16\input\IMG-0007-00017.jpg,1.0,1.0,1.0,1.0,1.0,,True,0.0,0.0,False
Patient#16,D:\Research\Multi-View Fusion Network\datasets\AJBDS-2023_extracted\AJBDS-2023\Training\Patient#16\input\IMG-0007-00018.jpg,1.0,1.0,1.0,1.0,1.0,,True,0.0,0.0,False
Patient#16,D:\Research\Multi-View Fusion Network\datasets\AJBDS-2023_extracted\AJBDS-2023\Training\Patient#16\input\IMG-0007-00019.jpg,2.118644149007309e-09,2.118644149007309e-09,1.0,0.9905931353569032,2.118644149007309e-09,,True,472.0,0.0,True
Patient#16,D:\Research\Multi-View Fusion Network\datasets\AJBDS-2023_extracted\AJBDS-2023\Training\Patient#16\input\IMG-0007-00020.jpg,1.0,1.0,1.0,1.0,1.0,,True,0.0,0.0,False
Patient#16,D:\Research\Multi-View Fusion Network\datasets\AJBDS-2023_extracted\AJBDS-2023\Training\Patient#16\input\IMG-0008-00001.jpg,1.0,1.0,1.0,1.0,1.0,,True,0.0,0.0,False
Patient#16,D:\Research\Multi-View Fusion Network\datasets\AJBDS-2023_extracted\AJBDS-2023\Training\Patient#16\input\IMG-0008-00002.jpg,1.0,1.0,1.0,1.0,1.0,,True,0.0,0.0,False
Patient#16,D:\Research\Multi-View Fusion Network\datasets\AJBDS-2023_extracted\AJBDS-2023\Training\Patient#16\input\IMG-0008-00003.jpg,1.0,1.0,1.0,1.0,1.0,,True,0.0,0.0,False
Patient#16,D:\Research\Multi-View Fusion Network\datasets\AJBDS-2023_extracted\AJBDS-2023\Training\Patient#16\input\IMG-0008-00004.jpg,1.0,1.0,1.0,1.0,1.0,,True,0.0,0.0,False
Patient#16,D:\Research\Multi-View Fusion Network\datasets\AJBDS-2023_extracted\AJBDS-2023\Training\Patient#16\input\IMG-0008-00005.jpg,1.0,1.0,1.0,1.0,1.0,,True,0.0,0.0,False
Patient#16,D:\Research\Multi-View Fusion Network\datasets\AJBDS-2023_extracted\AJBDS-2023\Training\Patient#16\input\IMG-0008-00006.jpg,1.0,1.0,1.0,1.0,1.0,,True,0.0,0.0,False
Patient#16,D:\Research\Multi-View Fusion Network\datasets\AJBDS-2023_extracted\AJBDS-2023\Training\Patient#16\input\IMG-0008-00007.jpg,1.0,1.0,1.0,1.0,1.0,,True,0.0,0.0,False
Patient#16,D:\Research\Multi-View Fusion Network\datasets\AJBDS-2023_extracted\AJBDS-2023\Training\Patient#16\input\IMG-0008-00008.jpg,1.0,1.0,1.0,1.0,1.0,,True,0.0,0.0,False
Patient#16,D:\Research\Multi-View Fusion Network\datasets\AJBDS-2023_extracted\AJBDS-2023\Training\Patient#16\input\IMG-0008-00009.jpg,7.440476013087505e-10,7.440476013087505e-10,1.0,0.9732142686843872,7.440476013087505e-10,,True,1344.0,0.0,True
Patient#16,D:\Research\Multi-View Fusion Network\datasets\AJBDS-2023_extracted\AJBDS-2023\Training\Patient#16\input\IMG-0008-00010.jpg,7.158196257961436e-10,7.158196257961436e-10,1.0,0.9721580147743224,7.158196257961436e-10,,True,1397.0,0.0,True
Patient#16,D:\Research\Multi-View Fusion Network\datasets\AJBDS-2023_extracted\AJBDS-2023\Training\Patient#16\input\IMG-0008-00016.jpg,6.868131618986695e-10,6.868131618986695e-10,1.0,0.9709821343421936,6.868131618986695e-10,,True,1456.0,0.0,True
Patient#16,D:\Research\Multi-View Fusion Network\datasets\AJBDS-2023_extracted\AJBDS-2023\Training\Patient#16\input\IMG-0008-00017.jpg,9.115770360779151e-10,9.115770360779151e-10,1.0,0.978136956691742,9.115770360779151e-10,,True,1097.0,0.0,True
Patient#16,D:\Research\Multi-View Fusion Network\datasets\AJBDS-2023_extracted\AJBDS-2023\Training\Patient#16\input\IMG-0008-00018.jpg,1.117318459975536e-09,1.117318459975536e-09,1.0,0.9821627736091614,1.117318459975536e-09,,True,895.0,0.0,True
Patient#16,D:\Research\Multi-View Fusion Network\datasets\AJBDS-2023_extracted\AJBDS-2023\Training\Patient#16\input\IMG-0008-00019.jpg,5.882352827057957e-09,5.882352827057957e-09,1.0,0.9966119527816772,5.882352827057957e-09,,True,170.0,0.0,True
Patient#16,D:\Research\Multi-View Fusion Network\datasets\AJBDS-2023_extracted\AJBDS-2023\Training\Patient#16\input\IMG-0008-00020.jpg,7.6335879839462e-09,7.6335879839462e-09,1.0,0.9973891973495485,7.6335879839462e-09,,True,131.0,0.0,True
Patient#16,D:\Research\Multi-View Fusion Network\datasets\AJBDS-2023_extracted\AJBDS-2023\Training\Patient#16\input\IMG-0008-00021.jpg,1.0,1.0,1.0,1.0,1.0,,True,0.0,0.0,False
Patient#16,D:\Research\Multi-View Fusion Network\datasets\AJBDS-2023_extracted\AJBDS-2023\Training\Patient#16\input\IMG-0008-00022.jpg,1.0,1.0,1.0,1.0,1.0,,True,0.0,0.0,False
Patient#16,D:\Research\Multi-View Fusion Network\datasets\AJBDS-2023_extracted\AJBDS-2023\Training\Patient#16\input\IMG-0008-00023.jpg,1.0,1.0,1.0,1.0,1.0,,True,0.0,0.0,False
Patient#16,D:\Research\Multi-View Fusion Network\datasets\AJBDS-2023_extracted\AJBDS-2023\Training\Patient#16\input\IMG-0008-00024.jpg,1.0,1.0,1.0,1.0,1.0,,True,0.0,0.0,False
Patient#16,D:\Research\Multi-View Fusion Network\datasets\AJBDS-2023_extracted\AJBDS-2023\Training\Patient#16\input\IMG-0009-00001.jpg,1.0,1.0,1.0,1.0,1.0,,True,0.0,0.0,False
Patient#16,D:\Research\Multi-View Fusion Network\datasets\AJBDS-2023_extracted\AJBDS-2023\Training\Patient#16\input\IMG-0009-00002.jpg,2.277904309622158e-09,2.277904309622158e-09,1.0,0.9912508130073548,2.277904309622158e-09,,True,439.0,0.0,True
Patient#16,D:\Research\Multi-View Fusion Network\datasets\AJBDS-2023_extracted\AJBDS-2023\Training\Patient#16\input\IMG-0009-00003.jpg,3.636363654635488e-09,3.636363654635488e-09,1.0,0.994519293308258,3.636363654635488e-09,,True,275.0,0.0,True
Patient#16,D:\Research\Multi-View Fusion Network\datasets\AJBDS-2023_extracted\AJBDS-2023\Training\Patient#16\input\IMG-0009-00004.jpg,1.0,1.0,1.0,1.0,1.0,,True,0.0,0.0,False
Patient#16,D:\Research\Multi-View Fusion Network\datasets\AJBDS-2023_extracted\AJBDS-2023\Training\Patient#16\input\IMG-0009-00005.jpg,1.0,1.0,1.0,1.0,1.0,,True,0.0,0.0,False
Patient#16,D:\Research\Multi-View Fusion Network\datasets\AJBDS-2023_extracted\AJBDS-2023\Training\Patient#16\input\IMG-0009-00006.jpg,1.0,1.0,1.0,1.0,1.0,,True,0.0,0.0,False
Patient#16,D:\Research\Multi-View Fusion Network\datasets\AJBDS-2023_extracted\AJBDS-2023\Training\Patient#16\input\IMG-0009-00007.jpg,1.0,1.0,1.0,1.0,1.0,,True,0.0,0.0,False
Patient#16,D:\Research\Multi-View Fusion Network\datasets\AJBDS-2023_extracted\AJBDS-2023\Training\Patient#16\input\IMG-0009-00008.jpg,8.818342167593585e-10,8.818342167593585e-10,1.0,0.9773995280265808,8.818342167593585e-10,,True,1134.0,0.0,True
Patient#16,D:\Research\Multi-View Fusion Network\datasets\AJBDS-2023_extracted\AJBDS-2023\Training\Patient#16\input\IMG-0009-00009.jpg,6.402048891018808e-10,6.402048891018808e-10,1.0,0.9688695669174194,6.402048891018808e-10,,True,1562.0,0.0,True
Patient#16,D:\Research\Multi-View Fusion Network\datasets\AJBDS-2023_extracted\AJBDS-2023\Training\Patient#16\input\IMG-0009-00010.jpg,8.50340131641758e-10,8.50340131641758e-10,1.0,0.9765625,8.50340131641758e-10,,True,1176.0,0.0,True
Patient#16,D:\Research\Multi-View Fusion Network\datasets\AJBDS-2023_extracted\AJBDS-2023\Training\Patient#16\input\IMG-0009-00016.jpg,6.849314893031533e-09,6.849314893031533e-09,1.0,0.997090220451355,6.849314893031533e-09,,True,146.0,0.0,True
Patient#16,D:\Research\Multi-View Fusion Network\datasets\AJBDS-2023_extracted\AJBDS-2023\Training\Patient#16\input\IMG-0009-00017.jpg,1.0,1.0,1.0,1.0,1.0,,True,0.0,0.0,False
Patient#16,D:\Research\Multi-View Fusion Network\datasets\AJBDS-2023_extracted\AJBDS-2023\Training\Patient#16\input\IMG-0009-00018.jpg,1.0775862424594607e-09,1.0775862424594607e-09,1.0,0.9815050959587096,1.0775862424594607e-09,,True,928.0,0.0,True
Patient#16,D:\Research\Multi-View Fusion Network\datasets\AJBDS-2023_extracted\AJBDS-2023\Training\Patient#16\input\IMG-0009-00019.jpg,1.0,1.0,1.0,1.0,1.0,,True,0.0,0.0,False
Patient#16,D:\Research\Multi-View Fusion Network\datasets\AJBDS-2023_extracted\AJBDS-2023\Training\Patient#16\input\IMG-0009-00020.jpg,1.3175230906270483e-09,1.3175230906270483e-09,1.0,0.9848732352256776,1.3175230906270483e-09,,True,759.0,0.0,True
Patient#16,D:\Research\Multi-View Fusion Network\datasets\AJBDS-2023_extracted\AJBDS-2023\Training\Patient#16\input\IMG-0011-00001.jpg,1.0,1.0,1.0,1.0,1.0,,True,0.0,0.0,False
Patient#16,D:\Research\Multi-View Fusion Network\datasets\AJBDS-2023_extracted\AJBDS-2023\Training\Patient#16\input\IMG-0011-00002.jpg,1.0,1.0,1.0,1.0,1.0,,True,0.0,0.0,False
Patient#16,D:\Research\Multi-View Fusion Network\datasets\AJBDS-2023_extracted\AJBDS-2023\Training\Patient#16\input\IMG-0011-00003.jpg,1.0,1.0,1.0,1.0,1.0,,True,0.0,0.0,False
Patient#16,D:\Research\Multi-View Fusion Network\datasets\AJBDS-2023_extracted\AJBDS-2023\Training\Patient#16\input\IMG-0011-00004.jpg,2.237136476068713e-09,2.237136476068713e-09,1.0,0.9910913705825806,2.237136476068713e-09,,True,447.0,0.0,True
Patient#16,D:\Research\Multi-View Fusion Network\datasets\AJBDS-2023_extracted\AJBDS-2023\Training\Patient#16\input\IMG-0011-00005.jpg,2.1008403905398154e-09,2.1008403905398154e-09,1.0,0.9905133843421936,2.1008403905398154e-09,,True,476.0,0.0,True
Patient#16,D:\Research\Multi-View Fusion Network\datasets\AJBDS-2023_extracted\AJBDS-2023\Training\Patient#16\input\IMG-0011-00006.jpg,2.0790020816008332e-09,2.0790020816008332e-09,1.0,0.9904137253761292,2.0790020816008332e-09,,True,481.0,0.0,True
Patient#16,D:\Research\Multi-View Fusion Network\datasets\AJBDS-2023_extracted\AJBDS-2023\Training\Patient#16\input\IMG-0011-00007.jpg,2.5641024858913397e-09,2.5641024858913397e-09,1.0,0.9922273755073548,2.5641024858913397e-09,,True,390.0,0.0,True
Patient#16,D:\Research\Multi-View Fusion Network\datasets\AJBDS-2023_extracted\AJBDS-2023\Training\Patient#16\input\IMG-0011-00008.jpg,3.1446540926793887e-09,3.1446540926793887e-09,1.0,0.9936622977256776,3.1446540926793887e-09,,True,318.0,0.0,True
Patient#16,D:\Research\Multi-View Fusion Network\datasets\AJBDS-2023_extracted\AJBDS-2023\Training\Patient#16\input\IMG-0011-00009.jpg,2.518891761837949e-09,2.518891761837949e-09,1.0,0.9920878410339355,2.518891761837949e-09,,True,397.0,0.0,True
Patient#16,D:\Research\Multi-View Fusion Network\datasets\AJBDS-2023_extracted\AJBDS-2023\Training\Patient#16\input\IMG-0011-00010.jpg,2.680965227597198e-09,2.680965227597198e-09,1.0,0.992566168308258,2.680965227597198e-09,,True,373.0,0.0,True
Patient#16,D:\Research\Multi-View Fusion Network\datasets\AJBDS-2023_extracted\AJBDS-2023\Training\Patient#16\input\IMG-0011-00011.jpg,1.517450720633917e-09,1.517450720633917e-09,1.0,0.9868662357330322,1.517450720633917e-09,,True,659.0,0.0,True
Patient#16,D:\Research\Multi-View Fusion Network\datasets\AJBDS-2023_extracted\AJBDS-2023\Training\Patient#16\input\IMG-0011-00012.jpg,2.512562824463771e-09,2.512562824463771e-09,1.0,0.9920679330825806,2.512562824463771e-09,,True,398.0,0.0,True
Patient#16,D:\Research\Multi-View Fusion Network\datasets\AJBDS-2023_extracted\AJBDS-2023\Training\Patient#16\input\IMG-0011-00013.jpg,1.550387596083169e-09,1.550387596083169e-09,1.0,0.9871452450752258,1.550387596083169e-09,,True,645.0,0.0,True
Patient#16,D:\Research\Multi-View Fusion Network\datasets\AJBDS-2023_extracted\AJBDS-2023\Training\Patient#16\input\IMG-0011-00014.jpg,1.501501478706757e-09,1.501501478706757e-09,1.0,0.986726701259613,1.501501478706757e-09,,True,666.0,0.0,True
Patient#16,D:\Research\Multi-View Fusion Network\datasets\AJBDS-2023_extracted\AJBDS-2023\Training\Patient#16\input\IMG-0011-00074.jpg,8.333333134658005e-09,8.333333134658005e-09,1.0,0.9976084232330322,8.333333134658005e-09,,True,120.0,0.0,True
Patient#16,D:\Research\Multi-View Fusion Network\datasets\AJBDS-2023_extracted\AJBDS-2023\Training\Patient#16\input\IMG-0011-00075.jpg,5.3763442586785e-09,5.3763442586785e-09,1.0,0.9962930679321288,5.3763442586785e-09,,True,186.0,0.0,True
Patient#16,D:\Research\Multi-View Fusion Network\datasets\AJBDS-2023_extracted\AJBDS-2023\Training\Patient#16\input\IMG-0011-00076.jpg,6.060606239088884e-09,6.060606239088884e-09,1.0,0.9967115521430968,6.060606239088884e-09,,True,165.0,0.0,True
Patient#16,D:\Research\Multi-View Fusion Network\datasets\AJBDS-2023_extracted\AJBDS-2023\Training\Patient#16\input\IMG-0011-00077.jpg,7.812499980275334e-09,7.812499980275334e-09,1.0,0.997448980808258,7.812499980275334e-09,,True,128.0,0.0,True
Patient#16,D:\Research\Multi-View Fusion Network\datasets\AJBDS-2023_extracted\AJBDS-2023\Training\Patient#16\input\IMG-0011-00078.jpg,3.322259134463934e-09,3.322259134463934e-09,1.0,0.9940010905265808,3.322259134463934e-09,,True,301.0,0.0,True
Patient#16,D:\Research\Multi-View Fusion Network\datasets\AJBDS-2023_extracted\AJBDS-2023\Training\Patient#16\input\IMG-0011-00079.jpg,2.469135784721743e-09,2.469135784721743e-09,1.0,0.9919283986091614,2.469135784721743e-09,,True,405.0,0.0,True
Patient#16,D:\Research\Multi-View Fusion Network\datasets\AJBDS-2023_extracted\AJBDS-2023\Training\Patient#16\input\IMG-0011-00080.jpg,2.178649260997645e-09,2.178649260997645e-09,1.0,0.9908521771430968,2.178649260997645e-09,,True,459.0,0.0,True
Patient#16,D:\Research\Multi-View Fusion Network\datasets\AJBDS-2023_extracted\AJBDS-2023\Training\Patient#16\input\IMG-0011-00081.jpg,2.109704633213028e-09,2.109704633213028e-09,1.0,0.9905532598495485,2.109704633213028e-09,,True,474.0,0.0,True
Patient#16,D:\Research\Multi-View Fusion Network\datasets\AJBDS-2023_extracted\AJBDS-2023\Training\Patient#16\input\IMG-0011-00082.jpg,1.930501980496046e-09,1.930501980496046e-09,1.0,0.9896763563156128,1.930501980496046e-09,,True,518.0,0.0,True
Patient#16,D:\Research\Multi-View Fusion Network\datasets\AJBDS-2023_extracted\AJBDS-2023\Training\Patient#16\input\IMG-0011-00083.jpg,1.872659138868471e-09,1.872659138868471e-09,1.0,0.9893574714660645,1.872659138868471e-09,,True,534.0,0.0,True
Patient#16,D:\Research\Multi-View Fusion Network\datasets\AJBDS-2023_extracted\AJBDS-2023\Training\Patient#16\input\IMG-0011-00084.jpg,2.915451879914599e-09,2.915451879914599e-09,1.0,0.9931640625,2.915451879914599e-09,,True,343.0,0.0,True
Patient#16,D:\Research\Multi-View Fusion Network\datasets\AJBDS-2023_extracted\AJBDS-2023\Training\Patient#16\input\IMG-0011-00085.jpg,5.208333320183556e-09,5.208333320183556e-09,1.0,0.9961734414100648,5.208333320183556e-09,,True,192.0,0.0,True
Patient#16,D:\Research\Multi-View Fusion Network\datasets\AJBDS-2023_extracted\AJBDS-2023\Training\Patient#16\input\IMG-0011-00086.jpg,4.405286357922478e-09,4.405286357922478e-09,1.0,0.9954759478569032,4.405286357922478e-09,,True,227.0,0.0,True
Patient#16,D:\Research\Multi-View Fusion Network\datasets\AJBDS-2023_extracted\AJBDS-2023\Training\Patient#16\input\IMG-0011-00087.jpg,5.235602174025189e-09,5.235602174025189e-09,1.0,0.9961934089660645,5.235602174025189e-09,,True,191.0,0.0,True
Patient#16,D:\Research\Multi-View Fusion Network\datasets\AJBDS-2023_extracted\AJBDS-2023\Training\Patient#16\input\IMG-0011-00088.jpg,6.097561122686557e-09,6.097561122686557e-09,1.0,0.9967315196990968,6.097561122686557e-09,,True,164.0,0.0,True
Patient#16,D:\Research\Multi-View Fusion Network\datasets\AJBDS-2023_extracted\AJBDS-2023\Training\Patient#16\input\IMG-0011-00089.jpg,6.2111800147590665e-09,6.2111800147590665e-09,1.0,0.9967913031578064,6.2111800147590665e-09,,True,161.0,0.0,True
Patient#16,D:\Research\Multi-View Fusion Network\datasets\AJBDS-2023_extracted\AJBDS-2023\Training\Patient#16\input\IMG-0011-00090.jpg,8.064516165973146e-09,8.064516165973146e-09,1.0,0.9975286722183228,8.064516165973146e-09,,True,124.0,0.0,True
Patient#16,D:\Research\Multi-View Fusion Network\datasets\AJBDS-2023_extracted\AJBDS-2023\Training\Patient#16\input\IMG-0011-00091.jpg,1.0752688517357e-08,1.0752688517357e-08,1.0,0.9981465339660645,1.0752688517357e-08,,True,93.0,0.0,True
Patient#16,D:\Research\Multi-View Fusion Network\datasets\AJBDS-2023_extracted\AJBDS-2023\Training\Patient#16\input\IMG-0011-00092.jpg,8.064516165973146e-09,8.064516165973146e-09,1.0,0.9975286722183228,8.064516165973146e-09,,True,124.0,0.0,True
Patient#16,D:\Research\Multi-View Fusion Network\datasets\AJBDS-2023_extracted\AJBDS-2023\Training\Patient#16\input\IMG-0011-00093.jpg,4.444444368090217e-09,4.444444368090217e-09,1.0,0.995515763759613,4.444444368090217e-09,,True,225.0,0.0,True
Patient#16,D:\Research\Multi-View Fusion Network\datasets\AJBDS-2023_extracted\AJBDS-2023\Training\Patient#16\input\IMG-0011-00094.jpg,2.314814784298846e-09,2.314814784298846e-09,1.0,0.9913902878761292,2.314814784298846e-09,,True,432.0,0.0,True
Patient#16,D:\Research\Multi-View Fusion Network\datasets\AJBDS-2023_extracted\AJBDS-2023\Training\Patient#16\input\IMG-0011-00095.jpg,2.150537525835716e-09,2.150537525835716e-09,1.0,0.9907326102256776,2.150537525835716e-09,,True,465.0,0.0,True
Patient#16,D:\Research\Multi-View Fusion Network\datasets\AJBDS-2023_extracted\AJBDS-2023\Training\Patient#16\input\IMG-0011-00096.jpg,4.444444368090217e-09,4.444444368090217e-09,1.0,0.995515763759613,4.444444368090217e-09,,True,225.0,0.0,True
Patient#16,D:\Research\Multi-View Fusion Network\datasets\AJBDS-2023_extracted\AJBDS-2023\Training\Patient#16\input\IMG-0011-00097.jpg,2.05761319094222e-09,2.05761319094222e-09,1.0,0.9903140664100648,2.05761319094222e-09,,True,486.0,0.0,True
Patient#16,D:\Research\Multi-View Fusion Network\datasets\AJBDS-2023_extracted\AJBDS-2023\Training\Patient#16\input\IMG-0011-00098.jpg,1.6891892329340406e-09,1.6891892329340406e-09,1.0,0.9882015585899352,1.6891892329340406e-09,,True,592.0,0.0,True
Patient#16,D:\Research\Multi-View Fusion Network\datasets\AJBDS-2023_extracted\AJBDS-2023\Training\Patient#16\input\IMG-0011-00099.jpg,2.293577994194606e-09,2.293577994194606e-09,1.0,0.9913105964660645,2.293577994194606e-09,,True,436.0,0.0,True
Patient#16,D:\Research\Multi-View Fusion Network\datasets\AJBDS-2023_extracted\AJBDS-2023\Training\Patient#16\input\IMG-0011-00100.jpg,1.8148820224439526e-09,1.8148820224439526e-09,1.0,0.9890186786651612,1.8148820224439526e-09,,True,551.0,0.0,True
Patient#16,D:\Research\Multi-View Fusion Network\datasets\AJBDS-2023_extracted\AJBDS-2023\Training\Patient#16\input\IMG-0011-00101.jpg,1.4044944096625043e-09,1.4044944096625043e-09,1.0,0.9858099222183228,1.4044944096625043e-09,,True,712.0,0.0,True
Patient#16,D:\Research\Multi-View Fusion Network\datasets\AJBDS-2023_extracted\AJBDS-2023\Training\Patient#16\input\IMG-0011-00102.jpg,1.4224751376801235e-09,1.4224751376801235e-09,1.0,0.9859893321990968,1.4224751376801235e-09,,True,703.0,0.0,True
Patient#16,D:\Research\Multi-View Fusion Network\datasets\AJBDS-2023_extracted\AJBDS-2023\Training\Patient#16\input\IMG-0011-00103.jpg,1.2531328197340486e-09,1.2531328197340486e-09,1.0,0.9840959906578064,1.2531328197340486e-09,,True,798.0,0.0,True
Patient#16,D:\Research\Multi-View Fusion Network\datasets\AJBDS-2023_extracted\AJBDS-2023\Training\Patient#16\input\IMG-0011-00104.jpg,1.2820512429456699e-09,1.2820512429456699e-09,1.0,0.9844546914100648,1.2820512429456699e-09,,True,780.0,0.0,True
Patient#16,D:\Research\Multi-View Fusion Network\datasets\AJBDS-2023_extracted\AJBDS-2023\Training\Patient#16\input\IMG-0012-00001.jpg,2.702702772694465e-08,2.702702772694465e-08,1.0,0.9992625713348388,2.702702772694465e-08,,True,37.0,0.0,True
Patient#16,D:\Research\Multi-View Fusion Network\datasets\AJBDS-2023_extracted\AJBDS-2023\Training\Patient#16\input\IMG-0012-00002.jpg,1.7825312337294006e-09,1.7825312337294006e-09,1.0,0.9888193607330322,1.7825312337294006e-09,,True,561.0,0.0,True
Patient#16,D:\Research\Multi-View Fusion Network\datasets\AJBDS-2023_extracted\AJBDS-2023\Training\Patient#16\input\IMG-0012-00003.jpg,1.0,1.0,1.0,1.0,1.0,,True,0.0,0.0,False
Patient#16,D:\Research\Multi-View Fusion Network\datasets\AJBDS-2023_extracted\AJBDS-2023\Training\Patient#16\input\IMG-0012-00008.jpg,1.0,1.0,1.0,1.0,1.0,,True,0.0,0.0,False
Patient#16,D:\Research\Multi-View Fusion Network\datasets\AJBDS-2023_extracted\AJBDS-2023\Training\Patient#16\input\IMG-0012-00009.jpg,1.0,1.0,1.0,1.0,1.0,,True,0.0,0.0,False
Patient#16,D:\Research\Multi-View Fusion Network\datasets\AJBDS-2023_extracted\AJBDS-2023\Training\Patient#16\input\IMG-0012-00010.jpg,1.0,1.0,1.0,1.0,1.0,,True,0.0,0.0,False
Patient#16,D:\Research\Multi-View Fusion Network\datasets\AJBDS-2023_extracted\AJBDS-2023\Training\Patient#16\input\IMG-0012-00011.jpg,1.0,1.0,1.0,1.0,1.0,,True,0.0,0.0,False
Patient#16,D:\Research\Multi-View Fusion Network\datasets\AJBDS-2023_extracted\AJBDS-2023\Training\Patient#16\input\IMG-0012-00012.jpg,1.0,1.0,1.0,1.0,1.0,,True,0.0,0.0,False
Patient#16,D:\Research\Multi-View Fusion Network\datasets\AJBDS-2023_extracted\AJBDS-2023\Training\Patient#16\input\IMG-0012-00013.jpg,1.0,1.0,1.0,1.0,1.0,,True,0.0,0.0,False
Patient#16,D:\Research\Multi-View Fusion Network\datasets\AJBDS-2023_extracted\AJBDS-2023\Training\Patient#16\input\IMG-0012-00014.jpg,1.0,1.0,1.0,1.0,1.0,,True,0.0,0.0,False
Patient#16,D:\Research\Multi-View Fusion Network\datasets\AJBDS-2023_extracted\AJBDS-2023\Training\Patient#16\input\IMG-0012-00015.jpg,1.0,1.0,1.0,1.0,1.0,,True,0.0,0.0,False
Patient#16,D:\Research\Multi-View Fusion Network\datasets\AJBDS-2023_extracted\AJBDS-2023\Training\Patient#16\input\IMG-0012-00016.jpg,1.0,1.0,1.0,1.0,1.0,,True,0.0,0.0,False
Patient#16,D:\Research\Multi-View Fusion Network\datasets\AJBDS-2023_extracted\AJBDS-2023\Training\Patient#16\input\IMG-0012-00017.jpg,9.99999087980541e-07,9.99999087980541e-07,1.0,0.999980092048645,9.99999087980541e-07,,True,1.0,0.0,True
Patient#16,D:\Research\Multi-View Fusion Network\datasets\AJBDS-2023_extracted\AJBDS-2023\Training\Patient#16\input\IMG-0012-00018.jpg,1.0,1.0,1.0,1.0,1.0,,True,0.0,0.0,False
Patient#16,D:\Research\Multi-View Fusion Network\datasets\AJBDS-2023_extracted\AJBDS-2023\Training\Patient#16\input\IMG-0012-00019.jpg,1.2578615926628343e-09,1.2578615926628343e-09,1.0,0.984155774116516,1.2578615926628343e-09,,True,795.0,0.0,True
Patient#16,D:\Research\Multi-View Fusion Network\datasets\AJBDS-2023_extracted\AJBDS-2023\Training\Patient#16\input\IMG-0012-00020.jpg,1.0,1.0,1.0,1.0,1.0,,True,0.0,0.0,False
Patient#16,D:\Research\Multi-View Fusion Network\datasets\AJBDS-2023_extracted\AJBDS-2023\Training\Patient#16\input\IMG-0013-00001.jpg,1.0,1.0,1.0,1.0,1.0,,True,0.0,0.0,False
Patient#16,D:\Research\Multi-View Fusion Network\datasets\AJBDS-2023_extracted\AJBDS-2023\Training\Patient#16\input\IMG-0013-00002.jpg,3.289473582412938e-09,3.289473582412938e-09,1.0,0.9939413070678712,3.289473582412938e-09,,True,304.0,0.0,True
Patient#16,D:\Research\Multi-View Fusion Network\datasets\AJBDS-2023_extracted\AJBDS-2023\Training\Patient#16\input\IMG-0013-00003.jpg,2.4390243158478597e-09,2.4390243158478597e-09,1.0,0.9918287396430968,2.4390243158478597e-09,,True,410.0,0.0,True
Patient#16,D:\Research\Multi-View Fusion Network\datasets\AJBDS-2023_extracted\AJBDS-2023\Training\Patient#16\input\IMG-0013-00004.jpg,1.0,1.0,1.0,1.0,1.0,,True,0.0,0.0,False
Patient#16,D:\Research\Multi-View Fusion Network\datasets\AJBDS-2023_extracted\AJBDS-2023\Training\Patient#16\input\IMG-0013-00005.jpg,1.0,1.0,1.0,1.0,1.0,,True,0.0,0.0,False
Patient#16,D:\Research\Multi-View Fusion Network\datasets\AJBDS-2023_extracted\AJBDS-2023\Training\Patient#16\input\IMG-0013-00006.jpg,1.0,1.0,1.0,1.0,1.0,,True,0.0,0.0,False
Patient#16,D:\Research\Multi-View Fusion Network\datasets\AJBDS-2023_extracted\AJBDS-2023\Training\Patient#16\input\IMG-0013-00007.jpg,1.0,1.0,1.0,1.0,1.0,,True,0.0,0.0,False
Patient#16,D:\Research\Multi-View Fusion Network\datasets\AJBDS-2023_extracted\AJBDS-2023\Training\Patient#16\input\IMG-0013-00008.jpg,1.0,1.0,1.0,1.0,1.0,,True,0.0,0.0,False
Patient#16,D:\Research\Multi-View Fusion Network\datasets\AJBDS-2023_extracted\AJBDS-2023\Training\Patient#16\input\IMG-0013-00009.jpg,1.0,1.0,1.0,1.0,1.0,,True,0.0,0.0,False
Patient#16,D:\Research\Multi-View Fusion Network\datasets\AJBDS-2023_extracted\AJBDS-2023\Training\Patient#16\input\IMG-0013-00010.jpg,1.0,1.0,1.0,1.0,1.0,,True,0.0,0.0,False
Patient#16,D:\Research\Multi-View Fusion Network\datasets\AJBDS-2023_extracted\AJBDS-2023\Training\Patient#16\input\IMG-0013-00015.jpg,1.0,1.0,1.0,1.0,1.0,,True,0.0,0.0,False
Patient#16,D:\Research\Multi-View Fusion Network\datasets\AJBDS-2023_extracted\AJBDS-2023\Training\Patient#16\input\IMG-0013-00016.jpg,1.0,1.0,1.0,1.0,1.0,,True,0.0,0.0,False
Patient#16,D:\Research\Multi-View Fusion Network\datasets\AJBDS-2023_extracted\AJBDS-2023\Training\Patient#16\input\IMG-0013-00017.jpg,3.0303031195444425e-08,3.0303031195444425e-08,1.0,0.9993423223495485,3.0303031195444425e-08,,True,33.0,0.0,True
Patient#16,D:\Research\Multi-View Fusion Network\datasets\AJBDS-2023_extracted\AJBDS-2023\Training\Patient#16\input\IMG-0013-00018.jpg,1.6806722680229311e-09,1.6806722680229311e-09,1.0,0.9881417155265808,1.6806722680229311e-09,,True,595.0,0.0,True
Patient#16,D:\Research\Multi-View Fusion Network\datasets\AJBDS-2023_extracted\AJBDS-2023\Training\Patient#16\input\IMG-0013-00019.jpg,1.0,1.0,1.0,1.0,1.0,,True,0.0,0.0,False
Patient#16,D:\Research\Multi-View Fusion Network\datasets\AJBDS-2023_extracted\AJBDS-2023\Training\Patient#16\input\IMG-0013-00020.jpg,1.0,1.0,1.0,1.0,1.0,,True,0.0,0.0,False
Patient#16,D:\Research\Multi-View Fusion Network\datasets\AJBDS-2023_extracted\AJBDS-2023\Training\Patient#16\input\IMG-0014-00001.jpg,1.0,1.0,1.0,1.0,1.0,,True,0.0,0.0,False
Patient#16,D:\Research\Multi-View Fusion Network\datasets\AJBDS-2023_extracted\AJBDS-2023\Training\Patient#16\input\IMG-0014-00002.jpg,1.0,1.0,1.0,1.0,1.0,,True,0.0,0.0,False
Patient#16,D:\Research\Multi-View Fusion Network\datasets\AJBDS-2023_extracted\AJBDS-2023\Training\Patient#16\input\IMG-0014-00003.jpg,1.0,1.0,1.0,1.0,1.0,,True,0.0,0.0,False
Patient#16,D:\Research\Multi-View Fusion Network\datasets\AJBDS-2023_extracted\AJBDS-2023\Training\Patient#16\input\IMG-0014-00004.jpg,1.0,1.0,1.0,1.0,1.0,,True,0.0,0.0,False
Patient#16,D:\Research\Multi-View Fusion Network\datasets\AJBDS-2023_extracted\AJBDS-2023\Training\Patient#16\input\IMG-0014-00005.jpg,1.0,1.0,1.0,1.0,1.0,,True,0.0,0.0,False
Patient#16,D:\Research\Multi-View Fusion Network\datasets\AJBDS-2023_extracted\AJBDS-2023\Training\Patient#16\input\IMG-0014-00006.jpg,1.0,1.0,1.0,1.0,1.0,,True,0.0,0.0,False
Patient#16,D:\Research\Multi-View Fusion Network\datasets\AJBDS-2023_extracted\AJBDS-2023\Training\Patient#16\input\IMG-0014-00007.jpg,1.285347051016572e-09,1.285347051016572e-09,1.0,0.9844945669174194,1.285347051016572e-09,,True,778.0,0.0,True
Patient#16,D:\Research\Multi-View Fusion Network\datasets\AJBDS-2023_extracted\AJBDS-2023\Training\Patient#16\input\IMG-0014-00008.jpg,1.0,1.0,1.0,1.0,1.0,,True,0.0,0.0,False
Patient#16,D:\Research\Multi-View Fusion Network\datasets\AJBDS-2023_extracted\AJBDS-2023\Training\Patient#16\input\IMG-0014-00009.jpg,1.0,1.0,1.0,1.0,1.0,,True,0.0,0.0,False
Patient#16,D:\Research\Multi-View Fusion Network\datasets\AJBDS-2023_extracted\AJBDS-2023\Training\Patient#16\input\IMG-0014-00010.jpg,1.953124995068833e-09,1.953124995068833e-09,1.0,0.9897959232330322,1.953124995068833e-09,,True,512.0,0.0,True
Patient#16,D:\Research\Multi-View Fusion Network\datasets\AJBDS-2023_extracted\AJBDS-2023\Training\Patient#16\input\IMG-0014-00011.jpg,1.0,1.0,1.0,1.0,1.0,,True,0.0,0.0,False
Patient#16,D:\Research\Multi-View Fusion Network\datasets\AJBDS-2023_extracted\AJBDS-2023\Training\Patient#16\input\IMG-0014-00016.jpg,1.0,1.0,1.0,1.0,1.0,,True,0.0,0.0,False
Patient#16,D:\Research\Multi-View Fusion Network\datasets\AJBDS-2023_extracted\AJBDS-2023\Training\Patient#16\input\IMG-0014-00017.jpg,1.0,1.0,1.0,1.0,1.0,,True,0.0,0.0,False
Patient#16,D:\Research\Multi-View Fusion Network\datasets\AJBDS-2023_extracted\AJBDS-2023\Training\Patient#16\input\IMG-0014-00018.jpg,1.0,1.0,1.0,1.0,1.0,,True,0.0,0.0,False
Patient#16,D:\Research\Multi-View Fusion Network\datasets\AJBDS-2023_extracted\AJBDS-2023\Training\Patient#16\input\IMG-0014-00019.jpg,1.0,1.0,1.0,1.0,1.0,,True,0.0,0.0,False
Patient#16,D:\Research\Multi-View Fusion Network\datasets\AJBDS-2023_extracted\AJBDS-2023\Training\Patient#16\input\IMG-0014-00020.jpg,1.0,1.0,1.0,1.0,1.0,,True,0.0,0.0,False
Patient#16,D:\Research\Multi-View Fusion Network\datasets\AJBDS-2023_extracted\AJBDS-2023\Training\Patient#16\input\IMG-0014-00021.jpg,1.0,1.0,1.0,1.0,1.0,,True,0.0,0.0,False
Patient#16,D:\Research\Multi-View Fusion Network\datasets\AJBDS-2023_extracted\AJBDS-2023\Training\Patient#16\input\IMG-0014-00022.jpg,1.0,1.0,1.0,1.0,1.0,,True,0.0,0.0,False
Patient#16,D:\Research\Multi-View Fusion Network\datasets\AJBDS-2023_extracted\AJBDS-2023\Training\Patient#16\input\IMG-0014-00023.jpg,1.0,1.0,1.0,1.0,1.0,,True,0.0,0.0,False
Patient#16,D:\Research\Multi-View Fusion Network\datasets\AJBDS-2023_extracted\AJBDS-2023\Training\Patient#16\input\IMG-0014-00024.jpg,1.0,1.0,1.0,1.0,1.0,,True,0.0,0.0,False
Patient#17,D:\Research\Multi-View Fusion Network\datasets\AJBDS-2023_extracted\AJBDS-2023\Training\Patient#17\input\IMG-0001-00001.jpg,5.494505295189356e-09,5.494505295189356e-09,1.0,0.9963727593421936,5.494505295189356e-09,,True,182.0,0.0,True
Patient#17,D:\Research\Multi-View Fusion Network\datasets\AJBDS-2023_extracted\AJBDS-2023\Training\Patient#17\input\IMG-0001-00002.jpg,1.0,1.0,1.0,1.0,1.0,,True,0.0,0.0,False
Patient#17,D:\Research\Multi-View Fusion Network\datasets\AJBDS-2023_extracted\AJBDS-2023\Training\Patient#17\input\IMG-0001-00003.jpg,1.0,1.0,1.0,1.0,1.0,,True,0.0,0.0,False
Patient#17,D:\Research\Multi-View Fusion Network\datasets\AJBDS-2023_extracted\AJBDS-2023\Training\Patient#17\input\IMG-0001-00004.jpg,1.0,1.0,1.0,1.0,1.0,,True,0.0,0.0,False
Patient#17,D:\Research\Multi-View Fusion Network\datasets\AJBDS-2023_extracted\AJBDS-2023\Training\Patient#17\input\IMG-0001-00005.jpg,1.0,1.0,1.0,1.0,1.0,,True,0.0,0.0,False
Patient#17,D:\Research\Multi-View Fusion Network\datasets\AJBDS-2023_extracted\AJBDS-2023\Training\Patient#17\input\IMG-0001-00006.jpg,1.0,1.0,1.0,1.0,1.0,,True,0.0,0.0,False
Patient#17,D:\Research\Multi-View Fusion Network\datasets\AJBDS-2023_extracted\AJBDS-2023\Training\Patient#17\input\IMG-0001-00007.jpg,1.0,1.0,1.0,1.0,1.0,,True,0.0,0.0,False
Patient#17,D:\Research\Multi-View Fusion Network\datasets\AJBDS-2023_extracted\AJBDS-2023\Training\Patient#17\input\IMG-0001-00008.jpg,1.0,1.0,1.0,1.0,1.0,,True,0.0,0.0,False
Patient#17,D:\Research\Multi-View Fusion Network\datasets\AJBDS-2023_extracted\AJBDS-2023\Training\Patient#17\input\IMG-0001-00009.jpg,1.3513513863472326e-08,1.3513513863472326e-08,1.0,0.9985252022743224,1.3513513863472326e-08,,True,74.0,0.0,True
Patient#17,D:\Research\Multi-View Fusion Network\datasets\AJBDS-2023_extracted\AJBDS-2023\Training\Patient#17\input\IMG-0001-00010.jpg,7.575757798861105e-09,7.575757798861105e-09,1.0,0.9973692893981934,7.575757798861105e-09,,True,132.0,0.0,True
Patient#17,D:\Research\Multi-View Fusion Network\datasets\AJBDS-2023_extracted\AJBDS-2023\Training\Patient#17\input\IMG-0001-00011.jpg,8.333333134658005e-09,8.333333134658005e-09,1.0,0.9976084232330322,8.333333134658005e-09,,True,120.0,0.0,True
Patient#17,D:\Research\Multi-View Fusion Network\datasets\AJBDS-2023_extracted\AJBDS-2023\Training\Patient#17\input\IMG-0001-00012.jpg,1.0,1.0,1.0,1.0,1.0,,True,0.0,0.0,False
Patient#17,D:\Research\Multi-View Fusion Network\datasets\AJBDS-2023_extracted\AJBDS-2023\Training\Patient#17\input\IMG-0001-00013.jpg,1.0,1.0,1.0,1.0,1.0,,True,0.0,0.0,False
Patient#17,D:\Research\Multi-View Fusion Network\datasets\AJBDS-2023_extracted\AJBDS-2023\Training\Patient#17\input\IMG-0001-00014.jpg,1.0,1.0,1.0,1.0,1.0,,True,0.0,0.0,False
Patient#17,D:\Research\Multi-View Fusion Network\datasets\AJBDS-2023_extracted\AJBDS-2023\Training\Patient#17\input\IMG-0001-00015.jpg,1.0,1.0,1.0,1.0,1.0,,True,0.0,0.0,False
Patient#17,D:\Research\Multi-View Fusion Network\datasets\AJBDS-2023_extracted\AJBDS-2023\Training\Patient#17\input\IMG-0001-00016.jpg,1.0,1.0,1.0,1.0,1.0,,True,0.0,0.0,False
Patient#17,D:\Research\Multi-View Fusion Network\datasets\AJBDS-2023_extracted\AJBDS-2023\Training\Patient#17\input\IMG-0001-00017.jpg,1.0,1.0,1.0,1.0,1.0,,True,0.0,0.0,False
Patient#17,D:\Research\Multi-View Fusion Network\datasets\AJBDS-2023_extracted\AJBDS-2023\Training\Patient#17\input\IMG-0001-00018.jpg,1.0,1.0,1.0,1.0,1.0,,True,0.0,0.0,False
Patient#17,D:\Research\Multi-View Fusion Network\datasets\AJBDS-2023_extracted\AJBDS-2023\Training\Patient#17\input\IMG-0001-00019.jpg,1.7543859698321285e-08,1.7543859698321285e-08,1.0,0.9988639950752258,1.7543859698321285e-08,,True,57.0,0.0,True
Patient#17,D:\Research\Multi-View Fusion Network\datasets\AJBDS-2023_extracted\AJBDS-2023\Training\Patient#17\input\IMG-0001-00020.jpg,1.0040160924873476e-09,1.0040160924873476e-09,1.0,0.9801498651504515,1.0040160924873476e-09,,True,996.0,0.0,True
Patient#17,D:\Research\Multi-View Fusion Network\datasets\AJBDS-2023_extracted\AJBDS-2023\Training\Patient#17\input\IMG-0002-00001.jpg,1.0,1.0,1.0,1.0,1.0,,True,0.0,0.0,False
Patient#17,D:\Research\Multi-View Fusion Network\datasets\AJBDS-2023_extracted\AJBDS-2023\Training\Patient#17\input\IMG-0002-00002.jpg,1.0,1.0,1.0,1.0,1.0,,True,0.0,0.0,False
Patient#17,D:\Research\Multi-View Fusion Network\datasets\AJBDS-2023_extracted\AJBDS-2023\Training\Patient#17\input\IMG-0002-00003.jpg,1.0,1.0,1.0,1.0,1.0,,True,0.0,0.0,False
Patient#17,D:\Research\Multi-View Fusion Network\datasets\AJBDS-2023_extracted\AJBDS-2023\Training\Patient#17\input\IMG-0002-00004.jpg,1.0,1.0,1.0,1.0,1.0,,True,0.0,0.0,False
Patient#17,D:\Research\Multi-View Fusion Network\datasets\AJBDS-2023_extracted\AJBDS-2023\Training\Patient#17\input\IMG-0002-00005.jpg,1.0,1.0,1.0,1.0,1.0,,True,0.0,0.0,False
Patient#17,D:\Research\Multi-View Fusion Network\datasets\AJBDS-2023_extracted\AJBDS-2023\Training\Patient#17\input\IMG-0002-00006.jpg,1.2820512651501303e-08,1.2820512651501303e-08,1.0,0.998445451259613,1.2820512651501303e-08,,True,78.0,0.0,True
Patient#17,D:\Research\Multi-View Fusion Network\datasets\AJBDS-2023_extracted\AJBDS-2023\Training\Patient#17\input\IMG-0002-00007.jpg,3.472222287470572e-09,3.472222287470572e-09,1.0,0.9942601919174194,3.472222287470572e-09,,True,288.0,0.0,True
Patient#17,D:\Research\Multi-View Fusion Network\datasets\AJBDS-2023_extracted\AJBDS-2023\Training\Patient#17\input\IMG-0002-00008.jpg,3.3333321880490985e-07,3.3333321880490985e-07,1.0,0.9999402165412904,3.3333321880490985e-07,,True,3.0,0.0,True
Patient#17,D:\Research\Multi-View Fusion Network\datasets\AJBDS-2023_extracted\AJBDS-2023\Training\Patient#17\input\IMG-0002-00009.jpg,1.3755158123629483e-09,1.3755158123629483e-09,1.0,0.9855110049247742,1.3755158123629483e-09,,True,727.0,0.0,True
Patient#17,D:\Research\Multi-View Fusion Network\datasets\AJBDS-2023_extracted\AJBDS-2023\Training\Patient#17\input\IMG-0002-00010.jpg,1.0,1.0,1.0,1.0,1.0,,True,0.0,0.0,False
Patient#17,D:\Research\Multi-View Fusion Network\datasets\AJBDS-2023_extracted\AJBDS-2023\Training\Patient#17\input\IMG-0002-00011.jpg,1.0,1.0,1.0,1.0,1.0,,True,0.0,0.0,False
Patient#17,D:\Research\Multi-View Fusion Network\datasets\AJBDS-2023_extracted\AJBDS-2023\Training\Patient#17\input\IMG-0002-00012.jpg,6.1728395728266605e-09,6.1728395728266605e-09,1.0,0.9967713356018066,6.1728395728266605e-09,,True,162.0,0.0,True
Patient#17,D:\Research\Multi-View Fusion Network\datasets\AJBDS-2023_extracted\AJBDS-2023\Training\Patient#17\input\IMG-0002-00019.jpg,4.901960615200096e-09,4.901960615200096e-09,1.0,0.9959343075752258,4.901960615200096e-09,,True,204.0,0.0,True
Patient#17,D:\Research\Multi-View Fusion Network\datasets\AJBDS-2023_extracted\AJBDS-2023\Training\Patient#17\input\IMG-0002-00020.jpg,9.718172933048663e-10,9.718172933048663e-10,1.0,0.9794921875,9.718172933048663e-10,,True,1029.0,0.0,True
Patient#17,D:\Research\Multi-View Fusion Network\datasets\AJBDS-2023_extracted\AJBDS-2023\Training\Patient#17\input\IMG-0003-00001.jpg,1.1223344476007924e-09,1.1223344476007924e-09,1.0,0.9822425246238708,1.1223344476007924e-09,,True,891.0,0.0,True
Patient#17,D:\Research\Multi-View Fusion Network\datasets\AJBDS-2023_extracted\AJBDS-2023\Training\Patient#17\input\IMG-0003-00002.jpg,1.0,1.0,1.0,1.0,1.0,,True,0.0,0.0,False
Patient#17,D:\Research\Multi-View Fusion Network\datasets\AJBDS-2023_extracted\AJBDS-2023\Training\Patient#17\input\IMG-0003-00003.jpg,1.472754029840928e-09,1.472754029840928e-09,1.0,0.9864676594734192,1.472754029840928e-09,,True,679.0,0.0,True
Patient#17,D:\Research\Multi-View Fusion Network\datasets\AJBDS-2023_extracted\AJBDS-2023\Training\Patient#17\input\IMG-0003-00004.jpg,5.017561366393862e-10,5.017561366393862e-10,1.0,0.9602798223495485,5.017561366393862e-10,,True,1993.0,0.0,True
Patient#17,D:\Research\Multi-View Fusion Network\datasets\AJBDS-2023_extracted\AJBDS-2023\Training\Patient#17\input\IMG-0003-00005.jpg,2.724795722386375e-09,2.724795722386375e-09,1.0,0.9926857352256776,2.724795722386375e-09,,True,367.0,0.0,True
Patient#17,D:\Research\Multi-View Fusion Network\datasets\AJBDS-2023_extracted\AJBDS-2023\Training\Patient#17\input\IMG-0003-00018.jpg,2.881844318736171e-09,2.881844318736171e-09,1.0,0.9930843710899352,2.881844318736171e-09,,True,347.0,0.0,True
Patient#17,D:\Research\Multi-View Fusion Network\datasets\AJBDS-2023_extracted\AJBDS-2023\Training\Patient#17\input\IMG-0003-00019.jpg,1.0,1.0,1.0,1.0,1.0,,True,0.0,0.0,False
Patient#17,D:\Research\Multi-View Fusion Network\datasets\AJBDS-2023_extracted\AJBDS-2023\Training\Patient#17\input\IMG-0003-00020.jpg,2.7173912009459404e-09,2.7173912009459404e-09,1.0,0.9926658272743224,2.7173912009459404e-09,,True,368.0,0.0,True
Patient#17,D:\Research\Multi-View Fusion Network\datasets\AJBDS-2023_extracted\AJBDS-2023\Training\Patient#17\input\IMG-0004-00001.jpg,7.4074075762098354e-09,7.4074075762098354e-09,1.0,0.9973094463348388,7.4074075762098354e-09,,True,135.0,0.0,True
Patient#17,D:\Research\Multi-View Fusion Network\datasets\AJBDS-2023_extracted\AJBDS-2023\Training\Patient#17\input\IMG-0004-00002.jpg,8.196721523745511e-09,8.196721523745511e-09,1.0,0.9975685477256776,8.196721523745511e-09,,True,122.0,0.0,True
Patient#17,D:\Research\Multi-View Fusion Network\datasets\AJBDS-2023_extracted\AJBDS-2023\Training\Patient#17\input\IMG-0004-00003.jpg,1.0,1.0,1.0,1.0,1.0,,True,0.0,0.0,False
Patient#17,D:\Research\Multi-View Fusion Network\datasets\AJBDS-2023_extracted\AJBDS-2023\Training\Patient#17\input\IMG-0004-00004.jpg,1.0,1.0,1.0,1.0,1.0,,True,0.0,0.0,False
Patient#17,D:\Research\Multi-View Fusion Network\datasets\AJBDS-2023_extracted\AJBDS-2023\Training\Patient#17\input\IMG-0004-00005.jpg,5.2631573765893336e-08,5.2631573765893336e-08,1.0,0.999621331691742,5.2631573765893336e-08,,True,19.0,0.0,True
Patient#17,D:\Research\Multi-View Fusion Network\datasets\AJBDS-2023_extracted\AJBDS-2023\Training\Patient#17\input\IMG-0004-00006.jpg,7.1428569725640045e-09,7.1428569725640045e-09,1.0,0.9972098469734192,7.1428569725640045e-09,,True,140.0,0.0,True
Patient#17,D:\Research\Multi-View Fusion Network\datasets\AJBDS-2023_extracted\AJBDS-2023\Training\Patient#17\input\IMG-0004-00018.jpg,1.0,1.0,1.0,1.0,1.0,,True,0.0,0.0,False
Patient#17,D:\Research\Multi-View Fusion Network\datasets\AJBDS-2023_extracted\AJBDS-2023\Training\Patient#17\input\IMG-0004-00019.jpg,1.0,1.0,1.0,1.0,1.0,,True,0.0,0.0,False
Patient#17,D:\Research\Multi-View Fusion Network\datasets\AJBDS-2023_extracted\AJBDS-2023\Training\Patient#17\input\IMG-0004-00020.jpg,2.05761319094222e-09,2.05761319094222e-09,1.0,0.9903140664100648,2.05761319094222e-09,,True,486.0,0.0,True
Patient#17,D:\Research\Multi-View Fusion Network\datasets\AJBDS-2023_extracted\AJBDS-2023\Training\Patient#17\input\IMG-0005-00001.jpg,1.0,1.0,1.0,1.0,1.0,,True,0.0,0.0,False
Patient#17,D:\Research\Multi-View Fusion Network\datasets\AJBDS-2023_extracted\AJBDS-2023\Training\Patient#17\input\IMG-0005-00002.jpg,5.434782401891881e-09,5.434782401891881e-09,1.0,0.9963328838348388,5.434782401891881e-09,,True,184.0,0.0,True
Patient#17,D:\Research\Multi-View Fusion Network\datasets\AJBDS-2023_extracted\AJBDS-2023\Training\Patient#17\input\IMG-0005-00003.jpg,2.3809523241880012e-08,2.3809523241880012e-08,1.0,0.9991629719734192,2.3809523241880012e-08,,True,42.0,0.0,True
Patient#17,D:\Research\Multi-View Fusion Network\datasets\AJBDS-2023_extracted\AJBDS-2023\Training\Patient#17\input\IMG-0005-00004.jpg,2.739726001621534e-09,2.739726001621534e-09,1.0,0.9927256107330322,2.739726001621534e-09,,True,365.0,0.0,True
Patient#17,D:\Research\Multi-View Fusion Network\datasets\AJBDS-2023_extracted\AJBDS-2023\Training\Patient#17\input\IMG-0005-00005.jpg,3.8759688791856214e-09,3.8759688791856214e-09,1.0,0.9948580861091614,3.8759688791856214e-09,,True,258.0,0.0,True
Patient#17,D:\Research\Multi-View Fusion Network\datasets\AJBDS-2023_extracted\AJBDS-2023\Training\Patient#17\input\IMG-0005-00006.jpg,5.6818181271012236e-09,5.6818181271012236e-09,1.0,0.996492326259613,5.6818181271012236e-09,,True,176.0,0.0,True
Patient#17,D:\Research\Multi-View Fusion Network\datasets\AJBDS-2023_extracted\AJBDS-2023\Training\Patient#17\input\IMG-0005-00007.jpg,2.7777778299764577e-08,2.7777778299764577e-08,1.0,0.9992825388908386,2.7777778299764577e-08,,True,36.0,0.0,True
Patient#17,D:\Research\Multi-View Fusion Network\datasets\AJBDS-2023_extracted\AJBDS-2023\Training\Patient#17\input\IMG-0005-00008.jpg,1.0,1.0,1.0,1.0,1.0,,True,0.0,0.0,False
Patient#17,D:\Research\Multi-View Fusion Network\datasets\AJBDS-2023_extracted\AJBDS-2023\Training\Patient#17\input\IMG-0005-00009.jpg,1.0309278763998009e-08,1.0309278763998009e-08,1.0,0.998066782951355,1.0309278763998009e-08,,True,97.0,0.0,True
Patient#17,D:\Research\Multi-View Fusion Network\datasets\AJBDS-2023_extracted\AJBDS-2023\Training\Patient#17\input\IMG-0005-00010.jpg,1.0,1.0,1.0,1.0,1.0,,True,0.0,0.0,False
Patient#17,D:\Research\Multi-View Fusion Network\datasets\AJBDS-2023_extracted\AJBDS-2023\Training\Patient#17\input\IMG-0005-00011.jpg,1.0,1.0,1.0,1.0,1.0,,True,0.0,0.0,False
Patient#17,D:\Research\Multi-View Fusion Network\datasets\AJBDS-2023_extracted\AJBDS-2023\Training\Patient#17\input\IMG-0005-00012.jpg,1.0,1.0,1.0,1.0,1.0,,True,0.0,0.0,False
Patient#17,D:\Research\Multi-View Fusion Network\datasets\AJBDS-2023_extracted\AJBDS-2023\Training\Patient#17\input\IMG-0005-00013.jpg,1.0,1.0,1.0,1.0,1.0,,True,0.0,0.0,False
Patient#17,D:\Research\Multi-View Fusion Network\datasets\AJBDS-2023_extracted\AJBDS-2023\Training\Patient#17\input\IMG-0005-00014.jpg,1.0,1.0,1.0,1.0,1.0,,True,0.0,0.0,False
Patient#17,D:\Research\Multi-View Fusion Network\datasets\AJBDS-2023_extracted\AJBDS-2023\Training\Patient#17\input\IMG-0005-00015.jpg,1.0,1.0,1.0,1.0,1.0,,True,0.0,0.0,False
Patient#17,D:\Research\Multi-View Fusion Network\datasets\AJBDS-2023_extracted\AJBDS-2023\Training\Patient#17\input\IMG-0005-00016.jpg,1.0,1.0,1.0,1.0,1.0,,True,0.0,0.0,False
Patient#17,D:\Research\Multi-View Fusion Network\datasets\AJBDS-2023_extracted\AJBDS-2023\Training\Patient#17\input\IMG-0005-00017.jpg,1.0,1.0,1.0,1.0,1.0,,True,0.0,0.0,False
Patient#17,D:\Research\Multi-View Fusion Network\datasets\AJBDS-2023_extracted\AJBDS-2023\Training\Patient#17\input\IMG-0005-00018.jpg,1.0,1.0,1.0,1.0,1.0,,True,0.0,0.0,False
Patient#17,D:\Research\Multi-View Fusion Network\datasets\AJBDS-2023_extracted\AJBDS-2023\Training\Patient#17\input\IMG-0005-00019.jpg,5.263157909496385e-09,5.263157909496385e-09,1.0,0.9962133169174194,5.263157909496385e-09,,True,190.0,0.0,True
Patient#17,D:\Research\Multi-View Fusion Network\datasets\AJBDS-2023_extracted\AJBDS-2023\Training\Patient#17\input\IMG-0005-00020.jpg,9.242144272114671e-10,9.242144272114671e-10,1.0,0.9784359335899352,9.242144272114671e-10,,True,1082.0,0.0,True
Patient#17,D:\Research\Multi-View Fusion Network\datasets\AJBDS-2023_extracted\AJBDS-2023\Training\Patient#17\input\IMG-0006-00001.jpg,1.0330578614770047e-09,1.0330578614770047e-09,1.0,0.9807078838348388,1.0330578614770047e-09,,True,968.0,0.0,True
Patient#17,D:\Research\Multi-View Fusion Network\datasets\AJBDS-2023_extracted\AJBDS-2023\Training\Patient#17\input\IMG-0006-00002.jpg,5.889281284865432e-10,5.889281284865432e-10,1.0,0.9661591053009032,5.889281284865432e-10,,True,1698.0,0.0,True
Patient#17,D:\Research\Multi-View Fusion Network\datasets\AJBDS-2023_extracted\AJBDS-2023\Training\Patient#17\input\IMG-0006-00003.jpg,2.6917901241318987e-10,2.6917901241318987e-10,1.0,0.9259606003761292,2.6917901241318987e-10,,True,3715.0,0.0,True
Patient#17,D:\Research\Multi-View Fusion Network\datasets\AJBDS-2023_extracted\AJBDS-2023\Training\Patient#17\input\IMG-0006-00004.jpg,1.0,1.0,1.0,1.0,1.0,,True,0.0,0.0,False
Patient#17,D:\Research\Multi-View Fusion Network\datasets\AJBDS-2023_extracted\AJBDS-2023\Training\Patient#17\input\IMG-0006-00005.jpg,3.2154341411683163e-09,3.2154341411683163e-09,1.0,0.9938018321990968,3.2154341411683163e-09,,True,311.0,0.0,True
Patient#17,D:\Research\Multi-View Fusion Network\datasets\AJBDS-2023_extracted\AJBDS-2023\Training\Patient#17\input\IMG-0006-00006.jpg,7.936508339412285e-09,7.936508339412285e-09,1.0,0.9974888563156128,7.936508339412285e-09,,True,126.0,0.0,True
Patient#17,D:\Research\Multi-View Fusion Network\datasets\AJBDS-2023_extracted\AJBDS-2023\Training\Patient#17\input\IMG-0006-00009.jpg,1.0,1.0,1.0,1.0,1.0,,True,0.0,0.0,False
Patient#17,D:\Research\Multi-View Fusion Network\datasets\AJBDS-2023_extracted\AJBDS-2023\Training\Patient#17\input\IMG-0006-00010.jpg,1.0,1.0,1.0,1.0,1.0,,True,0.0,0.0,False
Patient#17,D:\Research\Multi-View Fusion Network\datasets\AJBDS-2023_extracted\AJBDS-2023\Training\Patient#17\input\IMG-0006-00011.jpg,1.0,1.0,1.0,1.0,1.0,,True,0.0,0.0,False
Patient#17,D:\Research\Multi-View Fusion Network\datasets\AJBDS-2023_extracted\AJBDS-2023\Training\Patient#17\input\IMG-0006-00012.jpg,1.0,1.0,1.0,1.0,1.0,,True,0.0,0.0,False
Patient#17,D:\Research\Multi-View Fusion Network\datasets\AJBDS-2023_extracted\AJBDS-2023\Training\Patient#17\input\IMG-0006-00013.jpg,1.0,1.0,1.0,1.0,1.0,,True,0.0,0.0,False
Patient#17,D:\Research\Multi-View Fusion Network\datasets\AJBDS-2023_extracted\AJBDS-2023\Training\Patient#17\input\IMG-0006-00014.jpg,1.0,1.0,1.0,1.0,1.0,,True,0.0,0.0,False
Patient#17,D:\Research\Multi-View Fusion Network\datasets\AJBDS-2023_extracted\AJBDS-2023\Training\Patient#17\input\IMG-0006-00015.jpg,5.50055001546923e-10,5.50055001546923e-10,1.0,0.9637675285339355,5.50055001546923e-10,,True,1818.0,0.0,True
Patient#17,D:\Research\Multi-View Fusion Network\datasets\AJBDS-2023_extracted\AJBDS-2023\Training\Patient#17\input\IMG-0006-00016.jpg,1.0,1.0,1.0,1.0,1.0,,True,0.0,0.0,False
Patient#17,D:\Research\Multi-View Fusion Network\datasets\AJBDS-2023_extracted\AJBDS-2023\Training\Patient#17\input\IMG-0006-00017.jpg,1.0,1.0,1.0,1.0,1.0,,True,0.0,0.0,False
Patient#17,D:\Research\Multi-View Fusion Network\datasets\AJBDS-2023_extracted\AJBDS-2023\Training\Patient#17\input\IMG-0006-00018.jpg,1.0,1.0,1.0,1.0,1.0,,True,0.0,0.0,False
Patient#17,D:\Research\Multi-View Fusion Network\datasets\AJBDS-2023_extracted\AJBDS-2023\Training\Patient#17\input\IMG-0006-00019.jpg,1.0,1.0,1.0,1.0,1.0,,True,0.0,0.0,False
Patient#17,D:\Research\Multi-View Fusion Network\datasets\AJBDS-2023_extracted\AJBDS-2023\Training\Patient#17\input\IMG-0006-00020.jpg,1.0,1.0,1.0,1.0,1.0,,True,0.0,0.0,False
Patient#17,D:\Research\Multi-View Fusion Network\datasets\AJBDS-2023_extracted\AJBDS-2023\Training\Patient#17\input\IMG-0006-00021.jpg,6.289308185358777e-09,6.289308185358777e-09,1.0,0.9968311786651612,6.289308185358777e-09,,True,159.0,0.0,True
Patient#17,D:\Research\Multi-View Fusion Network\datasets\AJBDS-2023_extracted\AJBDS-2023\Training\Patient#17\input\IMG-0006-00022.jpg,1.2610340549557007e-09,1.2610340549557007e-09,1.0,0.9841956496238708,1.2610340549557007e-09,,True,793.0,0.0,True
Patient#17,D:\Research\Multi-View Fusion Network\datasets\AJBDS-2023_extracted\AJBDS-2023\Training\Patient#17\input\IMG-0006-00023.jpg,3.7009623143902094e-10,3.7009623143902094e-10,1.0,0.9461495280265808,3.7009623143902094e-10,,True,2702.0,0.0,True
Patient#17,D:\Research\Multi-View Fusion Network\datasets\AJBDS-2023_extracted\AJBDS-2023\Training\Patient#17\input\IMG-0006-00024.jpg,9.259259137195386e-09,9.259259137195386e-09,1.0,0.9978475570678712,9.259259137195386e-09,,True,108.0,0.0,True
Patient#17,D:\Research\Multi-View Fusion Network\datasets\AJBDS-2023_extracted\AJBDS-2023\Training\Patient#17\input\IMG-0006-00025.jpg,1.0,1.0,1.0,1.0,1.0,,True,0.0,0.0,False
Patient#17,D:\Research\Multi-View Fusion Network\datasets\AJBDS-2023_extracted\AJBDS-2023\Training\Patient#17\input\IMG-0006-00026.jpg,1.0,1.0,1.0,1.0,1.0,,True,0.0,0.0,False
Patient#17,D:\Research\Multi-View Fusion Network\datasets\AJBDS-2023_extracted\AJBDS-2023\Training\Patient#17\input\IMG-0006-00027.jpg,1.0,1.0,1.0,1.0,1.0,,True,0.0,0.0,False
Patient#17,D:\Research\Multi-View Fusion Network\datasets\AJBDS-2023_extracted\AJBDS-2023\Training\Patient#17\input\IMG-0006-00028.jpg,1.0,1.0,1.0,1.0,1.0,,True,0.0,0.0,False
Patient#17,D:\Research\Multi-View Fusion Network\datasets\AJBDS-2023_extracted\AJBDS-2023\Training\Patient#17\input\IMG-0006-00029.jpg,1.0,1.0,1.0,1.0,1.0,,True,0.0,0.0,False
Patient#17,D:\Research\Multi-View Fusion Network\datasets\AJBDS-2023_extracted\AJBDS-2023\Training\Patient#17\input\IMG-0006-00030.jpg,1.0,1.0,1.0,1.0,1.0,,True,0.0,0.0,False
Patient#17,D:\Research\Multi-View Fusion Network\datasets\AJBDS-2023_extracted\AJBDS-2023\Training\Patient#17\input\IMG-0006-00031.jpg,1.0,1.0,1.0,1.0,1.0,,True,0.0,0.0,False
Patient#17,D:\Research\Multi-View Fusion Network\datasets\AJBDS-2023_extracted\AJBDS-2023\Training\Patient#17\input\IMG-0006-00032.jpg,1.0,1.0,1.0,1.0,1.0,,True,0.0,0.0,False
Patient#17,D:\Research\Multi-View Fusion Network\datasets\AJBDS-2023_extracted\AJBDS-2023\Training\Patient#17\input\IMG-0006-00033.jpg,1.0,1.0,1.0,1.0,1.0,,True,0.0,0.0,False
Patient#17,D:\Research\Multi-View Fusion Network\datasets\AJBDS-2023_extracted\AJBDS-2023\Training\Patient#17\input\IMG-0006-00034.jpg,1.0,1.0,1.0,1.0,1.0,,True,0.0,0.0,False
Patient#17,D:\Research\Multi-View Fusion Network\datasets\AJBDS-2023_extracted\AJBDS-2023\Training\Patient#17\input\IMG-0006-00035.jpg,1.0,1.0,1.0,1.0,1.0,,True,0.0,0.0,False
Patient#17,D:\Research\Multi-View Fusion Network\datasets\AJBDS-2023_extracted\AJBDS-2023\Training\Patient#17\input\IMG-0006-00036.jpg,1.0,1.0,1.0,1.0,1.0,,True,0.0,0.0,False
Patient#17,D:\Research\Multi-View Fusion Network\datasets\AJBDS-2023_extracted\AJBDS-2023\Training\Patient#17\input\IMG-0006-00037.jpg,1.0,1.0,1.0,1.0,1.0,,True,0.0,0.0,False
Patient#17,D:\Research\Multi-View Fusion Network\datasets\AJBDS-2023_extracted\AJBDS-2023\Training\Patient#17\input\IMG-0006-00038.jpg,1.0,1.0,1.0,1.0,1.0,,True,0.0,0.0,False
Patient#17,D:\Research\Multi-View Fusion Network\datasets\AJBDS-2023_extracted\AJBDS-2023\Training\Patient#17\input\IMG-0006-00039.jpg,9.276437951122317e-10,9.276437951122317e-10,1.0,0.978515625,9.276437951122317e-10,,True,1078.0,0.0,True
Patient#17,D:\Research\Multi-View Fusion Network\datasets\AJBDS-2023_extracted\AJBDS-2023\Training\Patient#17\input\IMG-0006-00040.jpg,7.74593333918716e-10,7.74593333918716e-10,1.0,0.9742705821990968,7.74593333918716e-10,,True,1291.0,0.0,True
Patient#17,D:\Research\Multi-View Fusion Network\datasets\AJBDS-2023_extracted\AJBDS-2023\Training\Patient#17\input\IMG-0007-00001.jpg,9.310986981425627e-10,9.310986981425627e-10,1.0,0.9785953164100648,9.310986981425627e-10,,True,1074.0,0.0,True
Patient#17,D:\Research\Multi-View Fusion Network\datasets\AJBDS-2023_extracted\AJBDS-2023\Training\Patient#17\input\IMG-0007-00002.jpg,1.0,1.0,1.0,1.0,1.0,,True,0.0,0.0,False
Patient#17,D:\Research\Multi-View Fusion Network\datasets\AJBDS-2023_extracted\AJBDS-2023\Training\Patient#17\input\IMG-0007-00003.jpg,3.0021013452952156e-10,3.0021013452952156e-10,1.0,0.933613657951355,3.0021013452952156e-10,,True,3331.0,0.0,True
Patient#17,D:\Research\Multi-View Fusion Network\datasets\AJBDS-2023_extracted\AJBDS-2023\Training\Patient#17\input\IMG-0007-00004.jpg,4.366812245137908e-09,4.366812245137908e-09,1.0,0.9954360723495485,4.366812245137908e-09,,True,229.0,0.0,True
Patient#17,D:\Research\Multi-View Fusion Network\datasets\AJBDS-2023_extracted\AJBDS-2023\Training\Patient#17\input\IMG-0007-00005.jpg,3.322259134463934e-09,3.322259134463934e-09,1.0,0.9940010905265808,3.322259134463934e-09,,True,301.0,0.0,True
Patient#17,D:\Research\Multi-View Fusion Network\datasets\AJBDS-2023_extracted\AJBDS-2023\Training\Patient#17\input\IMG-0007-00006.jpg,4.8780486316957195e-09,4.8780486316957195e-09,1.0,0.9959143996238708,4.8780486316957195e-09,,True,205.0,0.0,True
Patient#17,D:\Research\Multi-View Fusion Network\datasets\AJBDS-2023_extracted\AJBDS-2023\Training\Patient#17\input\IMG-0007-00007.jpg,1.0,1.0,1.0,1.0,1.0,,True,0.0,0.0,False
Patient#17,D:\Research\Multi-View Fusion Network\datasets\AJBDS-2023_extracted\AJBDS-2023\Training\Patient#17\input\IMG-0007-00008.jpg,1.0,1.0,1.0,1.0,1.0,,True,0.0,0.0,False
Patient#17,D:\Research\Multi-View Fusion Network\datasets\AJBDS-2023_extracted\AJBDS-2023\Training\Patient#17\input\IMG-0007-00009.jpg,6.108735739474014e-10,6.108735739474014e-10,1.0,0.967374861240387,6.108735739474014e-10,,True,1637.0,0.0,True
Patient#17,D:\Research\Multi-View Fusion Network\datasets\AJBDS-2023_extracted\AJBDS-2023\Training\Patient#17\input\IMG-0007-00010.jpg,1.0,1.0,1.0,1.0,1.0,,True,0.0,0.0,False
Patient#17,D:\Research\Multi-View Fusion Network\datasets\AJBDS-2023_extracted\AJBDS-2023\Training\Patient#17\input\IMG-0007-00011.jpg,1.0,1.0,1.0,1.0,1.0,,True,0.0,0.0,False
Patient#17,D:\Research\Multi-View Fusion Network\datasets\AJBDS-2023_extracted\AJBDS-2023\Training\Patient#17\input\IMG-0007-00012.jpg,1.0,1.0,1.0,1.0,1.0,,True,0.0,0.0,False
Patient#17,D:\Research\Multi-View Fusion Network\datasets\AJBDS-2023_extracted\AJBDS-2023\Training\Patient#17\input\IMG-0007-00013.jpg,1.0,1.0,1.0,1.0,1.0,,True,0.0,0.0,False
Patient#17,D:\Research\Multi-View Fusion Network\datasets\AJBDS-2023_extracted\AJBDS-2023\Training\Patient#17\input\IMG-0007-00014.jpg,1.0,1.0,1.0,1.0,1.0,,True,0.0,0.0,False
Patient#17,D:\Research\Multi-View Fusion Network\datasets\AJBDS-2023_extracted\AJBDS-2023\Training\Patient#17\input\IMG-0007-00015.jpg,5.18403320270977e-10,5.18403320270977e-10,1.0,0.9615553021430968,5.18403320270977e-10,,True,1929.0,0.0,True
Patient#17,D:\Research\Multi-View Fusion Network\datasets\AJBDS-2023_extracted\AJBDS-2023\Training\Patient#17\input\IMG-0007-00016.jpg,1.0,1.0,1.0,1.0,1.0,,True,0.0,0.0,False
Patient#17,D:\Research\Multi-View Fusion Network\datasets\AJBDS-2023_extracted\AJBDS-2023\Training\Patient#17\input\IMG-0007-00017.jpg,1.0,1.0,1.0,1.0,1.0,,True,0.0,0.0,False
Patient#17,D:\Research\Multi-View Fusion Network\datasets\AJBDS-2023_extracted\AJBDS-2023\Training\Patient#17\input\IMG-0007-00018.jpg,1.0,1.0,1.0,1.0,1.0,,True,0.0,0.0,False
Patient#17,D:\Research\Multi-View Fusion Network\datasets\AJBDS-2023_extracted\AJBDS-2023\Training\Patient#17\input\IMG-0007-00019.jpg,2.7012425629635567e-10,2.7012425629635567e-10,1.0,0.9262197017669678,2.7012425629635567e-10,,True,3702.0,0.0,True
Patient#17,D:\Research\Multi-View Fusion Network\datasets\AJBDS-2023_extracted\AJBDS-2023\Training\Patient#17\input\IMG-0007-00020.jpg,4.972650624601727e-10,4.972650624601727e-10,1.0,0.9599210619926452,4.972650624601727e-10,,True,2011.0,0.0,True
Patient#17,D:\Research\Multi-View Fusion Network\datasets\AJBDS-2023_extracted\AJBDS-2023\Training\Patient#17\input\IMG-0008-00001.jpg,1.0,1.0,1.0,1.0,1.0,,True,0.0,0.0,False
Patient#17,D:\Research\Multi-View Fusion Network\datasets\AJBDS-2023_extracted\AJBDS-2023\Training\Patient#17\input\IMG-0008-00002.jpg,1.0,1.0,1.0,1.0,1.0,,True,0.0,0.0,False
Patient#17,D:\Research\Multi-View Fusion Network\datasets\AJBDS-2023_extracted\AJBDS-2023\Training\Patient#17\input\IMG-0008-00003.jpg,1.0,1.0,1.0,1.0,1.0,,True,0.0,0.0,False
Patient#17,D:\Research\Multi-View Fusion Network\datasets\AJBDS-2023_extracted\AJBDS-2023\Training\Patient#17\input\IMG-0008-00004.jpg,1.0,1.0,1.0,1.0,1.0,,True,0.0,0.0,False
Patient#17,D:\Research\Multi-View Fusion Network\datasets\AJBDS-2023_extracted\AJBDS-2023\Training\Patient#17\input\IMG-0008-00005.jpg,1.0,1.0,1.0,1.0,1.0,,True,0.0,0.0,False
Patient#17,D:\Research\Multi-View Fusion Network\datasets\AJBDS-2023_extracted\AJBDS-2023\Training\Patient#17\input\IMG-0008-00006.jpg,1.0,1.0,1.0,1.0,1.0,,True,0.0,0.0,False
Patient#17,D:\Research\Multi-View Fusion Network\datasets\AJBDS-2023_extracted\AJBDS-2023\Training\Patient#17\input\IMG-0008-00007.jpg,1.587301667882457e-08,1.587301667882457e-08,1.0,0.9987444281578064,1.587301667882457e-08,,True,63.0,0.0,True
Patient#17,D:\Research\Multi-View Fusion Network\datasets\AJBDS-2023_extracted\AJBDS-2023\Training\Patient#17\input\IMG-0008-00008.jpg,1.3513513863472326e-08,1.3513513863472326e-08,1.0,0.9985252022743224,1.3513513863472326e-08,,True,74.0,0.0,True
Patient#17,D:\Research\Multi-View Fusion Network\datasets\AJBDS-2023_extracted\AJBDS-2023\Training\Patient#17\input\IMG-0008-00009.jpg,1.3157894329651754e-08,1.3157894329651754e-08,1.0,0.9984853267669678,1.3157894329651754e-08,,True,76.0,0.0,True
Patient#17,D:\Research\Multi-View Fusion Network\datasets\AJBDS-2023_extracted\AJBDS-2023\Training\Patient#17\input\IMG-0008-00010.jpg,1.0,1.0,1.0,1.0,1.0,,True,0.0,0.0,False
Patient#17,D:\Research\Multi-View Fusion Network\datasets\AJBDS-2023_extracted\AJBDS-2023\Training\Patient#17\input\IMG-0008-00011.jpg,1.0,1.0,1.0,1.0,1.0,,True,0.0,0.0,False
Patient#17,D:\Research\Multi-View Fusion Network\datasets\AJBDS-2023_extracted\AJBDS-2023\Training\Patient#17\input\IMG-0008-00012.jpg,1.0,1.0,1.0,1.0,1.0,,True,0.0,0.0,False
Patient#17,D:\Research\Multi-View Fusion Network\datasets\AJBDS-2023_extracted\AJBDS-2023\Training\Patient#17\input\IMG-0008-00013.jpg,2.242152463693969e-09,2.242152463693969e-09,1.0,0.9911112785339355,2.242152463693969e-09,,True,446.0,0.0,True
Patient#17,D:\Research\Multi-View Fusion Network\datasets\AJBDS-2023_extracted\AJBDS-2023\Training\Patient#17\input\IMG-0008-00014.jpg,1.6666663782416438e-07,1.6666663782416438e-07,1.0,0.9998804330825806,1.6666663782416438e-07,,True,6.0,0.0,True
Patient#17,D:\Research\Multi-View Fusion Network\datasets\AJBDS-2023_extracted\AJBDS-2023\Training\Patient#17\input\IMG-0008-00015.jpg,1.0,1.0,1.0,1.0,1.0,,True,0.0,0.0,False
Patient#17,D:\Research\Multi-View Fusion Network\datasets\AJBDS-2023_extracted\AJBDS-2023\Training\Patient#17\input\IMG-0008-00016.jpg,1.996008025528795e-09,1.996008025528795e-09,1.0,0.990015149116516,1.996008025528795e-09,,True,501.0,0.0,True
Patient#17,D:\Research\Multi-View Fusion Network\datasets\AJBDS-2023_extracted\AJBDS-2023\Training\Patient#17\input\IMG-0008-00017.jpg,1.246882819216921e-09,1.246882819216921e-09,1.0,0.9840162396430968,1.246882819216921e-09,,True,802.0,0.0,True
Patient#17,D:\Research\Multi-View Fusion Network\datasets\AJBDS-2023_extracted\AJBDS-2023\Training\Patient#17\input\IMG-0008-00018.jpg,4.1666665673290035e-09,4.1666665673290035e-09,1.0,0.9952168464660645,4.1666665673290035e-09,,True,240.0,0.0,True
Patient#17,D:\Research\Multi-View Fusion Network\datasets\AJBDS-2023_extracted\AJBDS-2023\Training\Patient#17\input\IMG-0008-00019.jpg,1.0,1.0,1.0,1.0,1.0,,True,0.0,0.0,False
Patient#17,D:\Research\Multi-View Fusion Network\datasets\AJBDS-2023_extracted\AJBDS-2023\Training\Patient#17\input\IMG-0008-00020.jpg,3.921568403342235e-09,3.921568403342235e-09,1.0,0.9949178695678712,3.921568403342235e-09,,True,255.0,0.0,True
Patient#17,D:\Research\Multi-View Fusion Network\datasets\AJBDS-2023_extracted\AJBDS-2023\Training\Patient#17\input\IMG-0008-00021.jpg,1.8083182729000667e-09,1.8083182729000667e-09,1.0,0.9889788031578064,1.8083182729000667e-09,,True,553.0,0.0,True
Patient#17,D:\Research\Multi-View Fusion Network\datasets\AJBDS-2023_extracted\AJBDS-2023\Training\Patient#17\input\IMG-0008-00022.jpg,3.003002957413514e-09,3.003002957413514e-09,1.0,0.9933633804321288,3.003002957413514e-09,,True,333.0,0.0,True
Patient#17,D:\Research\Multi-View Fusion Network\datasets\AJBDS-2023_extracted\AJBDS-2023\Training\Patient#17\input\IMG-0008-00023.jpg,2.617801087012594e-09,2.617801087012594e-09,1.0,0.9923868179321288,2.617801087012594e-09,,True,382.0,0.0,True
Patient#17,D:\Research\Multi-View Fusion Network\datasets\AJBDS-2023_extracted\AJBDS-2023\Training\Patient#17\input\IMG-0008-00024.jpg,1.3368983697858994e-09,1.3368983697858994e-09,1.0,0.9850924611091614,1.3368983697858994e-09,,True,748.0,0.0,True
Patient#17,D:\Research\Multi-View Fusion Network\datasets\AJBDS-2023_extracted\AJBDS-2023\Training\Patient#17\input\IMG-0008-00025.jpg,1.0,1.0,1.0,1.0,1.0,,True,0.0,0.0,False
Patient#17,D:\Research\Multi-View Fusion Network\datasets\AJBDS-2023_extracted\AJBDS-2023\Training\Patient#17\input\IMG-0009-00001.jpg,1.0,1.0,1.0,1.0,1.0,,True,0.0,0.0,False
Patient#17,D:\Research\Multi-View Fusion Network\datasets\AJBDS-2023_extracted\AJBDS-2023\Training\Patient#17\input\IMG-0009-00002.jpg,1.0,1.0,1.0,1.0,1.0,,True,0.0,0.0,False
Patient#17,D:\Research\Multi-View Fusion Network\datasets\AJBDS-2023_extracted\AJBDS-2023\Training\Patient#17\input\IMG-0009-00003.jpg,1.0,1.0,1.0,1.0,1.0,,True,0.0,0.0,False
Patient#17,D:\Research\Multi-View Fusion Network\datasets\AJBDS-2023_extracted\AJBDS-2023\Training\Patient#17\input\IMG-0009-00004.jpg,1.0,1.0,1.0,1.0,1.0,,True,0.0,0.0,False
Patient#17,D:\Research\Multi-View Fusion Network\datasets\AJBDS-2023_extracted\AJBDS-2023\Training\Patient#17\input\IMG-0009-00005.jpg,1.0,1.0,1.0,1.0,1.0,,True,0.0,0.0,False
Patient#17,D:\Research\Multi-View Fusion Network\datasets\AJBDS-2023_extracted\AJBDS-2023\Training\Patient#17\input\IMG-0009-00006.jpg,1.0,1.0,1.0,1.0,1.0,,True,0.0,0.0,False
Patient#17,D:\Research\Multi-View Fusion Network\datasets\AJBDS-2023_extracted\AJBDS-2023\Training\Patient#17\input\IMG-0009-00007.jpg,1.7301038379713416e-09,1.7301038379713416e-09,1.0,0.9884805679321288,1.7301038379713416e-09,,True,578.0,0.0,True
Patient#17,D:\Research\Multi-View Fusion Network\datasets\AJBDS-2023_extracted\AJBDS-2023\Training\Patient#17\input\IMG-0009-00008.jpg,2.066115722954009e-09,2.066115722954009e-09,1.0,0.9903539419174194,2.066115722954009e-09,,True,484.0,0.0,True
Patient#17,D:\Research\Multi-View Fusion Network\datasets\AJBDS-2023_extracted\AJBDS-2023\Training\Patient#17\input\IMG-0009-00009.jpg,2.1141648431921567e-09,2.1141648431921567e-09,1.0,0.9905731678009032,2.1141648431921567e-09,,True,473.0,0.0,True
Patient#17,D:\Research\Multi-View Fusion Network\datasets\AJBDS-2023_extracted\AJBDS-2023\Training\Patient#17\input\IMG-0009-00010.jpg,1.0,1.0,1.0,1.0,1.0,,True,0.0,0.0,False
Patient#17,D:\Research\Multi-View Fusion Network\datasets\AJBDS-2023_extracted\AJBDS-2023\Training\Patient#17\input\IMG-0009-00011.jpg,1.0,1.0,1.0,1.0,1.0,,True,0.0,0.0,False
Patient#17,D:\Research\Multi-View Fusion Network\datasets\AJBDS-2023_extracted\AJBDS-2023\Training\Patient#17\input\IMG-0009-00012.jpg,1.0,1.0,1.0,1.0,1.0,,True,0.0,0.0,False
Patient#17,D:\Research\Multi-View Fusion Network\datasets\AJBDS-2023_extracted\AJBDS-2023\Training\Patient#17\input\IMG-0009-00013.jpg,1.0,1.0,1.0,1.0,1.0,,True,0.0,0.0,False
Patient#17,D:\Research\Multi-View Fusion Network\datasets\AJBDS-2023_extracted\AJBDS-2023\Training\Patient#17\input\IMG-0009-00014.jpg,1.0,1.0,1.0,1.0,1.0,,True,0.0,0.0,False
Patient#17,D:\Research\Multi-View Fusion Network\datasets\AJBDS-2023_extracted\AJBDS-2023\Training\Patient#17\input\IMG-0009-00015.jpg,1.0,1.0,1.0,1.0,1.0,,True,0.0,0.0,False
Patient#17,D:\Research\Multi-View Fusion Network\datasets\AJBDS-2023_extracted\AJBDS-2023\Training\Patient#17\input\IMG-0009-00016.jpg,3.846153617814707e-08,3.846153617814707e-08,1.0,0.9994817972183228,3.846153617814707e-08,,True,26.0,0.0,True
Patient#17,D:\Research\Multi-View Fusion Network\datasets\AJBDS-2023_extracted\AJBDS-2023\Training\Patient#17\input\IMG-0009-00017.jpg,1.0,1.0,1.0,1.0,1.0,,True,0.0,0.0,False
Patient#17,D:\Research\Multi-View Fusion Network\datasets\AJBDS-2023_extracted\AJBDS-2023\Training\Patient#17\input\IMG-0009-00018.jpg,1.0,1.0,1.0,1.0,1.0,,True,0.0,0.0,False
Patient#17,D:\Research\Multi-View Fusion Network\datasets\AJBDS-2023_extracted\AJBDS-2023\Training\Patient#17\input\IMG-0009-00019.jpg,1.0,1.0,1.0,1.0,1.0,,True,0.0,0.0,False
Patient#17,D:\Research\Multi-View Fusion Network\datasets\AJBDS-2023_extracted\AJBDS-2023\Training\Patient#17\input\IMG-0009-00020.jpg,1.0,1.0,1.0,1.0,1.0,,True,0.0,0.0,False
Patient#17,D:\Research\Multi-View Fusion Network\datasets\AJBDS-2023_extracted\AJBDS-2023\Training\Patient#17\input\IMG-0009-00021.jpg,1.0,1.0,1.0,1.0,1.0,,True,0.0,0.0,False
Patient#17,D:\Research\Multi-View Fusion Network\datasets\AJBDS-2023_extracted\AJBDS-2023\Training\Patient#17\input\IMG-0009-00022.jpg,1.0,1.0,1.0,1.0,1.0,,True,0.0,0.0,False
Patient#17,D:\Research\Multi-View Fusion Network\datasets\AJBDS-2023_extracted\AJBDS-2023\Training\Patient#17\input\IMG-0009-00023.jpg,1.0,1.0,1.0,1.0,1.0,,True,0.0,0.0,False
Patient#17,D:\Research\Multi-View Fusion Network\datasets\AJBDS-2023_extracted\AJBDS-2023\Training\Patient#17\input\IMG-0009-00024.jpg,1.0,1.0,1.0,1.0,1.0,,True,0.0,0.0,False
Patient#17,D:\Research\Multi-View Fusion Network\datasets\AJBDS-2023_extracted\AJBDS-2023\Training\Patient#17\input\IMG-0009-00025.jpg,1.0,1.0,1.0,1.0,1.0,,True,0.0,0.0,False
Patient#17,D:\Research\Multi-View Fusion Network\datasets\AJBDS-2023_extracted\AJBDS-2023\Training\Patient#17\input\IMG-0009-00026.jpg,1.0,1.0,1.0,1.0,1.0,,True,0.0,0.0,False
Patient#17,D:\Research\Multi-View Fusion Network\datasets\AJBDS-2023_extracted\AJBDS-2023\Training\Patient#17\input\IMG-0009-00027.jpg,1.0,1.0,1.0,1.0,1.0,,True,0.0,0.0,False
Patient#17,D:\Research\Multi-View Fusion Network\datasets\AJBDS-2023_extracted\AJBDS-2023\Training\Patient#17\input\IMG-0009-00028.jpg,1.0,1.0,1.0,1.0,1.0,,True,0.0,0.0,False
Patient#17,D:\Research\Multi-View Fusion Network\datasets\AJBDS-2023_extracted\AJBDS-2023\Training\Patient#17\input\IMG-0009-00029.jpg,1.0,1.0,1.0,1.0,1.0,,True,0.0,0.0,False
Patient#17,D:\Research\Multi-View Fusion Network\datasets\AJBDS-2023_extracted\AJBDS-2023\Training\Patient#17\input\IMG-0009-00030.jpg,1.0,1.0,1.0,1.0,1.0,,True,0.0,0.0,False
Patient#17,D:\Research\Multi-View Fusion Network\datasets\AJBDS-2023_extracted\AJBDS-2023\Training\Patient#17\input\IMG-0009-00031.jpg,1.0,1.0,1.0,1.0,1.0,,True,0.0,0.0,False
Patient#17,D:\Research\Multi-View Fusion Network\datasets\AJBDS-2023_extracted\AJBDS-2023\Training\Patient#17\input\IMG-0009-00032.jpg,1.0,1.0,1.0,1.0,1.0,,True,0.0,0.0,False
Patient#17,D:\Research\Multi-View Fusion Network\datasets\AJBDS-2023_extracted\AJBDS-2023\Training\Patient#17\input\IMG-0009-00033.jpg,1.0,1.0,1.0,1.0,1.0,,True,0.0,0.0,False
Patient#17,D:\Research\Multi-View Fusion Network\datasets\AJBDS-2023_extracted\AJBDS-2023\Training\Patient#17\input\IMG-0009-00034.jpg,1.0,1.0,1.0,1.0,1.0,,True,0.0,0.0,False
Patient#17,D:\Research\Multi-View Fusion Network\datasets\AJBDS-2023_extracted\AJBDS-2023\Training\Patient#17\input\IMG-0009-00035.jpg,1.0,1.0,1.0,1.0,1.0,,True,0.0,0.0,False
Patient#17,D:\Research\Multi-View Fusion Network\datasets\AJBDS-2023_extracted\AJBDS-2023\Training\Patient#17\input\IMG-0009-00036.jpg,1.0,1.0,1.0,1.0,1.0,,True,0.0,0.0,False
Patient#17,D:\Research\Multi-View Fusion Network\datasets\AJBDS-2023_extracted\AJBDS-2023\Training\Patient#17\input\IMG-0009-00037.jpg,1.0,1.0,1.0,1.0,1.0,,True,0.0,0.0,False
Patient#17,D:\Research\Multi-View Fusion Network\datasets\AJBDS-2023_extracted\AJBDS-2023\Training\Patient#17\input\IMG-0009-00038.jpg,1.0,1.0,1.0,1.0,1.0,,True,0.0,0.0,False
Patient#17,D:\Research\Multi-View Fusion Network\datasets\AJBDS-2023_extracted\AJBDS-2023\Training\Patient#17\input\IMG-0009-00039.jpg,1.0,1.0,1.0,1.0,1.0,,True,0.0,0.0,False
Patient#17,D:\Research\Multi-View Fusion Network\datasets\AJBDS-2023_extracted\AJBDS-2023\Training\Patient#17\input\IMG-0009-00040.jpg,1.0,1.0,1.0,1.0,1.0,,True,0.0,0.0,False
Patient#17,D:\Research\Multi-View Fusion Network\datasets\AJBDS-2023_extracted\AJBDS-2023\Training\Patient#17\input\IMG-0009-00041.jpg,1.0,1.0,1.0,1.0,1.0,,True,0.0,0.0,False
Patient#17,D:\Research\Multi-View Fusion Network\datasets\AJBDS-2023_extracted\AJBDS-2023\Training\Patient#17\input\IMG-0009-00042.jpg,1.0,1.0,1.0,1.0,1.0,,True,0.0,0.0,False
Patient#17,D:\Research\Multi-View Fusion Network\datasets\AJBDS-2023_extracted\AJBDS-2023\Training\Patient#17\input\IMG-0009-00043.jpg,1.0,1.0,1.0,1.0,1.0,,True,0.0,0.0,False
Patient#17,D:\Research\Multi-View Fusion Network\datasets\AJBDS-2023_extracted\AJBDS-2023\Training\Patient#17\input\IMG-0009-00044.jpg,1.0,1.0,1.0,1.0,1.0,,True,0.0,0.0,False
Patient#17,D:\Research\Multi-View Fusion Network\datasets\AJBDS-2023_extracted\AJBDS-2023\Training\Patient#17\input\IMG-0009-00045.jpg,1.0,1.0,1.0,1.0,1.0,,True,0.0,0.0,False
Patient#17,D:\Research\Multi-View Fusion Network\datasets\AJBDS-2023_extracted\AJBDS-2023\Training\Patient#17\input\IMG-0009-00046.jpg,1.0,1.0,1.0,1.0,1.0,,True,0.0,0.0,False
Patient#17,D:\Research\Multi-View Fusion Network\datasets\AJBDS-2023_extracted\AJBDS-2023\Training\Patient#17\input\IMG-0009-00047.jpg,1.0,1.0,1.0,1.0,1.0,,True,0.0,0.0,False
Patient#17,D:\Research\Multi-View Fusion Network\datasets\AJBDS-2023_extracted\AJBDS-2023\Training\Patient#17\input\IMG-0009-00048.jpg,1.0,1.0,1.0,1.0,1.0,,True,0.0,0.0,False
Patient#17,D:\Research\Multi-View Fusion Network\datasets\AJBDS-2023_extracted\AJBDS-2023\Training\Patient#17\input\IMG-0009-00049.jpg,1.0,1.0,1.0,1.0,1.0,,True,0.0,0.0,False
Patient#17,D:\Research\Multi-View Fusion Network\datasets\AJBDS-2023_extracted\AJBDS-2023\Training\Patient#17\input\IMG-0009-00050.jpg,1.0,1.0,1.0,1.0,1.0,,True,0.0,0.0,False
Patient#17,D:\Research\Multi-View Fusion Network\datasets\AJBDS-2023_extracted\AJBDS-2023\Training\Patient#17\input\IMG-0009-00051.jpg,1.0,1.0,1.0,1.0,1.0,,True,0.0,0.0,False
Patient#17,D:\Research\Multi-View Fusion Network\datasets\AJBDS-2023_extracted\AJBDS-2023\Training\Patient#17\input\IMG-0009-00052.jpg,1.0,1.0,1.0,1.0,1.0,,True,0.0,0.0,False
Patient#17,D:\Research\Multi-View Fusion Network\datasets\AJBDS-2023_extracted\AJBDS-2023\Training\Patient#17\input\IMG-0009-00053.jpg,1.0,1.0,1.0,1.0,1.0,,True,0.0,0.0,False
Patient#17,D:\Research\Multi-View Fusion Network\datasets\AJBDS-2023_extracted\AJBDS-2023\Training\Patient#17\input\IMG-0009-00054.jpg,1.0,1.0,1.0,1.0,1.0,,True,0.0,0.0,False
Patient#17,D:\Research\Multi-View Fusion Network\datasets\AJBDS-2023_extracted\AJBDS-2023\Training\Patient#17\input\IMG-0009-00055.jpg,4.357298410972987e-10,4.357298410972987e-10,1.0,0.9542610049247742,4.357298410972987e-10,,True,2295.0,0.0,True
Patient#17,D:\Research\Multi-View Fusion Network\datasets\AJBDS-2023_extracted\AJBDS-2023\Training\Patient#17\input\IMG-0009-00056.jpg,4.2176295789175805e-10,4.2176295789175805e-10,1.0,0.952746331691742,4.2176295789175805e-10,,True,2371.0,0.0,True
Patient#17,D:\Research\Multi-View Fusion Network\datasets\AJBDS-2023_extracted\AJBDS-2023\Training\Patient#17\input\IMG-0009-00057.jpg,4.3215211964486855e-10,4.3215211964486855e-10,1.0,0.953882336616516,4.3215211964486855e-10,,True,2314.0,0.0,True
Patient#17,D:\Research\Multi-View Fusion Network\datasets\AJBDS-2023_extracted\AJBDS-2023\Training\Patient#17\input\IMG-0009-00058.jpg,4.3994721754536665e-10,4.3994721754536665e-10,1.0,0.954699456691742,4.3994721754536665e-10,,True,2273.0,0.0,True
Patient#17,D:\Research\Multi-View Fusion Network\datasets\AJBDS-2023_extracted\AJBDS-2023\Training\Patient#17\input\IMG-0009-00059.jpg,4.572473788488906e-10,4.572473788488906e-10,1.0,0.9564134478569032,4.572473788488906e-10,,True,2187.0,0.0,True
Patient#17,D:\Research\Multi-View Fusion Network\datasets\AJBDS-2023_extracted\AJBDS-2023\Training\Patient#17\input\IMG-0009-00060.jpg,4.814636467287413e-10,4.814636467287413e-10,1.0,0.958605706691742,4.814636467287413e-10,,True,2077.0,0.0,True
Patient#17,D:\Research\Multi-View Fusion Network\datasets\AJBDS-2023_extracted\AJBDS-2023\Training\Patient#17\input\IMG-0009-00061.jpg,4.945598375272198e-10,4.945598375272198e-10,1.0,0.9597018361091614,4.945598375272198e-10,,True,2022.0,0.0,True
Patient#17,D:\Research\Multi-View Fusion Network\datasets\AJBDS-2023_extracted\AJBDS-2023\Training\Patient#17\input\IMG-0009-00062.jpg,5.800463998006933e-10,5.800463998006933e-10,1.0,0.9656409621238708,5.800463998006933e-10,,True,1724.0,0.0,True
Patient#17,D:\Research\Multi-View Fusion Network\datasets\AJBDS-2023_extracted\AJBDS-2023\Training\Patient#17\input\IMG-0009-00063.jpg,1.0,1.0,1.0,1.0,1.0,,True,0.0,0.0,False
Patient#17,D:\Research\Multi-View Fusion Network\datasets\AJBDS-2023_extracted\AJBDS-2023\Training\Patient#17\input\IMG-0009-00064.jpg,1.0,1.0,1.0,1.0,1.0,,True,0.0,0.0,False
Patient#17,D:\Research\Multi-View Fusion Network\datasets\AJBDS-2023_extracted\AJBDS-2023\Training\Patient#17\input\IMG-0009-00065.jpg,1.0,1.0,1.0,1.0,1.0,,True,0.0,0.0,False
Patient#17,D:\Research\Multi-View Fusion Network\datasets\AJBDS-2023_extracted\AJBDS-2023\Training\Patient#17\input\IMG-0009-00066.jpg,1.0,1.0,1.0,1.0,1.0,,True,0.0,0.0,False
Patient#17,D:\Research\Multi-View Fusion Network\datasets\AJBDS-2023_extracted\AJBDS-2023\Training\Patient#17\input\IMG-0009-00067.jpg,3.0769231607052916e-09,3.0769231607052916e-09,1.0,0.9935228228569032,3.0769231607052916e-09,,True,325.0,0.0,True
Patient#17,D:\Research\Multi-View Fusion Network\datasets\AJBDS-2023_extracted\AJBDS-2023\Training\Patient#17\input\IMG-0009-00068.jpg,4.975124312522894e-09,4.975124312522894e-09,1.0,0.9959940910339355,4.975124312522894e-09,,True,201.0,0.0,True
Patient#17,D:\Research\Multi-View Fusion Network\datasets\AJBDS-2023_extracted\AJBDS-2023\Training\Patient#17\input\IMG-0009-00069.jpg,1.0,1.0,1.0,1.0,1.0,,True,0.0,0.0,False
Patient#17,D:\Research\Multi-View Fusion Network\datasets\AJBDS-2023_extracted\AJBDS-2023\Training\Patient#17\input\IMG-0009-00070.jpg,1.0638298242326982e-08,1.0638298242326982e-08,1.0,0.9981265664100648,1.0638298242326982e-08,,True,94.0,0.0,True
Patient#17,D:\Research\Multi-View Fusion Network\datasets\AJBDS-2023_extracted\AJBDS-2023\Training\Patient#17\input\IMG-0009-00071.jpg,5.076142173265907e-09,5.076142173265907e-09,1.0,0.996073842048645,5.076142173265907e-09,,True,197.0,0.0,True
Patient#17,D:\Research\Multi-View Fusion Network\datasets\AJBDS-2023_extracted\AJBDS-2023\Training\Patient#17\input\IMG-0009-00072.jpg,1.0,1.0,1.0,1.0,1.0,,True,0.0,0.0,False
Patient#17,D:\Research\Multi-View Fusion Network\datasets\AJBDS-2023_extracted\AJBDS-2023\Training\Patient#17\input\IMG-0010-00001.jpg,1.0,1.0,1.0,1.0,1.0,,True,0.0,0.0,False
Patient#17,D:\Research\Multi-View Fusion Network\datasets\AJBDS-2023_extracted\AJBDS-2023\Training\Patient#17\input\IMG-0010-00002.jpg,5.3763442586785e-09,5.3763442586785e-09,1.0,0.9962930679321288,5.3763442586785e-09,,True,186.0,0.0,True
Patient#17,D:\Research\Multi-View Fusion Network\datasets\AJBDS-2023_extracted\AJBDS-2023\Training\Patient#17\input\IMG-0010-00003.jpg,3.322259134463934e-09,3.322259134463934e-09,1.0,0.9940010905265808,3.322259134463934e-09,,True,301.0,0.0,True
Patient#17,D:\Research\Multi-View Fusion Network\datasets\AJBDS-2023_extracted\AJBDS-2023\Training\Patient#17\input\IMG-0010-00004.jpg,2.9585798255737927e-09,2.9585798255737927e-09,1.0,0.9932637214660645,2.9585798255737927e-09,,True,338.0,0.0,True
Patient#17,D:\Research\Multi-View Fusion Network\datasets\AJBDS-2023_extracted\AJBDS-2023\Training\Patient#17\input\IMG-0010-00005.jpg,6.802721053134064e-09,6.802721053134064e-09,1.0,0.9970703125,6.802721053134064e-09,,True,147.0,0.0,True
Patient#17,D:\Research\Multi-View Fusion Network\datasets\AJBDS-2023_extracted\AJBDS-2023\Training\Patient#17\input\IMG-0010-00006.jpg,3.773585000033108e-09,3.773585000033108e-09,1.0,0.994718611240387,3.773585000033108e-09,,True,265.0,0.0,True
Patient#17,D:\Research\Multi-View Fusion Network\datasets\AJBDS-2023_extracted\AJBDS-2023\Training\Patient#17\input\IMG-0010-00007.jpg,6.666666507726404e-08,6.666666507726404e-08,1.0,0.9997010231018066,6.666666507726404e-08,,True,15.0,0.0,True
Patient#17,D:\Research\Multi-View Fusion Network\datasets\AJBDS-2023_extracted\AJBDS-2023\Training\Patient#17\input\IMG-0010-00008.jpg,1.0,1.0,1.0,1.0,1.0,,True,0.0,0.0,False
Patient#17,D:\Research\Multi-View Fusion Network\datasets\AJBDS-2023_extracted\AJBDS-2023\Training\Patient#17\input\IMG-0010-00009.jpg,2.1978021624846633e-09,2.1978021624846633e-09,1.0,0.9909319281578064,2.1978021624846633e-09,,True,455.0,0.0,True
Patient#17,D:\Research\Multi-View Fusion Network\datasets\AJBDS-2023_extracted\AJBDS-2023\Training\Patient#17\input\IMG-0010-00010.jpg,1.1415525191793563e-09,1.1415525191793563e-09,1.0,0.9825414419174194,1.1415525191793563e-09,,True,876.0,0.0,True
Patient#17,D:\Research\Multi-View Fusion Network\datasets\AJBDS-2023_extracted\AJBDS-2023\Training\Patient#17\input\IMG-0010-00011.jpg,1.2135922267120234e-09,1.2135922267120234e-09,1.0,0.9835777878761292,1.2135922267120234e-09,,True,824.0,0.0,True
Patient#17,D:\Research\Multi-View Fusion Network\datasets\AJBDS-2023_extracted\AJBDS-2023\Training\Patient#17\input\IMG-0010-00012.jpg,2.3640662760726627e-09,2.3640662760726627e-09,1.0,0.9915696978569032,2.3640662760726627e-09,,True,423.0,0.0,True
Patient#17,D:\Research\Multi-View Fusion Network\datasets\AJBDS-2023_extracted\AJBDS-2023\Training\Patient#17\input\IMG-0010-00013.jpg,1.0,1.0,1.0,1.0,1.0,,True,0.0,0.0,False
Patient#17,D:\Research\Multi-View Fusion Network\datasets\AJBDS-2023_extracted\AJBDS-2023\Training\Patient#17\input\IMG-0010-00014.jpg,2.1929824622901606e-09,2.1929824622901606e-09,1.0,0.9909119606018066,2.1929824622901606e-09,,True,456.0,0.0,True
Patient#17,D:\Research\Multi-View Fusion Network\datasets\AJBDS-2023_extracted\AJBDS-2023\Training\Patient#17\input\IMG-0010-00015.jpg,4.295532540776748e-10,4.295532540776748e-10,1.0,0.9536033272743224,4.295532540776748e-10,,True,2328.0,0.0,True
Patient#17,D:\Research\Multi-View Fusion Network\datasets\AJBDS-2023_extracted\AJBDS-2023\Training\Patient#17\input\IMG-0010-00016.jpg,6.031363186664861e-10,6.031363186664861e-10,1.0,0.9669563174247742,6.031363186664861e-10,,True,1658.0,0.0,True
Patient#17,D:\Research\Multi-View Fusion Network\datasets\AJBDS-2023_extracted\AJBDS-2023\Training\Patient#17\input\IMG-0010-00017.jpg,1.0,1.0,1.0,1.0,1.0,,True,0.0,0.0,False
Patient#17,D:\Research\Multi-View Fusion Network\datasets\AJBDS-2023_extracted\AJBDS-2023\Training\Patient#17\input\IMG-0010-00018.jpg,1.0,1.0,1.0,1.0,1.0,,True,0.0,0.0,False
Patient#17,D:\Research\Multi-View Fusion Network\datasets\AJBDS-2023_extracted\AJBDS-2023\Training\Patient#17\input\IMG-0010-00019.jpg,3.448275887052432e-09,3.448275887052432e-09,1.0,0.9942203164100648,3.448275887052432e-09,,True,290.0,0.0,True
Patient#17,D:\Research\Multi-View Fusion Network\datasets\AJBDS-2023_extracted\AJBDS-2023\Training\Patient#17\input\IMG-0010-00020.jpg,1.8248175193136262e-09,1.8248175193136262e-09,1.0,0.9890784621238708,1.8248175193136262e-09,,True,548.0,0.0,True
Patient#17,D:\Research\Multi-View Fusion Network\datasets\AJBDS-2023_extracted\AJBDS-2023\Training\Patient#17\input\IMG-0011-00001.jpg,9.940357426074795e-10,9.940357426074795e-10,1.0,0.9799505472183228,9.940357426074795e-10,,True,1006.0,0.0,True
Patient#17,D:\Research\Multi-View Fusion Network\datasets\AJBDS-2023_extracted\AJBDS-2023\Training\Patient#17\input\IMG-0011-00002.jpg,1.0,1.0,1.0,1.0,1.0,,True,0.0,0.0,False
Patient#17,D:\Research\Multi-View Fusion Network\datasets\AJBDS-2023_extracted\AJBDS-2023\Training\Patient#17\input\IMG-0011-00003.jpg,1.0,1.0,1.0,1.0,1.0,,True,0.0,0.0,False
Patient#17,D:\Research\Multi-View Fusion Network\datasets\AJBDS-2023_extracted\AJBDS-2023\Training\Patient#17\input\IMG-0011-00004.jpg,1.0,1.0,1.0,1.0,1.0,,True,0.0,0.0,False
Patient#17,D:\Research\Multi-View Fusion Network\datasets\AJBDS-2023_extracted\AJBDS-2023\Training\Patient#17\input\IMG-0011-00005.jpg,1.0,1.0,1.0,1.0,1.0,,True,0.0,0.0,False
Patient#17,D:\Research\Multi-View Fusion Network\datasets\AJBDS-2023_extracted\AJBDS-2023\Training\Patient#17\input\IMG-0011-00006.jpg,1.0,1.0,1.0,1.0,1.0,,True,0.0,0.0,False
Patient#17,D:\Research\Multi-View Fusion Network\datasets\AJBDS-2023_extracted\AJBDS-2023\Training\Patient#17\input\IMG-0011-00007.jpg,1.0,1.0,1.0,1.0,1.0,,True,0.0,0.0,False
Patient#17,D:\Research\Multi-View Fusion Network\datasets\AJBDS-2023_extracted\AJBDS-2023\Training\Patient#17\input\IMG-0011-00008.jpg,1.0,1.0,1.0,1.0,1.0,,True,0.0,0.0,False
Patient#17,D:\Research\Multi-View Fusion Network\datasets\AJBDS-2023_extracted\AJBDS-2023\Training\Patient#17\input\IMG-0011-00009.jpg,2.3255813275113724e-08,2.3255813275113724e-08,1.0,0.9991430044174194,2.3255813275113724e-08,,True,43.0,0.0,True
Patient#17,D:\Research\Multi-View Fusion Network\datasets\AJBDS-2023_extracted\AJBDS-2023\Training\Patient#17\input\IMG-0011-00010.jpg,9.174311976778426e-09,9.174311976778426e-09,1.0,0.997827649116516,9.174311976778426e-09,,True,109.0,0.0,True
Patient#17,D:\Research\Multi-View Fusion Network\datasets\AJBDS-2023_extracted\AJBDS-2023\Training\Patient#17\input\IMG-0011-00011.jpg,9.174311976778426e-09,9.174311976778426e-09,1.0,0.997827649116516,9.174311976778426e-09,,True,109.0,0.0,True
Patient#17,D:\Research\Multi-View Fusion Network\datasets\AJBDS-2023_extracted\AJBDS-2023\Training\Patient#17\input\IMG-0011-00012.jpg,1.0,1.0,1.0,1.0,1.0,,True,0.0,0.0,False
Patient#17,D:\Research\Multi-View Fusion Network\datasets\AJBDS-2023_extracted\AJBDS-2023\Training\Patient#17\input\IMG-0011-00013.jpg,4.7169810279967805e-09,4.7169810279967805e-09,1.0,0.9957748651504515,4.7169810279967805e-09,,True,212.0,0.0,True
Patient#17,D:\Research\Multi-View Fusion Network\datasets\AJBDS-2023_extracted\AJBDS-2023\Training\Patient#17\input\IMG-0011-00014.jpg,7.1428569725640045e-09,7.1428569725640045e-09,1.0,0.9972098469734192,7.1428569725640045e-09,,True,140.0,0.0,True
Patient#17,D:\Research\Multi-View Fusion Network\datasets\AJBDS-2023_extracted\AJBDS-2023\Training\Patient#17\input\IMG-0011-00015.jpg,2.074688865150165e-09,2.074688865150165e-09,1.0,0.9903938174247742,2.074688865150165e-09,,True,482.0,0.0,True
Patient#17,D:\Research\Multi-View Fusion Network\datasets\AJBDS-2023_extracted\AJBDS-2023\Training\Patient#17\input\IMG-0011-00016.jpg,1.3550135458118007e-09,1.3550135458118007e-09,1.0,0.9852917790412904,1.3550135458118007e-09,,True,738.0,0.0,True
Patient#17,D:\Research\Multi-View Fusion Network\datasets\AJBDS-2023_extracted\AJBDS-2023\Training\Patient#17\input\IMG-0011-00017.jpg,1.555209960812931e-09,1.555209960812931e-09,1.0,0.9871851205825806,1.555209960812931e-09,,True,643.0,0.0,True
Patient#17,D:\Research\Multi-View Fusion Network\datasets\AJBDS-2023_extracted\AJBDS-2023\Training\Patient#17\input\IMG-0011-00018.jpg,7.352941366889354e-09,7.352941366889354e-09,1.0,0.997289538383484,7.352941366889354e-09,,True,136.0,0.0,True
Patient#17,D:\Research\Multi-View Fusion Network\datasets\AJBDS-2023_extracted\AJBDS-2023\Training\Patient#17\input\IMG-0011-00019.jpg,1.0,1.0,1.0,1.0,1.0,,True,0.0,0.0,False
Patient#17,D:\Research\Multi-View Fusion Network\datasets\AJBDS-2023_extracted\AJBDS-2023\Training\Patient#17\input\IMG-0011-00020.jpg,7.518797140448896e-09,7.518797140448896e-09,1.0,0.9973493218421936,7.518797140448896e-09,,True,133.0,0.0,True
Patient#17,D:\Research\Multi-View Fusion Network\datasets\AJBDS-2023_extracted\AJBDS-2023\Training\Patient#17\input\IMG-0012-00001.jpg,1.0,1.0,1.0,1.0,1.0,,True,0.0,0.0,False
Patient#17,D:\Research\Multi-View Fusion Network\datasets\AJBDS-2023_extracted\AJBDS-2023\Training\Patient#17\input\IMG-0012-00002.jpg,1.0,1.0,1.0,1.0,1.0,,True,0.0,0.0,False
Patient#17,D:\Research\Multi-View Fusion Network\datasets\AJBDS-2023_extracted\AJBDS-2023\Training\Patient#17\input\IMG-0012-00003.jpg,1.0,1.0,1.0,1.0,1.0,,True,0.0,0.0,False
Patient#17,D:\Research\Multi-View Fusion Network\datasets\AJBDS-2023_extracted\AJBDS-2023\Training\Patient#17\input\IMG-0012-00004.jpg,1.0,1.0,1.0,1.0,1.0,,True,0.0,0.0,False
Patient#17,D:\Research\Multi-View Fusion Network\datasets\AJBDS-2023_extracted\AJBDS-2023\Training\Patient#17\input\IMG-0012-00005.jpg,1.0,1.0,1.0,1.0,1.0,,True,0.0,0.0,False
Patient#17,D:\Research\Multi-View Fusion Network\datasets\AJBDS-2023_extracted\AJBDS-2023\Training\Patient#17\input\IMG-0012-00006.jpg,1.0,1.0,1.0,1.0,1.0,,True,0.0,0.0,False
Patient#17,D:\Research\Multi-View Fusion Network\datasets\AJBDS-2023_extracted\AJBDS-2023\Training\Patient#17\input\IMG-0012-00007.jpg,4.405286357922478e-09,4.405286357922478e-09,1.0,0.9954759478569032,4.405286357922478e-09,,True,227.0,0.0,True
Patient#17,D:\Research\Multi-View Fusion Network\datasets\AJBDS-2023_extracted\AJBDS-2023\Training\Patient#17\input\IMG-0012-00008.jpg,1.3333333548359862e-08,1.3333333548359862e-08,1.0,0.9985052347183228,1.3333333548359862e-08,,True,75.0,0.0,True
Patient#17,D:\Research\Multi-View Fusion Network\datasets\AJBDS-2023_extracted\AJBDS-2023\Training\Patient#17\input\IMG-0012-00009.jpg,4.830917887943542e-09,4.830917887943542e-09,1.0,0.995874524116516,4.830917887943542e-09,,True,207.0,0.0,True
Patient#17,D:\Research\Multi-View Fusion Network\datasets\AJBDS-2023_extracted\AJBDS-2023\Training\Patient#17\input\IMG-0012-00010.jpg,2.6455027057892262e-09,2.6455027057892262e-09,1.0,0.9924665093421936,2.6455027057892262e-09,,True,378.0,0.0,True
Patient#17,D:\Research\Multi-View Fusion Network\datasets\AJBDS-2023_extracted\AJBDS-2023\Training\Patient#17\input\IMG-0012-00011.jpg,1.4124293956641052e-09,1.4124293956641052e-09,1.0,0.9858896732330322,1.4124293956641052e-09,,True,708.0,0.0,True
Patient#17,D:\Research\Multi-View Fusion Network\datasets\AJBDS-2023_extracted\AJBDS-2023\Training\Patient#17\input\IMG-0012-00012.jpg,1.0,1.0,1.0,1.0,1.0,,True,0.0,0.0,False
Patient#17,D:\Research\Multi-View Fusion Network\datasets\AJBDS-2023_extracted\AJBDS-2023\Training\Patient#17\input\IMG-0012-00013.jpg,1.0,1.0,1.0,1.0,1.0,,True,0.0,0.0,False
Patient#17,D:\Research\Multi-View Fusion Network\datasets\AJBDS-2023_extracted\AJBDS-2023\Training\Patient#17\input\IMG-0012-00014.jpg,7.812499980275334e-09,7.812499980275334e-09,1.0,0.997448980808258,7.812499980275334e-09,,True,128.0,0.0,True
Patient#17,D:\Research\Multi-View Fusion Network\datasets\AJBDS-2023_extracted\AJBDS-2023\Training\Patient#17\input\IMG-0012-00015.jpg,2.105263074980712e-09,2.105263074980712e-09,1.0,0.9905333518981934,2.105263074980712e-09,,True,475.0,0.0,True
Patient#17,D:\Research\Multi-View Fusion Network\datasets\AJBDS-2023_extracted\AJBDS-2023\Training\Patient#17\input\IMG-0012-00016.jpg,1.2210011890445571e-09,1.2210011890445571e-09,1.0,0.9836774468421936,1.2210011890445571e-09,,True,819.0,0.0,True
Patient#17,D:\Research\Multi-View Fusion Network\datasets\AJBDS-2023_extracted\AJBDS-2023\Training\Patient#17\input\IMG-0012-00017.jpg,1.1614401662640714e-09,1.1614401662640714e-09,1.0,0.9828404188156128,1.1614401662640714e-09,,True,861.0,0.0,True
Patient#17,D:\Research\Multi-View Fusion Network\datasets\AJBDS-2023_extracted\AJBDS-2023\Training\Patient#17\input\IMG-0012-00018.jpg,2.109704633213028e-09,2.109704633213028e-09,1.0,0.9905532598495485,2.109704633213028e-09,,True,474.0,0.0,True
Patient#17,D:\Research\Multi-View Fusion Network\datasets\AJBDS-2023_extracted\AJBDS-2023\Training\Patient#17\input\IMG-0012-00019.jpg,1.0,1.0,1.0,1.0,1.0,,True,0.0,0.0,False
Patient#17,D:\Research\Multi-View Fusion Network\datasets\AJBDS-2023_extracted\AJBDS-2023\Training\Patient#17\input\IMG-0012-00020.jpg,9.259259137195386e-09,9.259259137195386e-09,1.0,0.9978475570678712,9.259259137195386e-09,,True,108.0,0.0,True
Patient#17,D:\Research\Multi-View Fusion Network\datasets\AJBDS-2023_extracted\AJBDS-2023\Training\Patient#17\input\IMG-0012-00021.jpg,1.3477089444435821e-09,1.3477089444435821e-09,1.0,0.9852120280265808,1.3477089444435821e-09,,True,742.0,0.0,True
Patient#17,D:\Research\Multi-View Fusion Network\datasets\AJBDS-2023_extracted\AJBDS-2023\Training\Patient#17\input\IMG-0012-00022.jpg,4.78468908937657e-09,4.78468908937657e-09,1.0,0.9958346486091614,4.78468908937657e-09,,True,209.0,0.0,True
Patient#17,D:\Research\Multi-View Fusion Network\datasets\AJBDS-2023_extracted\AJBDS-2023\Training\Patient#17\input\IMG-0012-00023.jpg,9.90099024988922e-09,9.90099024988922e-09,1.0,0.9979870915412904,9.90099024988922e-09,,True,101.0,0.0,True
Patient#17,D:\Research\Multi-View Fusion Network\datasets\AJBDS-2023_extracted\AJBDS-2023\Training\Patient#17\input\IMG-0012-00024.jpg,1.0,1.0,1.0,1.0,1.0,,True,0.0,0.0,False
Patient#17,D:\Research\Multi-View Fusion Network\datasets\AJBDS-2023_extracted\AJBDS-2023\Training\Patient#17\input\IMG-0012-00025.jpg,1.0,1.0,1.0,1.0,1.0,,True,0.0,0.0,False
Patient#18,D:\Research\Multi-View Fusion Network\datasets\AJBDS-2023_extracted\AJBDS-2023\Training\Patient#18\input\IMG-0001-00001.jpg,2.500000029215244e-08,2.500000029215244e-08,1.0,0.9992027878761292,2.500000029215244e-08,,True,40.0,0.0,True
Patient#18,D:\Research\Multi-View Fusion Network\datasets\AJBDS-2023_extracted\AJBDS-2023\Training\Patient#18\input\IMG-0001-00002.jpg,1.0101009806362526e-08,1.0101009806362526e-08,1.0,0.998026967048645,1.0101009806362526e-08,,True,99.0,0.0,True
Patient#18,D:\Research\Multi-View Fusion Network\datasets\AJBDS-2023_extracted\AJBDS-2023\Training\Patient#18\input\IMG-0001-00003.jpg,7.092198384128778e-09,7.092198384128778e-09,1.0,0.9971898794174194,7.092198384128778e-09,,True,141.0,0.0,True
Patient#18,D:\Research\Multi-View Fusion Network\datasets\AJBDS-2023_extracted\AJBDS-2023\Training\Patient#18\input\IMG-0001-00004.jpg,7.1428569725640045e-09,7.1428569725640045e-09,1.0,0.9972098469734192,7.1428569725640045e-09,,True,140.0,0.0,True
Patient#18,D:\Research\Multi-View Fusion Network\datasets\AJBDS-2023_extracted\AJBDS-2023\Training\Patient#18\input\IMG-0001-00005.jpg,1.0,1.0,1.0,1.0,1.0,,True,0.0,0.0,False
Patient#18,D:\Research\Multi-View Fusion Network\datasets\AJBDS-2023_extracted\AJBDS-2023\Training\Patient#18\input\IMG-0001-00008.jpg,1.0,1.0,1.0,1.0,1.0,,True,0.0,0.0,False
Patient#18,D:\Research\Multi-View Fusion Network\datasets\AJBDS-2023_extracted\AJBDS-2023\Training\Patient#18\input\IMG-0001-00009.jpg,1.0,1.0,1.0,1.0,1.0,,True,0.0,0.0,False
Patient#18,D:\Research\Multi-View Fusion Network\datasets\AJBDS-2023_extracted\AJBDS-2023\Training\Patient#18\input\IMG-0001-00010.jpg,1.0,1.0,1.0,1.0,1.0,,True,0.0,0.0,False
Patient#18,D:\Research\Multi-View Fusion Network\datasets\AJBDS-2023_extracted\AJBDS-2023\Training\Patient#18\input\IMG-0001-00011.jpg,1.0,1.0,1.0,1.0,1.0,,True,0.0,0.0,False
Patient#18,D:\Research\Multi-View Fusion Network\datasets\AJBDS-2023_extracted\AJBDS-2023\Training\Patient#18\input\IMG-0001-00012.jpg,1.0,1.0,1.0,1.0,1.0,,True,0.0,0.0,False
Patient#18,D:\Research\Multi-View Fusion Network\datasets\AJBDS-2023_extracted\AJBDS-2023\Training\Patient#18\input\IMG-0001-00013.jpg,1.0,1.0,1.0,1.0,1.0,,True,0.0,0.0,False
Patient#18,D:\Research\Multi-View Fusion Network\datasets\AJBDS-2023_extracted\AJBDS-2023\Training\Patient#18\input\IMG-0001-00014.jpg,1.0,1.0,1.0,1.0,1.0,,True,0.0,0.0,False
Patient#18,D:\Research\Multi-View Fusion Network\datasets\AJBDS-2023_extracted\AJBDS-2023\Training\Patient#18\input\IMG-0001-00015.jpg,1.0,1.0,1.0,1.0,1.0,,True,0.0,0.0,False
Patient#18,D:\Research\Multi-View Fusion Network\datasets\AJBDS-2023_extracted\AJBDS-2023\Training\Patient#18\input\IMG-0001-00016.jpg,1.0,1.0,1.0,1.0,1.0,,True,0.0,0.0,False
Patient#18,D:\Research\Multi-View Fusion Network\datasets\AJBDS-2023_extracted\AJBDS-2023\Training\Patient#18\input\IMG-0001-00017.jpg,1.0,1.0,1.0,1.0,1.0,,True,0.0,0.0,False
Patient#18,D:\Research\Multi-View Fusion Network\datasets\AJBDS-2023_extracted\AJBDS-2023\Training\Patient#18\input\IMG-0001-00018.jpg,1.0,1.0,1.0,1.0,1.0,,True,0.0,0.0,False
Patient#18,D:\Research\Multi-View Fusion Network\datasets\AJBDS-2023_extracted\AJBDS-2023\Training\Patient#18\input\IMG-0001-00019.jpg,1.0,1.0,1.0,1.0,1.0,,True,0.0,0.0,False
Patient#18,D:\Research\Multi-View Fusion Network\datasets\AJBDS-2023_extracted\AJBDS-2023\Training\Patient#18\input\IMG-0001-00020.jpg,1.0,1.0,1.0,1.0,1.0,,True,0.0,0.0,False
Patient#18,D:\Research\Multi-View Fusion Network\datasets\AJBDS-2023_extracted\AJBDS-2023\Training\Patient#18\input\IMG-0001-00021.jpg,1.0,1.0,1.0,1.0,1.0,,True,0.0,0.0,False
Patient#18,D:\Research\Multi-View Fusion Network\datasets\AJBDS-2023_extracted\AJBDS-2023\Training\Patient#18\input\IMG-0001-00022.jpg,6.540222252660043e-10,6.540222252660043e-10,1.0,0.9695272445678712,6.540222252660043e-10,,True,1529.0,0.0,True
Patient#18,D:\Research\Multi-View Fusion Network\datasets\AJBDS-2023_extracted\AJBDS-2023\Training\Patient#18\input\IMG-0001-00023.jpg,5.23012577691162e-10,5.23012577691162e-10,1.0,0.961894154548645,5.23012577691162e-10,,True,1912.0,0.0,True
Patient#18,D:\Research\Multi-View Fusion Network\datasets\AJBDS-2023_extracted\AJBDS-2023\Training\Patient#18\input\IMG-0001-00024.jpg,1.0,1.0,1.0,1.0,1.0,,True,0.0,0.0,False
Patient#18,D:\Research\Multi-View Fusion Network\datasets\AJBDS-2023_extracted\AJBDS-2023\Training\Patient#18\input\IMG-0002-00001.jpg,5.617977638650018e-09,5.617977638650018e-09,1.0,0.9964525103569032,5.617977638650018e-09,,True,178.0,0.0,True
Patient#18,D:\Research\Multi-View Fusion Network\datasets\AJBDS-2023_extracted\AJBDS-2023\Training\Patient#18\input\IMG-0002-00002.jpg,2.433089951736633e-09,2.433089951736633e-09,1.0,0.991808831691742,2.433089951736633e-09,,True,411.0,0.0,True
Patient#18,D:\Research\Multi-View Fusion Network\datasets\AJBDS-2023_extracted\AJBDS-2023\Training\Patient#18\input\IMG-0002-00003.jpg,3.58422935775593e-09,3.58422935775593e-09,1.0,0.9944396018981934,3.58422935775593e-09,,True,279.0,0.0,True
Patient#18,D:\Research\Multi-View Fusion Network\datasets\AJBDS-2023_extracted\AJBDS-2023\Training\Patient#18\input\IMG-0002-00004.jpg,3.999999620418748e-08,3.999999620418748e-08,1.0,0.9995017647743224,3.999999620418748e-08,,True,25.0,0.0,True
Patient#18,D:\Research\Multi-View Fusion Network\datasets\AJBDS-2023_extracted\AJBDS-2023\Training\Patient#18\input\IMG-0002-00005.jpg,1.326259990719336e-09,1.326259990719336e-09,1.0,0.984972894191742,1.326259990719336e-09,,True,754.0,0.0,True
Patient#18,D:\Research\Multi-View Fusion Network\datasets\AJBDS-2023_extracted\AJBDS-2023\Training\Patient#18\input\IMG-0002-00006.jpg,1.0,1.0,1.0,1.0,1.0,,True,0.0,0.0,False
Patient#18,D:\Research\Multi-View Fusion Network\datasets\AJBDS-2023_extracted\AJBDS-2023\Training\Patient#18\input\IMG-0002-00007.jpg,1.0,1.0,1.0,1.0,1.0,,True,0.0,0.0,False
Patient#18,D:\Research\Multi-View Fusion Network\datasets\AJBDS-2023_extracted\AJBDS-2023\Training\Patient#18\input\IMG-0002-00008.jpg,2.1459227728115593e-09,2.1459227728115593e-09,1.0,0.9907127022743224,2.1459227728115593e-09,,True,466.0,0.0,True
Patient#18,D:\Research\Multi-View Fusion Network\datasets\AJBDS-2023_extracted\AJBDS-2023\Training\Patient#18\input\IMG-0002-00009.jpg,1.7574692812161175e-09,1.7574692812161175e-09,1.0,0.988659918308258,1.7574692812161175e-09,,True,569.0,0.0,True
Patient#18,D:\Research\Multi-View Fusion Network\datasets\AJBDS-2023_extracted\AJBDS-2023\Training\Patient#18\input\IMG-0002-00010.jpg,1.6103059996552815e-09,1.6103059996552815e-09,1.0,0.9876235723495485,1.6103059996552815e-09,,True,621.0,0.0,True
Patient#18,D:\Research\Multi-View Fusion Network\datasets\AJBDS-2023_extracted\AJBDS-2023\Training\Patient#18\input\IMG-0002-00011.jpg,4.807692466357594e-09,4.807692466357594e-09,1.0,0.9958546161651612,4.807692466357594e-09,,True,208.0,0.0,True
Patient#18,D:\Research\Multi-View Fusion Network\datasets\AJBDS-2023_extracted\AJBDS-2023\Training\Patient#18\input\IMG-0002-00012.jpg,1.0090817070818048e-09,1.0090817070818048e-09,1.0,0.980249524116516,1.0090817070818048e-09,,True,991.0,0.0,True
Patient#18,D:\Research\Multi-View Fusion Network\datasets\AJBDS-2023_extracted\AJBDS-2023\Training\Patient#18\input\IMG-0002-00013.jpg,1.1627906415512255e-09,1.1627906415512255e-09,1.0,0.9828603267669678,1.1627906415512255e-09,,True,860.0,0.0,True
Patient#18,D:\Research\Multi-View Fusion Network\datasets\AJBDS-2023_extracted\AJBDS-2023\Training\Patient#18\input\IMG-0002-00016.jpg,1.7421603049072587e-09,1.7421603049072587e-09,1.0,0.9885602593421936,1.7421603049072587e-09,,True,574.0,0.0,True
Patient#18,D:\Research\Multi-View Fusion Network\datasets\AJBDS-2023_extracted\AJBDS-2023\Training\Patient#18\input\IMG-0002-00017.jpg,1.0,1.0,1.0,1.0,1.0,,True,0.0,0.0,False
Patient#18,D:\Research\Multi-View Fusion Network\datasets\AJBDS-2023_extracted\AJBDS-2023\Training\Patient#18\input\IMG-0002-00018.jpg,6.622516757204266e-09,6.622516757204266e-09,1.0,0.9969906210899352,6.622516757204266e-09,,True,151.0,0.0,True
Patient#18,D:\Research\Multi-View Fusion Network\datasets\AJBDS-2023_extracted\AJBDS-2023\Training\Patient#18\input\IMG-0002-00019.jpg,1.0,1.0,1.0,1.0,1.0,,True,0.0,0.0,False
Patient#18,D:\Research\Multi-View Fusion Network\datasets\AJBDS-2023_extracted\AJBDS-2023\Training\Patient#18\input\IMG-0002-00020.jpg,9.191176708611691e-10,9.191176708611691e-10,1.0,0.9783163070678712,9.191176708611691e-10,,True,1088.0,0.0,True
Patient#18,D:\Research\Multi-View Fusion Network\datasets\AJBDS-2023_extracted\AJBDS-2023\Training\Patient#18\input\IMG-0002-00021.jpg,1.0,1.0,1.0,1.0,1.0,,True,0.0,0.0,False
Patient#18,D:\Research\Multi-View Fusion Network\datasets\AJBDS-2023_extracted\AJBDS-2023\Training\Patient#18\input\IMG-0002-00022.jpg,1.0,1.0,1.0,1.0,1.0,,True,0.0,0.0,False
Patient#18,D:\Research\Multi-View Fusion Network\datasets\AJBDS-2023_extracted\AJBDS-2023\Training\Patient#18\input\IMG-0002-00023.jpg,1.0,1.0,1.0,1.0,1.0,,True,0.0,0.0,False
Patient#18,D:\Research\Multi-View Fusion Network\datasets\AJBDS-2023_extracted\AJBDS-2023\Training\Patient#18\input\IMG-0002-00024.jpg,3.472222287470572e-09,3.472222287470572e-09,1.0,0.9942601919174194,3.472222287470572e-09,,True,288.0,0.0,True
Patient#18,D:\Research\Multi-View Fusion Network\datasets\AJBDS-2023_extracted\AJBDS-2023\Training\Patient#18\input\IMG-0003-00001.jpg,1.0,1.0,1.0,1.0,1.0,,True,0.0,0.0,False
Patient#18,D:\Research\Multi-View Fusion Network\datasets\AJBDS-2023_extracted\AJBDS-2023\Training\Patient#18\input\IMG-0003-00002.jpg,4.761904293104635e-08,4.761904293104635e-08,1.0,0.9995814561843872,4.761904293104635e-08,,True,21.0,0.0,True
Patient#18,D:\Research\Multi-View Fusion Network\datasets\AJBDS-2023_extracted\AJBDS-2023\Training\Patient#18\input\IMG-0003-00003.jpg,3.937008052901092e-09,3.937008052901092e-09,1.0,0.9949378371238708,3.937008052901092e-09,,True,254.0,0.0,True
Patient#18,D:\Research\Multi-View Fusion Network\datasets\AJBDS-2023_extracted\AJBDS-2023\Training\Patient#18\input\IMG-0003-00004.jpg,2.2271715582888874e-09,2.2271715582888874e-09,1.0,0.9910514950752258,2.2271715582888874e-09,,True,449.0,0.0,True
Patient#18,D:\Research\Multi-View Fusion Network\datasets\AJBDS-2023_extracted\AJBDS-2023\Training\Patient#18\input\IMG-0003-00005.jpg,1.0,1.0,1.0,1.0,1.0,,True,0.0,0.0,False
Patient#18,D:\Research\Multi-View Fusion Network\datasets\AJBDS-2023_extracted\AJBDS-2023\Training\Patient#18\input\IMG-0003-00006.jpg,1.0,1.0,1.0,1.0,1.0,,True,0.0,0.0,False
Patient#18,D:\Research\Multi-View Fusion Network\datasets\AJBDS-2023_extracted\AJBDS-2023\Training\Patient#18\input\IMG-0003-00007.jpg,1.0,1.0,1.0,1.0,1.0,,True,0.0,0.0,False
Patient#18,D:\Research\Multi-View Fusion Network\datasets\AJBDS-2023_extracted\AJBDS-2023\Training\Patient#18\input\IMG-0003-00008.jpg,1.0989010590378712e-08,1.0989010590378712e-08,1.0,0.9981864094734192,1.0989010590378712e-08,,True,91.0,0.0,True
Patient#18,D:\Research\Multi-View Fusion Network\datasets\AJBDS-2023_extracted\AJBDS-2023\Training\Patient#18\input\IMG-0003-00009.jpg,1.0,1.0,1.0,1.0,1.0,,True,0.0,0.0,False
Patient#18,D:\Research\Multi-View Fusion Network\datasets\AJBDS-2023_extracted\AJBDS-2023\Training\Patient#18\input\IMG-0003-00010.jpg,9.009008650195938e-09,9.009008650195938e-09,1.0,0.9977877736091614,9.009008650195938e-09,,True,111.0,0.0,True
Patient#18,D:\Research\Multi-View Fusion Network\datasets\AJBDS-2023_extracted\AJBDS-2023\Training\Patient#18\input\IMG-0003-00011.jpg,6.711409206161534e-09,6.711409206161534e-09,1.0,0.9970304369926452,6.711409206161534e-09,,True,149.0,0.0,True
Patient#18,D:\Research\Multi-View Fusion Network\datasets\AJBDS-2023_extracted\AJBDS-2023\Training\Patient#18\input\IMG-0003-00016.jpg,1.0,1.0,1.0,1.0,1.0,,True,0.0,0.0,False
Patient#18,D:\Research\Multi-View Fusion Network\datasets\AJBDS-2023_extracted\AJBDS-2023\Training\Patient#18\input\IMG-0003-00017.jpg,1.0,1.0,1.0,1.0,1.0,,True,0.0,0.0,False
Patient#18,D:\Research\Multi-View Fusion Network\datasets\AJBDS-2023_extracted\AJBDS-2023\Training\Patient#18\input\IMG-0003-00018.jpg,1.0,1.0,1.0,1.0,1.0,,True,0.0,0.0,False
Patient#18,D:\Research\Multi-View Fusion Network\datasets\AJBDS-2023_extracted\AJBDS-2023\Training\Patient#18\input\IMG-0004-00001.jpg,1.0,1.0,1.0,1.0,1.0,,True,0.0,0.0,False
Patient#18,D:\Research\Multi-View Fusion Network\datasets\AJBDS-2023_extracted\AJBDS-2023\Training\Patient#18\input\IMG-0004-00002.jpg,1.0,1.0,1.0,1.0,1.0,,True,0.0,0.0,False
Patient#18,D:\Research\Multi-View Fusion Network\datasets\AJBDS-2023_extracted\AJBDS-2023\Training\Patient#18\input\IMG-0004-00003.jpg,1.0,1.0,1.0,1.0,1.0,,True,0.0,0.0,False
Patient#18,D:\Research\Multi-View Fusion Network\datasets\AJBDS-2023_extracted\AJBDS-2023\Training\Patient#18\input\IMG-0004-00004.jpg,1.0,1.0,1.0,1.0,1.0,,True,0.0,0.0,False
Patient#18,D:\Research\Multi-View Fusion Network\datasets\AJBDS-2023_extracted\AJBDS-2023\Training\Patient#18\input\IMG-0004-00005.jpg,5.8823523829687474e-08,5.8823523829687474e-08,1.0,0.9996612071990968,5.8823523829687474e-08,,True,17.0,0.0,True
Patient#18,D:\Research\Multi-View Fusion Network\datasets\AJBDS-2023_extracted\AJBDS-2023\Training\Patient#18\input\IMG-0004-00006.jpg,1.0,1.0,1.0,1.0,1.0,,True,0.0,0.0,False
Patient#18,D:\Research\Multi-View Fusion Network\datasets\AJBDS-2023_extracted\AJBDS-2023\Training\Patient#18\input\IMG-0004-00007.jpg,1.0,1.0,1.0,1.0,1.0,,True,0.0,0.0,False
Patient#18,D:\Research\Multi-View Fusion Network\datasets\AJBDS-2023_extracted\AJBDS-2023\Training\Patient#18\input\IMG-0004-00008.jpg,1.926782289274342e-09,1.926782289274342e-09,1.0,0.989656388759613,1.926782289274342e-09,,True,519.0,0.0,True
Patient#18,D:\Research\Multi-View Fusion Network\datasets\AJBDS-2023_extracted\AJBDS-2023\Training\Patient#18\input\IMG-0004-00009.jpg,1.97238647636766e-09,1.97238647636766e-09,1.0,0.9898955821990968,1.97238647636766e-09,,True,507.0,0.0,True
Patient#18,D:\Research\Multi-View Fusion Network\datasets\AJBDS-2023_extracted\AJBDS-2023\Training\Patient#18\input\IMG-0004-00010.jpg,1.953124995068833e-09,1.953124995068833e-09,1.0,0.9897959232330322,1.953124995068833e-09,,True,512.0,0.0,True
Patient#18,D:\Research\Multi-View Fusion Network\datasets\AJBDS-2023_extracted\AJBDS-2023\Training\Patient#18\input\IMG-0004-00011.jpg,2.202643178961239e-09,2.202643178961239e-09,1.0,0.9909518361091614,2.202643178961239e-09,,True,454.0,0.0,True
Patient#18,D:\Research\Multi-View Fusion Network\datasets\AJBDS-2023_extracted\AJBDS-2023\Training\Patient#18\input\IMG-0004-00012.jpg,1.9417476515570797e-09,1.9417476515570797e-09,1.0,0.9897361397743224,1.9417476515570797e-09,,True,515.0,0.0,True
Patient#18,D:\Research\Multi-View Fusion Network\datasets\AJBDS-2023_extracted\AJBDS-2023\Training\Patient#18\input\IMG-0004-00013.jpg,1.7543859698321283e-09,1.7543859698321283e-09,1.0,0.9886400103569032,1.7543859698321283e-09,,True,570.0,0.0,True
Patient#18,D:\Research\Multi-View Fusion Network\datasets\AJBDS-2023_extracted\AJBDS-2023\Training\Patient#18\input\IMG-0004-00014.jpg,8.333333134658005e-09,8.333333134658005e-09,1.0,0.9976084232330322,8.333333134658005e-09,,True,120.0,0.0,True
Patient#18,D:\Research\Multi-View Fusion Network\datasets\AJBDS-2023_extracted\AJBDS-2023\Training\Patient#18\input\IMG-0004-00015.jpg,1.503759339271937e-09,1.503759339271937e-09,1.0,0.9867466688156128,1.503759339271937e-09,,True,665.0,0.0,True
Patient#18,D:\Research\Multi-View Fusion Network\datasets\AJBDS-2023_extracted\AJBDS-2023\Training\Patient#18\input\IMG-0005-00001.jpg,1.0,1.0,1.0,1.0,1.0,,True,0.0,0.0,False
Patient#18,D:\Research\Multi-View Fusion Network\datasets\AJBDS-2023_extracted\AJBDS-2023\Training\Patient#18\input\IMG-0005-00002.jpg,1.0,1.0,1.0,1.0,1.0,,True,0.0,0.0,False
Patient#18,D:\Research\Multi-View Fusion Network\datasets\AJBDS-2023_extracted\AJBDS-2023\Training\Patient#18\input\IMG-0005-00003.jpg,1.0,1.0,1.0,1.0,1.0,,True,0.0,0.0,False
Patient#18,D:\Research\Multi-View Fusion Network\datasets\AJBDS-2023_extracted\AJBDS-2023\Training\Patient#18\input\IMG-0005-00004.jpg,1.0,1.0,1.0,1.0,1.0,,True,0.0,0.0,False
Patient#18,D:\Research\Multi-View Fusion Network\datasets\AJBDS-2023_extracted\AJBDS-2023\Training\Patient#18\input\IMG-0005-00005.jpg,1.0,1.0,1.0,1.0,1.0,,True,0.0,0.0,False
Patient#18,D:\Research\Multi-View Fusion Network\datasets\AJBDS-2023_extracted\AJBDS-2023\Training\Patient#18\input\IMG-0005-00006.jpg,1.0,1.0,1.0,1.0,1.0,,True,0.0,0.0,False
Patient#18,D:\Research\Multi-View Fusion Network\datasets\AJBDS-2023_extracted\AJBDS-2023\Training\Patient#18\input\IMG-0005-00007.jpg,1.0,1.0,1.0,1.0,1.0,,True,0.0,0.0,False
Patient#18,D:\Research\Multi-View Fusion Network\datasets\AJBDS-2023_extracted\AJBDS-2023\Training\Patient#18\input\IMG-0005-00008.jpg,1.0,1.0,1.0,1.0,1.0,,True,0.0,0.0,False
Patient#18,D:\Research\Multi-View Fusion Network\datasets\AJBDS-2023_extracted\AJBDS-2023\Training\Patient#18\input\IMG-0005-00009.jpg,1.0,1.0,1.0,1.0,1.0,,True,0.0,0.0,False
Patient#18,D:\Research\Multi-View Fusion Network\datasets\AJBDS-2023_extracted\AJBDS-2023\Training\Patient#18\input\IMG-0005-00010.jpg,1.0,1.0,1.0,1.0,1.0,,True,0.0,0.0,False
Patient#18,D:\Research\Multi-View Fusion Network\datasets\AJBDS-2023_extracted\AJBDS-2023\Training\Patient#18\input\IMG-0005-00011.jpg,6.249999273677531e-08,6.249999273677531e-08,1.0,0.9996811151504515,6.249999273677531e-08,,True,16.0,0.0,True
Patient#18,D:\Research\Multi-View Fusion Network\datasets\AJBDS-2023_extracted\AJBDS-2023\Training\Patient#18\input\IMG-0005-00016.jpg,1.0,1.0,1.0,1.0,1.0,,True,0.0,0.0,False
Patient#18,D:\Research\Multi-View Fusion Network\datasets\AJBDS-2023_extracted\AJBDS-2023\Training\Patient#18\input\IMG-0005-00017.jpg,1.0,1.0,1.0,1.0,1.0,,True,0.0,0.0,False
Patient#18,D:\Research\Multi-View Fusion Network\datasets\AJBDS-2023_extracted\AJBDS-2023\Training\Patient#18\input\IMG-0005-00018.jpg,1.0,1.0,1.0,1.0,1.0,,True,0.0,0.0,False
Patient#18,D:\Research\Multi-View Fusion Network\datasets\AJBDS-2023_extracted\AJBDS-2023\Training\Patient#18\input\IMG-0006-00001.jpg,1.0,1.0,1.0,1.0,1.0,,True,0.0,0.0,False
Patient#18,D:\Research\Multi-View Fusion Network\datasets\AJBDS-2023_extracted\AJBDS-2023\Training\Patient#18\input\IMG-0006-00002.jpg,1.0,1.0,1.0,1.0,1.0,,True,0.0,0.0,False
Patient#18,D:\Research\Multi-View Fusion Network\datasets\AJBDS-2023_extracted\AJBDS-2023\Training\Patient#18\input\IMG-0006-00003.jpg,1.0,1.0,1.0,1.0,1.0,,True,0.0,0.0,False
Patient#18,D:\Research\Multi-View Fusion Network\datasets\AJBDS-2023_extracted\AJBDS-2023\Training\Patient#18\input\IMG-0006-00004.jpg,1.0,1.0,1.0,1.0,1.0,,True,0.0,0.0,False
Patient#18,D:\Research\Multi-View Fusion Network\datasets\AJBDS-2023_extracted\AJBDS-2023\Training\Patient#18\input\IMG-0006-00005.jpg,1.0,1.0,1.0,1.0,1.0,,True,0.0,0.0,False
Patient#18,D:\Research\Multi-View Fusion Network\datasets\AJBDS-2023_extracted\AJBDS-2023\Training\Patient#18\input\IMG-0006-00006.jpg,3.8167939919731e-09,3.8167939919731e-09,1.0,0.9947783946990968,3.8167939919731e-09,,True,262.0,0.0,True
Patient#18,D:\Research\Multi-View Fusion Network\datasets\AJBDS-2023_extracted\AJBDS-2023\Training\Patient#18\input\IMG-0006-00007.jpg,4.6728971803133845e-09,4.6728971803133845e-09,1.0,0.9957349896430968,4.6728971803133845e-09,,True,214.0,0.0,True
Patient#18,D:\Research\Multi-View Fusion Network\datasets\AJBDS-2023_extracted\AJBDS-2023\Training\Patient#18\input\IMG-0006-00008.jpg,2.331002280087091e-09,2.331002280087091e-09,1.0,0.9914500713348388,2.331002280087091e-09,,True,429.0,0.0,True
Patient#18,D:\Research\Multi-View Fusion Network\datasets\AJBDS-2023_extracted\AJBDS-2023\Training\Patient#18\input\IMG-0006-00009.jpg,2.032520374228852e-09,2.032520374228852e-09,1.0,0.9901944994926452,2.032520374228852e-09,,True,492.0,0.0,True
Patient#18,D:\Research\Multi-View Fusion Network\datasets\AJBDS-2023_extracted\AJBDS-2023\Training\Patient#18\input\IMG-0006-00010.jpg,2.2831050383587126e-09,2.2831050383587126e-09,1.0,0.9912707209587096,2.2831050383587126e-09,,True,438.0,0.0,True
Patient#18,D:\Research\Multi-View Fusion Network\datasets\AJBDS-2023_extracted\AJBDS-2023\Training\Patient#18\input\IMG-0006-00011.jpg,2.109704633213028e-09,2.109704633213028e-09,1.0,0.9905532598495485,2.109704633213028e-09,,True,474.0,0.0,True
Patient#18,D:\Research\Multi-View Fusion Network\datasets\AJBDS-2023_extracted\AJBDS-2023\Training\Patient#18\input\IMG-0006-00012.jpg,2.816901378821512e-09,2.816901378821512e-09,1.0,0.9929249286651612,2.816901378821512e-09,,True,355.0,0.0,True
Patient#18,D:\Research\Multi-View Fusion Network\datasets\AJBDS-2023_extracted\AJBDS-2023\Training\Patient#18\input\IMG-0006-00013.jpg,4.237288298014619e-09,4.237288298014619e-09,1.0,0.9952965378761292,4.237288298014619e-09,,True,236.0,0.0,True
Patient#18,D:\Research\Multi-View Fusion Network\datasets\AJBDS-2023_extracted\AJBDS-2023\Training\Patient#18\input\IMG-0006-00014.jpg,1.9999995970465534e-07,1.9999995970465534e-07,1.0,0.9999003410339355,1.9999995970465534e-07,,True,5.0,0.0,True
Patient#18,D:\Research\Multi-View Fusion Network\datasets\AJBDS-2023_extracted\AJBDS-2023\Training\Patient#18\input\IMG-0006-00015.jpg,1.0,1.0,1.0,1.0,1.0,,True,0.0,0.0,False
Patient#18,D:\Research\Multi-View Fusion Network\datasets\AJBDS-2023_extracted\AJBDS-2023\Training\Patient#18\input\IMG-0007-00001.jpg,1.0,1.0,1.0,1.0,1.0,,True,0.0,0.0,False
Patient#18,D:\Research\Multi-View Fusion Network\datasets\AJBDS-2023_extracted\AJBDS-2023\Training\Patient#18\input\IMG-0007-00002.jpg,1.0,1.0,1.0,1.0,1.0,,True,0.0,0.0,False
Patient#18,D:\Research\Multi-View Fusion Network\datasets\AJBDS-2023_extracted\AJBDS-2023\Training\Patient#18\input\IMG-0007-00003.jpg,1.0,1.0,1.0,1.0,1.0,,True,0.0,0.0,False
Patient#18,D:\Research\Multi-View Fusion Network\datasets\AJBDS-2023_extracted\AJBDS-2023\Training\Patient#18\input\IMG-0007-00004.jpg,1.0,1.0,1.0,1.0,1.0,,True,0.0,0.0,False
Patient#18,D:\Research\Multi-View Fusion Network\datasets\AJBDS-2023_extracted\AJBDS-2023\Training\Patient#18\input\IMG-0007-00005.jpg,9.803921230400192e-09,9.803921230400192e-09,1.0,0.9979671835899352,9.803921230400192e-09,,True,102.0,0.0,True
Patient#18,D:\Research\Multi-View Fusion Network\datasets\AJBDS-2023_extracted\AJBDS-2023\Training\Patient#18\input\IMG-0007-00006.jpg,2.881844318736171e-09,2.881844318736171e-09,1.0,0.9930843710899352,2.881844318736171e-09,,True,347.0,0.0,True
Patient#18,D:\Research\Multi-View Fusion Network\datasets\AJBDS-2023_extracted\AJBDS-2023\Training\Patient#18\input\IMG-0007-00007.jpg,1.0,1.0,1.0,1.0,1.0,,True,0.0,0.0,False
Patient#18,D:\Research\Multi-View Fusion Network\datasets\AJBDS-2023_extracted\AJBDS-2023\Training\Patient#18\input\IMG-0007-00008.jpg,1.0,1.0,1.0,1.0,1.0,,True,0.0,0.0,False
Patient#18,D:\Research\Multi-View Fusion Network\datasets\AJBDS-2023_extracted\AJBDS-2023\Training\Patient#18\input\IMG-0007-00009.jpg,1.0,1.0,1.0,1.0,1.0,,True,0.0,0.0,False
Patient#18,D:\Research\Multi-View Fusion Network\datasets\AJBDS-2023_extracted\AJBDS-2023\Training\Patient#18\input\IMG-0007-00010.jpg,1.0,1.0,1.0,1.0,1.0,,True,0.0,0.0,False
Patient#18,D:\Research\Multi-View Fusion Network\datasets\AJBDS-2023_extracted\AJBDS-2023\Training\Patient#18\input\IMG-0007-00011.jpg,1.0,1.0,1.0,1.0,1.0,,True,0.0,0.0,False
Patient#18,D:\Research\Multi-View Fusion Network\datasets\AJBDS-2023_extracted\AJBDS-2023\Training\Patient#18\input\IMG-0007-00012.jpg,1.0,1.0,1.0,1.0,1.0,,True,0.0,0.0,False
Patient#18,D:\Research\Multi-View Fusion Network\datasets\AJBDS-2023_extracted\AJBDS-2023\Training\Patient#18\input\IMG-0007-00013.jpg,1.0,1.0,1.0,1.0,1.0,,True,0.0,0.0,False
Patient#18,D:\Research\Multi-View Fusion Network\datasets\AJBDS-2023_extracted\AJBDS-2023\Training\Patient#18\input\IMG-0007-00014.jpg,1.0101009806362526e-08,1.0101009806362526e-08,1.0,0.998026967048645,1.0101009806362526e-08,,True,99.0,0.0,True
Patient#18,D:\Research\Multi-View Fusion Network\datasets\AJBDS-2023_extracted\AJBDS-2023\Training\Patient#18\input\IMG-0007-00015.jpg,2.659574560581745e-09,2.659574560581745e-09,1.0,0.9925063848495485,2.659574560581745e-09,,True,376.0,0.0,True
Patient#18,D:\Research\Multi-View Fusion Network\datasets\AJBDS-2023_extracted\AJBDS-2023\Training\Patient#18\input\IMG-0007-00016.jpg,1.0,1.0,1.0,1.0,1.0,,True,0.0,0.0,False
Patient#18,D:\Research\Multi-View Fusion Network\datasets\AJBDS-2023_extracted\AJBDS-2023\Training\Patient#18\input\IMG-0007-00017.jpg,1.0,1.0,1.0,1.0,1.0,,True,0.0,0.0,False
Patient#18,D:\Research\Multi-View Fusion Network\datasets\AJBDS-2023_extracted\AJBDS-2023\Training\Patient#18\input\IMG-0007-00018.jpg,1.0,1.0,1.0,1.0,1.0,,True,0.0,0.0,False
Patient#18,D:\Research\Multi-View Fusion Network\datasets\AJBDS-2023_extracted\AJBDS-2023\Training\Patient#18\input\IMG-0007-00019.jpg,1.0,1.0,1.0,1.0,1.0,,True,0.0,0.0,False
Patient#18,D:\Research\Multi-View Fusion Network\datasets\AJBDS-2023_extracted\AJBDS-2023\Training\Patient#18\input\IMG-0007-00020.jpg,1.0,1.0,1.0,1.0,1.0,,True,0.0,0.0,False
Patient#18,D:\Research\Multi-View Fusion Network\datasets\AJBDS-2023_extracted\AJBDS-2023\Training\Patient#18\input\IMG-0007-00021.jpg,1.0,1.0,1.0,1.0,1.0,,True,0.0,0.0,False
Patient#18,D:\Research\Multi-View Fusion Network\datasets\AJBDS-2023_extracted\AJBDS-2023\Training\Patient#18\input\IMG-0007-00022.jpg,1.0,1.0,1.0,1.0,1.0,,True,0.0,0.0,False
Patient#18,D:\Research\Multi-View Fusion Network\datasets\AJBDS-2023_extracted\AJBDS-2023\Training\Patient#18\input\IMG-0007-00023.jpg,5.025125648927542e-09,5.025125648927542e-09,1.0,0.9960339665412904,5.025125648927542e-09,,True,199.0,0.0,True
Patient#18,D:\Research\Multi-View Fusion Network\datasets\AJBDS-2023_extracted\AJBDS-2023\Training\Patient#18\input\IMG-0007-00024.jpg,2.710027091623601e-09,2.710027091623601e-09,1.0,0.9926458597183228,2.710027091623601e-09,,True,369.0,0.0,True
Patient#18,D:\Research\Multi-View Fusion Network\datasets\AJBDS-2023_extracted\AJBDS-2023\Training\Patient#18\input\IMG-0007-00025.jpg,1.0,1.0,1.0,1.0,1.0,,True,0.0,0.0,False
Patient#18,D:\Research\Multi-View Fusion Network\datasets\AJBDS-2023_extracted\AJBDS-2023\Training\Patient#18\input\IMG-0007-00026.jpg,1.0,1.0,1.0,1.0,1.0,,True,0.0,0.0,False
Patient#18,D:\Research\Multi-View Fusion Network\datasets\AJBDS-2023_extracted\AJBDS-2023\Training\Patient#18\input\IMG-0007-00027.jpg,1.0,1.0,1.0,1.0,1.0,,True,0.0,0.0,False
Patient#18,D:\Research\Multi-View Fusion Network\datasets\AJBDS-2023_extracted\AJBDS-2023\Training\Patient#18\input\IMG-0007-00028.jpg,1.0,1.0,1.0,1.0,1.0,,True,0.0,0.0,False
Patient#18,D:\Research\Multi-View Fusion Network\datasets\AJBDS-2023_extracted\AJBDS-2023\Training\Patient#18\input\IMG-0007-00029.jpg,1.0,1.0,1.0,1.0,1.0,,True,0.0,0.0,False
Patient#18,D:\Research\Multi-View Fusion Network\datasets\AJBDS-2023_extracted\AJBDS-2023\Training\Patient#18\input\IMG-0007-00030.jpg,1.0,1.0,1.0,1.0,1.0,,True,0.0,0.0,False
Patient#18,D:\Research\Multi-View Fusion Network\datasets\AJBDS-2023_extracted\AJBDS-2023\Training\Patient#18\input\IMG-0007-00031.jpg,1.0,1.0,1.0,1.0,1.0,,True,0.0,0.0,False
Patient#18,D:\Research\Multi-View Fusion Network\datasets\AJBDS-2023_extracted\AJBDS-2023\Training\Patient#18\input\IMG-0007-00032.jpg,3.558718875140698e-09,3.558718875140698e-09,1.0,0.9943997263908386,3.558718875140698e-09,,True,281.0,0.0,True
Patient#18,D:\Research\Multi-View Fusion Network\datasets\AJBDS-2023_extracted\AJBDS-2023\Training\Patient#18\input\IMG-0007-00033.jpg,2.7777777855675367e-09,2.7777777855675367e-09,1.0,0.9928252696990968,2.7777777855675367e-09,,True,360.0,0.0,True
Patient#18,D:\Research\Multi-View Fusion Network\datasets\AJBDS-2023_extracted\AJBDS-2023\Training\Patient#18\input\IMG-0007-00034.jpg,1.0,1.0,1.0,1.0,1.0,,True,0.0,0.0,False
Patient#18,D:\Research\Multi-View Fusion Network\datasets\AJBDS-2023_extracted\AJBDS-2023\Training\Patient#18\input\IMG-0007-00035.jpg,1.0,1.0,1.0,1.0,1.0,,True,0.0,0.0,False
Patient#18,D:\Research\Multi-View Fusion Network\datasets\AJBDS-2023_extracted\AJBDS-2023\Training\Patient#18\input\IMG-0007-00036.jpg,1.0,1.0,1.0,1.0,1.0,,True,0.0,0.0,False
Patient#18,D:\Research\Multi-View Fusion Network\datasets\AJBDS-2023_extracted\AJBDS-2023\Training\Patient#18\input\IMG-0008-00001.jpg,1.0,1.0,1.0,1.0,1.0,,True,0.0,0.0,False
Patient#18,D:\Research\Multi-View Fusion Network\datasets\AJBDS-2023_extracted\AJBDS-2023\Training\Patient#18\input\IMG-0008-00002.jpg,1.0,1.0,1.0,1.0,1.0,,True,0.0,0.0,False
Patient#18,D:\Research\Multi-View Fusion Network\datasets\AJBDS-2023_extracted\AJBDS-2023\Training\Patient#18\input\IMG-0008-00003.jpg,1.0,1.0,1.0,1.0,1.0,,True,0.0,0.0,False
Patient#18,D:\Research\Multi-View Fusion Network\datasets\AJBDS-2023_extracted\AJBDS-2023\Training\Patient#18\input\IMG-0008-00004.jpg,1.0,1.0,1.0,1.0,1.0,,True,0.0,0.0,False
Patient#18,D:\Research\Multi-View Fusion Network\datasets\AJBDS-2023_extracted\AJBDS-2023\Training\Patient#18\input\IMG-0008-00005.jpg,1.0,1.0,1.0,1.0,1.0,,True,0.0,0.0,False
Patient#18,D:\Research\Multi-View Fusion Network\datasets\AJBDS-2023_extracted\AJBDS-2023\Training\Patient#18\input\IMG-0008-00006.jpg,1.0,1.0,1.0,1.0,1.0,,True,0.0,0.0,False
Patient#18,D:\Research\Multi-View Fusion Network\datasets\AJBDS-2023_extracted\AJBDS-2023\Training\Patient#18\input\IMG-0008-00007.jpg,2.5641025303002607e-08,2.5641025303002607e-08,1.0,0.9992227554321288,2.5641025303002607e-08,,True,39.0,0.0,True
Patient#18,D:\Research\Multi-View Fusion Network\datasets\AJBDS-2023_extracted\AJBDS-2023\Training\Patient#18\input\IMG-0008-00008.jpg,2.066115722954009e-09,2.066115722954009e-09,1.0,0.9903539419174194,2.066115722954009e-09,,True,484.0,0.0,True
Patient#18,D:\Research\Multi-View Fusion Network\datasets\AJBDS-2023_extracted\AJBDS-2023\Training\Patient#18\input\IMG-0008-00009.jpg,2.652519981438672e-09,2.652519981438672e-09,1.0,0.9924864768981934,2.652519981438672e-09,,True,377.0,0.0,True
Patient#18,D:\Research\Multi-View Fusion Network\datasets\AJBDS-2023_extracted\AJBDS-2023\Training\Patient#18\input\IMG-0008-00010.jpg,7.4074075762098354e-09,7.4074075762098354e-09,1.0,0.9973094463348388,7.4074075762098354e-09,,True,135.0,0.0,True
Patient#18,D:\Research\Multi-View Fusion Network\datasets\AJBDS-2023_extracted\AJBDS-2023\Training\Patient#18\input\IMG-0008-00011.jpg,2.008032184974695e-09,2.008032184974695e-09,1.0,0.9900749325752258,2.008032184974695e-09,,True,498.0,0.0,True
Patient#18,D:\Research\Multi-View Fusion Network\datasets\AJBDS-2023_extracted\AJBDS-2023\Training\Patient#18\input\IMG-0008-00012.jpg,3.610108212370733e-09,3.610108212370733e-09,1.0,0.9944794178009032,3.610108212370733e-09,,True,277.0,0.0,True
Patient#18,D:\Research\Multi-View Fusion Network\datasets\AJBDS-2023_extracted\AJBDS-2023\Training\Patient#18\input\IMG-0008-00013.jpg,1.0,1.0,1.0,1.0,1.0,,True,0.0,0.0,False
Patient#18,D:\Research\Multi-View Fusion Network\datasets\AJBDS-2023_extracted\AJBDS-2023\Training\Patient#18\input\IMG-0008-00014.jpg,9.999998695775505e-08,9.999998695775505e-08,1.0,0.9998006820678712,9.999998695775505e-08,,True,10.0,0.0,True
Patient#18,D:\Research\Multi-View Fusion Network\datasets\AJBDS-2023_extracted\AJBDS-2023\Training\Patient#18\input\IMG-0008-00015.jpg,1.0,1.0,1.0,1.0,1.0,,True,0.0,0.0,False
Patient#18,D:\Research\Multi-View Fusion Network\datasets\AJBDS-2023_extracted\AJBDS-2023\Training\Patient#18\input\IMG-0009-00001.jpg,1.0,1.0,1.0,1.0,1.0,,True,0.0,0.0,False
Patient#18,D:\Research\Multi-View Fusion Network\datasets\AJBDS-2023_extracted\AJBDS-2023\Training\Patient#18\input\IMG-0009-00002.jpg,1.0,1.0,1.0,1.0,1.0,,True,0.0,0.0,False
Patient#18,D:\Research\Multi-View Fusion Network\datasets\AJBDS-2023_extracted\AJBDS-2023\Training\Patient#18\input\IMG-0009-00003.jpg,1.0,1.0,1.0,1.0,1.0,,True,0.0,0.0,False
Patient#18,D:\Research\Multi-View Fusion Network\datasets\AJBDS-2023_extracted\AJBDS-2023\Training\Patient#18\input\IMG-0009-00004.jpg,1.0,1.0,1.0,1.0,1.0,,True,0.0,0.0,False
Patient#18,D:\Research\Multi-View Fusion Network\datasets\AJBDS-2023_extracted\AJBDS-2023\Training\Patient#18\input\IMG-0009-00005.jpg,4.78468908937657e-09,4.78468908937657e-09,1.0,0.9958346486091614,4.78468908937657e-09,,True,209.0,0.0,True
Patient#18,D:\Research\Multi-View Fusion Network\datasets\AJBDS-2023_extracted\AJBDS-2023\Training\Patient#18\input\IMG-0009-00006.jpg,1.0,1.0,1.0,1.0,1.0,,True,0.0,0.0,False
Patient#18,D:\Research\Multi-View Fusion Network\datasets\AJBDS-2023_extracted\AJBDS-2023\Training\Patient#18\input\IMG-0009-00007.jpg,1.0309278763998009e-08,1.0309278763998009e-08,1.0,0.998066782951355,1.0309278763998009e-08,,True,97.0,0.0,True
Patient#18,D:\Research\Multi-View Fusion Network\datasets\AJBDS-2023_extracted\AJBDS-2023\Training\Patient#18\input\IMG-0009-00008.jpg,4.761904293104635e-08,4.761904293104635e-08,1.0,0.9995814561843872,4.761904293104635e-08,,True,21.0,0.0,True
Patient#18,D:\Research\Multi-View Fusion Network\datasets\AJBDS-2023_extracted\AJBDS-2023\Training\Patient#18\input\IMG-0009-00009.jpg,1.0,1.0,1.0,1.0,1.0,,True,0.0,0.0,False
Patient#18,D:\Research\Multi-View Fusion Network\datasets\AJBDS-2023_extracted\AJBDS-2023\Training\Patient#18\input\IMG-0009-00010.jpg,4.5454541464096116e-08,4.5454541464096116e-08,1.0,0.9995615482330322,4.5454541464096116e-08,,True,22.0,0.0,True
Patient#18,D:\Research\Multi-View Fusion Network\datasets\AJBDS-2023_extracted\AJBDS-2023\Training\Patient#18\input\IMG-0009-00011.jpg,9.615384932715187e-09,9.615384932715187e-09,1.0,0.9979273080825806,9.615384932715187e-09,,True,104.0,0.0,True
Patient#18,D:\Research\Multi-View Fusion Network\datasets\AJBDS-2023_extracted\AJBDS-2023\Training\Patient#18\input\IMG-0009-00016.jpg,1.0,1.0,1.0,1.0,1.0,,True,0.0,0.0,False
Patient#18,D:\Research\Multi-View Fusion Network\datasets\AJBDS-2023_extracted\AJBDS-2023\Training\Patient#18\input\IMG-0009-00017.jpg,1.0,1.0,1.0,1.0,1.0,,True,0.0,0.0,False
Patient#18,D:\Research\Multi-View Fusion Network\datasets\AJBDS-2023_extracted\AJBDS-2023\Training\Patient#18\input\IMG-0009-00018.jpg,1.0,1.0,1.0,1.0,1.0,,True,0.0,0.0,False
Patient#22,D:\Research\Multi-View Fusion Network\datasets\AJBDS-2023_extracted\AJBDS-2023\Training\Patient#22\input\IMG-0001-00001.jpg,1.3717421643022474e-09,1.3717421643022474e-09,1.0,0.9854711294174194,1.3717421643022474e-09,,True,729.0,0.0,True
Patient#22,D:\Research\Multi-View Fusion Network\datasets\AJBDS-2023_extracted\AJBDS-2023\Training\Patient#22\input\IMG-0001-00002.jpg,1.483679512581659e-09,1.483679512581659e-09,1.0,0.9865672588348388,1.483679512581659e-09,,True,674.0,0.0,True
Patient#22,D:\Research\Multi-View Fusion Network\datasets\AJBDS-2023_extracted\AJBDS-2023\Training\Patient#22\input\IMG-0001-00003.jpg,1.0,1.0,1.0,1.0,1.0,,True,0.0,0.0,False
Patient#22,D:\Research\Multi-View Fusion Network\datasets\AJBDS-2023_extracted\AJBDS-2023\Training\Patient#22\input\IMG-0001-00004.jpg,1.0,1.0,1.0,1.0,1.0,,True,0.0,0.0,False
Patient#22,D:\Research\Multi-View Fusion Network\datasets\AJBDS-2023_extracted\AJBDS-2023\Training\Patient#22\input\IMG-0001-00005.jpg,1.0,1.0,1.0,1.0,1.0,,True,0.0,0.0,False
Patient#22,D:\Research\Multi-View Fusion Network\datasets\AJBDS-2023_extracted\AJBDS-2023\Training\Patient#22\input\IMG-0001-00006.jpg,1.0,1.0,1.0,1.0,1.0,,True,0.0,0.0,False
Patient#22,D:\Research\Multi-View Fusion Network\datasets\AJBDS-2023_extracted\AJBDS-2023\Training\Patient#22\input\IMG-0001-00008.jpg,1.0,1.0,1.0,1.0,1.0,,True,0.0,0.0,False
Patient#22,D:\Research\Multi-View Fusion Network\datasets\AJBDS-2023_extracted\AJBDS-2023\Training\Patient#22\input\IMG-0001-00009.jpg,8.620689939675685e-09,8.620689939675685e-09,1.0,0.9976881146430968,8.620689939675685e-09,,True,116.0,0.0,True
Patient#22,D:\Research\Multi-View Fusion Network\datasets\AJBDS-2023_extracted\AJBDS-2023\Training\Patient#22\input\IMG-0001-00010.jpg,1.0752688517357e-08,1.0752688517357e-08,1.0,0.9981465339660645,1.0752688517357e-08,,True,93.0,0.0,True
Patient#22,D:\Research\Multi-View Fusion Network\datasets\AJBDS-2023_extracted\AJBDS-2023\Training\Patient#22\input\IMG-0001-00011.jpg,8.333332601750953e-08,8.333332601750953e-08,1.0,0.9997608661651612,8.333332601750953e-08,,True,12.0,0.0,True
Patient#22,D:\Research\Multi-View Fusion Network\datasets\AJBDS-2023_extracted\AJBDS-2023\Training\Patient#22\input\IMG-0001-00012.jpg,1.0,1.0,1.0,1.0,1.0,,True,0.0,0.0,False
Patient#22,D:\Research\Multi-View Fusion Network\datasets\AJBDS-2023_extracted\AJBDS-2023\Training\Patient#22\input\IMG-0001-00013.jpg,1.0,1.0,1.0,1.0,1.0,,True,0.0,0.0,False
Patient#22,D:\Research\Multi-View Fusion Network\datasets\AJBDS-2023_extracted\AJBDS-2023\Training\Patient#22\input\IMG-0001-00014.jpg,1.0,1.0,1.0,1.0,1.0,,True,0.0,0.0,False
Patient#22,D:\Research\Multi-View Fusion Network\datasets\AJBDS-2023_extracted\AJBDS-2023\Training\Patient#22\input\IMG-0001-00015.jpg,1.0,1.0,1.0,1.0,1.0,,True,0.0,0.0,False
Patient#22,D:\Research\Multi-View Fusion Network\datasets\AJBDS-2023_extracted\AJBDS-2023\Training\Patient#22\input\IMG-0001-00016.jpg,1.0,1.0,1.0,1.0,1.0,,True,0.0,0.0,False
Patient#22,D:\Research\Multi-View Fusion Network\datasets\AJBDS-2023_extracted\AJBDS-2023\Training\Patient#22\input\IMG-0001-00017.jpg,1.0,1.0,1.0,1.0,1.0,,True,0.0,0.0,False
Patient#22,D:\Research\Multi-View Fusion Network\datasets\AJBDS-2023_extracted\AJBDS-2023\Training\Patient#22\input\IMG-0001-00018.jpg,3.0674847106837433e-09,3.0674847106837433e-09,1.0,0.9935028553009032,3.0674847106837433e-09,,True,326.0,0.0,True
Patient#22,D:\Research\Multi-View Fusion Network\datasets\AJBDS-2023_extracted\AJBDS-2023\Training\Patient#22\input\IMG-0001-00019.jpg,9.90099024988922e-09,9.90099024988922e-09,1.0,0.9979870915412904,9.90099024988922e-09,,True,101.0,0.0,True
Patient#22,D:\Research\Multi-View Fusion Network\datasets\AJBDS-2023_extracted\AJBDS-2023\Training\Patient#22\input\IMG-0001-00020.jpg,2.8571427446166812e-09,2.8571427446166812e-09,1.0,0.9930245280265808,2.8571427446166812e-09,,True,350.0,0.0,True
Patient#22,D:\Research\Multi-View Fusion Network\datasets\AJBDS-2023_extracted\AJBDS-2023\Training\Patient#22\input\IMG-0002-00001.jpg,1.0,1.0,1.0,1.0,1.0,,True,0.0,0.0,False
Patient#22,D:\Research\Multi-View Fusion Network\datasets\AJBDS-2023_extracted\AJBDS-2023\Training\Patient#22\input\IMG-0002-00002.jpg,1.0,1.0,1.0,1.0,1.0,,True,0.0,0.0,False
Patient#22,D:\Research\Multi-View Fusion Network\datasets\AJBDS-2023_extracted\AJBDS-2023\Training\Patient#22\input\IMG-0002-00003.jpg,2.02429140117033e-09,2.02429140117033e-09,1.0,0.9901546835899352,2.02429140117033e-09,,True,494.0,0.0,True
Patient#22,D:\Research\Multi-View Fusion Network\datasets\AJBDS-2023_extracted\AJBDS-2023\Training\Patient#22\input\IMG-0002-00004.jpg,2.1978021624846633e-09,2.1978021624846633e-09,1.0,0.9909319281578064,2.1978021624846633e-09,,True,455.0,0.0,True
Patient#22,D:\Research\Multi-View Fusion Network\datasets\AJBDS-2023_extracted\AJBDS-2023\Training\Patient#22\input\IMG-0002-00009.jpg,1.6920473910886356e-09,1.6920473910886356e-09,1.0,0.9882214665412904,1.6920473910886356e-09,,True,591.0,0.0,True
Patient#22,D:\Research\Multi-View Fusion Network\datasets\AJBDS-2023_extracted\AJBDS-2023\Training\Patient#22\input\IMG-0002-00010.jpg,5.076142173265907e-09,5.076142173265907e-09,1.0,0.996073842048645,5.076142173265907e-09,,True,197.0,0.0,True
Patient#22,D:\Research\Multi-View Fusion Network\datasets\AJBDS-2023_extracted\AJBDS-2023\Training\Patient#22\input\IMG-0002-00011.jpg,3.999999620418748e-08,3.999999620418748e-08,1.0,0.9995017647743224,3.999999620418748e-08,,True,25.0,0.0,True
Patient#22,D:\Research\Multi-View Fusion Network\datasets\AJBDS-2023_extracted\AJBDS-2023\Training\Patient#22\input\IMG-0002-00012.jpg,3.333333387089965e-09,3.333333387089965e-09,1.0,0.9940210580825806,3.333333387089965e-09,,True,300.0,0.0,True
Patient#22,D:\Research\Multi-View Fusion Network\datasets\AJBDS-2023_extracted\AJBDS-2023\Training\Patient#22\input\IMG-0002-00013.jpg,2.087682693385773e-09,2.087682693385773e-09,1.0,0.990453600883484,2.087682693385773e-09,,True,479.0,0.0,True
Patient#22,D:\Research\Multi-View Fusion Network\datasets\AJBDS-2023_extracted\AJBDS-2023\Training\Patient#22\input\IMG-0002-00014.jpg,1.587301667882457e-08,1.587301667882457e-08,1.0,0.9987444281578064,1.587301667882457e-08,,True,63.0,0.0,True
Patient#22,D:\Research\Multi-View Fusion Network\datasets\AJBDS-2023_extracted\AJBDS-2023\Training\Patient#22\input\IMG-0002-00015.jpg,3.448275620598906e-08,3.448275620598906e-08,1.0,0.999422013759613,3.448275620598906e-08,,True,29.0,0.0,True
Patient#22,D:\Research\Multi-View Fusion Network\datasets\AJBDS-2023_extracted\AJBDS-2023\Training\Patient#22\input\IMG-0002-00016.jpg,7.936508339412285e-09,7.936508339412285e-09,1.0,0.9974888563156128,7.936508339412285e-09,,True,126.0,0.0,True
Patient#22,D:\Research\Multi-View Fusion Network\datasets\AJBDS-2023_extracted\AJBDS-2023\Training\Patient#22\input\IMG-0002-00017.jpg,9.708737813696189e-09,9.708737813696189e-09,1.0,0.9979472160339355,9.708737813696189e-09,,True,103.0,0.0,True
Patient#22,D:\Research\Multi-View Fusion Network\datasets\AJBDS-2023_extracted\AJBDS-2023\Training\Patient#22\input\IMG-0002-00018.jpg,1.0,1.0,1.0,1.0,1.0,,True,0.0,0.0,False
Patient#22,D:\Research\Multi-View Fusion Network\datasets\AJBDS-2023_extracted\AJBDS-2023\Training\Patient#22\input\IMG-0002-00019.jpg,1.3333333548359862e-08,1.3333333548359862e-08,1.0,0.9985052347183228,1.3333333548359862e-08,,True,75.0,0.0,True
Patient#22,D:\Research\Multi-View Fusion Network\datasets\AJBDS-2023_extracted\AJBDS-2023\Training\Patient#22\input\IMG-0002-00020.jpg,5.6497175826564225e-09,5.6497175826564225e-09,1.0,0.996472418308258,5.6497175826564225e-09,,True,177.0,0.0,True
Patient#22,D:\Research\Multi-View Fusion Network\datasets\AJBDS-2023_extracted\AJBDS-2023\Training\Patient#22\input\IMG-0002-00021.jpg,1.0,1.0,1.0,1.0,1.0,,True,0.0,0.0,False
Patient#22,D:\Research\Multi-View Fusion Network\datasets\AJBDS-2023_extracted\AJBDS-2023\Training\Patient#22\input\IMG-0002-00022.jpg,1.0,1.0,1.0,1.0,1.0,,True,0.0,0.0,False
Patient#22,D:\Research\Multi-View Fusion Network\datasets\AJBDS-2023_extracted\AJBDS-2023\Training\Patient#22\input\IMG-0002-00024.jpg,6.188118906180762e-10,6.188118906180762e-10,1.0,0.967793345451355,6.188118906180762e-10,,True,1616.0,0.0,True
Patient#22,D:\Research\Multi-View Fusion Network\datasets\AJBDS-2023_extracted\AJBDS-2023\Training\Patient#22\input\IMG-0003-00003.jpg,7.999999773744548e-09,7.999999773744548e-09,1.0,0.9975087642669678,7.999999773744548e-09,,True,125.0,0.0,True
Patient#22,D:\Research\Multi-View Fusion Network\datasets\AJBDS-2023_extracted\AJBDS-2023\Training\Patient#22\input\IMG-0003-00005.jpg,1.0,1.0,1.0,1.0,1.0,,True,0.0,0.0,False
Patient#22,D:\Research\Multi-View Fusion Network\datasets\AJBDS-2023_extracted\AJBDS-2023\Training\Patient#22\input\IMG-0003-00006.jpg,1.6393443047491022e-08,1.6393443047491022e-08,1.0,0.9987843036651612,1.6393443047491022e-08,,True,61.0,0.0,True
Patient#22,D:\Research\Multi-View Fusion Network\datasets\AJBDS-2023_extracted\AJBDS-2023\Training\Patient#22\input\IMG-0003-00008.jpg,1.0,1.0,1.0,1.0,1.0,,True,0.0,0.0,False
Patient#22,D:\Research\Multi-View Fusion Network\datasets\AJBDS-2023_extracted\AJBDS-2023\Training\Patient#22\input\IMG-0003-00009.jpg,1.0,1.0,1.0,1.0,1.0,,True,0.0,0.0,False
Patient#22,D:\Research\Multi-View Fusion Network\datasets\AJBDS-2023_extracted\AJBDS-2023\Training\Patient#22\input\IMG-0003-00010.jpg,1.0,1.0,1.0,1.0,1.0,,True,0.0,0.0,False
Patient#22,D:\Research\Multi-View Fusion Network\datasets\AJBDS-2023_extracted\AJBDS-2023\Training\Patient#22\input\IMG-0003-00011.jpg,1.0,1.0,1.0,1.0,1.0,,True,0.0,0.0,False
Patient#22,D:\Research\Multi-View Fusion Network\datasets\AJBDS-2023_extracted\AJBDS-2023\Training\Patient#22\input\IMG-0003-00012.jpg,1.0,1.0,1.0,1.0,1.0,,True,0.0,0.0,False
Patient#22,D:\Research\Multi-View Fusion Network\datasets\AJBDS-2023_extracted\AJBDS-2023\Training\Patient#22\input\IMG-0003-00017.jpg,1.0,1.0,1.0,1.0,1.0,,True,0.0,0.0,False
Patient#22,D:\Research\Multi-View Fusion Network\datasets\AJBDS-2023_extracted\AJBDS-2023\Training\Patient#22\input\IMG-0003-00018.jpg,1.0,1.0,1.0,1.0,1.0,,True,0.0,0.0,False
Patient#22,D:\Research\Multi-View Fusion Network\datasets\AJBDS-2023_extracted\AJBDS-2023\Training\Patient#22\input\IMG-0003-00019.jpg,1.0,1.0,1.0,1.0,1.0,,True,0.0,0.0,False
Patient#22,D:\Research\Multi-View Fusion Network\datasets\AJBDS-2023_extracted\AJBDS-2023\Training\Patient#22\input\IMG-0003-00020.jpg,1.0,1.0,1.0,1.0,1.0,,True,0.0,0.0,False
Patient#22,D:\Research\Multi-View Fusion Network\datasets\AJBDS-2023_extracted\AJBDS-2023\Training\Patient#22\input\IMG-0003-00021.jpg,1.0,1.0,1.0,1.0,1.0,,True,0.0,0.0,False
Patient#22,D:\Research\Multi-View Fusion Network\datasets\AJBDS-2023_extracted\AJBDS-2023\Training\Patient#22\input\IMG-0003-00024.jpg,9.930486433162855e-10,9.930486433162855e-10,1.0,0.9799306392669678,9.930486433162855e-10,,True,1007.0,0.0,True
Patient#22,D:\Research\Multi-View Fusion Network\datasets\AJBDS-2023_extracted\AJBDS-2023\Training\Patient#22\input\IMG-0004-00001.jpg,1.0,1.0,1.0,1.0,1.0,,True,0.0,0.0,False
Patient#22,D:\Research\Multi-View Fusion Network\datasets\AJBDS-2023_extracted\AJBDS-2023\Training\Patient#22\input\IMG-0004-00002.jpg,1.0,1.0,1.0,1.0,1.0,,True,0.0,0.0,False
Patient#22,D:\Research\Multi-View Fusion Network\datasets\AJBDS-2023_extracted\AJBDS-2023\Training\Patient#22\input\IMG-0004-00003.jpg,1.0,1.0,1.0,1.0,1.0,,True,0.0,0.0,False
Patient#22,D:\Research\Multi-View Fusion Network\datasets\AJBDS-2023_extracted\AJBDS-2023\Training\Patient#22\input\IMG-0004-00004.jpg,1.1904761620940008e-08,1.1904761620940008e-08,1.0,0.9983258843421936,1.1904761620940008e-08,,True,84.0,0.0,True
Patient#22,D:\Research\Multi-View Fusion Network\datasets\AJBDS-2023_extracted\AJBDS-2023\Training\Patient#22\input\IMG-0004-00005.jpg,1.0,1.0,1.0,1.0,1.0,,True,0.0,0.0,False
Patient#22,D:\Research\Multi-View Fusion Network\datasets\AJBDS-2023_extracted\AJBDS-2023\Training\Patient#22\input\IMG-0004-00006.jpg,3.3112583786021324e-09,3.3112583786021324e-09,1.0,0.9939811825752258,3.3112583786021324e-09,,True,302.0,0.0,True
Patient#22,D:\Research\Multi-View Fusion Network\datasets\AJBDS-2023_extracted\AJBDS-2023\Training\Patient#22\input\IMG-0004-00007.jpg,3.2258061111178904e-08,3.2258061111178904e-08,1.0,0.9993821978569032,3.2258061111178904e-08,,True,31.0,0.0,True
Patient#22,D:\Research\Multi-View Fusion Network\datasets\AJBDS-2023_extracted\AJBDS-2023\Training\Patient#22\input\IMG-0004-00008.jpg,2.0408164047580613e-08,2.0408164047580613e-08,1.0,0.9990234375,2.0408164047580613e-08,,True,49.0,0.0,True
Patient#22,D:\Research\Multi-View Fusion Network\datasets\AJBDS-2023_extracted\AJBDS-2023\Training\Patient#22\input\IMG-0004-00009.jpg,1.0,1.0,1.0,1.0,1.0,,True,0.0,0.0,False
Patient#22,D:\Research\Multi-View Fusion Network\datasets\AJBDS-2023_extracted\AJBDS-2023\Training\Patient#22\input\IMG-0004-00010.jpg,1.0,1.0,1.0,1.0,1.0,,True,0.0,0.0,False
Patient#22,D:\Research\Multi-View Fusion Network\datasets\AJBDS-2023_extracted\AJBDS-2023\Training\Patient#22\input\IMG-0004-00011.jpg,1.0,1.0,1.0,1.0,1.0,,True,0.0,0.0,False
Patient#22,D:\Research\Multi-View Fusion Network\datasets\AJBDS-2023_extracted\AJBDS-2023\Training\Patient#22\input\IMG-0004-00012.jpg,1.0,1.0,1.0,1.0,1.0,,True,0.0,0.0,False
Patient#22,D:\Research\Multi-View Fusion Network\datasets\AJBDS-2023_extracted\AJBDS-2023\Training\Patient#22\input\IMG-0004-00013.jpg,1.0,1.0,1.0,1.0,1.0,,True,0.0,0.0,False
Patient#22,D:\Research\Multi-View Fusion Network\datasets\AJBDS-2023_extracted\AJBDS-2023\Training\Patient#22\input\IMG-0004-00014.jpg,1.0,1.0,1.0,1.0,1.0,,True,0.0,0.0,False
Patient#22,D:\Research\Multi-View Fusion Network\datasets\AJBDS-2023_extracted\AJBDS-2023\Training\Patient#22\input\IMG-0004-00015.jpg,1.0,1.0,1.0,1.0,1.0,,True,0.0,0.0,False
Patient#22,D:\Research\Multi-View Fusion Network\datasets\AJBDS-2023_extracted\AJBDS-2023\Training\Patient#22\input\IMG-0004-00016.jpg,1.0,1.0,1.0,1.0,1.0,,True,0.0,0.0,False
Patient#22,D:\Research\Multi-View Fusion Network\datasets\AJBDS-2023_extracted\AJBDS-2023\Training\Patient#22\input\IMG-0004-00017.jpg,1.0,1.0,1.0,1.0,1.0,,True,0.0,0.0,False
Patient#22,D:\Research\Multi-View Fusion Network\datasets\AJBDS-2023_extracted\AJBDS-2023\Training\Patient#22\input\IMG-0004-00018.jpg,1.0,1.0,1.0,1.0,1.0,,True,0.0,0.0,False
Patient#22,D:\Research\Multi-View Fusion Network\datasets\AJBDS-2023_extracted\AJBDS-2023\Training\Patient#22\input\IMG-0004-00019.jpg,1.0,1.0,1.0,1.0,1.0,,True,0.0,0.0,False
Patient#22,D:\Research\Multi-View Fusion Network\datasets\AJBDS-2023_extracted\AJBDS-2023\Training\Patient#22\input\IMG-0004-00020.jpg,1.0,1.0,1.0,1.0,1.0,,True,0.0,0.0,False
Patient#22,D:\Research\Multi-View Fusion Network\datasets\AJBDS-2023_extracted\AJBDS-2023\Training\Patient#22\input\IMG-0004-00021.jpg,1.0,1.0,1.0,1.0,1.0,,True,0.0,0.0,False
Patient#22,D:\Research\Multi-View Fusion Network\datasets\AJBDS-2023_extracted\AJBDS-2023\Training\Patient#22\input\IMG-0004-00022.jpg,4.184100621529296e-09,4.184100621529296e-09,1.0,0.9952367544174194,4.184100621529296e-09,,True,239.0,0.0,True
Patient#22,D:\Research\Multi-View Fusion Network\datasets\AJBDS-2023_extracted\AJBDS-2023\Training\Patient#22\input\IMG-0004-00023.jpg,1.0,1.0,1.0,1.0,1.0,,True,0.0,0.0,False
Patient#22,D:\Research\Multi-View Fusion Network\datasets\AJBDS-2023_extracted\AJBDS-2023\Training\Patient#22\input\IMG-0004-00024.jpg,1.0183299758992348e-09,1.0183299758992348e-09,1.0,0.9804288744926452,1.0183299758992348e-09,,True,982.0,0.0,True
Patient#22,D:\Research\Multi-View Fusion Network\datasets\AJBDS-2023_extracted\AJBDS-2023\Training\Patient#22\input\IMG-0005-00009.jpg,1.0,1.0,1.0,1.0,1.0,,True,0.0,0.0,False
Patient#22,D:\Research\Multi-View Fusion Network\datasets\AJBDS-2023_extracted\AJBDS-2023\Training\Patient#22\input\IMG-0005-00010.jpg,1.0,1.0,1.0,1.0,1.0,,True,0.0,0.0,False
Patient#22,D:\Research\Multi-View Fusion Network\datasets\AJBDS-2023_extracted\AJBDS-2023\Training\Patient#22\input\IMG-0005-00011.jpg,1.0,1.0,1.0,1.0,1.0,,True,0.0,0.0,False
Patient#22,D:\Research\Multi-View Fusion Network\datasets\AJBDS-2023_extracted\AJBDS-2023\Training\Patient#22\input\IMG-0005-00012.jpg,1.0,1.0,1.0,1.0,1.0,,True,0.0,0.0,False
Patient#22,D:\Research\Multi-View Fusion Network\datasets\AJBDS-2023_extracted\AJBDS-2023\Training\Patient#22\input\IMG-0005-00013.jpg,1.0,1.0,1.0,1.0,1.0,,True,0.0,0.0,False
Patient#22,D:\Research\Multi-View Fusion Network\datasets\AJBDS-2023_extracted\AJBDS-2023\Training\Patient#22\input\IMG-0005-00014.jpg,1.0,1.0,1.0,1.0,1.0,,True,0.0,0.0,False
Patient#22,D:\Research\Multi-View Fusion Network\datasets\AJBDS-2023_extracted\AJBDS-2023\Training\Patient#22\input\IMG-0005-00015.jpg,1.0,1.0,1.0,1.0,1.0,,True,0.0,0.0,False
Patient#22,D:\Research\Multi-View Fusion Network\datasets\AJBDS-2023_extracted\AJBDS-2023\Training\Patient#22\input\IMG-0005-00016.jpg,1.0,1.0,1.0,1.0,1.0,,True,0.0,0.0,False
Patient#22,D:\Research\Multi-View Fusion Network\datasets\AJBDS-2023_extracted\AJBDS-2023\Training\Patient#22\input\IMG-0005-00017.jpg,1.0,1.0,1.0,1.0,1.0,,True,0.0,0.0,False
Patient#22,D:\Research\Multi-View Fusion Network\datasets\AJBDS-2023_extracted\AJBDS-2023\Training\Patient#22\input\IMG-0005-00018.jpg,1.0,1.0,1.0,1.0,1.0,,True,0.0,0.0,False
Patient#22,D:\Research\Multi-View Fusion Network\datasets\AJBDS-2023_extracted\AJBDS-2023\Training\Patient#22\input\IMG-0005-00019.jpg,1.0,1.0,1.0,1.0,1.0,,True,0.0,0.0,False
Patient#22,D:\Research\Multi-View Fusion Network\datasets\AJBDS-2023_extracted\AJBDS-2023\Training\Patient#22\input\IMG-0005-00020.jpg,1.0,1.0,1.0,1.0,1.0,,True,0.0,0.0,False
Patient#22,D:\Research\Multi-View Fusion Network\datasets\AJBDS-2023_extracted\AJBDS-2023\Training\Patient#22\input\IMG-0005-00021.jpg,1.0,1.0,1.0,1.0,1.0,,True,0.0,0.0,False
Patient#22,D:\Research\Multi-View Fusion Network\datasets\AJBDS-2023_extracted\AJBDS-2023\Training\Patient#22\input\IMG-0005-00022.jpg,1.0,1.0,1.0,1.0,1.0,,True,0.0,0.0,False
Patient#22,D:\Research\Multi-View Fusion Network\datasets\AJBDS-2023_extracted\AJBDS-2023\Training\Patient#22\input\IMG-0005-00024.jpg,7.230657739221157e-10,7.230657739221157e-10,1.0,0.972437024116516,7.230657739221157e-10,,True,1383.0,0.0,True
Patient#22,D:\Research\Multi-View Fusion Network\datasets\AJBDS-2023_extracted\AJBDS-2023\Training\Patient#22\input\IMG-0005-00029.jpg,8.110300209196453e-10,8.110300209196453e-10,1.0,0.9754264950752258,8.110300209196453e-10,,True,1233.0,0.0,True
Patient#22,D:\Research\Multi-View Fusion Network\datasets\AJBDS-2023_extracted\AJBDS-2023\Training\Patient#22\input\IMG-0005-00030.jpg,1.0,1.0,1.0,1.0,1.0,,True,0.0,0.0,False
Patient#22,D:\Research\Multi-View Fusion Network\datasets\AJBDS-2023_extracted\AJBDS-2023\Training\Patient#22\input\IMG-0005-00034.jpg,1.0,1.0,1.0,1.0,1.0,,True,0.0,0.0,False
Patient#22,D:\Research\Multi-View Fusion Network\datasets\AJBDS-2023_extracted\AJBDS-2023\Training\Patient#22\input\IMG-0005-00035.jpg,1.0,1.0,1.0,1.0,1.0,,True,0.0,0.0,False
Patient#22,D:\Research\Multi-View Fusion Network\datasets\AJBDS-2023_extracted\AJBDS-2023\Training\Patient#22\input\IMG-0005-00036.jpg,1.0,1.0,1.0,1.0,1.0,,True,0.0,0.0,False
Patient#22,D:\Research\Multi-View Fusion Network\datasets\AJBDS-2023_extracted\AJBDS-2023\Training\Patient#22\input\IMG-0005-00037.jpg,1.0,1.0,1.0,1.0,1.0,,True,0.0,0.0,False
Patient#22,D:\Research\Multi-View Fusion Network\datasets\AJBDS-2023_extracted\AJBDS-2023\Training\Patient#22\input\IMG-0005-00038.jpg,1.0,1.0,1.0,1.0,1.0,,True,0.0,0.0,False
Patient#22,D:\Research\Multi-View Fusion Network\datasets\AJBDS-2023_extracted\AJBDS-2023\Training\Patient#22\input\IMG-0005-00039.jpg,1.0,1.0,1.0,1.0,1.0,,True,0.0,0.0,False
Patient#22,D:\Research\Multi-View Fusion Network\datasets\AJBDS-2023_extracted\AJBDS-2023\Training\Patient#22\input\IMG-0005-00040.jpg,1.0,1.0,1.0,1.0,1.0,,True,0.0,0.0,False
Patient#22,D:\Research\Multi-View Fusion Network\datasets\AJBDS-2023_extracted\AJBDS-2023\Training\Patient#22\input\IMG-0005-00041.jpg,1.0,1.0,1.0,1.0,1.0,,True,0.0,0.0,False
Patient#22,D:\Research\Multi-View Fusion Network\datasets\AJBDS-2023_extracted\AJBDS-2023\Training\Patient#22\input\IMG-0005-00042.jpg,1.0,1.0,1.0,1.0,1.0,,True,0.0,0.0,False
Patient#22,D:\Research\Multi-View Fusion Network\datasets\AJBDS-2023_extracted\AJBDS-2023\Training\Patient#22\input\IMG-0005-00043.jpg,1.0,1.0,1.0,1.0,1.0,,True,0.0,0.0,False
Patient#22,D:\Research\Multi-View Fusion Network\datasets\AJBDS-2023_extracted\AJBDS-2023\Training\Patient#22\input\IMG-0005-00044.jpg,1.0,1.0,1.0,1.0,1.0,,True,0.0,0.0,False
Patient#22,D:\Research\Multi-View Fusion Network\datasets\AJBDS-2023_extracted\AJBDS-2023\Training\Patient#22\input\IMG-0005-00045.jpg,1.0,1.0,1.0,1.0,1.0,,True,0.0,0.0,False
Patient#22,D:\Research\Multi-View Fusion Network\datasets\AJBDS-2023_extracted\AJBDS-2023\Training\Patient#22\input\IMG-0005-00046.jpg,4.3706294139411734e-10,4.3706294139411734e-10,1.0,0.9544005393981934,4.3706294139411734e-10,,True,2288.0,0.0,True
Patient#22,D:\Research\Multi-View Fusion Network\datasets\AJBDS-2023_extracted\AJBDS-2023\Training\Patient#22\input\IMG-0005-00047.jpg,9.259259470262291e-10,9.259259470262291e-10,1.0,0.9784757494926452,9.259259470262291e-10,,True,1080.0,0.0,True
Patient#22,D:\Research\Multi-View Fusion Network\datasets\AJBDS-2023_extracted\AJBDS-2023\Training\Patient#22\input\IMG-0005-00048.jpg,6.798096530147291e-10,6.798096530147291e-10,1.0,0.970683217048645,6.798096530147291e-10,,True,1471.0,0.0,True
Patient#22,D:\Research\Multi-View Fusion Network\datasets\AJBDS-2023_extracted\AJBDS-2023\Training\Patient#22\input\IMG-0006-00001.jpg,1.0,1.0,1.0,1.0,1.0,,True,0.0,0.0,False
Patient#22,D:\Research\Multi-View Fusion Network\datasets\AJBDS-2023_extracted\AJBDS-2023\Training\Patient#22\input\IMG-0006-00006.jpg,1.0,1.0,1.0,1.0,1.0,,True,0.0,0.0,False
Patient#22,D:\Research\Multi-View Fusion Network\datasets\AJBDS-2023_extracted\AJBDS-2023\Training\Patient#22\input\IMG-0006-00009.jpg,1.0,1.0,1.0,1.0,1.0,,True,0.0,0.0,False
Patient#22,D:\Research\Multi-View Fusion Network\datasets\AJBDS-2023_extracted\AJBDS-2023\Training\Patient#22\input\IMG-0006-00010.jpg,1.0,1.0,1.0,1.0,1.0,,True,0.0,0.0,False
Patient#22,D:\Research\Multi-View Fusion Network\datasets\AJBDS-2023_extracted\AJBDS-2023\Training\Patient#22\input\IMG-0006-00011.jpg,1.0,1.0,1.0,1.0,1.0,,True,0.0,0.0,False
Patient#22,D:\Research\Multi-View Fusion Network\datasets\AJBDS-2023_extracted\AJBDS-2023\Training\Patient#22\input\IMG-0006-00012.jpg,1.0,1.0,1.0,1.0,1.0,,True,0.0,0.0,False
Patient#22,D:\Research\Multi-View Fusion Network\datasets\AJBDS-2023_extracted\AJBDS-2023\Training\Patient#22\input\IMG-0006-00013.jpg,1.0,1.0,1.0,1.0,1.0,,True,0.0,0.0,False
Patient#22,D:\Research\Multi-View Fusion Network\datasets\AJBDS-2023_extracted\AJBDS-2023\Training\Patient#22\input\IMG-0006-00014.jpg,1.0,1.0,1.0,1.0,1.0,,True,0.0,0.0,False
Patient#22,D:\Research\Multi-View Fusion Network\datasets\AJBDS-2023_extracted\AJBDS-2023\Training\Patient#22\input\IMG-0006-00015.jpg,1.0,1.0,1.0,1.0,1.0,,True,0.0,0.0,False
Patient#22,D:\Research\Multi-View Fusion Network\datasets\AJBDS-2023_extracted\AJBDS-2023\Training\Patient#22\input\IMG-0006-00016.jpg,1.0,1.0,1.0,1.0,1.0,,True,0.0,0.0,False
Patient#22,D:\Research\Multi-View Fusion Network\datasets\AJBDS-2023_extracted\AJBDS-2023\Training\Patient#22\input\IMG-0006-00017.jpg,1.0,1.0,1.0,1.0,1.0,,True,0.0,0.0,False
Patient#22,D:\Research\Multi-View Fusion Network\datasets\AJBDS-2023_extracted\AJBDS-2023\Training\Patient#22\input\IMG-0006-00018.jpg,1.0,1.0,1.0,1.0,1.0,,True,0.0,0.0,False
Patient#22,D:\Research\Multi-View Fusion Network\datasets\AJBDS-2023_extracted\AJBDS-2023\Training\Patient#22\input\IMG-0006-00019.jpg,1.0,1.0,1.0,1.0,1.0,,True,0.0,0.0,False
Patient#22,D:\Research\Multi-View Fusion Network\datasets\AJBDS-2023_extracted\AJBDS-2023\Training\Patient#22\input\IMG-0006-00020.jpg,1.0,1.0,1.0,1.0,1.0,,True,0.0,0.0,False
Patient#22,D:\Research\Multi-View Fusion Network\datasets\AJBDS-2023_extracted\AJBDS-2023\Training\Patient#22\input\IMG-0006-00021.jpg,1.0,1.0,1.0,1.0,1.0,,True,0.0,0.0,False
Patient#22,D:\Research\Multi-View Fusion Network\datasets\AJBDS-2023_extracted\AJBDS-2023\Training\Patient#22\input\IMG-0006-00022.jpg,3.891050537330187e-10,3.891050537330187e-10,1.0,0.9487802982330322,3.891050537330187e-10,,True,2570.0,0.0,True
Patient#22,D:\Research\Multi-View Fusion Network\datasets\AJBDS-2023_extracted\AJBDS-2023\Training\Patient#22\input\IMG-0006-00023.jpg,1.0,1.0,1.0,1.0,1.0,,True,0.0,0.0,False
Patient#22,D:\Research\Multi-View Fusion Network\datasets\AJBDS-2023_extracted\AJBDS-2023\Training\Patient#22\input\IMG-0007-00001.jpg,1.0,1.0,1.0,1.0,1.0,,True,0.0,0.0,False
Patient#22,D:\Research\Multi-View Fusion Network\datasets\AJBDS-2023_extracted\AJBDS-2023\Training\Patient#22\input\IMG-0007-00002.jpg,1.8083182729000667e-09,1.8083182729000667e-09,1.0,0.9889788031578064,1.8083182729000667e-09,,True,553.0,0.0,True
Patient#22,D:\Research\Multi-View Fusion Network\datasets\AJBDS-2023_extracted\AJBDS-2023\Training\Patient#22\input\IMG-0007-00003.jpg,1.0,1.0,1.0,1.0,1.0,,True,0.0,0.0,False
Patient#22,D:\Research\Multi-View Fusion Network\datasets\AJBDS-2023_extracted\AJBDS-2023\Training\Patient#22\input\IMG-0007-00004.jpg,1.0,1.0,1.0,1.0,1.0,,True,0.0,0.0,False
Patient#22,D:\Research\Multi-View Fusion Network\datasets\AJBDS-2023_extracted\AJBDS-2023\Training\Patient#22\input\IMG-0007-00005.jpg,1.0,1.0,1.0,1.0,1.0,,True,0.0,0.0,False
Patient#22,D:\Research\Multi-View Fusion Network\datasets\AJBDS-2023_extracted\AJBDS-2023\Training\Patient#22\input\IMG-0007-00006.jpg,1.0,1.0,1.0,1.0,1.0,,True,0.0,0.0,False
Patient#22,D:\Research\Multi-View Fusion Network\datasets\AJBDS-2023_extracted\AJBDS-2023\Training\Patient#22\input\IMG-0007-00007.jpg,1.0,1.0,1.0,1.0,1.0,,True,0.0,0.0,False
Patient#22,D:\Research\Multi-View Fusion Network\datasets\AJBDS-2023_extracted\AJBDS-2023\Training\Patient#22\input\IMG-0007-00008.jpg,1.0,1.0,1.0,1.0,1.0,,True,0.0,0.0,False
Patient#22,D:\Research\Multi-View Fusion Network\datasets\AJBDS-2023_extracted\AJBDS-2023\Training\Patient#22\input\IMG-0007-00009.jpg,2.1929824622901606e-09,2.1929824622901606e-09,1.0,0.9909119606018066,2.1929824622901606e-09,,True,456.0,0.0,True
Patient#22,D:\Research\Multi-View Fusion Network\datasets\AJBDS-2023_extracted\AJBDS-2023\Training\Patient#22\input\IMG-0007-00010.jpg,5.7142854892333625e-09,5.7142854892333625e-09,1.0,0.9965122938156128,5.7142854892333625e-09,,True,175.0,0.0,True
Patient#22,D:\Research\Multi-View Fusion Network\datasets\AJBDS-2023_extracted\AJBDS-2023\Training\Patient#22\input\IMG-0007-00014.jpg,2.985074631922657e-09,2.985074631922657e-09,1.0,0.9933235049247742,2.985074631922657e-09,,True,335.0,0.0,True
Patient#22,D:\Research\Multi-View Fusion Network\datasets\AJBDS-2023_extracted\AJBDS-2023\Training\Patient#22\input\IMG-0007-00015.jpg,1.0,1.0,1.0,1.0,1.0,,True,0.0,0.0,False
Patient#22,D:\Research\Multi-View Fusion Network\datasets\AJBDS-2023_extracted\AJBDS-2023\Training\Patient#22\input\IMG-0007-00018.jpg,1.0,1.0,1.0,1.0,1.0,,True,0.0,0.0,False
Patient#22,D:\Research\Multi-View Fusion Network\datasets\AJBDS-2023_extracted\AJBDS-2023\Training\Patient#22\input\IMG-0007-00019.jpg,2.173913049574594e-09,2.173913049574594e-09,1.0,0.990832269191742,2.173913049574594e-09,,True,460.0,0.0,True
Patient#22,D:\Research\Multi-View Fusion Network\datasets\AJBDS-2023_extracted\AJBDS-2023\Training\Patient#22\input\IMG-0007-00020.jpg,2.68817212933925e-09,2.68817212933925e-09,1.0,0.992586076259613,2.68817212933925e-09,,True,372.0,0.0,True
Patient#22,D:\Research\Multi-View Fusion Network\datasets\AJBDS-2023_extracted\AJBDS-2023\Training\Patient#22\input\IMG-0007-00021.jpg,8.064516165973146e-09,8.064516165973146e-09,1.0,0.9975286722183228,8.064516165973146e-09,,True,124.0,0.0,True
Patient#22,D:\Research\Multi-View Fusion Network\datasets\AJBDS-2023_extracted\AJBDS-2023\Training\Patient#22\input\IMG-0007-00022.jpg,6.622516757204266e-09,6.622516757204266e-09,1.0,0.9969906210899352,6.622516757204266e-09,,True,151.0,0.0,True
Patient#22,D:\Research\Multi-View Fusion Network\datasets\AJBDS-2023_extracted\AJBDS-2023\Training\Patient#22\input\IMG-0007-00023.jpg,1.0,1.0,1.0,1.0,1.0,,True,0.0,0.0,False
Patient#22,D:\Research\Multi-View Fusion Network\datasets\AJBDS-2023_extracted\AJBDS-2023\Training\Patient#22\input\IMG-0007-00024.jpg,1.9193857614396848e-09,1.9193857614396848e-09,1.0,0.9896165728569032,1.9193857614396848e-09,,True,521.0,0.0,True
Patient#22,D:\Research\Multi-View Fusion Network\datasets\AJBDS-2023_extracted\AJBDS-2023\Training\Patient#22\input\IMG-0008-00001.jpg,7.142856617292638e-08,7.142856617292638e-08,1.0,0.9997209906578064,7.142856617292638e-08,,True,14.0,0.0,True
Patient#22,D:\Research\Multi-View Fusion Network\datasets\AJBDS-2023_extracted\AJBDS-2023\Training\Patient#22\input\IMG-0008-00002.jpg,1.0,1.0,1.0,1.0,1.0,,True,0.0,0.0,False
Patient#22,D:\Research\Multi-View Fusion Network\datasets\AJBDS-2023_extracted\AJBDS-2023\Training\Patient#22\input\IMG-0008-00003.jpg,1.0,1.0,1.0,1.0,1.0,,True,0.0,0.0,False
Patient#22,D:\Research\Multi-View Fusion Network\datasets\AJBDS-2023_extracted\AJBDS-2023\Training\Patient#22\input\IMG-0008-00004.jpg,1.0,1.0,1.0,1.0,1.0,,True,0.0,0.0,False
Patient#22,D:\Research\Multi-View Fusion Network\datasets\AJBDS-2023_extracted\AJBDS-2023\Training\Patient#22\input\IMG-0008-00005.jpg,1.0,1.0,1.0,1.0,1.0,,True,0.0,0.0,False
Patient#22,D:\Research\Multi-View Fusion Network\datasets\AJBDS-2023_extracted\AJBDS-2023\Training\Patient#22\input\IMG-0008-00006.jpg,1.0,1.0,1.0,1.0,1.0,,True,0.0,0.0,False
Patient#22,D:\Research\Multi-View Fusion Network\datasets\AJBDS-2023_extracted\AJBDS-2023\Training\Patient#22\input\IMG-0008-00007.jpg,2.118644149007309e-09,2.118644149007309e-09,1.0,0.9905931353569032,2.118644149007309e-09,,True,472.0,0.0,True
Patient#22,D:\Research\Multi-View Fusion Network\datasets\AJBDS-2023_extracted\AJBDS-2023\Training\Patient#22\input\IMG-0008-00008.jpg,2.5641024858913397e-09,2.5641024858913397e-09,1.0,0.9922273755073548,2.5641024858913397e-09,,True,390.0,0.0,True
Patient#22,D:\Research\Multi-View Fusion Network\datasets\AJBDS-2023_extracted\AJBDS-2023\Training\Patient#22\input\IMG-0008-00009.jpg,1.0,1.0,1.0,1.0,1.0,,True,0.0,0.0,False
Patient#22,D:\Research\Multi-View Fusion Network\datasets\AJBDS-2023_extracted\AJBDS-2023\Training\Patient#22\input\IMG-0008-00010.jpg,1.0,1.0,1.0,1.0,1.0,,True,0.0,0.0,False
Patient#22,D:\Research\Multi-View Fusion Network\datasets\AJBDS-2023_extracted\AJBDS-2023\Training\Patient#22\input\IMG-0008-00016.jpg,1.0,1.0,1.0,1.0,1.0,,True,0.0,0.0,False
Patient#22,D:\Research\Multi-View Fusion Network\datasets\AJBDS-2023_extracted\AJBDS-2023\Training\Patient#22\input\IMG-0008-00017.jpg,1.0,1.0,1.0,1.0,1.0,,True,0.0,0.0,False
Patient#22,D:\Research\Multi-View Fusion Network\datasets\AJBDS-2023_extracted\AJBDS-2023\Training\Patient#22\input\IMG-0008-00018.jpg,1.0,1.0,1.0,1.0,1.0,,True,0.0,0.0,False
Patient#22,D:\Research\Multi-View Fusion Network\datasets\AJBDS-2023_extracted\AJBDS-2023\Training\Patient#22\input\IMG-0008-00019.jpg,1.0,1.0,1.0,1.0,1.0,,True,0.0,0.0,False
Patient#22,D:\Research\Multi-View Fusion Network\datasets\AJBDS-2023_extracted\AJBDS-2023\Training\Patient#22\input\IMG-0008-00020.jpg,2.217294792217217e-09,2.217294792217217e-09,1.0,0.9910116195678712,2.217294792217217e-09,,True,451.0,0.0,True
Patient#22,D:\Research\Multi-View Fusion Network\datasets\AJBDS-2023_extracted\AJBDS-2023\Training\Patient#22\input\IMG-0009-00001.jpg,1.0,1.0,1.0,1.0,1.0,,True,0.0,0.0,False
Patient#22,D:\Research\Multi-View Fusion Network\datasets\AJBDS-2023_extracted\AJBDS-2023\Training\Patient#22\input\IMG-0009-00011.jpg,1.0,1.0,1.0,1.0,1.0,,True,0.0,0.0,False
Patient#22,D:\Research\Multi-View Fusion Network\datasets\AJBDS-2023_extracted\AJBDS-2023\Training\Patient#22\input\IMG-0009-00012.jpg,1.0,1.0,1.0,1.0,1.0,,True,0.0,0.0,False
Patient#22,D:\Research\Multi-View Fusion Network\datasets\AJBDS-2023_extracted\AJBDS-2023\Training\Patient#22\input\IMG-0009-00013.jpg,1.0,1.0,1.0,1.0,1.0,,True,0.0,0.0,False
Patient#22,D:\Research\Multi-View Fusion Network\datasets\AJBDS-2023_extracted\AJBDS-2023\Training\Patient#22\input\IMG-0009-00014.jpg,1.0,1.0,1.0,1.0,1.0,,True,0.0,0.0,False
Patient#22,D:\Research\Multi-View Fusion Network\datasets\AJBDS-2023_extracted\AJBDS-2023\Training\Patient#22\input\IMG-0009-00015.jpg,1.0,1.0,1.0,1.0,1.0,,True,0.0,0.0,False
Patient#22,D:\Research\Multi-View Fusion Network\datasets\AJBDS-2023_extracted\AJBDS-2023\Training\Patient#22\input\IMG-0009-00016.jpg,1.0,1.0,1.0,1.0,1.0,,True,0.0,0.0,False
Patient#22,D:\Research\Multi-View Fusion Network\datasets\AJBDS-2023_extracted\AJBDS-2023\Training\Patient#22\input\IMG-0009-00017.jpg,1.0,1.0,1.0,1.0,1.0,,True,0.0,0.0,False
Patient#22,D:\Research\Multi-View Fusion Network\datasets\AJBDS-2023_extracted\AJBDS-2023\Training\Patient#22\input\IMG-0009-00018.jpg,1.0,1.0,1.0,1.0,1.0,,True,0.0,0.0,False
Patient#22,D:\Research\Multi-View Fusion Network\datasets\AJBDS-2023_extracted\AJBDS-2023\Training\Patient#22\input\IMG-0009-00019.jpg,1.0,1.0,1.0,1.0,1.0,,True,0.0,0.0,False
Patient#22,D:\Research\Multi-View Fusion Network\datasets\AJBDS-2023_extracted\AJBDS-2023\Training\Patient#22\input\IMG-0009-00020.jpg,1.0,1.0,1.0,1.0,1.0,,True,0.0,0.0,False
Patient#22,D:\Research\Multi-View Fusion Network\datasets\AJBDS-2023_extracted\AJBDS-2023\Training\Patient#22\input\IMG-0009-00021.jpg,1.0,1.0,1.0,1.0,1.0,,True,0.0,0.0,False
Patient#22,D:\Research\Multi-View Fusion Network\datasets\AJBDS-2023_extracted\AJBDS-2023\Training\Patient#22\input\IMG-0009-00022.jpg,1.0,1.0,1.0,1.0,1.0,,True,0.0,0.0,False
Patient#22,D:\Research\Multi-View Fusion Network\datasets\AJBDS-2023_extracted\AJBDS-2023\Training\Patient#22\input\IMG-0009-00023.jpg,1.0,1.0,1.0,1.0,1.0,,True,0.0,0.0,False
Patient#22,D:\Research\Multi-View Fusion Network\datasets\AJBDS-2023_extracted\AJBDS-2023\Training\Patient#22\input\IMG-0009-00024.jpg,1.0,1.0,1.0,1.0,1.0,,True,0.0,0.0,False
Patient#22,D:\Research\Multi-View Fusion Network\datasets\AJBDS-2023_extracted\AJBDS-2023\Training\Patient#22\input\IMG-0009-00025.jpg,1.0,1.0,1.0,1.0,1.0,,True,0.0,0.0,False
Patient#22,D:\Research\Multi-View Fusion Network\datasets\AJBDS-2023_extracted\AJBDS-2023\Training\Patient#22\input\IMG-0009-00026.jpg,1.0,1.0,1.0,1.0,1.0,,True,0.0,0.0,False
Patient#22,D:\Research\Multi-View Fusion Network\datasets\AJBDS-2023_extracted\AJBDS-2023\Training\Patient#22\input\IMG-0009-00027.jpg,1.0,1.0,1.0,1.0,1.0,,True,0.0,0.0,False
Patient#22,D:\Research\Multi-View Fusion Network\datasets\AJBDS-2023_extracted\AJBDS-2023\Training\Patient#22\input\IMG-0009-00028.jpg,1.0,1.0,1.0,1.0,1.0,,True,0.0,0.0,False
Patient#22,D:\Research\Multi-View Fusion Network\datasets\AJBDS-2023_extracted\AJBDS-2023\Training\Patient#22\input\IMG-0009-00029.jpg,1.0,1.0,1.0,1.0,1.0,,True,0.0,0.0,False
Patient#22,D:\Research\Multi-View Fusion Network\datasets\AJBDS-2023_extracted\AJBDS-2023\Training\Patient#22\input\IMG-0009-00030.jpg,1.0,1.0,1.0,1.0,1.0,,True,0.0,0.0,False
Patient#22,D:\Research\Multi-View Fusion Network\datasets\AJBDS-2023_extracted\AJBDS-2023\Training\Patient#22\input\IMG-0009-00033.jpg,1.0,1.0,1.0,1.0,1.0,,True,0.0,0.0,False
Patient#22,D:\Research\Multi-View Fusion Network\datasets\AJBDS-2023_extracted\AJBDS-2023\Training\Patient#22\input\IMG-0009-00034.jpg,1.0,1.0,1.0,1.0,1.0,,True,0.0,0.0,False
Patient#22,D:\Research\Multi-View Fusion Network\datasets\AJBDS-2023_extracted\AJBDS-2023\Training\Patient#22\input\IMG-0009-00036.jpg,1.0,1.0,1.0,1.0,1.0,,True,0.0,0.0,False
Patient#22,D:\Research\Multi-View Fusion Network\datasets\AJBDS-2023_extracted\AJBDS-2023\Training\Patient#22\input\IMG-0009-00037.jpg,1.0,1.0,1.0,1.0,1.0,,True,0.0,0.0,False
Patient#22,D:\Research\Multi-View Fusion Network\datasets\AJBDS-2023_extracted\AJBDS-2023\Training\Patient#22\input\IMG-0009-00038.jpg,1.0,1.0,1.0,1.0,1.0,,True,0.0,0.0,False
Patient#22,D:\Research\Multi-View Fusion Network\datasets\AJBDS-2023_extracted\AJBDS-2023\Training\Patient#22\input\IMG-0009-00039.jpg,1.0,1.0,1.0,1.0,1.0,,True,0.0,0.0,False
Patient#22,D:\Research\Multi-View Fusion Network\datasets\AJBDS-2023_extracted\AJBDS-2023\Training\Patient#22\input\IMG-0009-00040.jpg,1.0,1.0,1.0,1.0,1.0,,True,0.0,0.0,False
Patient#22,D:\Research\Multi-View Fusion Network\datasets\AJBDS-2023_extracted\AJBDS-2023\Training\Patient#22\input\IMG-0009-00041.jpg,1.0,1.0,1.0,1.0,1.0,,True,0.0,0.0,False
Patient#22,D:\Research\Multi-View Fusion Network\datasets\AJBDS-2023_extracted\AJBDS-2023\Training\Patient#22\input\IMG-0009-00042.jpg,1.0,1.0,1.0,1.0,1.0,,True,0.0,0.0,False
Patient#22,D:\Research\Multi-View Fusion Network\datasets\AJBDS-2023_extracted\AJBDS-2023\Training\Patient#22\input\IMG-0009-00043.jpg,1.0,1.0,1.0,1.0,1.0,,True,0.0,0.0,False
Patient#22,D:\Research\Multi-View Fusion Network\datasets\AJBDS-2023_extracted\AJBDS-2023\Training\Patient#22\input\IMG-0009-00044.jpg,1.0,1.0,1.0,1.0,1.0,,True,0.0,0.0,False
Patient#22,D:\Research\Multi-View Fusion Network\datasets\AJBDS-2023_extracted\AJBDS-2023\Training\Patient#22\input\IMG-0009-00045.jpg,1.0,1.0,1.0,1.0,1.0,,True,0.0,0.0,False
Patient#22,D:\Research\Multi-View Fusion Network\datasets\AJBDS-2023_extracted\AJBDS-2023\Training\Patient#22\input\IMG-0009-00046.jpg,1.0,1.0,1.0,1.0,1.0,,True,0.0,0.0,False
Patient#22,D:\Research\Multi-View Fusion Network\datasets\AJBDS-2023_extracted\AJBDS-2023\Training\Patient#22\input\IMG-0009-00047.jpg,1.0,1.0,1.0,1.0,1.0,,True,0.0,0.0,False
Patient#22,D:\Research\Multi-View Fusion Network\datasets\AJBDS-2023_extracted\AJBDS-2023\Training\Patient#22\input\IMG-0009-00048.jpg,1.0,1.0,1.0,1.0,1.0,,True,0.0,0.0,False
Patient#22,D:\Research\Multi-View Fusion Network\datasets\AJBDS-2023_extracted\AJBDS-2023\Training\Patient#22\input\IMG-0009-00049.jpg,1.0,1.0,1.0,1.0,1.0,,True,0.0,0.0,False
Patient#22,D:\Research\Multi-View Fusion Network\datasets\AJBDS-2023_extracted\AJBDS-2023\Training\Patient#22\input\IMG-0009-00050.jpg,1.0,1.0,1.0,1.0,1.0,,True,0.0,0.0,False
Patient#22,D:\Research\Multi-View Fusion Network\datasets\AJBDS-2023_extracted\AJBDS-2023\Training\Patient#22\input\IMG-0009-00051.jpg,1.0,1.0,1.0,1.0,1.0,,True,0.0,0.0,False
Patient#22,D:\Research\Multi-View Fusion Network\datasets\AJBDS-2023_extracted\AJBDS-2023\Training\Patient#22\input\IMG-0009-00052.jpg,1.0,1.0,1.0,1.0,1.0,,True,0.0,0.0,False
Patient#22,D:\Research\Multi-View Fusion Network\datasets\AJBDS-2023_extracted\AJBDS-2023\Training\Patient#22\input\IMG-0009-00053.jpg,1.0,1.0,1.0,1.0,1.0,,True,0.0,0.0,False
Patient#22,D:\Research\Multi-View Fusion Network\datasets\AJBDS-2023_extracted\AJBDS-2023\Training\Patient#22\input\IMG-0009-00054.jpg,1.0,1.0,1.0,1.0,1.0,,True,0.0,0.0,False
Patient#22,D:\Research\Multi-View Fusion Network\datasets\AJBDS-2023_extracted\AJBDS-2023\Training\Patient#22\input\IMG-0009-00055.jpg,1.0,1.0,1.0,1.0,1.0,,True,0.0,0.0,False
Patient#22,D:\Research\Multi-View Fusion Network\datasets\AJBDS-2023_extracted\AJBDS-2023\Training\Patient#22\input\IMG-0009-00056.jpg,1.0,1.0,1.0,1.0,1.0,,True,0.0,0.0,False
Patient#22,D:\Research\Multi-View Fusion Network\datasets\AJBDS-2023_extracted\AJBDS-2023\Training\Patient#22\input\IMG-0009-00057.jpg,1.0,1.0,1.0,1.0,1.0,,True,0.0,0.0,False
Patient#22,D:\Research\Multi-View Fusion Network\datasets\AJBDS-2023_extracted\AJBDS-2023\Training\Patient#22\input\IMG-0009-00058.jpg,1.0,1.0,1.0,1.0,1.0,,True,0.0,0.0,False
Patient#22,D:\Research\Multi-View Fusion Network\datasets\AJBDS-2023_extracted\AJBDS-2023\Training\Patient#22\input\IMG-0009-00059.jpg,1.0,1.0,1.0,1.0,1.0,,True,0.0,0.0,False
Patient#22,D:\Research\Multi-View Fusion Network\datasets\AJBDS-2023_extracted\AJBDS-2023\Training\Patient#22\input\IMG-0009-00060.jpg,1.0,1.0,1.0,1.0,1.0,,True,0.0,0.0,False
Patient#22,D:\Research\Multi-View Fusion Network\datasets\AJBDS-2023_extracted\AJBDS-2023\Training\Patient#22\input\IMG-0009-00061.jpg,1.0,1.0,1.0,1.0,1.0,,True,0.0,0.0,False
Patient#22,D:\Research\Multi-View Fusion Network\datasets\AJBDS-2023_extracted\AJBDS-2023\Training\Patient#22\input\IMG-0009-00062.jpg,1.0,1.0,1.0,1.0,1.0,,True,0.0,0.0,False
Patient#22,D:\Research\Multi-View Fusion Network\datasets\AJBDS-2023_extracted\AJBDS-2023\Training\Patient#22\input\IMG-0009-00063.jpg,1.0,1.0,1.0,1.0,1.0,,True,0.0,0.0,False
Patient#22,D:\Research\Multi-View Fusion Network\datasets\AJBDS-2023_extracted\AJBDS-2023\Training\Patient#22\input\IMG-0009-00064.jpg,1.0,1.0,1.0,1.0,1.0,,True,0.0,0.0,False
Patient#22,D:\Research\Multi-View Fusion Network\datasets\AJBDS-2023_extracted\AJBDS-2023\Training\Patient#22\input\IMG-0009-00065.jpg,1.0,1.0,1.0,1.0,1.0,,True,0.0,0.0,False
Patient#22,D:\Research\Multi-View Fusion Network\datasets\AJBDS-2023_extracted\AJBDS-2023\Training\Patient#22\input\IMG-0009-00066.jpg,1.0,1.0,1.0,1.0,1.0,,True,0.0,0.0,False
Patient#22,D:\Research\Multi-View Fusion Network\datasets\AJBDS-2023_extracted\AJBDS-2023\Training\Patient#22\input\IMG-0009-00067.jpg,1.0,1.0,1.0,1.0,1.0,,True,0.0,0.0,False
Patient#22,D:\Research\Multi-View Fusion Network\datasets\AJBDS-2023_extracted\AJBDS-2023\Training\Patient#22\input\IMG-0009-00068.jpg,1.0,1.0,1.0,1.0,1.0,,True,0.0,0.0,False
Patient#22,D:\Research\Multi-View Fusion Network\datasets\AJBDS-2023_extracted\AJBDS-2023\Training\Patient#22\input\IMG-0009-00069.jpg,1.0,1.0,1.0,1.0,1.0,,True,0.0,0.0,False
Patient#22,D:\Research\Multi-View Fusion Network\datasets\AJBDS-2023_extracted\AJBDS-2023\Training\Patient#22\input\IMG-0009-00070.jpg,1.0,1.0,1.0,1.0,1.0,,True,0.0,0.0,False
Patient#22,D:\Research\Multi-View Fusion Network\datasets\AJBDS-2023_extracted\AJBDS-2023\Training\Patient#22\input\IMG-0009-00071.jpg,1.0,1.0,1.0,1.0,1.0,,True,0.0,0.0,False
Patient#22,D:\Research\Multi-View Fusion Network\datasets\AJBDS-2023_extracted\AJBDS-2023\Training\Patient#22\input\IMG-0009-00072.jpg,1.0,1.0,1.0,1.0,1.0,,True,0.0,0.0,False
Patient#22,D:\Research\Multi-View Fusion Network\datasets\AJBDS-2023_extracted\AJBDS-2023\Training\Patient#22\input\IMG-0009-00073.jpg,1.0,1.0,1.0,1.0,1.0,,True,0.0,0.0,False
Patient#22,D:\Research\Multi-View Fusion Network\datasets\AJBDS-2023_extracted\AJBDS-2023\Training\Patient#22\input\IMG-0009-00074.jpg,8.928571659794216e-09,8.928571659794216e-09,1.0,0.9977678656578064,8.928571659794216e-09,,True,112.0,0.0,True
Patient#22,D:\Research\Multi-View Fusion Network\datasets\AJBDS-2023_extracted\AJBDS-2023\Training\Patient#22\input\IMG-0009-00075.jpg,1.0,1.0,1.0,1.0,1.0,,True,0.0,0.0,False
Patient#22,D:\Research\Multi-View Fusion Network\datasets\AJBDS-2023_extracted\AJBDS-2023\Training\Patient#22\input\IMG-0009-00076.jpg,1.6556291893010664e-09,1.6556291893010664e-09,1.0,0.9879623651504515,1.6556291893010664e-09,,True,604.0,0.0,True
Patient#22,D:\Research\Multi-View Fusion Network\datasets\AJBDS-2023_extracted\AJBDS-2023\Training\Patient#22\input\IMG-0009-00077.jpg,1.6339869457482335e-09,1.6339869457482335e-09,1.0,0.9878029227256776,1.6339869457482335e-09,,True,612.0,0.0,True
Patient#22,D:\Research\Multi-View Fusion Network\datasets\AJBDS-2023_extracted\AJBDS-2023\Training\Patient#22\input\IMG-0009-00078.jpg,4.149377730300331e-09,4.149377730300331e-09,1.0,0.9951968789100648,4.149377730300331e-09,,True,241.0,0.0,True
Patient#22,D:\Research\Multi-View Fusion Network\datasets\AJBDS-2023_extracted\AJBDS-2023\Training\Patient#22\input\IMG-0009-00079.jpg,3.095975253941674e-09,3.095975253941674e-09,1.0,0.993562638759613,3.095975253941674e-09,,True,323.0,0.0,True
Patient#22,D:\Research\Multi-View Fusion Network\datasets\AJBDS-2023_extracted\AJBDS-2023\Training\Patient#22\input\IMG-0009-00080.jpg,1.4285711813499804e-07,1.4285711813499804e-07,1.0,0.9998604655265808,1.4285711813499804e-07,,True,7.0,0.0,True
Patient#22,D:\Research\Multi-View Fusion Network\datasets\AJBDS-2023_extracted\AJBDS-2023\Training\Patient#22\input\IMG-0010-00001.jpg,1.0,1.0,1.0,1.0,1.0,,True,0.0,0.0,False
Patient#22,D:\Research\Multi-View Fusion Network\datasets\AJBDS-2023_extracted\AJBDS-2023\Training\Patient#22\input\IMG-0010-00002.jpg,1.0,1.0,1.0,1.0,1.0,,True,0.0,0.0,False
Patient#22,D:\Research\Multi-View Fusion Network\datasets\AJBDS-2023_extracted\AJBDS-2023\Training\Patient#22\input\IMG-0010-00003.jpg,1.0,1.0,1.0,1.0,1.0,,True,0.0,0.0,False
Patient#22,D:\Research\Multi-View Fusion Network\datasets\AJBDS-2023_extracted\AJBDS-2023\Training\Patient#22\input\IMG-0010-00004.jpg,1.0,1.0,1.0,1.0,1.0,,True,0.0,0.0,False
Patient#22,D:\Research\Multi-View Fusion Network\datasets\AJBDS-2023_extracted\AJBDS-2023\Training\Patient#22\input\IMG-0010-00005.jpg,3.999999886872274e-09,3.999999886872274e-09,1.0,0.9950175285339355,3.999999886872274e-09,,True,250.0,0.0,True
Patient#22,D:\Research\Multi-View Fusion Network\datasets\AJBDS-2023_extracted\AJBDS-2023\Training\Patient#22\input\IMG-0010-00006.jpg,1.841620633769025e-09,1.841620633769025e-09,1.0,0.9891781210899352,1.841620633769025e-09,,True,543.0,0.0,True
Patient#22,D:\Research\Multi-View Fusion Network\datasets\AJBDS-2023_extracted\AJBDS-2023\Training\Patient#22\input\IMG-0010-00008.jpg,2.481389538289136e-09,2.481389538289136e-09,1.0,0.991968274116516,2.481389538289136e-09,,True,403.0,0.0,True
Patient#22,D:\Research\Multi-View Fusion Network\datasets\AJBDS-2023_extracted\AJBDS-2023\Training\Patient#22\input\IMG-0010-00009.jpg,1.0,1.0,1.0,1.0,1.0,,True,0.0,0.0,False
Patient#22,D:\Research\Multi-View Fusion Network\datasets\AJBDS-2023_extracted\AJBDS-2023\Training\Patient#22\input\IMG-0010-00010.jpg,9.090908292819223e-08,9.090908292819223e-08,1.0,0.999780774116516,9.090908292819223e-08,,True,11.0,0.0,True
Patient#22,D:\Research\Multi-View Fusion Network\datasets\AJBDS-2023_extracted\AJBDS-2023\Training\Patient#22\input\IMG-0010-00011.jpg,1.0,1.0,1.0,1.0,1.0,,True,0.0,0.0,False
Patient#22,D:\Research\Multi-View Fusion Network\datasets\AJBDS-2023_extracted\AJBDS-2023\Training\Patient#22\input\IMG-0010-00012.jpg,1.0,1.0,1.0,1.0,1.0,,True,0.0,0.0,False
Patient#22,D:\Research\Multi-View Fusion Network\datasets\AJBDS-2023_extracted\AJBDS-2023\Training\Patient#22\input\IMG-0010-00013.jpg,1.0,1.0,1.0,1.0,1.0,,True,0.0,0.0,False
Patient#22,D:\Research\Multi-View Fusion Network\datasets\AJBDS-2023_extracted\AJBDS-2023\Training\Patient#22\input\IMG-0010-00014.jpg,1.0,1.0,1.0,1.0,1.0,,True,0.0,0.0,False
Patient#22,D:\Research\Multi-View Fusion Network\datasets\AJBDS-2023_extracted\AJBDS-2023\Training\Patient#22\input\IMG-0010-00015.jpg,1.0,1.0,1.0,1.0,1.0,,True,0.0,0.0,False
Patient#22,D:\Research\Multi-View Fusion Network\datasets\AJBDS-2023_extracted\AJBDS-2023\Training\Patient#22\input\IMG-0010-00016.jpg,1.0,1.0,1.0,1.0,1.0,,True,0.0,0.0,False
Patient#22,D:\Research\Multi-View Fusion Network\datasets\AJBDS-2023_extracted\AJBDS-2023\Training\Patient#22\input\IMG-0010-00017.jpg,1.0,1.0,1.0,1.0,1.0,,True,0.0,0.0,False
Patient#22,D:\Research\Multi-View Fusion Network\datasets\AJBDS-2023_extracted\AJBDS-2023\Training\Patient#22\input\IMG-0010-00018.jpg,8.130081496915409e-09,8.130081496915409e-09,1.0,0.9975486397743224,8.130081496915409e-09,,True,123.0,0.0,True
Patient#22,D:\Research\Multi-View Fusion Network\datasets\AJBDS-2023_extracted\AJBDS-2023\Training\Patient#22\input\IMG-0010-00019.jpg,6.4516130215963585e-09,6.4516130215963585e-09,1.0,0.9969108700752258,6.4516130215963585e-09,,True,155.0,0.0,True
Patient#22,D:\Research\Multi-View Fusion Network\datasets\AJBDS-2023_extracted\AJBDS-2023\Training\Patient#22\input\IMG-0010-00020.jpg,5.882352827057957e-09,5.882352827057957e-09,1.0,0.9966119527816772,5.882352827057957e-09,,True,170.0,0.0,True
Patient#22,D:\Research\Multi-View Fusion Network\datasets\AJBDS-2023_extracted\AJBDS-2023\Training\Patient#22\input\IMG-0010-00021.jpg,1.0,1.0,1.0,1.0,1.0,,True,0.0,0.0,False
Patient#22,D:\Research\Multi-View Fusion Network\datasets\AJBDS-2023_extracted\AJBDS-2023\Training\Patient#22\input\IMG-0010-00022.jpg,4.2918455456231194e-09,4.2918455456231194e-09,1.0,0.9953563213348388,4.2918455456231194e-09,,True,233.0,0.0,True
Patient#22,D:\Research\Multi-View Fusion Network\datasets\AJBDS-2023_extracted\AJBDS-2023\Training\Patient#22\input\IMG-0010-00023.jpg,1.0,1.0,1.0,1.0,1.0,,True,0.0,0.0,False
Patient#22,D:\Research\Multi-View Fusion Network\datasets\AJBDS-2023_extracted\AJBDS-2023\Training\Patient#22\input\IMG-0010-00024.jpg,4.761904648376003e-09,4.761904648376003e-09,1.0,0.9958147406578064,4.761904648376003e-09,,True,210.0,0.0,True
Patient#22,D:\Research\Multi-View Fusion Network\datasets\AJBDS-2023_extracted\AJBDS-2023\Training\Patient#22\input\IMG-0011-00001.jpg,1.0,1.0,1.0,1.0,1.0,,True,0.0,0.0,False
Patient#22,D:\Research\Multi-View Fusion Network\datasets\AJBDS-2023_extracted\AJBDS-2023\Training\Patient#22\input\IMG-0011-00002.jpg,1.0,1.0,1.0,1.0,1.0,,True,0.0,0.0,False
Patient#22,D:\Research\Multi-View Fusion Network\datasets\AJBDS-2023_extracted\AJBDS-2023\Training\Patient#22\input\IMG-0011-00003.jpg,1.0,1.0,1.0,1.0,1.0,,True,0.0,0.0,False
Patient#22,D:\Research\Multi-View Fusion Network\datasets\AJBDS-2023_extracted\AJBDS-2023\Training\Patient#22\input\IMG-0011-00004.jpg,1.0,1.0,1.0,1.0,1.0,,True,0.0,0.0,False
Patient#22,D:\Research\Multi-View Fusion Network\datasets\AJBDS-2023_extracted\AJBDS-2023\Training\Patient#22\input\IMG-0011-00005.jpg,1.0,1.0,1.0,1.0,1.0,,True,0.0,0.0,False
Patient#22,D:\Research\Multi-View Fusion Network\datasets\AJBDS-2023_extracted\AJBDS-2023\Training\Patient#22\input\IMG-0011-00006.jpg,1.0,1.0,1.0,1.0,1.0,,True,0.0,0.0,False
Patient#22,D:\Research\Multi-View Fusion Network\datasets\AJBDS-2023_extracted\AJBDS-2023\Training\Patient#22\input\IMG-0011-00008.jpg,1.0,1.0,1.0,1.0,1.0,,True,0.0,0.0,False
Patient#22,D:\Research\Multi-View Fusion Network\datasets\AJBDS-2023_extracted\AJBDS-2023\Training\Patient#22\input\IMG-0011-00010.jpg,1.0101009806362526e-08,1.0101009806362526e-08,1.0,0.998026967048645,1.0101009806362526e-08,,True,99.0,0.0,True
Patient#22,D:\Research\Multi-View Fusion Network\datasets\AJBDS-2023_extracted\AJBDS-2023\Training\Patient#22\input\IMG-0011-00013.jpg,9.43396205599356e-09,9.43396205599356e-09,1.0,0.9978874325752258,9.43396205599356e-09,,True,106.0,0.0,True
Patient#22,D:\Research\Multi-View Fusion Network\datasets\AJBDS-2023_extracted\AJBDS-2023\Training\Patient#22\input\IMG-0011-00014.jpg,1.0,1.0,1.0,1.0,1.0,,True,0.0,0.0,False
Patient#22,D:\Research\Multi-View Fusion Network\datasets\AJBDS-2023_extracted\AJBDS-2023\Training\Patient#22\input\IMG-0011-00015.jpg,4.926108410074903e-09,4.926108410074903e-09,1.0,0.9959542155265808,4.926108410074903e-09,,True,203.0,0.0,True
Patient#22,D:\Research\Multi-View Fusion Network\datasets\AJBDS-2023_extracted\AJBDS-2023\Training\Patient#22\input\IMG-0011-00016.jpg,1.0,1.0,1.0,1.0,1.0,,True,0.0,0.0,False
Patient#22,D:\Research\Multi-View Fusion Network\datasets\AJBDS-2023_extracted\AJBDS-2023\Training\Patient#22\input\IMG-0011-00017.jpg,1.0,1.0,1.0,1.0,1.0,,True,0.0,0.0,False
Patient#22,D:\Research\Multi-View Fusion Network\datasets\AJBDS-2023_extracted\AJBDS-2023\Training\Patient#22\input\IMG-0011-00018.jpg,1.4705882067644891e-09,1.4705882067644891e-09,1.0,0.9864476919174194,1.4705882067644891e-09,,True,680.0,0.0,True
Patient#22,D:\Research\Multi-View Fusion Network\datasets\AJBDS-2023_extracted\AJBDS-2023\Training\Patient#22\input\IMG-0011-00019.jpg,8.403361562159262e-09,8.403361562159262e-09,1.0,0.9976283311843872,8.403361562159262e-09,,True,119.0,0.0,True
Patient#22,D:\Research\Multi-View Fusion Network\datasets\AJBDS-2023_extracted\AJBDS-2023\Training\Patient#22\input\IMG-0011-00020.jpg,1.0,1.0,1.0,1.0,1.0,,True,0.0,0.0,False
Patient#22,D:\Research\Multi-View Fusion Network\datasets\AJBDS-2023_extracted\AJBDS-2023\Training\Patient#22\input\IMG-0012-00001.jpg,1.0,1.0,1.0,1.0,1.0,,True,0.0,0.0,False
Patient#22,D:\Research\Multi-View Fusion Network\datasets\AJBDS-2023_extracted\AJBDS-2023\Training\Patient#22\input\IMG-0012-00002.jpg,1.0,1.0,1.0,1.0,1.0,,True,0.0,0.0,False
Patient#22,D:\Research\Multi-View Fusion Network\datasets\AJBDS-2023_extracted\AJBDS-2023\Training\Patient#22\input\IMG-0012-00003.jpg,1.0,1.0,1.0,1.0,1.0,,True,0.0,0.0,False
Patient#22,D:\Research\Multi-View Fusion Network\datasets\AJBDS-2023_extracted\AJBDS-2023\Training\Patient#22\input\IMG-0012-00004.jpg,1.0,1.0,1.0,1.0,1.0,,True,0.0,0.0,False
Patient#22,D:\Research\Multi-View Fusion Network\datasets\AJBDS-2023_extracted\AJBDS-2023\Training\Patient#22\input\IMG-0012-00005.jpg,1.0,1.0,1.0,1.0,1.0,,True,0.0,0.0,False
Patient#22,D:\Research\Multi-View Fusion Network\datasets\AJBDS-2023_extracted\AJBDS-2023\Training\Patient#22\input\IMG-0012-00006.jpg,4.761904648376003e-09,4.761904648376003e-09,1.0,0.9958147406578064,4.761904648376003e-09,,True,210.0,0.0,True
Patient#22,D:\Research\Multi-View Fusion Network\datasets\AJBDS-2023_extracted\AJBDS-2023\Training\Patient#22\input\IMG-0012-00007.jpg,1.0,1.0,1.0,1.0,1.0,,True,0.0,0.0,False
Patient#22,D:\Research\Multi-View Fusion Network\datasets\AJBDS-2023_extracted\AJBDS-2023\Training\Patient#22\input\IMG-0012-00008.jpg,1.694915208183545e-09,1.694915208183545e-09,1.0,0.9882413744926452,1.694915208183545e-09,,True,590.0,0.0,True
Patient#22,D:\Research\Multi-View Fusion Network\datasets\AJBDS-2023_extracted\AJBDS-2023\Training\Patient#22\input\IMG-0012-00009.jpg,1.1454753812145666e-09,1.1454753812145666e-09,1.0,0.9826012253761292,1.1454753812145666e-09,,True,873.0,0.0,True
Patient#22,D:\Research\Multi-View Fusion Network\datasets\AJBDS-2023_extracted\AJBDS-2023\Training\Patient#22\input\IMG-0012-00010.jpg,1.0,1.0,1.0,1.0,1.0,,True,0.0,0.0,False
Patient#22,D:\Research\Multi-View Fusion Network\datasets\AJBDS-2023_extracted\AJBDS-2023\Training\Patient#22\input\IMG-0012-00011.jpg,1.0,1.0,1.0,1.0,1.0,,True,0.0,0.0,False
Patient#22,D:\Research\Multi-View Fusion Network\datasets\AJBDS-2023_extracted\AJBDS-2023\Training\Patient#22\input\IMG-0012-00015.jpg,1.0,1.0,1.0,1.0,1.0,,True,0.0,0.0,False
Patient#22,D:\Research\Multi-View Fusion Network\datasets\AJBDS-2023_extracted\AJBDS-2023\Training\Patient#22\input\IMG-0012-00016.jpg,1.0,1.0,1.0,1.0,1.0,,True,0.0,0.0,False
Patient#22,D:\Research\Multi-View Fusion Network\datasets\AJBDS-2023_extracted\AJBDS-2023\Training\Patient#22\input\IMG-0012-00018.jpg,1.0,1.0,1.0,1.0,1.0,,True,0.0,0.0,False
Patient#22,D:\Research\Multi-View Fusion Network\datasets\AJBDS-2023_extracted\AJBDS-2023\Training\Patient#22\input\IMG-0012-00019.jpg,1.0,1.0,1.0,1.0,1.0,,True,0.0,0.0,False
Patient#22,D:\Research\Multi-View Fusion Network\datasets\AJBDS-2023_extracted\AJBDS-2023\Training\Patient#22\input\IMG-0012-00020.jpg,1.0,1.0,1.0,1.0,1.0,,True,0.0,0.0,False
Patient#22,D:\Research\Multi-View Fusion Network\datasets\AJBDS-2023_extracted\AJBDS-2023\Training\Patient#22\input\IMG-0012-00021.jpg,1.0,1.0,1.0,1.0,1.0,,True,0.0,0.0,False
Patient#22,D:\Research\Multi-View Fusion Network\datasets\AJBDS-2023_extracted\AJBDS-2023\Training\Patient#22\input\IMG-0012-00022.jpg,1.0,1.0,1.0,1.0,1.0,,True,0.0,0.0,False
Patient#22,D:\Research\Multi-View Fusion Network\datasets\AJBDS-2023_extracted\AJBDS-2023\Training\Patient#22\input\IMG-0012-00023.jpg,1.0,1.0,1.0,1.0,1.0,,True,0.0,0.0,False
Patient#22,D:\Research\Multi-View Fusion Network\datasets\AJBDS-2023_extracted\AJBDS-2023\Training\Patient#22\input\IMG-0012-00024.jpg,1.893939449715276e-09,1.893939449715276e-09,1.0,0.989477038383484,1.893939449715276e-09,,True,528.0,0.0,True
Patient#23,D:\Research\Multi-View Fusion Network\datasets\AJBDS-2023_extracted\AJBDS-2023\Training\Patient#23\input\IMG-0001-00001.jpg,2.493765638433842e-09,2.493765638433842e-09,1.0,0.9920081496238708,2.493765638433842e-09,,True,401.0,0.0,True
Patient#23,D:\Research\Multi-View Fusion Network\datasets\AJBDS-2023_extracted\AJBDS-2023\Training\Patient#23\input\IMG-0001-00002.jpg,1.0,1.0,1.0,1.0,1.0,,True,0.0,0.0,False
Patient#23,D:\Research\Multi-View Fusion Network\datasets\AJBDS-2023_extracted\AJBDS-2023\Training\Patient#23\input\IMG-0001-00003.jpg,1.0,1.0,1.0,1.0,1.0,,True,0.0,0.0,False
Patient#23,D:\Research\Multi-View Fusion Network\datasets\AJBDS-2023_extracted\AJBDS-2023\Training\Patient#23\input\IMG-0001-00004.jpg,1.0,1.0,1.0,1.0,1.0,,True,0.0,0.0,False
Patient#23,D:\Research\Multi-View Fusion Network\datasets\AJBDS-2023_extracted\AJBDS-2023\Training\Patient#23\input\IMG-0001-00005.jpg,1.0,1.0,1.0,1.0,1.0,,True,0.0,0.0,False
Patient#23,D:\Research\Multi-View Fusion Network\datasets\AJBDS-2023_extracted\AJBDS-2023\Training\Patient#23\input\IMG-0001-00006.jpg,1.0,1.0,1.0,1.0,1.0,,True,0.0,0.0,False
Patient#23,D:\Research\Multi-View Fusion Network\datasets\AJBDS-2023_extracted\AJBDS-2023\Training\Patient#23\input\IMG-0001-00007.jpg,6.715916711641511e-10,6.715916711641511e-10,1.0,0.970324456691742,6.715916711641511e-10,,True,1489.0,0.0,True
Patient#23,D:\Research\Multi-View Fusion Network\datasets\AJBDS-2023_extracted\AJBDS-2023\Training\Patient#23\input\IMG-0001-00008.jpg,5.128205082804982e-10,5.128205082804982e-10,1.0,0.9611368179321288,5.128205082804982e-10,,True,1950.0,0.0,True
Patient#23,D:\Research\Multi-View Fusion Network\datasets\AJBDS-2023_extracted\AJBDS-2023\Training\Patient#23\input\IMG-0001-00009.jpg,1.046025155382324e-09,1.046025155382324e-09,1.0,0.9809470772743224,1.046025155382324e-09,,True,956.0,0.0,True
Patient#23,D:\Research\Multi-View Fusion Network\datasets\AJBDS-2023_extracted\AJBDS-2023\Training\Patient#23\input\IMG-0001-00010.jpg,1.0,1.0,1.0,1.0,1.0,,True,0.0,0.0,False
Patient#23,D:\Research\Multi-View Fusion Network\datasets\AJBDS-2023_extracted\AJBDS-2023\Training\Patient#23\input\IMG-0001-00011.jpg,5.025125648927542e-09,5.025125648927542e-09,1.0,0.9960339665412904,5.025125648927542e-09,,True,199.0,0.0,True
Patient#23,D:\Research\Multi-View Fusion Network\datasets\AJBDS-2023_extracted\AJBDS-2023\Training\Patient#23\input\IMG-0001-00012.jpg,7.6335879839462e-09,7.6335879839462e-09,1.0,0.9973891973495485,7.6335879839462e-09,,True,131.0,0.0,True
Patient#23,D:\Research\Multi-View Fusion Network\datasets\AJBDS-2023_extracted\AJBDS-2023\Training\Patient#23\input\IMG-0001-00013.jpg,6.410256325750652e-09,6.410256325750652e-09,1.0,0.9968909621238708,6.410256325750652e-09,,True,156.0,0.0,True
Patient#23,D:\Research\Multi-View Fusion Network\datasets\AJBDS-2023_extracted\AJBDS-2023\Training\Patient#23\input\IMG-0001-00014.jpg,1.0,1.0,1.0,1.0,1.0,,True,0.0,0.0,False
Patient#23,D:\Research\Multi-View Fusion Network\datasets\AJBDS-2023_extracted\AJBDS-2023\Training\Patient#23\input\IMG-0001-00015.jpg,1.0,1.0,1.0,1.0,1.0,,True,0.0,0.0,False
Patient#23,D:\Research\Multi-View Fusion Network\datasets\AJBDS-2023_extracted\AJBDS-2023\Training\Patient#23\input\IMG-0001-00016.jpg,1.0,1.0,1.0,1.0,1.0,,True,0.0,0.0,False
Patient#23,D:\Research\Multi-View Fusion Network\datasets\AJBDS-2023_extracted\AJBDS-2023\Training\Patient#23\input\IMG-0001-00017.jpg,1.0,1.0,1.0,1.0,1.0,,True,0.0,0.0,False
Patient#23,D:\Research\Multi-View Fusion Network\datasets\AJBDS-2023_extracted\AJBDS-2023\Training\Patient#23\input\IMG-0001-00018.jpg,1.0,1.0,1.0,1.0,1.0,,True,0.0,0.0,False
Patient#23,D:\Research\Multi-View Fusion Network\datasets\AJBDS-2023_extracted\AJBDS-2023\Training\Patient#23\input\IMG-0001-00019.jpg,1.0,1.0,1.0,1.0,1.0,,True,0.0,0.0,False
Patient#23,D:\Research\Multi-View Fusion Network\datasets\AJBDS-2023_extracted\AJBDS-2023\Training\Patient#23\input\IMG-0001-00020.jpg,1.0,1.0,1.0,1.0,1.0,,True,0.0,0.0,False
Patient#23,D:\Research\Multi-View Fusion Network\datasets\AJBDS-2023_extracted\AJBDS-2023\Training\Patient#23\input\IMG-0001-00021.jpg,1.2484394629197482e-09,1.2484394629197482e-09,1.0,0.9840362071990968,1.2484394629197482e-09,,True,801.0,0.0,True
Patient#23,D:\Research\Multi-View Fusion Network\datasets\AJBDS-2023_extracted\AJBDS-2023\Training\Patient#23\input\IMG-0002-00001.jpg,1.0,1.0,1.0,1.0,1.0,,True,0.0,0.0,False
Patient#23,D:\Research\Multi-View Fusion Network\datasets\AJBDS-2023_extracted\AJBDS-2023\Training\Patient#23\input\IMG-0002-00002.jpg,1.111110989882036e-07,1.111110989882036e-07,1.0,0.9998206496238708,1.111110989882036e-07,,True,9.0,0.0,True
Patient#23,D:\Research\Multi-View Fusion Network\datasets\AJBDS-2023_extracted\AJBDS-2023\Training\Patient#23\input\IMG-0002-00003.jpg,2.092050310764648e-09,2.092050310764648e-09,1.0,0.9904735088348388,2.092050310764648e-09,,True,478.0,0.0,True
Patient#23,D:\Research\Multi-View Fusion Network\datasets\AJBDS-2023_extracted\AJBDS-2023\Training\Patient#23\input\IMG-0002-00004.jpg,1.3477089444435821e-09,1.3477089444435821e-09,1.0,0.9852120280265808,1.3477089444435821e-09,,True,742.0,0.0,True
Patient#23,D:\Research\Multi-View Fusion Network\datasets\AJBDS-2023_extracted\AJBDS-2023\Training\Patient#23\input\IMG-0002-00005.jpg,1.0,1.0,1.0,1.0,1.0,,True,0.0,0.0,False
Patient#23,D:\Research\Multi-View Fusion Network\datasets\AJBDS-2023_extracted\AJBDS-2023\Training\Patient#23\input\IMG-0002-00007.jpg,1.0,1.0,1.0,1.0,1.0,,True,0.0,0.0,False
Patient#23,D:\Research\Multi-View Fusion Network\datasets\AJBDS-2023_extracted\AJBDS-2023\Training\Patient#23\input\IMG-0002-00008.jpg,2.6385225115888034e-09,2.6385225115888034e-09,1.0,0.9924466013908386,2.6385225115888034e-09,,True,379.0,0.0,True
Patient#23,D:\Research\Multi-View Fusion Network\datasets\AJBDS-2023_extracted\AJBDS-2023\Training\Patient#23\input\IMG-0002-00009.jpg,2.8735631651954922e-09,2.8735631651954922e-09,1.0,0.9930644035339355,2.8735631651954922e-09,,True,348.0,0.0,True
Patient#23,D:\Research\Multi-View Fusion Network\datasets\AJBDS-2023_extracted\AJBDS-2023\Training\Patient#23\input\IMG-0002-00010.jpg,1.602564081437663e-09,1.602564081437663e-09,1.0,0.9875637888908386,1.602564081437663e-09,,True,624.0,0.0,True
Patient#23,D:\Research\Multi-View Fusion Network\datasets\AJBDS-2023_extracted\AJBDS-2023\Training\Patient#23\input\IMG-0002-00011.jpg,3.448275887052432e-09,3.448275887052432e-09,1.0,0.9942203164100648,3.448275887052432e-09,,True,290.0,0.0,True
Patient#23,D:\Research\Multi-View Fusion Network\datasets\AJBDS-2023_extracted\AJBDS-2023\Training\Patient#23\input\IMG-0002-00012.jpg,8.928571215705006e-10,8.928571215705006e-10,1.0,0.9776785969734192,8.928571215705006e-10,,True,1120.0,0.0,True
Patient#23,D:\Research\Multi-View Fusion Network\datasets\AJBDS-2023_extracted\AJBDS-2023\Training\Patient#23\input\IMG-0002-00013.jpg,1.0834235730783346e-09,1.0834235730783346e-09,1.0,0.9816047549247742,1.0834235730783346e-09,,True,923.0,0.0,True
Patient#23,D:\Research\Multi-View Fusion Network\datasets\AJBDS-2023_extracted\AJBDS-2023\Training\Patient#23\input\IMG-0002-00015.jpg,1.0,1.0,1.0,1.0,1.0,,True,0.0,0.0,False
Patient#23,D:\Research\Multi-View Fusion Network\datasets\AJBDS-2023_extracted\AJBDS-2023\Training\Patient#23\input\IMG-0002-00016.jpg,1.0,1.0,1.0,1.0,1.0,,True,0.0,0.0,False
Patient#23,D:\Research\Multi-View Fusion Network\datasets\AJBDS-2023_extracted\AJBDS-2023\Training\Patient#23\input\IMG-0002-00017.jpg,1.0,1.0,1.0,1.0,1.0,,True,0.0,0.0,False
Patient#23,D:\Research\Multi-View Fusion Network\datasets\AJBDS-2023_extracted\AJBDS-2023\Training\Patient#23\input\IMG-0002-00018.jpg,1.0,1.0,1.0,1.0,1.0,,True,0.0,0.0,False
Patient#23,D:\Research\Multi-View Fusion Network\datasets\AJBDS-2023_extracted\AJBDS-2023\Training\Patient#23\input\IMG-0002-00019.jpg,1.893939449715276e-09,1.893939449715276e-09,1.0,0.989477038383484,1.893939449715276e-09,,True,528.0,0.0,True
Patient#23,D:\Research\Multi-View Fusion Network\datasets\AJBDS-2023_extracted\AJBDS-2023\Training\Patient#23\input\IMG-0002-00020.jpg,2.2271715582888874e-09,2.2271715582888874e-09,1.0,0.9910514950752258,2.2271715582888874e-09,,True,449.0,0.0,True
Patient#23,D:\Research\Multi-View Fusion Network\datasets\AJBDS-2023_extracted\AJBDS-2023\Training\Patient#23\input\IMG-0002-00021.jpg,1.0,1.0,1.0,1.0,1.0,,True,0.0,0.0,False
Patient#23,D:\Research\Multi-View Fusion Network\datasets\AJBDS-2023_extracted\AJBDS-2023\Training\Patient#23\input\IMG-0002-00022.jpg,1.0,1.0,1.0,1.0,1.0,,True,0.0,0.0,False
Patient#23,D:\Research\Multi-View Fusion Network\datasets\AJBDS-2023_extracted\AJBDS-2023\Training\Patient#23\input\IMG-0002-00023.jpg,3.496503531152939e-09,3.496503531152939e-09,1.0,0.9943000674247742,3.496503531152939e-09,,True,286.0,0.0,True
Patient#23,D:\Research\Multi-View Fusion Network\datasets\AJBDS-2023_extracted\AJBDS-2023\Training\Patient#23\input\IMG-0003-00001.jpg,1.0,1.0,1.0,1.0,1.0,,True,0.0,0.0,False
Patient#23,D:\Research\Multi-View Fusion Network\datasets\AJBDS-2023_extracted\AJBDS-2023\Training\Patient#23\input\IMG-0003-00002.jpg,1.0,1.0,1.0,1.0,1.0,,True,0.0,0.0,False
Patient#23,D:\Research\Multi-View Fusion Network\datasets\AJBDS-2023_extracted\AJBDS-2023\Training\Patient#23\input\IMG-0003-00003.jpg,1.0,1.0,1.0,1.0,1.0,,True,0.0,0.0,False
Patient#23,D:\Research\Multi-View Fusion Network\datasets\AJBDS-2023_extracted\AJBDS-2023\Training\Patient#23\input\IMG-0003-00004.jpg,1.0,1.0,1.0,1.0,1.0,,True,0.0,0.0,False
Patient#23,D:\Research\Multi-View Fusion Network\datasets\AJBDS-2023_extracted\AJBDS-2023\Training\Patient#23\input\IMG-0003-00005.jpg,1.0,1.0,1.0,1.0,1.0,,True,0.0,0.0,False
Patient#23,D:\Research\Multi-View Fusion Network\datasets\AJBDS-2023_extracted\AJBDS-2023\Training\Patient#23\input\IMG-0003-00006.jpg,2.222222184045108e-09,2.222222184045108e-09,1.0,0.9910315871238708,2.222222184045108e-09,,True,450.0,0.0,True
Patient#23,D:\Research\Multi-View Fusion Network\datasets\AJBDS-2023_extracted\AJBDS-2023\Training\Patient#23\input\IMG-0003-00007.jpg,1.0,1.0,1.0,1.0,1.0,,True,0.0,0.0,False
Patient#23,D:\Research\Multi-View Fusion Network\datasets\AJBDS-2023_extracted\AJBDS-2023\Training\Patient#23\input\IMG-0003-00008.jpg,1.587301667882457e-08,1.587301667882457e-08,1.0,0.9987444281578064,1.587301667882457e-08,,True,63.0,0.0,True
Patient#23,D:\Research\Multi-View Fusion Network\datasets\AJBDS-2023_extracted\AJBDS-2023\Training\Patient#23\input\IMG-0003-00009.jpg,1.0,1.0,1.0,1.0,1.0,,True,0.0,0.0,False
Patient#23,D:\Research\Multi-View Fusion Network\datasets\AJBDS-2023_extracted\AJBDS-2023\Training\Patient#23\input\IMG-0003-00010.jpg,1.0,1.0,1.0,1.0,1.0,,True,0.0,0.0,False
Patient#23,D:\Research\Multi-View Fusion Network\datasets\AJBDS-2023_extracted\AJBDS-2023\Training\Patient#23\input\IMG-0003-00011.jpg,1.0,1.0,1.0,1.0,1.0,,True,0.0,0.0,False
Patient#23,D:\Research\Multi-View Fusion Network\datasets\AJBDS-2023_extracted\AJBDS-2023\Training\Patient#23\input\IMG-0003-00012.jpg,1.0,1.0,1.0,1.0,1.0,,True,0.0,0.0,False
Patient#23,D:\Research\Multi-View Fusion Network\datasets\AJBDS-2023_extracted\AJBDS-2023\Training\Patient#23\input\IMG-0003-00013.jpg,1.0,1.0,1.0,1.0,1.0,,True,0.0,0.0,False
Patient#23,D:\Research\Multi-View Fusion Network\datasets\AJBDS-2023_extracted\AJBDS-2023\Training\Patient#23\input\IMG-0003-00014.jpg,1.0,1.0,1.0,1.0,1.0,,True,0.0,0.0,False
Patient#23,D:\Research\Multi-View Fusion Network\datasets\AJBDS-2023_extracted\AJBDS-2023\Training\Patient#23\input\IMG-0003-00015.jpg,1.0,1.0,1.0,1.0,1.0,,True,0.0,0.0,False
Patient#23,D:\Research\Multi-View Fusion Network\datasets\AJBDS-2023_extracted\AJBDS-2023\Training\Patient#23\input\IMG-0003-00016.jpg,1.0,1.0,1.0,1.0,1.0,,True,0.0,0.0,False
Patient#23,D:\Research\Multi-View Fusion Network\datasets\AJBDS-2023_extracted\AJBDS-2023\Training\Patient#23\input\IMG-0003-00017.jpg,1.0,1.0,1.0,1.0,1.0,,True,0.0,0.0,False
Patient#23,D:\Research\Multi-View Fusion Network\datasets\AJBDS-2023_extracted\AJBDS-2023\Training\Patient#23\input\IMG-0003-00018.jpg,1.0,1.0,1.0,1.0,1.0,,True,0.0,0.0,False
Patient#23,D:\Research\Multi-View Fusion Network\datasets\AJBDS-2023_extracted\AJBDS-2023\Training\Patient#23\input\IMG-0003-00019.jpg,1.0,1.0,1.0,1.0,1.0,,True,0.0,0.0,False
Patient#23,D:\Research\Multi-View Fusion Network\datasets\AJBDS-2023_extracted\AJBDS-2023\Training\Patient#23\input\IMG-0003-00020.jpg,1.0,1.0,1.0,1.0,1.0,,True,0.0,0.0,False
Patient#23,D:\Research\Multi-View Fusion Network\datasets\AJBDS-2023_extracted\AJBDS-2023\Training\Patient#23\input\IMG-0003-00021.jpg,1.999999943436137e-09,1.999999943436137e-09,1.0,0.9900350570678712,1.999999943436137e-09,,True,500.0,0.0,True
Patient#23,D:\Research\Multi-View Fusion Network\datasets\AJBDS-2023_extracted\AJBDS-2023\Training\Patient#23\input\IMG-0003-00022.jpg,1.0,1.0,1.0,1.0,1.0,,True,0.0,0.0,False
Patient#23,D:\Research\Multi-View Fusion Network\datasets\AJBDS-2023_extracted\AJBDS-2023\Training\Patient#23\input\IMG-0003-00023.jpg,7.593014550444366e-10,7.593014550444366e-10,1.0,0.9737523794174194,7.593014550444366e-10,,True,1317.0,0.0,True
Patient#23,D:\Research\Multi-View Fusion Network\datasets\AJBDS-2023_extracted\AJBDS-2023\Training\Patient#23\input\IMG-0004-00007.jpg,1.0,1.0,1.0,1.0,1.0,,True,0.0,0.0,False
Patient#23,D:\Research\Multi-View Fusion Network\datasets\AJBDS-2023_extracted\AJBDS-2023\Training\Patient#23\input\IMG-0004-00009.jpg,1.0,1.0,1.0,1.0,1.0,,True,0.0,0.0,False
Patient#23,D:\Research\Multi-View Fusion Network\datasets\AJBDS-2023_extracted\AJBDS-2023\Training\Patient#23\input\IMG-0004-00010.jpg,1.0,1.0,1.0,1.0,1.0,,True,0.0,0.0,False
Patient#23,D:\Research\Multi-View Fusion Network\datasets\AJBDS-2023_extracted\AJBDS-2023\Training\Patient#23\input\IMG-0004-00011.jpg,1.0,1.0,1.0,1.0,1.0,,True,0.0,0.0,False
Patient#23,D:\Research\Multi-View Fusion Network\datasets\AJBDS-2023_extracted\AJBDS-2023\Training\Patient#23\input\IMG-0004-00012.jpg,1.0,1.0,1.0,1.0,1.0,,True,0.0,0.0,False
Patient#23,D:\Research\Multi-View Fusion Network\datasets\AJBDS-2023_extracted\AJBDS-2023\Training\Patient#23\input\IMG-0004-00013.jpg,1.0,1.0,1.0,1.0,1.0,,True,0.0,0.0,False
Patient#23,D:\Research\Multi-View Fusion Network\datasets\AJBDS-2023_extracted\AJBDS-2023\Training\Patient#23\input\IMG-0004-00014.jpg,1.0,1.0,1.0,1.0,1.0,,True,0.0,0.0,False
Patient#23,D:\Research\Multi-View Fusion Network\datasets\AJBDS-2023_extracted\AJBDS-2023\Training\Patient#23\input\IMG-0004-00015.jpg,1.0,1.0,1.0,1.0,1.0,,True,0.0,0.0,False
Patient#23,D:\Research\Multi-View Fusion Network\datasets\AJBDS-2023_extracted\AJBDS-2023\Training\Patient#23\input\IMG-0004-00016.jpg,1.0,1.0,1.0,1.0,1.0,,True,0.0,0.0,False
Patient#23,D:\Research\Multi-View Fusion Network\datasets\AJBDS-2023_extracted\AJBDS-2023\Training\Patient#23\input\IMG-0004-00017.jpg,1.0,1.0,1.0,1.0,1.0,,True,0.0,0.0,False
Patient#23,D:\Research\Multi-View Fusion Network\datasets\AJBDS-2023_extracted\AJBDS-2023\Training\Patient#23\input\IMG-0004-00018.jpg,1.0,1.0,1.0,1.0,1.0,,True,0.0,0.0,False
Patient#23,D:\Research\Multi-View Fusion Network\datasets\AJBDS-2023_extracted\AJBDS-2023\Training\Patient#23\input\IMG-0004-00019.jpg,1.0,1.0,1.0,1.0,1.0,,True,0.0,0.0,False
Patient#23,D:\Research\Multi-View Fusion Network\datasets\AJBDS-2023_extracted\AJBDS-2023\Training\Patient#23\input\IMG-0004-00020.jpg,1.0,1.0,1.0,1.0,1.0,,True,0.0,0.0,False
Patient#23,D:\Research\Multi-View Fusion Network\datasets\AJBDS-2023_extracted\AJBDS-2023\Training\Patient#23\input\IMG-0004-00021.jpg,1.0,1.0,1.0,1.0,1.0,,True,0.0,0.0,False
Patient#23,D:\Research\Multi-View Fusion Network\datasets\AJBDS-2023_extracted\AJBDS-2023\Training\Patient#23\input\IMG-0004-00022.jpg,1.0,1.0,1.0,1.0,1.0,,True,0.0,0.0,False
Patient#23,D:\Research\Multi-View Fusion Network\datasets\AJBDS-2023_extracted\AJBDS-2023\Training\Patient#23\input\IMG-0004-00030.jpg,1.0,1.0,1.0,1.0,1.0,,True,0.0,0.0,False
Patient#23,D:\Research\Multi-View Fusion Network\datasets\AJBDS-2023_extracted\AJBDS-2023\Training\Patient#23\input\IMG-0004-00037.jpg,1.0,1.0,1.0,1.0,1.0,,True,0.0,0.0,False
Patient#23,D:\Research\Multi-View Fusion Network\datasets\AJBDS-2023_extracted\AJBDS-2023\Training\Patient#23\input\IMG-0004-00038.jpg,1.0,1.0,1.0,1.0,1.0,,True,0.0,0.0,False
Patient#23,D:\Research\Multi-View Fusion Network\datasets\AJBDS-2023_extracted\AJBDS-2023\Training\Patient#23\input\IMG-0004-00039.jpg,1.0,1.0,1.0,1.0,1.0,,True,0.0,0.0,False
Patient#23,D:\Research\Multi-View Fusion Network\datasets\AJBDS-2023_extracted\AJBDS-2023\Training\Patient#23\input\IMG-0004-00040.jpg,1.0,1.0,1.0,1.0,1.0,,True,0.0,0.0,False
Patient#23,D:\Research\Multi-View Fusion Network\datasets\AJBDS-2023_extracted\AJBDS-2023\Training\Patient#23\input\IMG-0004-00041.jpg,1.0,1.0,1.0,1.0,1.0,,True,0.0,0.0,False
Patient#23,D:\Research\Multi-View Fusion Network\datasets\AJBDS-2023_extracted\AJBDS-2023\Training\Patient#23\input\IMG-0004-00042.jpg,1.0,1.0,1.0,1.0,1.0,,True,0.0,0.0,False
Patient#23,D:\Research\Multi-View Fusion Network\datasets\AJBDS-2023_extracted\AJBDS-2023\Training\Patient#23\input\IMG-0004-00043.jpg,1.0,1.0,1.0,1.0,1.0,,True,0.0,0.0,False
Patient#23,D:\Research\Multi-View Fusion Network\datasets\AJBDS-2023_extracted\AJBDS-2023\Training\Patient#23\input\IMG-0004-00044.jpg,1.0,1.0,1.0,1.0,1.0,,True,0.0,0.0,False
Patient#23,D:\Research\Multi-View Fusion Network\datasets\AJBDS-2023_extracted\AJBDS-2023\Training\Patient#23\input\IMG-0004-00045.jpg,4.166666733862456e-10,4.166666733862456e-10,1.0,0.952168345451355,4.166666733862456e-10,,True,2400.0,0.0,True
Patient#23,D:\Research\Multi-View Fusion Network\datasets\AJBDS-2023_extracted\AJBDS-2023\Training\Patient#23\input\IMG-0004-00046.jpg,4.444444368090217e-09,4.444444368090217e-09,1.0,0.995515763759613,4.444444368090217e-09,,True,225.0,0.0,True
Patient#23,D:\Research\Multi-View Fusion Network\datasets\AJBDS-2023_extracted\AJBDS-2023\Training\Patient#23\input\IMG-0005-00001.jpg,1.0,1.0,1.0,1.0,1.0,,True,0.0,0.0,False
Patient#23,D:\Research\Multi-View Fusion Network\datasets\AJBDS-2023_extracted\AJBDS-2023\Training\Patient#23\input\IMG-0005-00002.jpg,1.0,1.0,1.0,1.0,1.0,,True,0.0,0.0,False
Patient#23,D:\Research\Multi-View Fusion Network\datasets\AJBDS-2023_extracted\AJBDS-2023\Training\Patient#23\input\IMG-0005-00003.jpg,1.0,1.0,1.0,1.0,1.0,,True,0.0,0.0,False
Patient#23,D:\Research\Multi-View Fusion Network\datasets\AJBDS-2023_extracted\AJBDS-2023\Training\Patient#23\input\IMG-0005-00004.jpg,1.0,1.0,1.0,1.0,1.0,,True,0.0,0.0,False
Patient#23,D:\Research\Multi-View Fusion Network\datasets\AJBDS-2023_extracted\AJBDS-2023\Training\Patient#23\input\IMG-0005-00014.jpg,2.9086677511003245e-10,2.9086677511003245e-10,1.0,0.9314811825752258,2.9086677511003245e-10,,True,3438.0,0.0,True
Patient#23,D:\Research\Multi-View Fusion Network\datasets\AJBDS-2023_extracted\AJBDS-2023\Training\Patient#23\input\IMG-0005-00015.jpg,3.5663338948666023e-10,3.5663338948666023e-10,1.0,0.944116711616516,3.5663338948666023e-10,,True,2804.0,0.0,True
Patient#23,D:\Research\Multi-View Fusion Network\datasets\AJBDS-2023_extracted\AJBDS-2023\Training\Patient#23\input\IMG-0005-00016.jpg,4.629629735131146e-10,4.629629735131146e-10,1.0,0.9569515585899352,4.629629735131146e-10,,True,2160.0,0.0,True
Patient#23,D:\Research\Multi-View Fusion Network\datasets\AJBDS-2023_extracted\AJBDS-2023\Training\Patient#23\input\IMG-0005-00017.jpg,1.0,1.0,1.0,1.0,1.0,,True,0.0,0.0,False
Patient#23,D:\Research\Multi-View Fusion Network\datasets\AJBDS-2023_extracted\AJBDS-2023\Training\Patient#23\input\IMG-0005-00018.jpg,1.0,1.0,1.0,1.0,1.0,,True,0.0,0.0,False
Patient#23,D:\Research\Multi-View Fusion Network\datasets\AJBDS-2023_extracted\AJBDS-2023\Training\Patient#23\input\IMG-0005-00019.jpg,1.0,1.0,1.0,1.0,1.0,,True,0.0,0.0,False
Patient#23,D:\Research\Multi-View Fusion Network\datasets\AJBDS-2023_extracted\AJBDS-2023\Training\Patient#23\input\IMG-0005-00020.jpg,1.0,1.0,1.0,1.0,1.0,,True,0.0,0.0,False
Patient#23,D:\Research\Multi-View Fusion Network\datasets\AJBDS-2023_extracted\AJBDS-2023\Training\Patient#23\input\IMG-0005-00021.jpg,1.0,1.0,1.0,1.0,1.0,,True,0.0,0.0,False
Patient#23,D:\Research\Multi-View Fusion Network\datasets\AJBDS-2023_extracted\AJBDS-2023\Training\Patient#23\input\IMG-0005-00022.jpg,2.846569924219722e-10,2.846569924219722e-10,1.0,0.9299864768981934,2.846569924219722e-10,,True,3513.0,0.0,True
Patient#23,D:\Research\Multi-View Fusion Network\datasets\AJBDS-2023_extracted\AJBDS-2023\Training\Patient#23\input\IMG-0005-00023.jpg,1.0,1.0,1.0,1.0,1.0,,True,0.0,0.0,False
Patient#23,D:\Research\Multi-View Fusion Network\datasets\AJBDS-2023_extracted\AJBDS-2023\Training\Patient#23\input\IMG-0006-00001.jpg,1.0,1.0,1.0,1.0,1.0,,True,0.0,0.0,False
Patient#23,D:\Research\Multi-View Fusion Network\datasets\AJBDS-2023_extracted\AJBDS-2023\Training\Patient#23\input\IMG-0006-00002.jpg,1.0,1.0,1.0,1.0,1.0,,True,0.0,0.0,False
Patient#23,D:\Research\Multi-View Fusion Network\datasets\AJBDS-2023_extracted\AJBDS-2023\Training\Patient#23\input\IMG-0006-00003.jpg,1.0,1.0,1.0,1.0,1.0,,True,0.0,0.0,False
Patient#23,D:\Research\Multi-View Fusion Network\datasets\AJBDS-2023_extracted\AJBDS-2023\Training\Patient#23\input\IMG-0006-00004.jpg,1.0,1.0,1.0,1.0,1.0,,True,0.0,0.0,False
Patient#23,D:\Research\Multi-View Fusion Network\datasets\AJBDS-2023_extracted\AJBDS-2023\Training\Patient#23\input\IMG-0006-00005.jpg,6.1349694213674866e-09,6.1349694213674866e-09,1.0,0.9967514276504515,6.1349694213674866e-09,,True,163.0,0.0,True
Patient#23,D:\Research\Multi-View Fusion Network\datasets\AJBDS-2023_extracted\AJBDS-2023\Training\Patient#23\input\IMG-0006-00006.jpg,1.0,1.0,1.0,1.0,1.0,,True,0.0,0.0,False
Patient#23,D:\Research\Multi-View Fusion Network\datasets\AJBDS-2023_extracted\AJBDS-2023\Training\Patient#23\input\IMG-0006-00007.jpg,1.0,1.0,1.0,1.0,1.0,,True,0.0,0.0,False
Patient#23,D:\Research\Multi-View Fusion Network\datasets\AJBDS-2023_extracted\AJBDS-2023\Training\Patient#23\input\IMG-0006-00008.jpg,8.130081496915409e-09,8.130081496915409e-09,1.0,0.9975486397743224,8.130081496915409e-09,,True,123.0,0.0,True
Patient#23,D:\Research\Multi-View Fusion Network\datasets\AJBDS-2023_extracted\AJBDS-2023\Training\Patient#23\input\IMG-0006-00009.jpg,1.0,1.0,1.0,1.0,1.0,,True,0.0,0.0,False
Patient#23,D:\Research\Multi-View Fusion Network\datasets\AJBDS-2023_extracted\AJBDS-2023\Training\Patient#23\input\IMG-0006-00010.jpg,1.0,1.0,1.0,1.0,1.0,,True,0.0,0.0,False
Patient#23,D:\Research\Multi-View Fusion Network\datasets\AJBDS-2023_extracted\AJBDS-2023\Training\Patient#23\input\IMG-0006-00011.jpg,1.0,1.0,1.0,1.0,1.0,,True,0.0,0.0,False
Patient#23,D:\Research\Multi-View Fusion Network\datasets\AJBDS-2023_extracted\AJBDS-2023\Training\Patient#23\input\IMG-0006-00012.jpg,1.0,1.0,1.0,1.0,1.0,,True,0.0,0.0,False
Patient#23,D:\Research\Multi-View Fusion Network\datasets\AJBDS-2023_extracted\AJBDS-2023\Training\Patient#23\input\IMG-0006-00013.jpg,3.2154341411683163e-09,3.2154341411683163e-09,1.0,0.9938018321990968,3.2154341411683163e-09,,True,311.0,0.0,True
Patient#23,D:\Research\Multi-View Fusion Network\datasets\AJBDS-2023_extracted\AJBDS-2023\Training\Patient#23\input\IMG-0006-00014.jpg,1.0,1.0,1.0,1.0,1.0,,True,0.0,0.0,False
Patient#23,D:\Research\Multi-View Fusion Network\datasets\AJBDS-2023_extracted\AJBDS-2023\Training\Patient#23\input\IMG-0006-00015.jpg,7.507507393533784e-10,7.507507393533784e-10,1.0,0.9734534621238708,7.507507393533784e-10,,True,1332.0,0.0,True
Patient#23,D:\Research\Multi-View Fusion Network\datasets\AJBDS-2023_extracted\AJBDS-2023\Training\Patient#23\input\IMG-0006-00016.jpg,1.0,1.0,1.0,1.0,1.0,,True,0.0,0.0,False
Patient#23,D:\Research\Multi-View Fusion Network\datasets\AJBDS-2023_extracted\AJBDS-2023\Training\Patient#23\input\IMG-0006-00017.jpg,1.0,1.0,1.0,1.0,1.0,,True,0.0,0.0,False
Patient#23,D:\Research\Multi-View Fusion Network\datasets\AJBDS-2023_extracted\AJBDS-2023\Training\Patient#23\input\IMG-0006-00018.jpg,1.0,1.0,1.0,1.0,1.0,,True,0.0,0.0,False
Patient#23,D:\Research\Multi-View Fusion Network\datasets\AJBDS-2023_extracted\AJBDS-2023\Training\Patient#23\input\IMG-0006-00019.jpg,1.0,1.0,1.0,1.0,1.0,,True,0.0,0.0,False
Patient#23,D:\Research\Multi-View Fusion Network\datasets\AJBDS-2023_extracted\AJBDS-2023\Training\Patient#23\input\IMG-0006-00020.jpg,1.0,1.0,1.0,1.0,1.0,,True,0.0,0.0,False
Patient#23,D:\Research\Multi-View Fusion Network\datasets\AJBDS-2023_extracted\AJBDS-2023\Training\Patient#23\input\IMG-0006-00021.jpg,1.0,1.0,1.0,1.0,1.0,,True,0.0,0.0,False
Patient#23,D:\Research\Multi-View Fusion Network\datasets\AJBDS-2023_extracted\AJBDS-2023\Training\Patient#23\input\IMG-0006-00022.jpg,1.0,1.0,1.0,1.0,1.0,,True,0.0,0.0,False
Patient#23,D:\Research\Multi-View Fusion Network\datasets\AJBDS-2023_extracted\AJBDS-2023\Training\Patient#23\input\IMG-0006-00023.jpg,6.756756820713861e-10,6.756756820713861e-10,1.0,0.9705038070678712,6.756756820713861e-10,,True,1480.0,0.0,True
Patient#23,D:\Research\Multi-View Fusion Network\datasets\AJBDS-2023_extracted\AJBDS-2023\Training\Patient#23\input\IMG-0007-00001.jpg,1.0,1.0,1.0,1.0,1.0,,True,0.0,0.0,False
Patient#23,D:\Research\Multi-View Fusion Network\datasets\AJBDS-2023_extracted\AJBDS-2023\Training\Patient#23\input\IMG-0007-00002.jpg,4.999999347887752e-08,4.999999347887752e-08,1.0,0.999601423740387,4.999999347887752e-08,,True,20.0,0.0,True
Patient#23,D:\Research\Multi-View Fusion Network\datasets\AJBDS-2023_extracted\AJBDS-2023\Training\Patient#23\input\IMG-0007-00003.jpg,2.702702772694465e-08,2.702702772694465e-08,1.0,0.9992625713348388,2.702702772694465e-08,,True,37.0,0.0,True
Patient#23,D:\Research\Multi-View Fusion Network\datasets\AJBDS-2023_extracted\AJBDS-2023\Training\Patient#23\input\IMG-0007-00004.jpg,2.0408164047580613e-08,2.0408164047580613e-08,1.0,0.9990234375,2.0408164047580613e-08,,True,49.0,0.0,True
Patient#23,D:\Research\Multi-View Fusion Network\datasets\AJBDS-2023_extracted\AJBDS-2023\Training\Patient#23\input\IMG-0007-00005.jpg,9.009008650195938e-09,9.009008650195938e-09,1.0,0.9977877736091614,9.009008650195938e-09,,True,111.0,0.0,True
Patient#23,D:\Research\Multi-View Fusion Network\datasets\AJBDS-2023_extracted\AJBDS-2023\Training\Patient#23\input\IMG-0007-00006.jpg,1.1627906637556862e-08,1.1627906637556862e-08,1.0,0.9982860088348388,1.1627906637556862e-08,,True,86.0,0.0,True
Patient#23,D:\Research\Multi-View Fusion Network\datasets\AJBDS-2023_extracted\AJBDS-2023\Training\Patient#23\input\IMG-0007-00007.jpg,1.0,1.0,1.0,1.0,1.0,,True,0.0,0.0,False
Patient#23,D:\Research\Multi-View Fusion Network\datasets\AJBDS-2023_extracted\AJBDS-2023\Training\Patient#23\input\IMG-0007-00008.jpg,2.421307598865496e-09,2.421307598865496e-09,1.0,0.9917689561843872,2.421307598865496e-09,,True,413.0,0.0,True
Patient#23,D:\Research\Multi-View Fusion Network\datasets\AJBDS-2023_extracted\AJBDS-2023\Training\Patient#23\input\IMG-0007-00009.jpg,6.523157014548531e-10,6.523157014548531e-10,1.0,0.9694475531578064,6.523157014548531e-10,,True,1533.0,0.0,True
Patient#23,D:\Research\Multi-View Fusion Network\datasets\AJBDS-2023_extracted\AJBDS-2023\Training\Patient#23\input\IMG-0007-00010.jpg,1.1337868421890107e-09,1.1337868421890107e-09,1.0,0.982421875,1.1337868421890107e-09,,True,882.0,0.0,True
Patient#23,D:\Research\Multi-View Fusion Network\datasets\AJBDS-2023_extracted\AJBDS-2023\Training\Patient#23\input\IMG-0007-00011.jpg,1.0,1.0,1.0,1.0,1.0,,True,0.0,0.0,False
Patient#23,D:\Research\Multi-View Fusion Network\datasets\AJBDS-2023_extracted\AJBDS-2023\Training\Patient#23\input\IMG-0007-00012.jpg,6.715916711641511e-10,6.715916711641511e-10,1.0,0.970324456691742,6.715916711641511e-10,,True,1489.0,0.0,True
Patient#23,D:\Research\Multi-View Fusion Network\datasets\AJBDS-2023_extracted\AJBDS-2023\Training\Patient#23\input\IMG-0007-00013.jpg,4.885197801840491e-10,4.885197801840491e-10,1.0,0.959203600883484,4.885197801840491e-10,,True,2047.0,0.0,True
Patient#23,D:\Research\Multi-View Fusion Network\datasets\AJBDS-2023_extracted\AJBDS-2023\Training\Patient#23\input\IMG-0007-00014.jpg,1.012145700585165e-09,1.012145700585165e-09,1.0,0.9803093075752258,1.012145700585165e-09,,True,988.0,0.0,True
Patient#23,D:\Research\Multi-View Fusion Network\datasets\AJBDS-2023_extracted\AJBDS-2023\Training\Patient#23\input\IMG-0007-00015.jpg,1.2033694041235774e-09,1.2033694041235774e-09,1.0,0.9834383130073548,1.2033694041235774e-09,,True,831.0,0.0,True
Patient#23,D:\Research\Multi-View Fusion Network\datasets\AJBDS-2023_extracted\AJBDS-2023\Training\Patient#23\input\IMG-0007-00016.jpg,1.0,1.0,1.0,1.0,1.0,,True,0.0,0.0,False
Patient#23,D:\Research\Multi-View Fusion Network\datasets\AJBDS-2023_extracted\AJBDS-2023\Training\Patient#23\input\IMG-0007-00017.jpg,1.0,1.0,1.0,1.0,1.0,,True,0.0,0.0,False
Patient#23,D:\Research\Multi-View Fusion Network\datasets\AJBDS-2023_extracted\AJBDS-2023\Training\Patient#23\input\IMG-0007-00018.jpg,1.0,1.0,1.0,1.0,1.0,,True,0.0,0.0,False
Patient#23,D:\Research\Multi-View Fusion Network\datasets\AJBDS-2023_extracted\AJBDS-2023\Training\Patient#23\input\IMG-0007-00019.jpg,1.0,1.0,1.0,1.0,1.0,,True,0.0,0.0,False
Patient#23,D:\Research\Multi-View Fusion Network\datasets\AJBDS-2023_extracted\AJBDS-2023\Training\Patient#23\input\IMG-0007-00020.jpg,1.0,1.0,1.0,1.0,1.0,,True,0.0,0.0,False
Patient#23,D:\Research\Multi-View Fusion Network\datasets\AJBDS-2023_extracted\AJBDS-2023\Training\Patient#23\input\IMG-0007-00021.jpg,1.210653799432748e-09,1.210653799432748e-09,1.0,0.9835379719734192,1.210653799432748e-09,,True,826.0,0.0,True
Patient#23,D:\Research\Multi-View Fusion Network\datasets\AJBDS-2023_extracted\AJBDS-2023\Training\Patient#23\input\IMG-0008-00001.jpg,1.9841270848530712e-09,1.9841270848530712e-09,1.0,0.9899553656578064,1.9841270848530712e-09,,True,504.0,0.0,True
Patient#23,D:\Research\Multi-View Fusion Network\datasets\AJBDS-2023_extracted\AJBDS-2023\Training\Patient#23\input\IMG-0008-00002.jpg,1.0,1.0,1.0,1.0,1.0,,True,0.0,0.0,False
Patient#23,D:\Research\Multi-View Fusion Network\datasets\AJBDS-2023_extracted\AJBDS-2023\Training\Patient#23\input\IMG-0008-00003.jpg,1.0,1.0,1.0,1.0,1.0,,True,0.0,0.0,False
Patient#23,D:\Research\Multi-View Fusion Network\datasets\AJBDS-2023_extracted\AJBDS-2023\Training\Patient#23\input\IMG-0008-00004.jpg,1.0,1.0,1.0,1.0,1.0,,True,0.0,0.0,False
Patient#23,D:\Research\Multi-View Fusion Network\datasets\AJBDS-2023_extracted\AJBDS-2023\Training\Patient#23\input\IMG-0008-00005.jpg,1.0,1.0,1.0,1.0,1.0,,True,0.0,0.0,False
Patient#23,D:\Research\Multi-View Fusion Network\datasets\AJBDS-2023_extracted\AJBDS-2023\Training\Patient#23\input\IMG-0008-00006.jpg,1.0,1.0,1.0,1.0,1.0,,True,0.0,0.0,False
Patient#23,D:\Research\Multi-View Fusion Network\datasets\AJBDS-2023_extracted\AJBDS-2023\Training\Patient#23\input\IMG-0008-00007.jpg,1.0,1.0,1.0,1.0,1.0,,True,0.0,0.0,False
Patient#23,D:\Research\Multi-View Fusion Network\datasets\AJBDS-2023_extracted\AJBDS-2023\Training\Patient#23\input\IMG-0008-00008.jpg,1.886792411198712e-08,1.886792411198712e-08,1.0,0.9989437460899352,1.886792411198712e-08,,True,53.0,0.0,True
Patient#23,D:\Research\Multi-View Fusion Network\datasets\AJBDS-2023_extracted\AJBDS-2023\Training\Patient#23\input\IMG-0008-00009.jpg,1.5624999960550667e-08,1.5624999960550667e-08,1.0,0.9987244606018066,1.5624999960550667e-08,,True,64.0,0.0,True
Patient#23,D:\Research\Multi-View Fusion Network\datasets\AJBDS-2023_extracted\AJBDS-2023\Training\Patient#23\input\IMG-0008-00010.jpg,1.0,1.0,1.0,1.0,1.0,,True,0.0,0.0,False
Patient#23,D:\Research\Multi-View Fusion Network\datasets\AJBDS-2023_extracted\AJBDS-2023\Training\Patient#23\input\IMG-0008-00011.jpg,1.0,1.0,1.0,1.0,1.0,,True,0.0,0.0,False
Patient#23,D:\Research\Multi-View Fusion Network\datasets\AJBDS-2023_extracted\AJBDS-2023\Training\Patient#23\input\IMG-0008-00012.jpg,7.315288930165308e-10,7.315288930165308e-10,1.0,0.9727559089660645,7.315288930165308e-10,,True,1367.0,0.0,True
Patient#23,D:\Research\Multi-View Fusion Network\datasets\AJBDS-2023_extracted\AJBDS-2023\Training\Patient#23\input\IMG-0008-00013.jpg,1.0,1.0,1.0,1.0,1.0,,True,0.0,0.0,False
Patient#23,D:\Research\Multi-View Fusion Network\datasets\AJBDS-2023_extracted\AJBDS-2023\Training\Patient#23\input\IMG-0008-00014.jpg,1.0,1.0,1.0,1.0,1.0,,True,0.0,0.0,False
Patient#23,D:\Research\Multi-View Fusion Network\datasets\AJBDS-2023_extracted\AJBDS-2023\Training\Patient#23\input\IMG-0008-00015.jpg,3.846153617814707e-09,3.846153617814707e-09,1.0,0.9948182106018066,3.846153617814707e-09,,True,260.0,0.0,True
Patient#23,D:\Research\Multi-View Fusion Network\datasets\AJBDS-2023_extracted\AJBDS-2023\Training\Patient#23\input\IMG-0008-00016.jpg,1.612903233194629e-08,1.612903233194629e-08,1.0,0.9987643361091614,1.612903233194629e-08,,True,62.0,0.0,True
Patient#23,D:\Research\Multi-View Fusion Network\datasets\AJBDS-2023_extracted\AJBDS-2023\Training\Patient#23\input\IMG-0008-00017.jpg,1.0,1.0,1.0,1.0,1.0,,True,0.0,0.0,False
Patient#23,D:\Research\Multi-View Fusion Network\datasets\AJBDS-2023_extracted\AJBDS-2023\Training\Patient#23\input\IMG-0008-00018.jpg,5.698005955956376e-10,5.698005955956376e-10,1.0,0.9650231003761292,5.698005955956376e-10,,True,1755.0,0.0,True
Patient#23,D:\Research\Multi-View Fusion Network\datasets\AJBDS-2023_extracted\AJBDS-2023\Training\Patient#23\input\IMG-0008-00021.jpg,8.333332601750953e-08,8.333332601750953e-08,1.0,0.9997608661651612,8.333332601750953e-08,,True,12.0,0.0,True
Patient#23,D:\Research\Multi-View Fusion Network\datasets\AJBDS-2023_extracted\AJBDS-2023\Training\Patient#23\input\IMG-0008-00022.jpg,1.240694769144568e-09,1.240694769144568e-09,1.0,0.9839365482330322,1.240694769144568e-09,,True,806.0,0.0,True
Patient#23,D:\Research\Multi-View Fusion Network\datasets\AJBDS-2023_extracted\AJBDS-2023\Training\Patient#23\input\IMG-0008-00023.jpg,1.0,1.0,1.0,1.0,1.0,,True,0.0,0.0,False
Patient#23,D:\Research\Multi-View Fusion Network\datasets\AJBDS-2023_extracted\AJBDS-2023\Training\Patient#23\input\IMG-0008-00024.jpg,2.049180380936377e-09,2.049180380936377e-09,1.0,0.9902742505073548,2.049180380936377e-09,,True,488.0,0.0,True
Patient#23,D:\Research\Multi-View Fusion Network\datasets\AJBDS-2023_extracted\AJBDS-2023\Training\Patient#23\input\IMG-0008-00025.jpg,1.0,1.0,1.0,1.0,1.0,,True,0.0,0.0,False
Patient#23,D:\Research\Multi-View Fusion Network\datasets\AJBDS-2023_extracted\AJBDS-2023\Training\Patient#23\input\IMG-0009-00001.jpg,1.0,1.0,1.0,1.0,1.0,,True,0.0,0.0,False
Patient#23,D:\Research\Multi-View Fusion Network\datasets\AJBDS-2023_extracted\AJBDS-2023\Training\Patient#23\input\IMG-0009-00002.jpg,1.0,1.0,1.0,1.0,1.0,,True,0.0,0.0,False
Patient#23,D:\Research\Multi-View Fusion Network\datasets\AJBDS-2023_extracted\AJBDS-2023\Training\Patient#23\input\IMG-0009-00003.jpg,1.0,1.0,1.0,1.0,1.0,,True,0.0,0.0,False
Patient#23,D:\Research\Multi-View Fusion Network\datasets\AJBDS-2023_extracted\AJBDS-2023\Training\Patient#23\input\IMG-0009-00004.jpg,1.0,1.0,1.0,1.0,1.0,,True,0.0,0.0,False
Patient#23,D:\Research\Multi-View Fusion Network\datasets\AJBDS-2023_extracted\AJBDS-2023\Training\Patient#23\input\IMG-0009-00005.jpg,1.0,1.0,1.0,1.0,1.0,,True,0.0,0.0,False
Patient#23,D:\Research\Multi-View Fusion Network\datasets\AJBDS-2023_extracted\AJBDS-2023\Training\Patient#23\input\IMG-0009-00006.jpg,1.0,1.0,1.0,1.0,1.0,,True,0.0,0.0,False
Patient#23,D:\Research\Multi-View Fusion Network\datasets\AJBDS-2023_extracted\AJBDS-2023\Training\Patient#23\input\IMG-0009-00007.jpg,1.0,1.0,1.0,1.0,1.0,,True,0.0,0.0,False
Patient#23,D:\Research\Multi-View Fusion Network\datasets\AJBDS-2023_extracted\AJBDS-2023\Training\Patient#23\input\IMG-0009-00008.jpg,1.0,1.0,1.0,1.0,1.0,,True,0.0,0.0,False
Patient#23,D:\Research\Multi-View Fusion Network\datasets\AJBDS-2023_extracted\AJBDS-2023\Training\Patient#23\input\IMG-0009-00009.jpg,1.0,1.0,1.0,1.0,1.0,,True,0.0,0.0,False
Patient#23,D:\Research\Multi-View Fusion Network\datasets\AJBDS-2023_extracted\AJBDS-2023\Training\Patient#23\input\IMG-0009-00010.jpg,1.0,1.0,1.0,1.0,1.0,,True,0.0,0.0,False
Patient#23,D:\Research\Multi-View Fusion Network\datasets\AJBDS-2023_extracted\AJBDS-2023\Training\Patient#23\input\IMG-0009-00011.jpg,1.0,1.0,1.0,1.0,1.0,,True,0.0,0.0,False
Patient#23,D:\Research\Multi-View Fusion Network\datasets\AJBDS-2023_extracted\AJBDS-2023\Training\Patient#23\input\IMG-0009-00012.jpg,1.0,1.0,1.0,1.0,1.0,,True,0.0,0.0,False
Patient#23,D:\Research\Multi-View Fusion Network\datasets\AJBDS-2023_extracted\AJBDS-2023\Training\Patient#23\input\IMG-0009-00013.jpg,1.0,1.0,1.0,1.0,1.0,,True,0.0,0.0,False
Patient#23,D:\Research\Multi-View Fusion Network\datasets\AJBDS-2023_extracted\AJBDS-2023\Training\Patient#23\input\IMG-0009-00014.jpg,1.0,1.0,1.0,1.0,1.0,,True,0.0,0.0,False
Patient#23,D:\Research\Multi-View Fusion Network\datasets\AJBDS-2023_extracted\AJBDS-2023\Training\Patient#23\input\IMG-0009-00015.jpg,1.666666626931601e-08,1.666666626931601e-08,1.0,0.998804211616516,1.666666626931601e-08,,True,60.0,0.0,True
Patient#23,D:\Research\Multi-View Fusion Network\datasets\AJBDS-2023_extracted\AJBDS-2023\Training\Patient#23\input\IMG-0009-00016.jpg,1.0,1.0,1.0,1.0,1.0,,True,0.0,0.0,False
Patient#23,D:\Research\Multi-View Fusion Network\datasets\AJBDS-2023_extracted\AJBDS-2023\Training\Patient#23\input\IMG-0009-00017.jpg,1.0,1.0,1.0,1.0,1.0,,True,0.0,0.0,False
Patient#23,D:\Research\Multi-View Fusion Network\datasets\AJBDS-2023_extracted\AJBDS-2023\Training\Patient#23\input\IMG-0009-00018.jpg,1.0,1.0,1.0,1.0,1.0,,True,0.0,0.0,False
Patient#23,D:\Research\Multi-View Fusion Network\datasets\AJBDS-2023_extracted\AJBDS-2023\Training\Patient#23\input\IMG-0009-00019.jpg,1.0,1.0,1.0,1.0,1.0,,True,0.0,0.0,False
Patient#23,D:\Research\Multi-View Fusion Network\datasets\AJBDS-2023_extracted\AJBDS-2023\Training\Patient#23\input\IMG-0009-00020.jpg,1.0,1.0,1.0,1.0,1.0,,True,0.0,0.0,False
Patient#23,D:\Research\Multi-View Fusion Network\datasets\AJBDS-2023_extracted\AJBDS-2023\Training\Patient#23\input\IMG-0009-00021.jpg,1.0,1.0,1.0,1.0,1.0,,True,0.0,0.0,False
Patient#23,D:\Research\Multi-View Fusion Network\datasets\AJBDS-2023_extracted\AJBDS-2023\Training\Patient#23\input\IMG-0009-00022.jpg,1.893939449715276e-09,1.893939449715276e-09,1.0,0.989477038383484,1.893939449715276e-09,,True,528.0,0.0,True
Patient#23,D:\Research\Multi-View Fusion Network\datasets\AJBDS-2023_extracted\AJBDS-2023\Training\Patient#23\input\IMG-0010-00001.jpg,1.0,1.0,1.0,1.0,1.0,,True,0.0,0.0,False
Patient#23,D:\Research\Multi-View Fusion Network\datasets\AJBDS-2023_extracted\AJBDS-2023\Training\Patient#23\input\IMG-0010-00002.jpg,1.0,1.0,1.0,1.0,1.0,,True,0.0,0.0,False
Patient#23,D:\Research\Multi-View Fusion Network\datasets\AJBDS-2023_extracted\AJBDS-2023\Training\Patient#23\input\IMG-0010-00003.jpg,1.0,1.0,1.0,1.0,1.0,,True,0.0,0.0,False
Patient#23,D:\Research\Multi-View Fusion Network\datasets\AJBDS-2023_extracted\AJBDS-2023\Training\Patient#23\input\IMG-0010-00004.jpg,1.0,1.0,1.0,1.0,1.0,,True,0.0,0.0,False
Patient#23,D:\Research\Multi-View Fusion Network\datasets\AJBDS-2023_extracted\AJBDS-2023\Training\Patient#23\input\IMG-0010-00005.jpg,3.194888131829998e-09,3.194888131829998e-09,1.0,0.993761956691742,3.194888131829998e-09,,True,313.0,0.0,True
Patient#23,D:\Research\Multi-View Fusion Network\datasets\AJBDS-2023_extracted\AJBDS-2023\Training\Patient#23\input\IMG-0010-00006.jpg,7.092198384128778e-09,7.092198384128778e-09,1.0,0.9971898794174194,7.092198384128778e-09,,True,141.0,0.0,True
Patient#23,D:\Research\Multi-View Fusion Network\datasets\AJBDS-2023_extracted\AJBDS-2023\Training\Patient#23\input\IMG-0010-00007.jpg,3.039513751801337e-09,3.039513751801337e-09,1.0,0.9934430718421936,3.039513751801337e-09,,True,329.0,0.0,True
Patient#23,D:\Research\Multi-View Fusion Network\datasets\AJBDS-2023_extracted\AJBDS-2023\Training\Patient#23\input\IMG-0010-00008.jpg,1.0,1.0,1.0,1.0,1.0,,True,0.0,0.0,False
Patient#23,D:\Research\Multi-View Fusion Network\datasets\AJBDS-2023_extracted\AJBDS-2023\Training\Patient#23\input\IMG-0010-00009.jpg,1.0,1.0,1.0,1.0,1.0,,True,0.0,0.0,False
Patient#23,D:\Research\Multi-View Fusion Network\datasets\AJBDS-2023_extracted\AJBDS-2023\Training\Patient#23\input\IMG-0010-00013.jpg,1.0,1.0,1.0,1.0,1.0,,True,0.0,0.0,False
Patient#23,D:\Research\Multi-View Fusion Network\datasets\AJBDS-2023_extracted\AJBDS-2023\Training\Patient#23\input\IMG-0010-00015.jpg,1.0,1.0,1.0,1.0,1.0,,True,0.0,0.0,False
Patient#23,D:\Research\Multi-View Fusion Network\datasets\AJBDS-2023_extracted\AJBDS-2023\Training\Patient#23\input\IMG-0010-00016.jpg,1.7421603049072587e-09,1.7421603049072587e-09,1.0,0.9885602593421936,1.7421603049072587e-09,,True,574.0,0.0,True
Patient#23,D:\Research\Multi-View Fusion Network\datasets\AJBDS-2023_extracted\AJBDS-2023\Training\Patient#23\input\IMG-0010-00017.jpg,1.0,1.0,1.0,1.0,1.0,,True,0.0,0.0,False
Patient#23,D:\Research\Multi-View Fusion Network\datasets\AJBDS-2023_extracted\AJBDS-2023\Training\Patient#23\input\IMG-0010-00018.jpg,1.0,1.0,1.0,1.0,1.0,,True,0.0,0.0,False
Patient#23,D:\Research\Multi-View Fusion Network\datasets\AJBDS-2023_extracted\AJBDS-2023\Training\Patient#23\input\IMG-0010-00019.jpg,1.0,1.0,1.0,1.0,1.0,,True,0.0,0.0,False
Patient#23,D:\Research\Multi-View Fusion Network\datasets\AJBDS-2023_extracted\AJBDS-2023\Training\Patient#23\input\IMG-0010-00020.jpg,1.0,1.0,1.0,1.0,1.0,,True,0.0,0.0,False
Patient#23,D:\Research\Multi-View Fusion Network\datasets\AJBDS-2023_extracted\AJBDS-2023\Training\Patient#23\input\IMG-0010-00021.jpg,5.319149121163491e-09,5.319149121163491e-09,1.0,0.9962531924247742,5.319149121163491e-09,,True,188.0,0.0,True
Patient#23,D:\Research\Multi-View Fusion Network\datasets\AJBDS-2023_extracted\AJBDS-2023\Training\Patient#23\input\IMG-0010-00022.jpg,8.673026741234934e-10,8.673026741234934e-10,1.0,0.9770208597183228,8.673026741234934e-10,,True,1153.0,0.0,True
Patient#23,D:\Research\Multi-View Fusion Network\datasets\AJBDS-2023_extracted\AJBDS-2023\Training\Patient#23\input\IMG-0010-00023.jpg,1.0,1.0,1.0,1.0,1.0,,True,0.0,0.0,False
Patient#23,D:\Research\Multi-View Fusion Network\datasets\AJBDS-2023_extracted\AJBDS-2023\Training\Patient#23\input\IMG-0011-00001.jpg,1.0,1.0,1.0,1.0,1.0,,True,0.0,0.0,False
Patient#23,D:\Research\Multi-View Fusion Network\datasets\AJBDS-2023_extracted\AJBDS-2023\Training\Patient#23\input\IMG-0011-00002.jpg,1.0,1.0,1.0,1.0,1.0,,True,0.0,0.0,False
Patient#23,D:\Research\Multi-View Fusion Network\datasets\AJBDS-2023_extracted\AJBDS-2023\Training\Patient#23\input\IMG-0011-00003.jpg,1.0,1.0,1.0,1.0,1.0,,True,0.0,0.0,False
Patient#23,D:\Research\Multi-View Fusion Network\datasets\AJBDS-2023_extracted\AJBDS-2023\Training\Patient#23\input\IMG-0011-00004.jpg,1.0,1.0,1.0,1.0,1.0,,True,0.0,0.0,False
Patient#23,D:\Research\Multi-View Fusion Network\datasets\AJBDS-2023_extracted\AJBDS-2023\Training\Patient#23\input\IMG-0011-00005.jpg,1.0,1.0,1.0,1.0,1.0,,True,0.0,0.0,False
Patient#23,D:\Research\Multi-View Fusion Network\datasets\AJBDS-2023_extracted\AJBDS-2023\Training\Patient#23\input\IMG-0011-00006.jpg,9.680541923628994e-10,9.680541923628994e-10,1.0,0.9794124960899352,9.680541923628994e-10,,True,1033.0,0.0,True
Patient#23,D:\Research\Multi-View Fusion Network\datasets\AJBDS-2023_extracted\AJBDS-2023\Training\Patient#23\input\IMG-0011-00007.jpg,1.0,1.0,1.0,1.0,1.0,,True,0.0,0.0,False
Patient#23,D:\Research\Multi-View Fusion Network\datasets\AJBDS-2023_extracted\AJBDS-2023\Training\Patient#23\input\IMG-0011-00008.jpg,5.8823523829687474e-08,5.8823523829687474e-08,1.0,0.9996612071990968,5.8823523829687474e-08,,True,17.0,0.0,True
Patient#23,D:\Research\Multi-View Fusion Network\datasets\AJBDS-2023_extracted\AJBDS-2023\Training\Patient#23\input\IMG-0011-00009.jpg,1.8587360539612519e-09,1.8587360539612519e-09,1.0,0.989277720451355,1.8587360539612519e-09,,True,538.0,0.0,True
Patient#23,D:\Research\Multi-View Fusion Network\datasets\AJBDS-2023_extracted\AJBDS-2023\Training\Patient#23\input\IMG-0011-00010.jpg,3.367003342802377e-09,3.367003342802377e-09,1.0,0.9940808415412904,3.367003342802377e-09,,True,297.0,0.0,True
Patient#23,D:\Research\Multi-View Fusion Network\datasets\AJBDS-2023_extracted\AJBDS-2023\Training\Patient#23\input\IMG-0011-00011.jpg,1.0,1.0,1.0,1.0,1.0,,True,0.0,0.0,False
Patient#23,D:\Research\Multi-View Fusion Network\datasets\AJBDS-2023_extracted\AJBDS-2023\Training\Patient#23\input\IMG-0011-00012.jpg,1.6103059996552815e-09,1.6103059996552815e-09,1.0,0.9876235723495485,1.6103059996552815e-09,,True,621.0,0.0,True
Patient#23,D:\Research\Multi-View Fusion Network\datasets\AJBDS-2023_extracted\AJBDS-2023\Training\Patient#23\input\IMG-0011-00013.jpg,1.0,1.0,1.0,1.0,1.0,,True,0.0,0.0,False
Patient#23,D:\Research\Multi-View Fusion Network\datasets\AJBDS-2023_extracted\AJBDS-2023\Training\Patient#23\input\IMG-0011-00014.jpg,1.0,1.0,1.0,1.0,1.0,,True,0.0,0.0,False
Patient#23,D:\Research\Multi-View Fusion Network\datasets\AJBDS-2023_extracted\AJBDS-2023\Training\Patient#23\input\IMG-0011-00015.jpg,1.0,1.0,1.0,1.0,1.0,,True,0.0,0.0,False
Patient#23,D:\Research\Multi-View Fusion Network\datasets\AJBDS-2023_extracted\AJBDS-2023\Training\Patient#23\input\IMG-0011-00016.jpg,1.0,1.0,1.0,1.0,1.0,,True,0.0,0.0,False
Patient#23,D:\Research\Multi-View Fusion Network\datasets\AJBDS-2023_extracted\AJBDS-2023\Training\Patient#23\input\IMG-0011-00017.jpg,1.0,1.0,1.0,1.0,1.0,,True,0.0,0.0,False
Patient#23,D:\Research\Multi-View Fusion Network\datasets\AJBDS-2023_extracted\AJBDS-2023\Training\Patient#23\input\IMG-0011-00018.jpg,1.0,1.0,1.0,1.0,1.0,,True,0.0,0.0,False
Patient#23,D:\Research\Multi-View Fusion Network\datasets\AJBDS-2023_extracted\AJBDS-2023\Training\Patient#23\input\IMG-0011-00019.jpg,1.0,1.0,1.0,1.0,1.0,,True,0.0,0.0,False
Patient#23,D:\Research\Multi-View Fusion Network\datasets\AJBDS-2023_extracted\AJBDS-2023\Training\Patient#23\input\IMG-0011-00020.jpg,1.0,1.0,1.0,1.0,1.0,,True,0.0,0.0,False
Patient#23,D:\Research\Multi-View Fusion Network\datasets\AJBDS-2023_extracted\AJBDS-2023\Training\Patient#23\input\IMG-0011-00021.jpg,1.0,1.0,1.0,1.0,1.0,,True,0.0,0.0,False
Patient#23,D:\Research\Multi-View Fusion Network\datasets\AJBDS-2023_extracted\AJBDS-2023\Training\Patient#23\input\IMG-0011-00022.jpg,2.500000029215244e-08,2.500000029215244e-08,1.0,0.9992027878761292,2.500000029215244e-08,,True,40.0,0.0,True
Patient#23,D:\Research\Multi-View Fusion Network\datasets\AJBDS-2023_extracted\AJBDS-2023\Training\Patient#23\input\IMG-0011-00023.jpg,1.0,1.0,1.0,1.0,1.0,,True,0.0,0.0,False
Patient#23,D:\Research\Multi-View Fusion Network\datasets\AJBDS-2023_extracted\AJBDS-2023\Training\Patient#23\input\IMG-0011-00024.jpg,1.0,1.0,1.0,1.0,1.0,,True,0.0,0.0,False
Patient#23,D:\Research\Multi-View Fusion Network\datasets\AJBDS-2023_extracted\AJBDS-2023\Training\Patient#23\input\IMG-0011-00025.jpg,1.0,1.0,1.0,1.0,1.0,,True,0.0,0.0,False
Patient#5,D:\Research\Multi-View Fusion Network\datasets\AJBDS-2023_extracted\AJBDS-2023\Training\Patient#5\input\IMG-0001-00001.jpg,1.0,1.0,1.0,1.0,1.0,,True,0.0,0.0,False
Patient#5,D:\Research\Multi-View Fusion Network\datasets\AJBDS-2023_extracted\AJBDS-2023\Training\Patient#5\input\IMG-0001-00002.jpg,2.666666665263051e-09,2.666666665263051e-09,1.0,0.9925262928009032,2.666666665263051e-09,,True,375.0,0.0,True
Patient#5,D:\Research\Multi-View Fusion Network\datasets\AJBDS-2023_extracted\AJBDS-2023\Training\Patient#5\input\IMG-0001-00003.jpg,7.633587650879291e-10,7.633587650879291e-10,1.0,0.9738919138908386,7.633587650879291e-10,,True,1310.0,0.0,True
Patient#5,D:\Research\Multi-View Fusion Network\datasets\AJBDS-2023_extracted\AJBDS-2023\Training\Patient#5\input\IMG-0001-00004.jpg,6.5359477829929355e-09,6.5359477829929355e-09,1.0,0.9969507455825806,6.5359477829929355e-09,,True,153.0,0.0,True
Patient#5,D:\Research\Multi-View Fusion Network\datasets\AJBDS-2023_extracted\AJBDS-2023\Training\Patient#5\input\IMG-0001-00011.jpg,1.0,1.0,1.0,1.0,1.0,,True,0.0,0.0,False
Patient#5,D:\Research\Multi-View Fusion Network\datasets\AJBDS-2023_extracted\AJBDS-2023\Training\Patient#5\input\IMG-0001-00012.jpg,1.0,1.0,1.0,1.0,1.0,,True,0.0,0.0,False
Patient#5,D:\Research\Multi-View Fusion Network\datasets\AJBDS-2023_extracted\AJBDS-2023\Training\Patient#5\input\IMG-0001-00013.jpg,1.0,1.0,1.0,1.0,1.0,,True,0.0,0.0,False
Patient#5,D:\Research\Multi-View Fusion Network\datasets\AJBDS-2023_extracted\AJBDS-2023\Training\Patient#5\input\IMG-0001-00014.jpg,1.0,1.0,1.0,1.0,1.0,,True,0.0,0.0,False
Patient#5,D:\Research\Multi-View Fusion Network\datasets\AJBDS-2023_extracted\AJBDS-2023\Training\Patient#5\input\IMG-0001-00015.jpg,1.0,1.0,1.0,1.0,1.0,,True,0.0,0.0,False
Patient#5,D:\Research\Multi-View Fusion Network\datasets\AJBDS-2023_extracted\AJBDS-2023\Training\Patient#5\input\IMG-0001-00016.jpg,1.0,1.0,1.0,1.0,1.0,,True,0.0,0.0,False
Patient#5,D:\Research\Multi-View Fusion Network\datasets\AJBDS-2023_extracted\AJBDS-2023\Training\Patient#5\input\IMG-0001-00017.jpg,1.0,1.0,1.0,1.0,1.0,,True,0.0,0.0,False
Patient#5,D:\Research\Multi-View Fusion Network\datasets\AJBDS-2023_extracted\AJBDS-2023\Training\Patient#5\input\IMG-0001-00018.jpg,1.0,1.0,1.0,1.0,1.0,,True,0.0,0.0,False
Patient#5,D:\Research\Multi-View Fusion Network\datasets\AJBDS-2023_extracted\AJBDS-2023\Training\Patient#5\input\IMG-0001-00019.jpg,2.487562156261447e-09,2.487562156261447e-09,1.0,0.9919881820678712,2.487562156261447e-09,,True,402.0,0.0,True
Patient#5,D:\Research\Multi-View Fusion Network\datasets\AJBDS-2023_extracted\AJBDS-2023\Training\Patient#5\input\IMG-0001-00020.jpg,1.0,1.0,1.0,1.0,1.0,,True,0.0,0.0,False
Patient#5,D:\Research\Multi-View Fusion Network\datasets\AJBDS-2023_extracted\AJBDS-2023\Training\Patient#5\input\IMG-0001-00021.jpg,1.0,1.0,1.0,1.0,1.0,,True,0.0,0.0,False
Patient#5,D:\Research\Multi-View Fusion Network\datasets\AJBDS-2023_extracted\AJBDS-2023\Training\Patient#5\input\IMG-0001-00022.jpg,2.710027091623601e-09,2.710027091623601e-09,1.0,0.9926458597183228,2.710027091623601e-09,,True,369.0,0.0,True
Patient#5,D:\Research\Multi-View Fusion Network\datasets\AJBDS-2023_extracted\AJBDS-2023\Training\Patient#5\input\IMG-0002-00001.jpg,3.921568403342235e-09,3.921568403342235e-09,1.0,0.9949178695678712,3.921568403342235e-09,,True,255.0,0.0,True
Patient#5,D:\Research\Multi-View Fusion Network\datasets\AJBDS-2023_extracted\AJBDS-2023\Training\Patient#5\input\IMG-0002-00002.jpg,2.0964361358011274e-09,2.0964361358011274e-09,1.0,0.9904934763908386,2.0964361358011274e-09,,True,477.0,0.0,True
Patient#5,D:\Research\Multi-View Fusion Network\datasets\AJBDS-2023_extracted\AJBDS-2023\Training\Patient#5\input\IMG-0002-00003.jpg,1.736111143735286e-09,1.736111143735286e-09,1.0,0.9885203838348388,1.736111143735286e-09,,True,576.0,0.0,True
Patient#5,D:\Research\Multi-View Fusion Network\datasets\AJBDS-2023_extracted\AJBDS-2023\Training\Patient#5\input\IMG-0002-00004.jpg,1.0,1.0,1.0,1.0,1.0,,True,0.0,0.0,False
Patient#5,D:\Research\Multi-View Fusion Network\datasets\AJBDS-2023_extracted\AJBDS-2023\Training\Patient#5\input\IMG-0002-00005.jpg,1.0,1.0,1.0,1.0,1.0,,True,0.0,0.0,False
Patient#5,D:\Research\Multi-View Fusion Network\datasets\AJBDS-2023_extracted\AJBDS-2023\Training\Patient#5\input\IMG-0002-00006.jpg,1.0,1.0,1.0,1.0,1.0,,True,0.0,0.0,False
Patient#5,D:\Research\Multi-View Fusion Network\datasets\AJBDS-2023_extracted\AJBDS-2023\Training\Patient#5\input\IMG-0002-00012.jpg,1.0,1.0,1.0,1.0,1.0,,True,0.0,0.0,False
Patient#5,D:\Research\Multi-View Fusion Network\datasets\AJBDS-2023_extracted\AJBDS-2023\Training\Patient#5\input\IMG-0002-00013.jpg,1.0,1.0,1.0,1.0,1.0,,True,0.0,0.0,False
Patient#5,D:\Research\Multi-View Fusion Network\datasets\AJBDS-2023_extracted\AJBDS-2023\Training\Patient#5\input\IMG-0002-00014.jpg,1.0,1.0,1.0,1.0,1.0,,True,0.0,0.0,False
Patient#5,D:\Research\Multi-View Fusion Network\datasets\AJBDS-2023_extracted\AJBDS-2023\Training\Patient#5\input\IMG-0002-00015.jpg,1.4705882733778708e-08,1.4705882733778708e-08,1.0,0.998644769191742,1.4705882733778708e-08,,True,68.0,0.0,True
Patient#5,D:\Research\Multi-View Fusion Network\datasets\AJBDS-2023_extracted\AJBDS-2023\Training\Patient#5\input\IMG-0002-00016.jpg,1.524390280671639e-09,1.524390280671639e-09,1.0,0.986926019191742,1.524390280671639e-09,,True,656.0,0.0,True
Patient#5,D:\Research\Multi-View Fusion Network\datasets\AJBDS-2023_extracted\AJBDS-2023\Training\Patient#5\input\IMG-0002-00017.jpg,4.032258082986573e-09,4.032258082986573e-09,1.0,0.9950574040412904,4.032258082986573e-09,,True,248.0,0.0,True
Patient#5,D:\Research\Multi-View Fusion Network\datasets\AJBDS-2023_extracted\AJBDS-2023\Training\Patient#5\input\IMG-0002-00018.jpg,4.1666665673290035e-09,4.1666665673290035e-09,1.0,0.9952168464660645,4.1666665673290035e-09,,True,240.0,0.0,True
Patient#5,D:\Research\Multi-View Fusion Network\datasets\AJBDS-2023_extracted\AJBDS-2023\Training\Patient#5\input\IMG-0002-00019.jpg,1.0,1.0,1.0,1.0,1.0,,True,0.0,0.0,False
Patient#5,D:\Research\Multi-View Fusion Network\datasets\AJBDS-2023_extracted\AJBDS-2023\Training\Patient#5\input\IMG-0002-00020.jpg,4.999997713639459e-07,4.999997713639459e-07,1.0,0.9999601244926452,4.999997713639459e-07,,True,2.0,0.0,True
Patient#5,D:\Research\Multi-View Fusion Network\datasets\AJBDS-2023_extracted\AJBDS-2023\Training\Patient#5\input\IMG-0002-00021.jpg,1.0,1.0,1.0,1.0,1.0,,True,0.0,0.0,False
Patient#5,D:\Research\Multi-View Fusion Network\datasets\AJBDS-2023_extracted\AJBDS-2023\Training\Patient#5\input\IMG-0002-00022.jpg,1.0,1.0,1.0,1.0,1.0,,True,0.0,0.0,False
Patient#5,D:\Research\Multi-View Fusion Network\datasets\AJBDS-2023_extracted\AJBDS-2023\Training\Patient#5\input\IMG-0003-00001.jpg,1.0,1.0,1.0,1.0,1.0,,True,0.0,0.0,False
Patient#5,D:\Research\Multi-View Fusion Network\datasets\AJBDS-2023_extracted\AJBDS-2023\Training\Patient#5\input\IMG-0003-00002.jpg,1.0,1.0,1.0,1.0,1.0,,True,0.0,0.0,False
Patient#5,D:\Research\Multi-View Fusion Network\datasets\AJBDS-2023_extracted\AJBDS-2023\Training\Patient#5\input\IMG-0003-00003.jpg,1.0,1.0,1.0,1.0,1.0,,True,0.0,0.0,False
Patient#5,D:\Research\Multi-View Fusion Network\datasets\AJBDS-2023_extracted\AJBDS-2023\Training\Patient#5\input\IMG-0003-00004.jpg,1.0,1.0,1.0,1.0,1.0,,True,0.0,0.0,False
Patient#5,D:\Research\Multi-View Fusion Network\datasets\AJBDS-2023_extracted\AJBDS-2023\Training\Patient#5\input\IMG-0003-00005.jpg,1.0,1.0,1.0,1.0,1.0,,True,0.0,0.0,False
Patient#5,D:\Research\Multi-View Fusion Network\datasets\AJBDS-2023_extracted\AJBDS-2023\Training\Patient#5\input\IMG-0003-00006.jpg,1.0,1.0,1.0,1.0,1.0,,True,0.0,0.0,False
Patient#5,D:\Research\Multi-View Fusion Network\datasets\AJBDS-2023_extracted\AJBDS-2023\Training\Patient#5\input\IMG-0003-00013.jpg,1.0,1.0,1.0,1.0,1.0,,True,0.0,0.0,False
Patient#5,D:\Research\Multi-View Fusion Network\datasets\AJBDS-2023_extracted\AJBDS-2023\Training\Patient#5\input\IMG-0003-00014.jpg,1.0,1.0,1.0,1.0,1.0,,True,0.0,0.0,False
Patient#5,D:\Research\Multi-View Fusion Network\datasets\AJBDS-2023_extracted\AJBDS-2023\Training\Patient#5\input\IMG-0003-00015.jpg,1.0,1.0,1.0,1.0,1.0,,True,0.0,0.0,False
Patient#5,D:\Research\Multi-View Fusion Network\datasets\AJBDS-2023_extracted\AJBDS-2023\Training\Patient#5\input\IMG-0003-00016.jpg,1.0,1.0,1.0,1.0,1.0,,True,0.0,0.0,False
Patient#5,D:\Research\Multi-View Fusion Network\datasets\AJBDS-2023_extracted\AJBDS-2023\Training\Patient#5\input\IMG-0003-00017.jpg,1.0,1.0,1.0,1.0,1.0,,True,0.0,0.0,False
Patient#5,D:\Research\Multi-View Fusion Network\datasets\AJBDS-2023_extracted\AJBDS-2023\Training\Patient#5\input\IMG-0003-00018.jpg,1.0,1.0,1.0,1.0,1.0,,True,0.0,0.0,False
Patient#5,D:\Research\Multi-View Fusion Network\datasets\AJBDS-2023_extracted\AJBDS-2023\Training\Patient#5\input\IMG-0003-00019.jpg,1.0,1.0,1.0,1.0,1.0,,True,0.0,0.0,False
Patient#5,D:\Research\Multi-View Fusion Network\datasets\AJBDS-2023_extracted\AJBDS-2023\Training\Patient#5\input\IMG-0003-00020.jpg,1.996008025528795e-09,1.996008025528795e-09,1.0,0.990015149116516,1.996008025528795e-09,,True,501.0,0.0,True
Patient#5,D:\Research\Multi-View Fusion Network\datasets\AJBDS-2023_extracted\AJBDS-2023\Training\Patient#5\input\IMG-0003-00021.jpg,2.652519981438672e-09,2.652519981438672e-09,1.0,0.9924864768981934,2.652519981438672e-09,,True,377.0,0.0,True
Patient#5,D:\Research\Multi-View Fusion Network\datasets\AJBDS-2023_extracted\AJBDS-2023\Training\Patient#5\input\IMG-0003-00022.jpg,1.0,1.0,1.0,1.0,1.0,,True,0.0,0.0,False
Patient#5,D:\Research\Multi-View Fusion Network\datasets\AJBDS-2023_extracted\AJBDS-2023\Training\Patient#5\input\IMG-0004-00001.jpg,1.0,1.0,1.0,1.0,1.0,,True,0.0,0.0,False
Patient#5,D:\Research\Multi-View Fusion Network\datasets\AJBDS-2023_extracted\AJBDS-2023\Training\Patient#5\input\IMG-0004-00002.jpg,1.0,1.0,1.0,1.0,1.0,,True,0.0,0.0,False
Patient#5,D:\Research\Multi-View Fusion Network\datasets\AJBDS-2023_extracted\AJBDS-2023\Training\Patient#5\input\IMG-0004-00003.jpg,1.0,1.0,1.0,1.0,1.0,,True,0.0,0.0,False
Patient#5,D:\Research\Multi-View Fusion Network\datasets\AJBDS-2023_extracted\AJBDS-2023\Training\Patient#5\input\IMG-0004-00004.jpg,1.0,1.0,1.0,1.0,1.0,,True,0.0,0.0,False
Patient#5,D:\Research\Multi-View Fusion Network\datasets\AJBDS-2023_extracted\AJBDS-2023\Training\Patient#5\input\IMG-0004-00005.jpg,2.9239766163868804e-09,2.9239766163868804e-09,1.0,0.993183970451355,2.9239766163868804e-09,,True,342.0,0.0,True
Patient#5,D:\Research\Multi-View Fusion Network\datasets\AJBDS-2023_extracted\AJBDS-2023\Training\Patient#5\input\IMG-0004-00006.jpg,1.6666663782416438e-07,1.6666663782416438e-07,1.0,0.9998804330825806,1.6666663782416438e-07,,True,6.0,0.0,True
Patient#5,D:\Research\Multi-View Fusion Network\datasets\AJBDS-2023_extracted\AJBDS-2023\Training\Patient#5\input\IMG-0004-00013.jpg,1.0,1.0,1.0,1.0,1.0,,True,0.0,0.0,False
Patient#5,D:\Research\Multi-View Fusion Network\datasets\AJBDS-2023_extracted\AJBDS-2023\Training\Patient#5\input\IMG-0004-00014.jpg,1.0,1.0,1.0,1.0,1.0,,True,0.0,0.0,False
Patient#5,D:\Research\Multi-View Fusion Network\datasets\AJBDS-2023_extracted\AJBDS-2023\Training\Patient#5\input\IMG-0004-00015.jpg,1.0,1.0,1.0,1.0,1.0,,True,0.0,0.0,False
Patient#5,D:\Research\Multi-View Fusion Network\datasets\AJBDS-2023_extracted\AJBDS-2023\Training\Patient#5\input\IMG-0004-00016.jpg,1.0,1.0,1.0,1.0,1.0,,True,0.0,0.0,False
Patient#5,D:\Research\Multi-View Fusion Network\datasets\AJBDS-2023_extracted\AJBDS-2023\Training\Patient#5\input\IMG-0004-00017.jpg,1.0,1.0,1.0,1.0,1.0,,True,0.0,0.0,False
Patient#5,D:\Research\Multi-View Fusion Network\datasets\AJBDS-2023_extracted\AJBDS-2023\Training\Patient#5\input\IMG-0004-00018.jpg,1.0,1.0,1.0,1.0,1.0,,True,0.0,0.0,False
Patient#5,D:\Research\Multi-View Fusion Network\datasets\AJBDS-2023_extracted\AJBDS-2023\Training\Patient#5\input\IMG-0004-00019.jpg,1.0,1.0,1.0,1.0,1.0,,True,0.0,0.0,False
Patient#5,D:\Research\Multi-View Fusion Network\datasets\AJBDS-2023_extracted\AJBDS-2023\Training\Patient#5\input\IMG-0004-00020.jpg,3.5335689929638643e-09,3.5335689929638643e-09,1.0,0.994359850883484,3.5335689929638643e-09,,True,283.0,0.0,True
Patient#5,D:\Research\Multi-View Fusion Network\datasets\AJBDS-2023_extracted\AJBDS-2023\Training\Patient#5\input\IMG-0004-00021.jpg,1.0,1.0,1.0,1.0,1.0,,True,0.0,0.0,False
Patient#5,D:\Research\Multi-View Fusion Network\datasets\AJBDS-2023_extracted\AJBDS-2023\Training\Patient#5\input\IMG-0004-00022.jpg,1.0,1.0,1.0,1.0,1.0,,True,0.0,0.0,False
Patient#5,D:\Research\Multi-View Fusion Network\datasets\AJBDS-2023_extracted\AJBDS-2023\Training\Patient#5\input\IMG-0005-00001.jpg,1.0,1.0,1.0,1.0,1.0,,True,0.0,0.0,False
Patient#5,D:\Research\Multi-View Fusion Network\datasets\AJBDS-2023_extracted\AJBDS-2023\Training\Patient#5\input\IMG-0005-00002.jpg,8.849557531220853e-09,8.849557531220853e-09,1.0,0.9977478981018066,8.849557531220853e-09,,True,113.0,0.0,True
Patient#5,D:\Research\Multi-View Fusion Network\datasets\AJBDS-2023_extracted\AJBDS-2023\Training\Patient#5\input\IMG-0005-00003.jpg,1.4124293956641052e-09,1.4124293956641052e-09,1.0,0.9858896732330322,1.4124293956641052e-09,,True,708.0,0.0,True
Patient#5,D:\Research\Multi-View Fusion Network\datasets\AJBDS-2023_extracted\AJBDS-2023\Training\Patient#5\input\IMG-0005-00004.jpg,1.0,1.0,1.0,1.0,1.0,,True,0.0,0.0,False
Patient#5,D:\Research\Multi-View Fusion Network\datasets\AJBDS-2023_extracted\AJBDS-2023\Training\Patient#5\input\IMG-0005-00005.jpg,1.0,1.0,1.0,1.0,1.0,,True,0.0,0.0,False
Patient#5,D:\Research\Multi-View Fusion Network\datasets\AJBDS-2023_extracted\AJBDS-2023\Training\Patient#5\input\IMG-0005-00006.jpg,1.0,1.0,1.0,1.0,1.0,,True,0.0,0.0,False
Patient#5,D:\Research\Multi-View Fusion Network\datasets\AJBDS-2023_extracted\AJBDS-2023\Training\Patient#5\input\IMG-0005-00013.jpg,1.0,1.0,1.0,1.0,1.0,,True,0.0,0.0,False
Patient#5,D:\Research\Multi-View Fusion Network\datasets\AJBDS-2023_extracted\AJBDS-2023\Training\Patient#5\input\IMG-0005-00014.jpg,1.0,1.0,1.0,1.0,1.0,,True,0.0,0.0,False
Patient#5,D:\Research\Multi-View Fusion Network\datasets\AJBDS-2023_extracted\AJBDS-2023\Training\Patient#5\input\IMG-0005-00015.jpg,1.0,1.0,1.0,1.0,1.0,,True,0.0,0.0,False
Patient#5,D:\Research\Multi-View Fusion Network\datasets\AJBDS-2023_extracted\AJBDS-2023\Training\Patient#5\input\IMG-0005-00016.jpg,1.0,1.0,1.0,1.0,1.0,,True,0.0,0.0,False
Patient#5,D:\Research\Multi-View Fusion Network\datasets\AJBDS-2023_extracted\AJBDS-2023\Training\Patient#5\input\IMG-0005-00017.jpg,1.0,1.0,1.0,1.0,1.0,,True,0.0,0.0,False
Patient#5,D:\Research\Multi-View Fusion Network\datasets\AJBDS-2023_extracted\AJBDS-2023\Training\Patient#5\input\IMG-0005-00018.jpg,1.0,1.0,1.0,1.0,1.0,,True,0.0,0.0,False
Patient#5,D:\Research\Multi-View Fusion Network\datasets\AJBDS-2023_extracted\AJBDS-2023\Training\Patient#5\input\IMG-0005-00019.jpg,1.0,1.0,1.0,1.0,1.0,,True,0.0,0.0,False
Patient#5,D:\Research\Multi-View Fusion Network\datasets\AJBDS-2023_extracted\AJBDS-2023\Training\Patient#5\input\IMG-0005-00020.jpg,1.1198207916507386e-09,1.1198207916507386e-09,1.0,0.982202649116516,1.1198207916507386e-09,,True,893.0,0.0,True
Patient#5,D:\Research\Multi-View Fusion Network\datasets\AJBDS-2023_extracted\AJBDS-2023\Training\Patient#5\input\IMG-0005-00021.jpg,1.0,1.0,1.0,1.0,1.0,,True,0.0,0.0,False
Patient#5,D:\Research\Multi-View Fusion Network\datasets\AJBDS-2023_extracted\AJBDS-2023\Training\Patient#5\input\IMG-0005-00022.jpg,4.158004218712818e-10,4.158004218712818e-10,1.0,0.9520687460899352,4.158004218712818e-10,,True,2405.0,0.0,True
Patient#5,D:\Research\Multi-View Fusion Network\datasets\AJBDS-2023_extracted\AJBDS-2023\Training\Patient#5\input\IMG-0005-00023.jpg,1.0,1.0,1.0,1.0,1.0,,True,0.0,0.0,False
Patient#5,D:\Research\Multi-View Fusion Network\datasets\AJBDS-2023_extracted\AJBDS-2023\Training\Patient#5\input\IMG-0005-00024.jpg,2.967359025163318e-09,2.967359025163318e-09,1.0,0.9932836294174194,2.967359025163318e-09,,True,337.0,0.0,True
Patient#5,D:\Research\Multi-View Fusion Network\datasets\AJBDS-2023_extracted\AJBDS-2023\Training\Patient#5\input\IMG-0005-00025.jpg,2.202643178961239e-09,2.202643178961239e-09,1.0,0.9909518361091614,2.202643178961239e-09,,True,454.0,0.0,True
Patient#5,D:\Research\Multi-View Fusion Network\datasets\AJBDS-2023_extracted\AJBDS-2023\Training\Patient#5\input\IMG-0005-00026.jpg,1.0,1.0,1.0,1.0,1.0,,True,0.0,0.0,False
Patient#5,D:\Research\Multi-View Fusion Network\datasets\AJBDS-2023_extracted\AJBDS-2023\Training\Patient#5\input\IMG-0005-00027.jpg,2.8951940844734736e-10,2.8951940844734736e-10,1.0,0.9311622977256776,2.8951940844734736e-10,,True,3454.0,0.0,True
Patient#5,D:\Research\Multi-View Fusion Network\datasets\AJBDS-2023_extracted\AJBDS-2023\Training\Patient#5\input\IMG-0005-00028.jpg,1.0,1.0,1.0,1.0,1.0,,True,0.0,0.0,False
Patient#5,D:\Research\Multi-View Fusion Network\datasets\AJBDS-2023_extracted\AJBDS-2023\Training\Patient#5\input\IMG-0005-00029.jpg,1.0,1.0,1.0,1.0,1.0,,True,0.0,0.0,False
Patient#5,D:\Research\Multi-View Fusion Network\datasets\AJBDS-2023_extracted\AJBDS-2023\Training\Patient#5\input\IMG-0005-00035.jpg,1.0,1.0,1.0,1.0,1.0,,True,0.0,0.0,False
Patient#5,D:\Research\Multi-View Fusion Network\datasets\AJBDS-2023_extracted\AJBDS-2023\Training\Patient#5\input\IMG-0005-00036.jpg,1.0,1.0,1.0,1.0,1.0,,True,0.0,0.0,False
Patient#5,D:\Research\Multi-View Fusion Network\datasets\AJBDS-2023_extracted\AJBDS-2023\Training\Patient#5\input\IMG-0005-00037.jpg,1.0,1.0,1.0,1.0,1.0,,True,0.0,0.0,False
Patient#5,D:\Research\Multi-View Fusion Network\datasets\AJBDS-2023_extracted\AJBDS-2023\Training\Patient#5\input\IMG-0005-00038.jpg,1.0,1.0,1.0,1.0,1.0,,True,0.0,0.0,False
Patient#5,D:\Research\Multi-View Fusion Network\datasets\AJBDS-2023_extracted\AJBDS-2023\Training\Patient#5\input\IMG-0005-00039.jpg,1.0,1.0,1.0,1.0,1.0,,True,0.0,0.0,False
Patient#5,D:\Research\Multi-View Fusion Network\datasets\AJBDS-2023_extracted\AJBDS-2023\Training\Patient#5\input\IMG-0005-00040.jpg,1.0,1.0,1.0,1.0,1.0,,True,0.0,0.0,False
Patient#5,D:\Research\Multi-View Fusion Network\datasets\AJBDS-2023_extracted\AJBDS-2023\Training\Patient#5\input\IMG-0005-00041.jpg,1.0,1.0,1.0,1.0,1.0,,True,0.0,0.0,False
Patient#5,D:\Research\Multi-View Fusion Network\datasets\AJBDS-2023_extracted\AJBDS-2023\Training\Patient#5\input\IMG-0005-00042.jpg,1.872659138868471e-09,1.872659138868471e-09,1.0,0.9893574714660645,1.872659138868471e-09,,True,534.0,0.0,True
Patient#5,D:\Research\Multi-View Fusion Network\datasets\AJBDS-2023_extracted\AJBDS-2023\Training\Patient#5\input\IMG-0005-00043.jpg,1.540832017532523e-09,1.540832017532523e-09,1.0,0.9870655536651612,1.540832017532523e-09,,True,649.0,0.0,True
Patient#5,D:\Research\Multi-View Fusion Network\datasets\AJBDS-2023_extracted\AJBDS-2023\Training\Patient#5\input\IMG-0005-00044.jpg,4.5085662980781644e-10,4.5085662980781644e-10,1.0,0.9557955861091614,4.5085662980781644e-10,,True,2218.0,0.0,True
Patient#5,D:\Research\Multi-View Fusion Network\datasets\AJBDS-2023_extracted\AJBDS-2023\Training\Patient#5\input\IMG-0006-00001.jpg,1.0,1.0,1.0,1.0,1.0,,True,0.0,0.0,False
Patient#5,D:\Research\Multi-View Fusion Network\datasets\AJBDS-2023_extracted\AJBDS-2023\Training\Patient#5\input\IMG-0006-00002.jpg,1.0,1.0,1.0,1.0,1.0,,True,0.0,0.0,False
Patient#5,D:\Research\Multi-View Fusion Network\datasets\AJBDS-2023_extracted\AJBDS-2023\Training\Patient#5\input\IMG-0006-00003.jpg,2.3640662760726627e-09,2.3640662760726627e-09,1.0,0.9915696978569032,2.3640662760726627e-09,,True,423.0,0.0,True
Patient#5,D:\Research\Multi-View Fusion Network\datasets\AJBDS-2023_extracted\AJBDS-2023\Training\Patient#5\input\IMG-0006-00004.jpg,1.0,1.0,1.0,1.0,1.0,,True,0.0,0.0,False
Patient#5,D:\Research\Multi-View Fusion Network\datasets\AJBDS-2023_extracted\AJBDS-2023\Training\Patient#5\input\IMG-0006-00005.jpg,1.0,1.0,1.0,1.0,1.0,,True,0.0,0.0,False
Patient#5,D:\Research\Multi-View Fusion Network\datasets\AJBDS-2023_extracted\AJBDS-2023\Training\Patient#5\input\IMG-0006-00006.jpg,1.111110989882036e-07,1.111110989882036e-07,1.0,0.9998206496238708,1.111110989882036e-07,,True,9.0,0.0,True
Patient#5,D:\Research\Multi-View Fusion Network\datasets\AJBDS-2023_extracted\AJBDS-2023\Training\Patient#5\input\IMG-0006-00013.jpg,3.906249990137667e-09,3.906249990137667e-09,1.0,0.994897961616516,3.906249990137667e-09,,True,256.0,0.0,True
Patient#5,D:\Research\Multi-View Fusion Network\datasets\AJBDS-2023_extracted\AJBDS-2023\Training\Patient#5\input\IMG-0006-00014.jpg,1.0,1.0,1.0,1.0,1.0,,True,0.0,0.0,False
Patient#5,D:\Research\Multi-View Fusion Network\datasets\AJBDS-2023_extracted\AJBDS-2023\Training\Patient#5\input\IMG-0006-00015.jpg,1.0,1.0,1.0,1.0,1.0,,True,0.0,0.0,False
Patient#5,D:\Research\Multi-View Fusion Network\datasets\AJBDS-2023_extracted\AJBDS-2023\Training\Patient#5\input\IMG-0006-00016.jpg,4.999997713639459e-07,4.999997713639459e-07,1.0,0.9999601244926452,4.999997713639459e-07,,True,2.0,0.0,True
Patient#5,D:\Research\Multi-View Fusion Network\datasets\AJBDS-2023_extracted\AJBDS-2023\Training\Patient#5\input\IMG-0006-00017.jpg,1.0,1.0,1.0,1.0,1.0,,True,0.0,0.0,False
Patient#5,D:\Research\Multi-View Fusion Network\datasets\AJBDS-2023_extracted\AJBDS-2023\Training\Patient#5\input\IMG-0006-00018.jpg,1.4285711813499804e-07,1.4285711813499804e-07,1.0,0.9998604655265808,1.4285711813499804e-07,,True,7.0,0.0,True
Patient#5,D:\Research\Multi-View Fusion Network\datasets\AJBDS-2023_extracted\AJBDS-2023\Training\Patient#5\input\IMG-0006-00019.jpg,1.0,1.0,1.0,1.0,1.0,,True,0.0,0.0,False
Patient#5,D:\Research\Multi-View Fusion Network\datasets\AJBDS-2023_extracted\AJBDS-2023\Training\Patient#5\input\IMG-0006-00020.jpg,8.673026741234934e-10,8.673026741234934e-10,1.0,0.9770208597183228,8.673026741234934e-10,,True,1153.0,0.0,True
Patient#5,D:\Research\Multi-View Fusion Network\datasets\AJBDS-2023_extracted\AJBDS-2023\Training\Patient#5\input\IMG-0006-00021.jpg,1.0,1.0,1.0,1.0,1.0,,True,0.0,0.0,False
Patient#5,D:\Research\Multi-View Fusion Network\datasets\AJBDS-2023_extracted\AJBDS-2023\Training\Patient#5\input\IMG-0006-00022.jpg,6.146281261720786e-10,6.146281261720786e-10,1.0,0.9675741195678712,6.146281261720786e-10,,True,1627.0,0.0,True
Patient#5,D:\Research\Multi-View Fusion Network\datasets\AJBDS-2023_extracted\AJBDS-2023\Training\Patient#5\input\IMG-0007-00001.jpg,1.0,1.0,1.0,1.0,1.0,,True,0.0,0.0,False
Patient#5,D:\Research\Multi-View Fusion Network\datasets\AJBDS-2023_extracted\AJBDS-2023\Training\Patient#5\input\IMG-0007-00002.jpg,1.0,1.0,1.0,1.0,1.0,,True,0.0,0.0,False
Patient#5,D:\Research\Multi-View Fusion Network\datasets\AJBDS-2023_extracted\AJBDS-2023\Training\Patient#5\input\IMG-0007-00003.jpg,2.3419204353558602e-09,2.3419204353558602e-09,1.0,0.9914899468421936,2.3419204353558602e-09,,True,427.0,0.0,True
Patient#5,D:\Research\Multi-View Fusion Network\datasets\AJBDS-2023_extracted\AJBDS-2023\Training\Patient#5\input\IMG-0007-00004.jpg,2.0618555751639182e-09,2.0618555751639182e-09,1.0,0.9903340339660645,2.0618555751639182e-09,,True,485.0,0.0,True
Patient#5,D:\Research\Multi-View Fusion Network\datasets\AJBDS-2023_extracted\AJBDS-2023\Training\Patient#5\input\IMG-0007-00005.jpg,2.074688865150165e-09,2.074688865150165e-09,1.0,0.9903938174247742,2.074688865150165e-09,,True,482.0,0.0,True
Patient#5,D:\Research\Multi-View Fusion Network\datasets\AJBDS-2023_extracted\AJBDS-2023\Training\Patient#5\input\IMG-0007-00006.jpg,1.0,1.0,1.0,1.0,1.0,,True,0.0,0.0,False
Patient#5,D:\Research\Multi-View Fusion Network\datasets\AJBDS-2023_extracted\AJBDS-2023\Training\Patient#5\input\IMG-0007-00007.jpg,1.0,1.0,1.0,1.0,1.0,,True,0.0,0.0,False
Patient#5,D:\Research\Multi-View Fusion Network\datasets\AJBDS-2023_extracted\AJBDS-2023\Training\Patient#5\input\IMG-0007-00008.jpg,1.0,1.0,1.0,1.0,1.0,,True,0.0,0.0,False
Patient#5,D:\Research\Multi-View Fusion Network\datasets\AJBDS-2023_extracted\AJBDS-2023\Training\Patient#5\input\IMG-0007-00009.jpg,1.0,1.0,1.0,1.0,1.0,,True,0.0,0.0,False
Patient#5,D:\Research\Multi-View Fusion Network\datasets\AJBDS-2023_extracted\AJBDS-2023\Training\Patient#5\input\IMG-0007-00010.jpg,1.0,1.0,1.0,1.0,1.0,,True,0.0,0.0,False
Patient#5,D:\Research\Multi-View Fusion Network\datasets\AJBDS-2023_extracted\AJBDS-2023\Training\Patient#5\input\IMG-0007-00018.jpg,1.0,1.0,1.0,1.0,1.0,,True,0.0,0.0,False
Patient#5,D:\Research\Multi-View Fusion Network\datasets\AJBDS-2023_extracted\AJBDS-2023\Training\Patient#5\input\IMG-0007-00019.jpg,1.0,1.0,1.0,1.0,1.0,,True,0.0,0.0,False
Patient#5,D:\Research\Multi-View Fusion Network\datasets\AJBDS-2023_extracted\AJBDS-2023\Training\Patient#5\input\IMG-0007-00020.jpg,3.003002957413514e-09,3.003002957413514e-09,1.0,0.9933633804321288,3.003002957413514e-09,,True,333.0,0.0,True
Patient#5,D:\Research\Multi-View Fusion Network\datasets\AJBDS-2023_extracted\AJBDS-2023\Training\Patient#5\input\IMG-0007-00021.jpg,1.0,1.0,1.0,1.0,1.0,,True,0.0,0.0,False
Patient#5,D:\Research\Multi-View Fusion Network\datasets\AJBDS-2023_extracted\AJBDS-2023\Training\Patient#5\input\IMG-0007-00022.jpg,8.032128295809571e-10,8.032128295809571e-10,1.0,0.975187361240387,8.032128295809571e-10,,True,1245.0,0.0,True
Patient#5,D:\Research\Multi-View Fusion Network\datasets\AJBDS-2023_extracted\AJBDS-2023\Training\Patient#5\input\IMG-0007-00023.jpg,1.6694490234669954e-09,1.6694490234669954e-09,1.0,0.988062024116516,1.6694490234669954e-09,,True,599.0,0.0,True
Patient#5,D:\Research\Multi-View Fusion Network\datasets\AJBDS-2023_extracted\AJBDS-2023\Training\Patient#5\input\IMG-0007-00024.jpg,1.0,1.0,1.0,1.0,1.0,,True,0.0,0.0,False
Patient#5,D:\Research\Multi-View Fusion Network\datasets\AJBDS-2023_extracted\AJBDS-2023\Training\Patient#5\input\IMG-0007-00025.jpg,7.776049804064654e-10,7.776049804064654e-10,1.0,0.9743702411651612,7.776049804064654e-10,,True,1286.0,0.0,True
Patient#5,D:\Research\Multi-View Fusion Network\datasets\AJBDS-2023_extracted\AJBDS-2023\Training\Patient#5\input\IMG-0008-00001.jpg,1.0,1.0,1.0,1.0,1.0,,True,0.0,0.0,False
Patient#5,D:\Research\Multi-View Fusion Network\datasets\AJBDS-2023_extracted\AJBDS-2023\Training\Patient#5\input\IMG-0008-00002.jpg,1.0,1.0,1.0,1.0,1.0,,True,0.0,0.0,False
Patient#5,D:\Research\Multi-View Fusion Network\datasets\AJBDS-2023_extracted\AJBDS-2023\Training\Patient#5\input\IMG-0008-00003.jpg,1.0,1.0,1.0,1.0,1.0,,True,0.0,0.0,False
Patient#5,D:\Research\Multi-View Fusion Network\datasets\AJBDS-2023_extracted\AJBDS-2023\Training\Patient#5\input\IMG-0008-00004.jpg,1.0,1.0,1.0,1.0,1.0,,True,0.0,0.0,False
Patient#5,D:\Research\Multi-View Fusion Network\datasets\AJBDS-2023_extracted\AJBDS-2023\Training\Patient#5\input\IMG-0008-00005.jpg,2.8653295292002667e-09,2.8653295292002667e-09,1.0,0.9930444955825806,2.8653295292002667e-09,,True,349.0,0.0,True
Patient#5,D:\Research\Multi-View Fusion Network\datasets\AJBDS-2023_extracted\AJBDS-2023\Training\Patient#5\input\IMG-0008-00034.jpg,1.0,1.0,1.0,1.0,1.0,,True,0.0,0.0,False
Patient#5,D:\Research\Multi-View Fusion Network\datasets\AJBDS-2023_extracted\AJBDS-2023\Training\Patient#5\input\IMG-0008-00035.jpg,1.0,1.0,1.0,1.0,1.0,,True,0.0,0.0,False
Patient#5,D:\Research\Multi-View Fusion Network\datasets\AJBDS-2023_extracted\AJBDS-2023\Training\Patient#5\input\IMG-0008-00036.jpg,1.0,1.0,1.0,1.0,1.0,,True,0.0,0.0,False
Patient#5,D:\Research\Multi-View Fusion Network\datasets\AJBDS-2023_extracted\AJBDS-2023\Training\Patient#5\input\IMG-0008-00037.jpg,1.0,1.0,1.0,1.0,1.0,,True,0.0,0.0,False
Patient#5,D:\Research\Multi-View Fusion Network\datasets\AJBDS-2023_extracted\AJBDS-2023\Training\Patient#5\input\IMG-0008-00038.jpg,1.0,1.0,1.0,1.0,1.0,,True,0.0,0.0,False
Patient#5,D:\Research\Multi-View Fusion Network\datasets\AJBDS-2023_extracted\AJBDS-2023\Training\Patient#5\input\IMG-0008-00039.jpg,1.0,1.0,1.0,1.0,1.0,,True,0.0,0.0,False
Patient#5,D:\Research\Multi-View Fusion Network\datasets\AJBDS-2023_extracted\AJBDS-2023\Training\Patient#5\input\IMG-0008-00040.jpg,1.0,1.0,1.0,1.0,1.0,,True,0.0,0.0,False
Patient#5,D:\Research\Multi-View Fusion Network\datasets\AJBDS-2023_extracted\AJBDS-2023\Training\Patient#5\input\IMG-0008-00041.jpg,1.0,1.0,1.0,1.0,1.0,,True,0.0,0.0,False
Patient#5,D:\Research\Multi-View Fusion Network\datasets\AJBDS-2023_extracted\AJBDS-2023\Training\Patient#5\input\IMG-0008-00042.jpg,1.0,1.0,1.0,1.0,1.0,,True,0.0,0.0,False
Patient#5,D:\Research\Multi-View Fusion Network\datasets\AJBDS-2023_extracted\AJBDS-2023\Training\Patient#5\input\IMG-0008-00043.jpg,1.0,1.0,1.0,1.0,1.0,,True,0.0,0.0,False
Patient#5,D:\Research\Multi-View Fusion Network\datasets\AJBDS-2023_extracted\AJBDS-2023\Training\Patient#5\input\IMG-0008-00044.jpg,1.0,1.0,1.0,1.0,1.0,,True,0.0,0.0,False
Patient#5,D:\Research\Multi-View Fusion Network\datasets\AJBDS-2023_extracted\AJBDS-2023\Training\Patient#5\input\IMG-0008-00045.jpg,1.0,1.0,1.0,1.0,1.0,,True,0.0,0.0,False
Patient#5,D:\Research\Multi-View Fusion Network\datasets\AJBDS-2023_extracted\AJBDS-2023\Training\Patient#5\input\IMG-0008-00046.jpg,1.0,1.0,1.0,1.0,1.0,,True,0.0,0.0,False
Patient#5,D:\Research\Multi-View Fusion Network\datasets\AJBDS-2023_extracted\AJBDS-2023\Training\Patient#5\input\IMG-0008-00047.jpg,1.0,1.0,1.0,1.0,1.0,,True,0.0,0.0,False
Patient#5,D:\Research\Multi-View Fusion Network\datasets\AJBDS-2023_extracted\AJBDS-2023\Training\Patient#5\input\IMG-0008-00048.jpg,1.0,1.0,1.0,1.0,1.0,,True,0.0,0.0,False
Patient#5,D:\Research\Multi-View Fusion Network\datasets\AJBDS-2023_extracted\AJBDS-2023\Training\Patient#5\input\IMG-0008-00049.jpg,1.0,1.0,1.0,1.0,1.0,,True,0.0,0.0,False
Patient#5,D:\Research\Multi-View Fusion Network\datasets\AJBDS-2023_extracted\AJBDS-2023\Training\Patient#5\input\IMG-0008-00050.jpg,1.0,1.0,1.0,1.0,1.0,,True,0.0,0.0,False
Patient#5,D:\Research\Multi-View Fusion Network\datasets\AJBDS-2023_extracted\AJBDS-2023\Training\Patient#5\input\IMG-0008-00051.jpg,1.0,1.0,1.0,1.0,1.0,,True,0.0,0.0,False
Patient#5,D:\Research\Multi-View Fusion Network\datasets\AJBDS-2023_extracted\AJBDS-2023\Training\Patient#5\input\IMG-0008-00052.jpg,1.0,1.0,1.0,1.0,1.0,,True,0.0,0.0,False
Patient#5,D:\Research\Multi-View Fusion Network\datasets\AJBDS-2023_extracted\AJBDS-2023\Training\Patient#5\input\IMG-0008-00053.jpg,1.0,1.0,1.0,1.0,1.0,,True,0.0,0.0,False
Patient#5,D:\Research\Multi-View Fusion Network\datasets\AJBDS-2023_extracted\AJBDS-2023\Training\Patient#5\input\IMG-0008-00054.jpg,1.0,1.0,1.0,1.0,1.0,,True,0.0,0.0,False
Patient#5,D:\Research\Multi-View Fusion Network\datasets\AJBDS-2023_extracted\AJBDS-2023\Training\Patient#5\input\IMG-0008-00055.jpg,1.0,1.0,1.0,1.0,1.0,,True,0.0,0.0,False
Patient#5,D:\Research\Multi-View Fusion Network\datasets\AJBDS-2023_extracted\AJBDS-2023\Training\Patient#5\input\IMG-0008-00056.jpg,1.0,1.0,1.0,1.0,1.0,,True,0.0,0.0,False
Patient#5,D:\Research\Multi-View Fusion Network\datasets\AJBDS-2023_extracted\AJBDS-2023\Training\Patient#5\input\IMG-0008-00057.jpg,1.0,1.0,1.0,1.0,1.0,,True,0.0,0.0,False
Patient#5,D:\Research\Multi-View Fusion Network\datasets\AJBDS-2023_extracted\AJBDS-2023\Training\Patient#5\input\IMG-0008-00058.jpg,1.0,1.0,1.0,1.0,1.0,,True,0.0,0.0,False
Patient#5,D:\Research\Multi-View Fusion Network\datasets\AJBDS-2023_extracted\AJBDS-2023\Training\Patient#5\input\IMG-0008-00059.jpg,1.0,1.0,1.0,1.0,1.0,,True,0.0,0.0,False
Patient#5,D:\Research\Multi-View Fusion Network\datasets\AJBDS-2023_extracted\AJBDS-2023\Training\Patient#5\input\IMG-0008-00060.jpg,1.0,1.0,1.0,1.0,1.0,,True,0.0,0.0,False
Patient#5,D:\Research\Multi-View Fusion Network\datasets\AJBDS-2023_extracted\AJBDS-2023\Training\Patient#5\input\IMG-0008-00061.jpg,1.0,1.0,1.0,1.0,1.0,,True,0.0,0.0,False
Patient#5,D:\Research\Multi-View Fusion Network\datasets\AJBDS-2023_extracted\AJBDS-2023\Training\Patient#5\input\IMG-0008-00062.jpg,1.0,1.0,1.0,1.0,1.0,,True,0.0,0.0,False
Patient#5,D:\Research\Multi-View Fusion Network\datasets\AJBDS-2023_extracted\AJBDS-2023\Training\Patient#5\input\IMG-0008-00063.jpg,1.0,1.0,1.0,1.0,1.0,,True,0.0,0.0,False
Patient#5,D:\Research\Multi-View Fusion Network\datasets\AJBDS-2023_extracted\AJBDS-2023\Training\Patient#5\input\IMG-0008-00064.jpg,1.0,1.0,1.0,1.0,1.0,,True,0.0,0.0,False
Patient#5,D:\Research\Multi-View Fusion Network\datasets\AJBDS-2023_extracted\AJBDS-2023\Training\Patient#5\input\IMG-0008-00065.jpg,1.0,1.0,1.0,1.0,1.0,,True,0.0,0.0,False
Patient#5,D:\Research\Multi-View Fusion Network\datasets\AJBDS-2023_extracted\AJBDS-2023\Training\Patient#5\input\IMG-0008-00066.jpg,1.0,1.0,1.0,1.0,1.0,,True,0.0,0.0,False
Patient#5,D:\Research\Multi-View Fusion Network\datasets\AJBDS-2023_extracted\AJBDS-2023\Training\Patient#5\input\IMG-0008-00067.jpg,1.0,1.0,1.0,1.0,1.0,,True,0.0,0.0,False
Patient#5,D:\Research\Multi-View Fusion Network\datasets\AJBDS-2023_extracted\AJBDS-2023\Training\Patient#5\input\IMG-0008-00068.jpg,1.0,1.0,1.0,1.0,1.0,,True,0.0,0.0,False
Patient#5,D:\Research\Multi-View Fusion Network\datasets\AJBDS-2023_extracted\AJBDS-2023\Training\Patient#5\input\IMG-0008-00069.jpg,1.0,1.0,1.0,1.0,1.0,,True,0.0,0.0,False
Patient#5,D:\Research\Multi-View Fusion Network\datasets\AJBDS-2023_extracted\AJBDS-2023\Training\Patient#5\input\IMG-0008-00070.jpg,1.0,1.0,1.0,1.0,1.0,,True,0.0,0.0,False
Patient#5,D:\Research\Multi-View Fusion Network\datasets\AJBDS-2023_extracted\AJBDS-2023\Training\Patient#5\input\IMG-0008-00071.jpg,1.0,1.0,1.0,1.0,1.0,,True,0.0,0.0,False
Patient#5,D:\Research\Multi-View Fusion Network\datasets\AJBDS-2023_extracted\AJBDS-2023\Training\Patient#5\input\IMG-0008-00072.jpg,1.0,1.0,1.0,1.0,1.0,,True,0.0,0.0,False
Patient#5,D:\Research\Multi-View Fusion Network\datasets\AJBDS-2023_extracted\AJBDS-2023\Training\Patient#5\input\IMG-0009-00001.jpg,1.0,1.0,1.0,1.0,1.0,,True,0.0,0.0,False
Patient#5,D:\Research\Multi-View Fusion Network\datasets\AJBDS-2023_extracted\AJBDS-2023\Training\Patient#5\input\IMG-0009-00002.jpg,5.455537133158828e-10,5.455537133158828e-10,1.0,0.963468611240387,5.455537133158828e-10,,True,1833.0,0.0,True
Patient#5,D:\Research\Multi-View Fusion Network\datasets\AJBDS-2023_extracted\AJBDS-2023\Training\Patient#5\input\IMG-0009-00003.jpg,1.0,1.0,1.0,1.0,1.0,,True,0.0,0.0,False
Patient#5,D:\Research\Multi-View Fusion Network\datasets\AJBDS-2023_extracted\AJBDS-2023\Training\Patient#5\input\IMG-0009-00004.jpg,1.0,1.0,1.0,1.0,1.0,,True,0.0,0.0,False
Patient#5,D:\Research\Multi-View Fusion Network\datasets\AJBDS-2023_extracted\AJBDS-2023\Training\Patient#5\input\IMG-0009-00005.jpg,1.0,1.0,1.0,1.0,1.0,,True,0.0,0.0,False
Patient#5,D:\Research\Multi-View Fusion Network\datasets\AJBDS-2023_extracted\AJBDS-2023\Training\Patient#5\input\IMG-0009-00011.jpg,1.0,1.0,1.0,1.0,1.0,,True,0.0,0.0,False
Patient#5,D:\Research\Multi-View Fusion Network\datasets\AJBDS-2023_extracted\AJBDS-2023\Training\Patient#5\input\IMG-0009-00012.jpg,1.0,1.0,1.0,1.0,1.0,,True,0.0,0.0,False
Patient#5,D:\Research\Multi-View Fusion Network\datasets\AJBDS-2023_extracted\AJBDS-2023\Training\Patient#5\input\IMG-0009-00013.jpg,9.43396205599356e-09,9.43396205599356e-09,1.0,0.9978874325752258,9.43396205599356e-09,,True,106.0,0.0,True
Patient#5,D:\Research\Multi-View Fusion Network\datasets\AJBDS-2023_extracted\AJBDS-2023\Training\Patient#5\input\IMG-0009-00014.jpg,1.0,1.0,1.0,1.0,1.0,,True,0.0,0.0,False
Patient#5,D:\Research\Multi-View Fusion Network\datasets\AJBDS-2023_extracted\AJBDS-2023\Training\Patient#5\input\IMG-0009-00015.jpg,1.0,1.0,1.0,1.0,1.0,,True,0.0,0.0,False
Patient#5,D:\Research\Multi-View Fusion Network\datasets\AJBDS-2023_extracted\AJBDS-2023\Training\Patient#5\input\IMG-0009-00016.jpg,1.0,1.0,1.0,1.0,1.0,,True,0.0,0.0,False
Patient#5,D:\Research\Multi-View Fusion Network\datasets\AJBDS-2023_extracted\AJBDS-2023\Training\Patient#5\input\IMG-0009-00017.jpg,1.0,1.0,1.0,1.0,1.0,,True,0.0,0.0,False
Patient#5,D:\Research\Multi-View Fusion Network\datasets\AJBDS-2023_extracted\AJBDS-2023\Training\Patient#5\input\IMG-0009-00018.jpg,1.0,1.0,1.0,1.0,1.0,,True,0.0,0.0,False
Patient#5,D:\Research\Multi-View Fusion Network\datasets\AJBDS-2023_extracted\AJBDS-2023\Training\Patient#5\input\IMG-0009-00019.jpg,1.0,1.0,1.0,1.0,1.0,,True,0.0,0.0,False
Patient#5,D:\Research\Multi-View Fusion Network\datasets\AJBDS-2023_extracted\AJBDS-2023\Training\Patient#5\input\IMG-0009-00020.jpg,1.0,1.0,1.0,1.0,1.0,,True,0.0,0.0,False
Patient#5,D:\Research\Multi-View Fusion Network\datasets\AJBDS-2023_extracted\AJBDS-2023\Training\Patient#5\input\IMG-0009-00021.jpg,8.59845250555935e-10,8.59845250555935e-10,1.0,0.9768216013908386,8.59845250555935e-10,,True,1163.0,0.0,True
Patient#5,D:\Research\Multi-View Fusion Network\datasets\AJBDS-2023_extracted\AJBDS-2023\Training\Patient#5\input\IMG-0009-00022.jpg,1.0,1.0,1.0,1.0,1.0,,True,0.0,0.0,False
Patient#5,D:\Research\Multi-View Fusion Network\datasets\AJBDS-2023_extracted\AJBDS-2023\Training\Patient#5\input\IMG-0010-00001.jpg,1.0,1.0,1.0,1.0,1.0,,True,0.0,0.0,False
Patient#5,D:\Research\Multi-View Fusion Network\datasets\AJBDS-2023_extracted\AJBDS-2023\Training\Patient#5\input\IMG-0010-00002.jpg,1.0,1.0,1.0,1.0,1.0,,True,0.0,0.0,False
Patient#5,D:\Research\Multi-View Fusion Network\datasets\AJBDS-2023_extracted\AJBDS-2023\Training\Patient#5\input\IMG-0010-00003.jpg,1.0,1.0,1.0,1.0,1.0,,True,0.0,0.0,False
Patient#5,D:\Research\Multi-View Fusion Network\datasets\AJBDS-2023_extracted\AJBDS-2023\Training\Patient#5\input\IMG-0010-00004.jpg,1.0,1.0,1.0,1.0,1.0,,True,0.0,0.0,False
Patient#5,D:\Research\Multi-View Fusion Network\datasets\AJBDS-2023_extracted\AJBDS-2023\Training\Patient#5\input\IMG-0010-00005.jpg,1.1904761620940008e-08,1.1904761620940008e-08,1.0,0.9983258843421936,1.1904761620940008e-08,,True,84.0,0.0,True
Patient#5,D:\Research\Multi-View Fusion Network\datasets\AJBDS-2023_extracted\AJBDS-2023\Training\Patient#5\input\IMG-0010-00006.jpg,7.142856617292638e-08,7.142856617292638e-08,1.0,0.9997209906578064,7.142856617292638e-08,,True,14.0,0.0,True
Patient#5,D:\Research\Multi-View Fusion Network\datasets\AJBDS-2023_extracted\AJBDS-2023\Training\Patient#5\input\IMG-0010-00013.jpg,1.0,1.0,1.0,1.0,1.0,,True,0.0,0.0,False
Patient#5,D:\Research\Multi-View Fusion Network\datasets\AJBDS-2023_extracted\AJBDS-2023\Training\Patient#5\input\IMG-0010-00014.jpg,1.0,1.0,1.0,1.0,1.0,,True,0.0,0.0,False
Patient#5,D:\Research\Multi-View Fusion Network\datasets\AJBDS-2023_extracted\AJBDS-2023\Training\Patient#5\input\IMG-0010-00015.jpg,1.0,1.0,1.0,1.0,1.0,,True,0.0,0.0,False
Patient#5,D:\Research\Multi-View Fusion Network\datasets\AJBDS-2023_extracted\AJBDS-2023\Training\Patient#5\input\IMG-0010-00016.jpg,1.0,1.0,1.0,1.0,1.0,,True,0.0,0.0,False
Patient#5,D:\Research\Multi-View Fusion Network\datasets\AJBDS-2023_extracted\AJBDS-2023\Training\Patient#5\input\IMG-0010-00017.jpg,1.0,1.0,1.0,1.0,1.0,,True,0.0,0.0,False
Patient#5,D:\Research\Multi-View Fusion Network\datasets\AJBDS-2023_extracted\AJBDS-2023\Training\Patient#5\input\IMG-0010-00018.jpg,1.0,1.0,1.0,1.0,1.0,,True,0.0,0.0,False
Patient#5,D:\Research\Multi-View Fusion Network\datasets\AJBDS-2023_extracted\AJBDS-2023\Training\Patient#5\input\IMG-0010-00019.jpg,1.0,1.0,1.0,1.0,1.0,,True,0.0,0.0,False
Patient#5,D:\Research\Multi-View Fusion Network\datasets\AJBDS-2023_extracted\AJBDS-2023\Training\Patient#5\input\IMG-0010-00020.jpg,1.9607842460800384e-08,1.9607842460800384e-08,1.0,0.9989835619926452,1.9607842460800384e-08,,True,51.0,0.0,True
Patient#5,D:\Research\Multi-View Fusion Network\datasets\AJBDS-2023_extracted\AJBDS-2023\Training\Patient#5\input\IMG-0010-00021.jpg,1.6891892329340406e-09,1.6891892329340406e-09,1.0,0.9882015585899352,1.6891892329340406e-09,,True,592.0,0.0,True
Patient#5,D:\Research\Multi-View Fusion Network\datasets\AJBDS-2023_extracted\AJBDS-2023\Training\Patient#5\input\IMG-0010-00022.jpg,1.0,1.0,1.0,1.0,1.0,,True,0.0,0.0,False
Patient#5,D:\Research\Multi-View Fusion Network\datasets\AJBDS-2023_extracted\AJBDS-2023\Training\Patient#5\input\IMG-0011-00001.jpg,1.0,1.0,1.0,1.0,1.0,,True,0.0,0.0,False
Patient#5,D:\Research\Multi-View Fusion Network\datasets\AJBDS-2023_extracted\AJBDS-2023\Training\Patient#5\input\IMG-0011-00002.jpg,5.988023965564081e-10,5.988023965564081e-10,1.0,0.9667171835899352,5.988023965564081e-10,,True,1670.0,0.0,True
Patient#5,D:\Research\Multi-View Fusion Network\datasets\AJBDS-2023_extracted\AJBDS-2023\Training\Patient#5\input\IMG-0011-00003.jpg,1.0,1.0,1.0,1.0,1.0,,True,0.0,0.0,False
Patient#5,D:\Research\Multi-View Fusion Network\datasets\AJBDS-2023_extracted\AJBDS-2023\Training\Patient#5\input\IMG-0011-00004.jpg,4.0650407484577045e-09,4.0650407484577045e-09,1.0,0.995097279548645,4.0650407484577045e-09,,True,246.0,0.0,True
Patient#5,D:\Research\Multi-View Fusion Network\datasets\AJBDS-2023_extracted\AJBDS-2023\Training\Patient#5\input\IMG-0011-00005.jpg,1.0,1.0,1.0,1.0,1.0,,True,0.0,0.0,False
Patient#5,D:\Research\Multi-View Fusion Network\datasets\AJBDS-2023_extracted\AJBDS-2023\Training\Patient#5\input\IMG-0011-00011.jpg,8.547008434334202e-09,8.547008434334202e-09,1.0,0.997668206691742,8.547008434334202e-09,,True,117.0,0.0,True
Patient#5,D:\Research\Multi-View Fusion Network\datasets\AJBDS-2023_extracted\AJBDS-2023\Training\Patient#5\input\IMG-0011-00012.jpg,1.1235955277300036e-08,1.1235955277300036e-08,1.0,0.9982262253761292,1.1235955277300036e-08,,True,89.0,0.0,True
Patient#5,D:\Research\Multi-View Fusion Network\datasets\AJBDS-2023_extracted\AJBDS-2023\Training\Patient#5\input\IMG-0011-00013.jpg,1.0204082023790306e-08,1.0204082023790306e-08,1.0,0.998046875,1.0204082023790306e-08,,True,98.0,0.0,True
Patient#5,D:\Research\Multi-View Fusion Network\datasets\AJBDS-2023_extracted\AJBDS-2023\Training\Patient#5\input\IMG-0011-00014.jpg,1.0,1.0,1.0,1.0,1.0,,True,0.0,0.0,False
Patient#5,D:\Research\Multi-View Fusion Network\datasets\AJBDS-2023_extracted\AJBDS-2023\Training\Patient#5\input\IMG-0011-00015.jpg,1.0,1.0,1.0,1.0,1.0,,True,0.0,0.0,False
Patient#5,D:\Research\Multi-View Fusion Network\datasets\AJBDS-2023_extracted\AJBDS-2023\Training\Patient#5\input\IMG-0011-00016.jpg,1.0,1.0,1.0,1.0,1.0,,True,0.0,0.0,False
Patient#5,D:\Research\Multi-View Fusion Network\datasets\AJBDS-2023_extracted\AJBDS-2023\Training\Patient#5\input\IMG-0011-00017.jpg,1.0,1.0,1.0,1.0,1.0,,True,0.0,0.0,False
Patient#5,D:\Research\Multi-View Fusion Network\datasets\AJBDS-2023_extracted\AJBDS-2023\Training\Patient#5\input\IMG-0011-00018.jpg,1.0,1.0,1.0,1.0,1.0,,True,0.0,0.0,False
Patient#5,D:\Research\Multi-View Fusion Network\datasets\AJBDS-2023_extracted\AJBDS-2023\Training\Patient#5\input\IMG-0011-00019.jpg,1.0,1.0,1.0,1.0,1.0,,True,0.0,0.0,False
Patient#5,D:\Research\Multi-View Fusion Network\datasets\AJBDS-2023_extracted\AJBDS-2023\Training\Patient#5\input\IMG-0011-00020.jpg,1.0,1.0,1.0,1.0,1.0,,True,0.0,0.0,False
Patient#5,D:\Research\Multi-View Fusion Network\datasets\AJBDS-2023_extracted\AJBDS-2023\Training\Patient#5\input\IMG-0011-00021.jpg,6.711409206161534e-10,6.711409206161534e-10,1.0,0.970304548740387,6.711409206161534e-10,,True,1490.0,0.0,True
Patient#5,D:\Research\Multi-View Fusion Network\datasets\AJBDS-2023_extracted\AJBDS-2023\Training\Patient#5\input\IMG-0011-00022.jpg,1.0,1.0,1.0,1.0,1.0,,True,0.0,0.0,False
Patient#5,D:\Research\Multi-View Fusion Network\datasets\AJBDS-2023_extracted\AJBDS-2023\Training\Patient#5\input\IMG-0012-00001.jpg,1.0,1.0,1.0,1.0,1.0,,True,0.0,0.0,False
Patient#5,D:\Research\Multi-View Fusion Network\datasets\AJBDS-2023_extracted\AJBDS-2023\Training\Patient#5\input\IMG-0012-00002.jpg,1.0,1.0,1.0,1.0,1.0,,True,0.0,0.0,False
Patient#5,D:\Research\Multi-View Fusion Network\datasets\AJBDS-2023_extracted\AJBDS-2023\Training\Patient#5\input\IMG-0012-00003.jpg,1.0,1.0,1.0,1.0,1.0,,True,0.0,0.0,False
Patient#5,D:\Research\Multi-View Fusion Network\datasets\AJBDS-2023_extracted\AJBDS-2023\Training\Patient#5\input\IMG-0012-00004.jpg,1.0,1.0,1.0,1.0,1.0,,True,0.0,0.0,False
Patient#5,D:\Research\Multi-View Fusion Network\datasets\AJBDS-2023_extracted\AJBDS-2023\Training\Patient#5\input\IMG-0012-00005.jpg,1.0,1.0,1.0,1.0,1.0,,True,0.0,0.0,False
Patient#5,D:\Research\Multi-View Fusion Network\datasets\AJBDS-2023_extracted\AJBDS-2023\Training\Patient#5\input\IMG-0012-00006.jpg,1.0,1.0,1.0,1.0,1.0,,True,0.0,0.0,False
Patient#5,D:\Research\Multi-View Fusion Network\datasets\AJBDS-2023_extracted\AJBDS-2023\Training\Patient#5\input\IMG-0012-00007.jpg,1.0,1.0,1.0,1.0,1.0,,True,0.0,0.0,False
Patient#5,D:\Research\Multi-View Fusion Network\datasets\AJBDS-2023_extracted\AJBDS-2023\Training\Patient#5\input\IMG-0012-00008.jpg,1.0,1.0,1.0,1.0,1.0,,True,0.0,0.0,False
Patient#5,D:\Research\Multi-View Fusion Network\datasets\AJBDS-2023_extracted\AJBDS-2023\Training\Patient#5\input\IMG-0012-00009.jpg,1.0,1.0,1.0,1.0,1.0,,True,0.0,0.0,False
Patient#5,D:\Research\Multi-View Fusion Network\datasets\AJBDS-2023_extracted\AJBDS-2023\Training\Patient#5\input\IMG-0012-00010.jpg,3.184713381898518e-09,3.184713381898518e-09,1.0,0.993742048740387,3.184713381898518e-09,,True,314.0,0.0,True
Patient#5,D:\Research\Multi-View Fusion Network\datasets\AJBDS-2023_extracted\AJBDS-2023\Training\Patient#5\input\IMG-0012-00011.jpg,5.050504903181263e-09,5.050504903181263e-09,1.0,0.9960538744926452,5.050504903181263e-09,,True,198.0,0.0,True
Patient#5,D:\Research\Multi-View Fusion Network\datasets\AJBDS-2023_extracted\AJBDS-2023\Training\Patient#5\input\IMG-0012-00018.jpg,1.0,1.0,1.0,1.0,1.0,,True,0.0,0.0,False
Patient#5,D:\Research\Multi-View Fusion Network\datasets\AJBDS-2023_extracted\AJBDS-2023\Training\Patient#5\input\IMG-0012-00019.jpg,1.0,1.0,1.0,1.0,1.0,,True,0.0,0.0,False
Patient#5,D:\Research\Multi-View Fusion Network\datasets\AJBDS-2023_extracted\AJBDS-2023\Training\Patient#5\input\IMG-0012-00020.jpg,1.0,1.0,1.0,1.0,1.0,,True,0.0,0.0,False
Patient#5,D:\Research\Multi-View Fusion Network\datasets\AJBDS-2023_extracted\AJBDS-2023\Training\Patient#5\input\IMG-0012-00021.jpg,1.0,1.0,1.0,1.0,1.0,,True,0.0,0.0,False
Patient#5,D:\Research\Multi-View Fusion Network\datasets\AJBDS-2023_extracted\AJBDS-2023\Training\Patient#5\input\IMG-0012-00022.jpg,1.0,1.0,1.0,1.0,1.0,,True,0.0,0.0,False
Patient#5,D:\Research\Multi-View Fusion Network\datasets\AJBDS-2023_extracted\AJBDS-2023\Training\Patient#5\input\IMG-0012-00023.jpg,1.0,1.0,1.0,1.0,1.0,,True,0.0,0.0,False
Patient#5,D:\Research\Multi-View Fusion Network\datasets\AJBDS-2023_extracted\AJBDS-2023\Training\Patient#5\input\IMG-0012-00024.jpg,1.0,1.0,1.0,1.0,1.0,,True,0.0,0.0,False
Patient#5,D:\Research\Multi-View Fusion Network\datasets\AJBDS-2023_extracted\AJBDS-2023\Training\Patient#5\input\IMG-0012-00025.jpg,1.0,1.0,1.0,1.0,1.0,,True,0.0,0.0,False
Patient#6,D:\Research\Multi-View Fusion Network\datasets\AJBDS-2023_extracted\AJBDS-2023\Training\Patient#6\input\IMG-0001-00001.jpg,7.692307235629414e-08,7.692307235629414e-08,1.0,0.9997408986091614,7.692307235629414e-08,,True,13.0,0.0,True
Patient#6,D:\Research\Multi-View Fusion Network\datasets\AJBDS-2023_extracted\AJBDS-2023\Training\Patient#6\input\IMG-0001-00002.jpg,1.0,1.0,1.0,1.0,1.0,,True,0.0,0.0,False
Patient#6,D:\Research\Multi-View Fusion Network\datasets\AJBDS-2023_extracted\AJBDS-2023\Training\Patient#6\input\IMG-0001-00003.jpg,1.0,1.0,1.0,1.0,1.0,,True,0.0,0.0,False
Patient#6,D:\Research\Multi-View Fusion Network\datasets\AJBDS-2023_extracted\AJBDS-2023\Training\Patient#6\input\IMG-0001-00004.jpg,1.0,1.0,1.0,1.0,1.0,,True,0.0,0.0,False
Patient#6,D:\Research\Multi-View Fusion Network\datasets\AJBDS-2023_extracted\AJBDS-2023\Training\Patient#6\input\IMG-0001-00005.jpg,3.333333253863202e-08,3.333333253863202e-08,1.0,0.999402105808258,3.333333253863202e-08,,True,30.0,0.0,True
Patient#6,D:\Research\Multi-View Fusion Network\datasets\AJBDS-2023_extracted\AJBDS-2023\Training\Patient#6\input\IMG-0001-00006.jpg,1.0,1.0,1.0,1.0,1.0,,True,0.0,0.0,False
Patient#6,D:\Research\Multi-View Fusion Network\datasets\AJBDS-2023_extracted\AJBDS-2023\Training\Patient#6\input\IMG-0001-00007.jpg,1.0,1.0,1.0,1.0,1.0,,True,0.0,0.0,False
Patient#6,D:\Research\Multi-View Fusion Network\datasets\AJBDS-2023_extracted\AJBDS-2023\Training\Patient#6\input\IMG-0001-00008.jpg,1.0,1.0,1.0,1.0,1.0,,True,0.0,0.0,False
Patient#6,D:\Research\Multi-View Fusion Network\datasets\AJBDS-2023_extracted\AJBDS-2023\Training\Patient#6\input\IMG-0001-00012.jpg,1.0,1.0,1.0,1.0,1.0,,True,0.0,0.0,False
Patient#6,D:\Research\Multi-View Fusion Network\datasets\AJBDS-2023_extracted\AJBDS-2023\Training\Patient#6\input\IMG-0001-00013.jpg,1.0,1.0,1.0,1.0,1.0,,True,0.0,0.0,False
Patient#6,D:\Research\Multi-View Fusion Network\datasets\AJBDS-2023_extracted\AJBDS-2023\Training\Patient#6\input\IMG-0001-00014.jpg,1.0,1.0,1.0,1.0,1.0,,True,0.0,0.0,False
Patient#6,D:\Research\Multi-View Fusion Network\datasets\AJBDS-2023_extracted\AJBDS-2023\Training\Patient#6\input\IMG-0001-00015.jpg,1.0,1.0,1.0,1.0,1.0,,True,0.0,0.0,False
Patient#6,D:\Research\Multi-View Fusion Network\datasets\AJBDS-2023_extracted\AJBDS-2023\Training\Patient#6\input\IMG-0001-00016.jpg,1.0,1.0,1.0,1.0,1.0,,True,0.0,0.0,False
Patient#6,D:\Research\Multi-View Fusion Network\datasets\AJBDS-2023_extracted\AJBDS-2023\Training\Patient#6\input\IMG-0001-00017.jpg,1.0,1.0,1.0,1.0,1.0,,True,0.0,0.0,False
Patient#6,D:\Research\Multi-View Fusion Network\datasets\AJBDS-2023_extracted\AJBDS-2023\Training\Patient#6\input\IMG-0001-00018.jpg,1.0,1.0,1.0,1.0,1.0,,True,0.0,0.0,False
Patient#6,D:\Research\Multi-View Fusion Network\datasets\AJBDS-2023_extracted\AJBDS-2023\Training\Patient#6\input\IMG-0001-00019.jpg,1.841620633769025e-09,1.841620633769025e-09,1.0,0.9891781210899352,1.841620633769025e-09,,True,543.0,0.0,True
Patient#6,D:\Research\Multi-View Fusion Network\datasets\AJBDS-2023_extracted\AJBDS-2023\Training\Patient#6\input\IMG-0001-00020.jpg,1.0,1.0,1.0,1.0,1.0,,True,0.0,0.0,False
Patient#6,D:\Research\Multi-View Fusion Network\datasets\AJBDS-2023_extracted\AJBDS-2023\Training\Patient#6\input\IMG-0002-00001.jpg,2.9069766593892155e-09,2.9069766593892155e-09,1.0,0.993144154548645,2.9069766593892155e-09,,True,344.0,0.0,True
Patient#6,D:\Research\Multi-View Fusion Network\datasets\AJBDS-2023_extracted\AJBDS-2023\Training\Patient#6\input\IMG-0002-00002.jpg,1.0,1.0,1.0,1.0,1.0,,True,0.0,0.0,False
Patient#6,D:\Research\Multi-View Fusion Network\datasets\AJBDS-2023_extracted\AJBDS-2023\Training\Patient#6\input\IMG-0002-00003.jpg,3.448275887052432e-09,3.448275887052432e-09,1.0,0.9942203164100648,3.448275887052432e-09,,True,290.0,0.0,True
Patient#6,D:\Research\Multi-View Fusion Network\datasets\AJBDS-2023_extracted\AJBDS-2023\Training\Patient#6\input\IMG-0002-00004.jpg,2.8653295292002667e-09,2.8653295292002667e-09,1.0,0.9930444955825806,2.8653295292002667e-09,,True,349.0,0.0,True
Patient#6,D:\Research\Multi-View Fusion Network\datasets\AJBDS-2023_extracted\AJBDS-2023\Training\Patient#6\input\IMG-0002-00005.jpg,1.0,1.0,1.0,1.0,1.0,,True,0.0,0.0,False
Patient#6,D:\Research\Multi-View Fusion Network\datasets\AJBDS-2023_extracted\AJBDS-2023\Training\Patient#6\input\IMG-0002-00010.jpg,6.666666507726404e-08,6.666666507726404e-08,1.0,0.9997010231018066,6.666666507726404e-08,,True,15.0,0.0,True
Patient#6,D:\Research\Multi-View Fusion Network\datasets\AJBDS-2023_extracted\AJBDS-2023\Training\Patient#6\input\IMG-0002-00011.jpg,1.0,1.0,1.0,1.0,1.0,,True,0.0,0.0,False
Patient#6,D:\Research\Multi-View Fusion Network\datasets\AJBDS-2023_extracted\AJBDS-2023\Training\Patient#6\input\IMG-0002-00012.jpg,8.333332601750953e-08,8.333332601750953e-08,1.0,0.9997608661651612,8.333332601750953e-08,,True,12.0,0.0,True
Patient#6,D:\Research\Multi-View Fusion Network\datasets\AJBDS-2023_extracted\AJBDS-2023\Training\Patient#6\input\IMG-0002-00013.jpg,2.1645021330840564e-09,2.1645021330840564e-09,1.0,0.9907923936843872,2.1645021330840564e-09,,True,462.0,0.0,True
Patient#6,D:\Research\Multi-View Fusion Network\datasets\AJBDS-2023_extracted\AJBDS-2023\Training\Patient#6\input\IMG-0002-00014.jpg,1.3966480194582687e-09,1.3966480194582687e-09,1.0,0.985730230808258,1.3966480194582687e-09,,True,716.0,0.0,True
Patient#6,D:\Research\Multi-View Fusion Network\datasets\AJBDS-2023_extracted\AJBDS-2023\Training\Patient#6\input\IMG-0002-00015.jpg,1.0,1.0,1.0,1.0,1.0,,True,0.0,0.0,False
Patient#6,D:\Research\Multi-View Fusion Network\datasets\AJBDS-2023_extracted\AJBDS-2023\Training\Patient#6\input\IMG-0002-00016.jpg,2.3809523241880012e-08,2.3809523241880012e-08,1.0,0.9991629719734192,2.3809523241880012e-08,,True,42.0,0.0,True
Patient#6,D:\Research\Multi-View Fusion Network\datasets\AJBDS-2023_extracted\AJBDS-2023\Training\Patient#6\input\IMG-0002-00017.jpg,5.3475934791435975e-09,5.3475934791435975e-09,1.0,0.9962731003761292,5.3475934791435975e-09,,True,187.0,0.0,True
Patient#6,D:\Research\Multi-View Fusion Network\datasets\AJBDS-2023_extracted\AJBDS-2023\Training\Patient#6\input\IMG-0002-00018.jpg,3.0674847106837433e-09,3.0674847106837433e-09,1.0,0.9935028553009032,3.0674847106837433e-09,,True,326.0,0.0,True
Patient#6,D:\Research\Multi-View Fusion Network\datasets\AJBDS-2023_extracted\AJBDS-2023\Training\Patient#6\input\IMG-0002-00019.jpg,1.0,1.0,1.0,1.0,1.0,,True,0.0,0.0,False
Patient#6,D:\Research\Multi-View Fusion Network\datasets\AJBDS-2023_extracted\AJBDS-2023\Training\Patient#6\input\IMG-0002-00020.jpg,1.0,1.0,1.0,1.0,1.0,,True,0.0,0.0,False
Patient#6,D:\Research\Multi-View Fusion Network\datasets\AJBDS-2023_extracted\AJBDS-2023\Training\Patient#6\input\IMG-0003-00001.jpg,1.0,1.0,1.0,1.0,1.0,,True,0.0,0.0,False
Patient#6,D:\Research\Multi-View Fusion Network\datasets\AJBDS-2023_extracted\AJBDS-2023\Training\Patient#6\input\IMG-0003-00002.jpg,5.6818181271012236e-09,5.6818181271012236e-09,1.0,0.996492326259613,5.6818181271012236e-09,,True,176.0,0.0,True
Patient#6,D:\Research\Multi-View Fusion Network\datasets\AJBDS-2023_extracted\AJBDS-2023\Training\Patient#6\input\IMG-0003-00003.jpg,1.0,1.0,1.0,1.0,1.0,,True,0.0,0.0,False
Patient#6,D:\Research\Multi-View Fusion Network\datasets\AJBDS-2023_extracted\AJBDS-2023\Training\Patient#6\input\IMG-0003-00004.jpg,1.3812154753267691e-09,1.3812154753267691e-09,1.0,0.985570788383484,1.3812154753267691e-09,,True,724.0,0.0,True
Patient#6,D:\Research\Multi-View Fusion Network\datasets\AJBDS-2023_extracted\AJBDS-2023\Training\Patient#6\input\IMG-0003-00005.jpg,5.851374940135655e-10,5.851374940135655e-10,1.0,0.9659398794174194,5.851374940135655e-10,,True,1709.0,0.0,True
Patient#6,D:\Research\Multi-View Fusion Network\datasets\AJBDS-2023_extracted\AJBDS-2023\Training\Patient#6\input\IMG-0003-00010.jpg,1.0,1.0,1.0,1.0,1.0,,True,0.0,0.0,False
Patient#6,D:\Research\Multi-View Fusion Network\datasets\AJBDS-2023_extracted\AJBDS-2023\Training\Patient#6\input\IMG-0003-00011.jpg,1.0,1.0,1.0,1.0,1.0,,True,0.0,0.0,False
Patient#6,D:\Research\Multi-View Fusion Network\datasets\AJBDS-2023_extracted\AJBDS-2023\Training\Patient#6\input\IMG-0003-00012.jpg,1.0,1.0,1.0,1.0,1.0,,True,0.0,0.0,False
Patient#6,D:\Research\Multi-View Fusion Network\datasets\AJBDS-2023_extracted\AJBDS-2023\Training\Patient#6\input\IMG-0003-00013.jpg,1.0,1.0,1.0,1.0,1.0,,True,0.0,0.0,False
Patient#6,D:\Research\Multi-View Fusion Network\datasets\AJBDS-2023_extracted\AJBDS-2023\Training\Patient#6\input\IMG-0003-00014.jpg,1.0,1.0,1.0,1.0,1.0,,True,0.0,0.0,False
Patient#6,D:\Research\Multi-View Fusion Network\datasets\AJBDS-2023_extracted\AJBDS-2023\Training\Patient#6\input\IMG-0003-00015.jpg,1.0,1.0,1.0,1.0,1.0,,True,0.0,0.0,False
Patient#6,D:\Research\Multi-View Fusion Network\datasets\AJBDS-2023_extracted\AJBDS-2023\Training\Patient#6\input\IMG-0003-00016.jpg,1.0,1.0,1.0,1.0,1.0,,True,0.0,0.0,False
Patient#6,D:\Research\Multi-View Fusion Network\datasets\AJBDS-2023_extracted\AJBDS-2023\Training\Patient#6\input\IMG-0003-00017.jpg,1.0,1.0,1.0,1.0,1.0,,True,0.0,0.0,False
Patient#6,D:\Research\Multi-View Fusion Network\datasets\AJBDS-2023_extracted\AJBDS-2023\Training\Patient#6\input\IMG-0003-00018.jpg,4.901960615200096e-09,4.901960615200096e-09,1.0,0.9959343075752258,4.901960615200096e-09,,True,204.0,0.0,True
Patient#6,D:\Research\Multi-View Fusion Network\datasets\AJBDS-2023_extracted\AJBDS-2023\Training\Patient#6\input\IMG-0003-00019.jpg,1.4970059636354451e-09,1.4970059636354451e-09,1.0,0.9866868853569032,1.4970059636354451e-09,,True,668.0,0.0,True
Patient#6,D:\Research\Multi-View Fusion Network\datasets\AJBDS-2023_extracted\AJBDS-2023\Training\Patient#6\input\IMG-0003-00020.jpg,1.0,1.0,1.0,1.0,1.0,,True,0.0,0.0,False
Patient#6,D:\Research\Multi-View Fusion Network\datasets\AJBDS-2023_extracted\AJBDS-2023\Training\Patient#6\input\IMG-0004-00001.jpg,1.0,1.0,1.0,1.0,1.0,,True,0.0,0.0,False
Patient#6,D:\Research\Multi-View Fusion Network\datasets\AJBDS-2023_extracted\AJBDS-2023\Training\Patient#6\input\IMG-0004-00002.jpg,1.0,1.0,1.0,1.0,1.0,,True,0.0,0.0,False
Patient#6,D:\Research\Multi-View Fusion Network\datasets\AJBDS-2023_extracted\AJBDS-2023\Training\Patient#6\input\IMG-0004-00003.jpg,5.847953232773761e-09,5.847953232773761e-09,1.0,0.9965919852256776,5.847953232773761e-09,,True,171.0,0.0,True
Patient#6,D:\Research\Multi-View Fusion Network\datasets\AJBDS-2023_extracted\AJBDS-2023\Training\Patient#6\input\IMG-0004-00004.jpg,2.659574560581745e-09,2.659574560581745e-09,1.0,0.9925063848495485,2.659574560581745e-09,,True,376.0,0.0,True
Patient#6,D:\Research\Multi-View Fusion Network\datasets\AJBDS-2023_extracted\AJBDS-2023\Training\Patient#6\input\IMG-0004-00005.jpg,4.999997713639459e-07,4.999997713639459e-07,1.0,0.9999601244926452,4.999997713639459e-07,,True,2.0,0.0,True
Patient#6,D:\Research\Multi-View Fusion Network\datasets\AJBDS-2023_extracted\AJBDS-2023\Training\Patient#6\input\IMG-0004-00010.jpg,1.0,1.0,1.0,1.0,1.0,,True,0.0,0.0,False
Patient#6,D:\Research\Multi-View Fusion Network\datasets\AJBDS-2023_extracted\AJBDS-2023\Training\Patient#6\input\IMG-0004-00011.jpg,1.0,1.0,1.0,1.0,1.0,,True,0.0,0.0,False
Patient#6,D:\Research\Multi-View Fusion Network\datasets\AJBDS-2023_extracted\AJBDS-2023\Training\Patient#6\input\IMG-0004-00012.jpg,1.0,1.0,1.0,1.0,1.0,,True,0.0,0.0,False
Patient#6,D:\Research\Multi-View Fusion Network\datasets\AJBDS-2023_extracted\AJBDS-2023\Training\Patient#6\input\IMG-0004-00013.jpg,1.0,1.0,1.0,1.0,1.0,,True,0.0,0.0,False
Patient#6,D:\Research\Multi-View Fusion Network\datasets\AJBDS-2023_extracted\AJBDS-2023\Training\Patient#6\input\IMG-0004-00014.jpg,1.0,1.0,1.0,1.0,1.0,,True,0.0,0.0,False
Patient#6,D:\Research\Multi-View Fusion Network\datasets\AJBDS-2023_extracted\AJBDS-2023\Training\Patient#6\input\IMG-0004-00015.jpg,1.0,1.0,1.0,1.0,1.0,,True,0.0,0.0,False
Patient#6,D:\Research\Multi-View Fusion Network\datasets\AJBDS-2023_extracted\AJBDS-2023\Training\Patient#6\input\IMG-0004-00016.jpg,1.0,1.0,1.0,1.0,1.0,,True,0.0,0.0,False
Patient#6,D:\Research\Multi-View Fusion Network\datasets\AJBDS-2023_extracted\AJBDS-2023\Training\Patient#6\input\IMG-0004-00017.jpg,1.0,1.0,1.0,1.0,1.0,,True,0.0,0.0,False
Patient#6,D:\Research\Multi-View Fusion Network\datasets\AJBDS-2023_extracted\AJBDS-2023\Training\Patient#6\input\IMG-0004-00018.jpg,1.091703061284477e-09,1.091703061284477e-09,1.0,0.9817442893981934,1.091703061284477e-09,,True,916.0,0.0,True
Patient#6,D:\Research\Multi-View Fusion Network\datasets\AJBDS-2023_extracted\AJBDS-2023\Training\Patient#6\input\IMG-0004-00019.jpg,1.0,1.0,1.0,1.0,1.0,,True,0.0,0.0,False
Patient#6,D:\Research\Multi-View Fusion Network\datasets\AJBDS-2023_extracted\AJBDS-2023\Training\Patient#6\input\IMG-0004-00020.jpg,1.0,1.0,1.0,1.0,1.0,,True,0.0,0.0,False
Patient#6,D:\Research\Multi-View Fusion Network\datasets\AJBDS-2023_extracted\AJBDS-2023\Training\Patient#6\input\IMG-0005-00001.jpg,2.6315789547481927e-09,2.6315789547481927e-09,1.0,0.9924266338348388,2.6315789547481927e-09,,True,380.0,0.0,True
Patient#6,D:\Research\Multi-View Fusion Network\datasets\AJBDS-2023_extracted\AJBDS-2023\Training\Patient#6\input\IMG-0005-00002.jpg,1.2048192443714354e-09,1.2048192443714354e-09,1.0,0.9834582209587096,1.2048192443714354e-09,,True,830.0,0.0,True
Patient#6,D:\Research\Multi-View Fusion Network\datasets\AJBDS-2023_extracted\AJBDS-2023\Training\Patient#6\input\IMG-0005-00003.jpg,4.63606847356246e-10,4.63606847356246e-10,1.0,0.957011342048645,4.63606847356246e-10,,True,2157.0,0.0,True
Patient#6,D:\Research\Multi-View Fusion Network\datasets\AJBDS-2023_extracted\AJBDS-2023\Training\Patient#6\input\IMG-0005-00004.jpg,1.0,1.0,1.0,1.0,1.0,,True,0.0,0.0,False
Patient#6,D:\Research\Multi-View Fusion Network\datasets\AJBDS-2023_extracted\AJBDS-2023\Training\Patient#6\input\IMG-0005-00005.jpg,1.0,1.0,1.0,1.0,1.0,,True,0.0,0.0,False
Patient#6,D:\Research\Multi-View Fusion Network\datasets\AJBDS-2023_extracted\AJBDS-2023\Training\Patient#6\input\IMG-0005-00010.jpg,1.0,1.0,1.0,1.0,1.0,,True,0.0,0.0,False
Patient#6,D:\Research\Multi-View Fusion Network\datasets\AJBDS-2023_extracted\AJBDS-2023\Training\Patient#6\input\IMG-0005-00011.jpg,1.0,1.0,1.0,1.0,1.0,,True,0.0,0.0,False
Patient#6,D:\Research\Multi-View Fusion Network\datasets\AJBDS-2023_extracted\AJBDS-2023\Training\Patient#6\input\IMG-0005-00012.jpg,1.0,1.0,1.0,1.0,1.0,,True,0.0,0.0,False
Patient#6,D:\Research\Multi-View Fusion Network\datasets\AJBDS-2023_extracted\AJBDS-2023\Training\Patient#6\input\IMG-0005-00013.jpg,1.0,1.0,1.0,1.0,1.0,,True,0.0,0.0,False
Patient#6,D:\Research\Multi-View Fusion Network\datasets\AJBDS-2023_extracted\AJBDS-2023\Training\Patient#6\input\IMG-0005-00014.jpg,1.0,1.0,1.0,1.0,1.0,,True,0.0,0.0,False
Patient#6,D:\Research\Multi-View Fusion Network\datasets\AJBDS-2023_extracted\AJBDS-2023\Training\Patient#6\input\IMG-0005-00015.jpg,1.0,1.0,1.0,1.0,1.0,,True,0.0,0.0,False
Patient#6,D:\Research\Multi-View Fusion Network\datasets\AJBDS-2023_extracted\AJBDS-2023\Training\Patient#6\input\IMG-0005-00016.jpg,1.0,1.0,1.0,1.0,1.0,,True,0.0,0.0,False
Patient#6,D:\Research\Multi-View Fusion Network\datasets\AJBDS-2023_extracted\AJBDS-2023\Training\Patient#6\input\IMG-0005-00017.jpg,1.0,1.0,1.0,1.0,1.0,,True,0.0,0.0,False
Patient#6,D:\Research\Multi-View Fusion Network\datasets\AJBDS-2023_extracted\AJBDS-2023\Training\Patient#6\input\IMG-0005-00018.jpg,7.905138210695383e-10,7.905138210695383e-10,1.0,0.9747887253761292,7.905138210695383e-10,,True,1265.0,0.0,True
Patient#6,D:\Research\Multi-View Fusion Network\datasets\AJBDS-2023_extracted\AJBDS-2023\Training\Patient#6\input\IMG-0005-00019.jpg,5.167958838647735e-10,5.167958838647735e-10,1.0,0.9614357352256776,5.167958838647735e-10,,True,1935.0,0.0,True
Patient#6,D:\Research\Multi-View Fusion Network\datasets\AJBDS-2023_extracted\AJBDS-2023\Training\Patient#6\input\IMG-0005-00020.jpg,3.4674063620343526e-10,3.4674063620343526e-10,1.0,0.9425223469734192,3.4674063620343526e-10,,True,2884.0,0.0,True
Patient#6,D:\Research\Multi-View Fusion Network\datasets\AJBDS-2023_extracted\AJBDS-2023\Training\Patient#6\input\IMG-0005-00021.jpg,2.398081511145733e-09,2.398081511145733e-09,1.0,0.9916892647743224,2.398081511145733e-09,,True,417.0,0.0,True
Patient#6,D:\Research\Multi-View Fusion Network\datasets\AJBDS-2023_extracted\AJBDS-2023\Training\Patient#6\input\IMG-0005-00022.jpg,1.472754029840928e-09,1.472754029840928e-09,1.0,0.9864676594734192,1.472754029840928e-09,,True,679.0,0.0,True
Patient#6,D:\Research\Multi-View Fusion Network\datasets\AJBDS-2023_extracted\AJBDS-2023\Training\Patient#6\input\IMG-0005-00023.jpg,5.175983530669724e-10,5.175983530669724e-10,1.0,0.9614955186843872,5.175983530669724e-10,,True,1932.0,0.0,True
Patient#6,D:\Research\Multi-View Fusion Network\datasets\AJBDS-2023_extracted\AJBDS-2023\Training\Patient#6\input\IMG-0005-00024.jpg,1.0,1.0,1.0,1.0,1.0,,True,0.0,0.0,False
Patient#6,D:\Research\Multi-View Fusion Network\datasets\AJBDS-2023_extracted\AJBDS-2023\Training\Patient#6\input\IMG-0005-00025.jpg,1.0,1.0,1.0,1.0,1.0,,True,0.0,0.0,False
Patient#6,D:\Research\Multi-View Fusion Network\datasets\AJBDS-2023_extracted\AJBDS-2023\Training\Patient#6\input\IMG-0005-00030.jpg,1.0,1.0,1.0,1.0,1.0,,True,0.0,0.0,False
Patient#6,D:\Research\Multi-View Fusion Network\datasets\AJBDS-2023_extracted\AJBDS-2023\Training\Patient#6\input\IMG-0005-00031.jpg,1.0,1.0,1.0,1.0,1.0,,True,0.0,0.0,False
Patient#6,D:\Research\Multi-View Fusion Network\datasets\AJBDS-2023_extracted\AJBDS-2023\Training\Patient#6\input\IMG-0005-00032.jpg,1.0,1.0,1.0,1.0,1.0,,True,0.0,0.0,False
Patient#6,D:\Research\Multi-View Fusion Network\datasets\AJBDS-2023_extracted\AJBDS-2023\Training\Patient#6\input\IMG-0005-00033.jpg,1.0,1.0,1.0,1.0,1.0,,True,0.0,0.0,False
Patient#6,D:\Research\Multi-View Fusion Network\datasets\AJBDS-2023_extracted\AJBDS-2023\Training\Patient#6\input\IMG-0005-00034.jpg,1.0,1.0,1.0,1.0,1.0,,True,0.0,0.0,False
Patient#6,D:\Research\Multi-View Fusion Network\datasets\AJBDS-2023_extracted\AJBDS-2023\Training\Patient#6\input\IMG-0005-00035.jpg,1.0,1.0,1.0,1.0,1.0,,True,0.0,0.0,False
Patient#6,D:\Research\Multi-View Fusion Network\datasets\AJBDS-2023_extracted\AJBDS-2023\Training\Patient#6\input\IMG-0005-00036.jpg,1.0,1.0,1.0,1.0,1.0,,True,0.0,0.0,False
Patient#6,D:\Research\Multi-View Fusion Network\datasets\AJBDS-2023_extracted\AJBDS-2023\Training\Patient#6\input\IMG-0005-00037.jpg,1.0,1.0,1.0,1.0,1.0,,True,0.0,0.0,False
Patient#6,D:\Research\Multi-View Fusion Network\datasets\AJBDS-2023_extracted\AJBDS-2023\Training\Patient#6\input\IMG-0005-00038.jpg,5.040322603733216e-10,5.040322603733216e-10,1.0,0.9604591727256776,5.040322603733216e-10,,True,1984.0,0.0,True
Patient#6,D:\Research\Multi-View Fusion Network\datasets\AJBDS-2023_extracted\AJBDS-2023\Training\Patient#6\input\IMG-0005-00039.jpg,9.775170672909892e-10,9.775170672909892e-10,1.0,0.9796117544174194,9.775170672909892e-10,,True,1023.0,0.0,True
Patient#6,D:\Research\Multi-View Fusion Network\datasets\AJBDS-2023_extracted\AJBDS-2023\Training\Patient#6\input\IMG-0005-00040.jpg,3.4293554107556185e-10,3.4293554107556185e-10,1.0,0.9418845772743224,3.4293554107556185e-10,,True,2916.0,0.0,True
Patient#6,D:\Research\Multi-View Fusion Network\datasets\AJBDS-2023_extracted\AJBDS-2023\Training\Patient#6\input\IMG-0006-00001.jpg,1.0,1.0,1.0,1.0,1.0,,True,0.0,0.0,False
Patient#6,D:\Research\Multi-View Fusion Network\datasets\AJBDS-2023_extracted\AJBDS-2023\Training\Patient#6\input\IMG-0006-00002.jpg,2.3474178156845933e-09,2.3474178156845933e-09,1.0,0.9915099143981934,2.3474178156845933e-09,,True,426.0,0.0,True
Patient#6,D:\Research\Multi-View Fusion Network\datasets\AJBDS-2023_extracted\AJBDS-2023\Training\Patient#6\input\IMG-0006-00003.jpg,1.0,1.0,1.0,1.0,1.0,,True,0.0,0.0,False
Patient#6,D:\Research\Multi-View Fusion Network\datasets\AJBDS-2023_extracted\AJBDS-2023\Training\Patient#6\input\IMG-0006-00004.jpg,4.5126352654634156e-10,4.5126352654634156e-10,1.0,0.955835461616516,4.5126352654634156e-10,,True,2216.0,0.0,True
Patient#6,D:\Research\Multi-View Fusion Network\datasets\AJBDS-2023_extracted\AJBDS-2023\Training\Patient#6\input\IMG-0006-00005.jpg,1.0,1.0,1.0,1.0,1.0,,True,0.0,0.0,False
Patient#6,D:\Research\Multi-View Fusion Network\datasets\AJBDS-2023_extracted\AJBDS-2023\Training\Patient#6\input\IMG-0006-00010.jpg,1.0,1.0,1.0,1.0,1.0,,True,0.0,0.0,False
Patient#6,D:\Research\Multi-View Fusion Network\datasets\AJBDS-2023_extracted\AJBDS-2023\Training\Patient#6\input\IMG-0006-00011.jpg,1.0,1.0,1.0,1.0,1.0,,True,0.0,0.0,False
Patient#6,D:\Research\Multi-View Fusion Network\datasets\AJBDS-2023_extracted\AJBDS-2023\Training\Patient#6\input\IMG-0006-00012.jpg,1.0,1.0,1.0,1.0,1.0,,True,0.0,0.0,False
Patient#6,D:\Research\Multi-View Fusion Network\datasets\AJBDS-2023_extracted\AJBDS-2023\Training\Patient#6\input\IMG-0006-00013.jpg,1.0,1.0,1.0,1.0,1.0,,True,0.0,0.0,False
Patient#6,D:\Research\Multi-View Fusion Network\datasets\AJBDS-2023_extracted\AJBDS-2023\Training\Patient#6\input\IMG-0006-00014.jpg,1.0,1.0,1.0,1.0,1.0,,True,0.0,0.0,False
Patient#6,D:\Research\Multi-View Fusion Network\datasets\AJBDS-2023_extracted\AJBDS-2023\Training\Patient#6\input\IMG-0006-00015.jpg,1.0,1.0,1.0,1.0,1.0,,True,0.0,0.0,False
Patient#6,D:\Research\Multi-View Fusion Network\datasets\AJBDS-2023_extracted\AJBDS-2023\Training\Patient#6\input\IMG-0006-00016.jpg,1.0,1.0,1.0,1.0,1.0,,True,0.0,0.0,False
Patient#6,D:\Research\Multi-View Fusion Network\datasets\AJBDS-2023_extracted\AJBDS-2023\Training\Patient#6\input\IMG-0006-00017.jpg,1.0,1.0,1.0,1.0,1.0,,True,0.0,0.0,False
Patient#6,D:\Research\Multi-View Fusion Network\datasets\AJBDS-2023_extracted\AJBDS-2023\Training\Patient#6\input\IMG-0006-00018.jpg,1.4124293956641052e-09,1.4124293956641052e-09,1.0,0.9858896732330322,1.4124293956641052e-09,,True,708.0,0.0,True
Patient#6,D:\Research\Multi-View Fusion Network\datasets\AJBDS-2023_extracted\AJBDS-2023\Training\Patient#6\input\IMG-0006-00019.jpg,9.99999087980541e-07,9.99999087980541e-07,1.0,0.999980092048645,9.99999087980541e-07,,True,1.0,0.0,True
Patient#6,D:\Research\Multi-View Fusion Network\datasets\AJBDS-2023_extracted\AJBDS-2023\Training\Patient#6\input\IMG-0006-00020.jpg,8.474576596029237e-09,8.474576596029237e-09,1.0,0.997648298740387,8.474576596029237e-09,,True,118.0,0.0,True
Patient#6,D:\Research\Multi-View Fusion Network\datasets\AJBDS-2023_extracted\AJBDS-2023\Training\Patient#6\input\IMG-0007-00001.jpg,1.0,1.0,1.0,1.0,1.0,,True,0.0,0.0,False
Patient#6,D:\Research\Multi-View Fusion Network\datasets\AJBDS-2023_extracted\AJBDS-2023\Training\Patient#6\input\IMG-0007-00002.jpg,1.0,1.0,1.0,1.0,1.0,,True,0.0,0.0,False
Patient#6,D:\Research\Multi-View Fusion Network\datasets\AJBDS-2023_extracted\AJBDS-2023\Training\Patient#6\input\IMG-0007-00003.jpg,1.0,1.0,1.0,1.0,1.0,,True,0.0,0.0,False
Patient#6,D:\Research\Multi-View Fusion Network\datasets\AJBDS-2023_extracted\AJBDS-2023\Training\Patient#6\input\IMG-0007-00004.jpg,1.0,1.0,1.0,1.0,1.0,,True,0.0,0.0,False
Patient#6,D:\Research\Multi-View Fusion Network\datasets\AJBDS-2023_extracted\AJBDS-2023\Training\Patient#6\input\IMG-0007-00005.jpg,1.0,1.0,1.0,1.0,1.0,,True,0.0,0.0,False
Patient#6,D:\Research\Multi-View Fusion Network\datasets\AJBDS-2023_extracted\AJBDS-2023\Training\Patient#6\input\IMG-0007-00006.jpg,1.0,1.0,1.0,1.0,1.0,,True,0.0,0.0,False
Patient#6,D:\Research\Multi-View Fusion Network\datasets\AJBDS-2023_extracted\AJBDS-2023\Training\Patient#6\input\IMG-0007-00007.jpg,1.0,1.0,1.0,1.0,1.0,,True,0.0,0.0,False
Patient#6,D:\Research\Multi-View Fusion Network\datasets\AJBDS-2023_extracted\AJBDS-2023\Training\Patient#6\input\IMG-0007-00011.jpg,4.761904293104635e-08,4.761904293104635e-08,1.0,0.9995814561843872,4.761904293104635e-08,,True,21.0,0.0,True
Patient#6,D:\Research\Multi-View Fusion Network\datasets\AJBDS-2023_extracted\AJBDS-2023\Training\Patient#6\input\IMG-0007-00012.jpg,1.0,1.0,1.0,1.0,1.0,,True,0.0,0.0,False
Patient#6,D:\Research\Multi-View Fusion Network\datasets\AJBDS-2023_extracted\AJBDS-2023\Training\Patient#6\input\IMG-0007-00013.jpg,1.0,1.0,1.0,1.0,1.0,,True,0.0,0.0,False
Patient#6,D:\Research\Multi-View Fusion Network\datasets\AJBDS-2023_extracted\AJBDS-2023\Training\Patient#6\input\IMG-0007-00014.jpg,3.164557060841844e-09,3.164557060841844e-09,1.0,0.9937021732330322,3.164557060841844e-09,,True,316.0,0.0,True
Patient#6,D:\Research\Multi-View Fusion Network\datasets\AJBDS-2023_extracted\AJBDS-2023\Training\Patient#6\input\IMG-0007-00015.jpg,1.0,1.0,1.0,1.0,1.0,,True,0.0,0.0,False
Patient#6,D:\Research\Multi-View Fusion Network\datasets\AJBDS-2023_extracted\AJBDS-2023\Training\Patient#6\input\IMG-0007-00016.jpg,1.0,1.0,1.0,1.0,1.0,,True,0.0,0.0,False
Patient#6,D:\Research\Multi-View Fusion Network\datasets\AJBDS-2023_extracted\AJBDS-2023\Training\Patient#6\input\IMG-0007-00017.jpg,6.578947164825877e-09,6.578947164825877e-09,1.0,0.9969706535339355,6.578947164825877e-09,,True,152.0,0.0,True
Patient#6,D:\Research\Multi-View Fusion Network\datasets\AJBDS-2023_extracted\AJBDS-2023\Training\Patient#6\input\IMG-0007-00018.jpg,6.097561122686557e-09,6.097561122686557e-09,1.0,0.9967315196990968,6.097561122686557e-09,,True,164.0,0.0,True
Patient#6,D:\Research\Multi-View Fusion Network\datasets\AJBDS-2023_extracted\AJBDS-2023\Training\Patient#6\input\IMG-0007-00019.jpg,1.0,1.0,1.0,1.0,1.0,,True,0.0,0.0,False
Patient#6,D:\Research\Multi-View Fusion Network\datasets\AJBDS-2023_extracted\AJBDS-2023\Training\Patient#6\input\IMG-0007-00020.jpg,2.832861278889709e-09,2.832861278889709e-09,1.0,0.9929647445678712,2.832861278889709e-09,,True,353.0,0.0,True
Patient#6,D:\Research\Multi-View Fusion Network\datasets\AJBDS-2023_extracted\AJBDS-2023\Training\Patient#6\input\IMG-0007-00021.jpg,1.0,1.0,1.0,1.0,1.0,,True,0.0,0.0,False
Patient#6,D:\Research\Multi-View Fusion Network\datasets\AJBDS-2023_extracted\AJBDS-2023\Training\Patient#6\input\IMG-0007-00022.jpg,1.893939449715276e-09,1.893939449715276e-09,1.0,0.989477038383484,1.893939449715276e-09,,True,528.0,0.0,True
Patient#6,D:\Research\Multi-View Fusion Network\datasets\AJBDS-2023_extracted\AJBDS-2023\Training\Patient#6\input\IMG-0007-00023.jpg,1.0,1.0,1.0,1.0,1.0,,True,0.0,0.0,False
Patient#6,D:\Research\Multi-View Fusion Network\datasets\AJBDS-2023_extracted\AJBDS-2023\Training\Patient#6\input\IMG-0008-00001.jpg,2.0449897331076272e-09,2.0449897331076272e-09,1.0,0.990254282951355,2.0449897331076272e-09,,True,489.0,0.0,True
Patient#6,D:\Research\Multi-View Fusion Network\datasets\AJBDS-2023_extracted\AJBDS-2023\Training\Patient#6\input\IMG-0008-00002.jpg,1.8050541061853662e-09,1.8050541061853662e-09,1.0,0.9889588356018066,1.8050541061853662e-09,,True,554.0,0.0,True
Patient#6,D:\Research\Multi-View Fusion Network\datasets\AJBDS-2023_extracted\AJBDS-2023\Training\Patient#6\input\IMG-0008-00003.jpg,9.259259137195386e-09,9.259259137195386e-09,1.0,0.9978475570678712,9.259259137195386e-09,,True,108.0,0.0,True
Patient#6,D:\Research\Multi-View Fusion Network\datasets\AJBDS-2023_extracted\AJBDS-2023\Training\Patient#6\input\IMG-0008-00004.jpg,1.0,1.0,1.0,1.0,1.0,,True,0.0,0.0,False
Patient#6,D:\Research\Multi-View Fusion Network\datasets\AJBDS-2023_extracted\AJBDS-2023\Training\Patient#6\input\IMG-0008-00005.jpg,1.0,1.0,1.0,1.0,1.0,,True,0.0,0.0,False
Patient#6,D:\Research\Multi-View Fusion Network\datasets\AJBDS-2023_extracted\AJBDS-2023\Training\Patient#6\input\IMG-0008-00006.jpg,1.0,1.0,1.0,1.0,1.0,,True,0.0,0.0,False
Patient#6,D:\Research\Multi-View Fusion Network\datasets\AJBDS-2023_extracted\AJBDS-2023\Training\Patient#6\input\IMG-0008-00007.jpg,3.610108212370733e-09,3.610108212370733e-09,1.0,0.9944794178009032,3.610108212370733e-09,,True,277.0,0.0,True
Patient#6,D:\Research\Multi-View Fusion Network\datasets\AJBDS-2023_extracted\AJBDS-2023\Training\Patient#6\input\IMG-0008-00008.jpg,1.0,1.0,1.0,1.0,1.0,,True,0.0,0.0,False
Patient#6,D:\Research\Multi-View Fusion Network\datasets\AJBDS-2023_extracted\AJBDS-2023\Training\Patient#6\input\IMG-0008-00009.jpg,1.1148272305305795e-09,1.1148272305305795e-09,1.0,0.9821228981018066,1.1148272305305795e-09,,True,897.0,0.0,True
Patient#6,D:\Research\Multi-View Fusion Network\datasets\AJBDS-2023_extracted\AJBDS-2023\Training\Patient#6\input\IMG-0008-00012.jpg,1.0,1.0,1.0,1.0,1.0,,True,0.0,0.0,False
Patient#6,D:\Research\Multi-View Fusion Network\datasets\AJBDS-2023_extracted\AJBDS-2023\Training\Patient#6\input\IMG-0008-00013.jpg,1.0,1.0,1.0,1.0,1.0,,True,0.0,0.0,False
Patient#6,D:\Research\Multi-View Fusion Network\datasets\AJBDS-2023_extracted\AJBDS-2023\Training\Patient#6\input\IMG-0008-00014.jpg,1.0,1.0,1.0,1.0,1.0,,True,0.0,0.0,False
Patient#6,D:\Research\Multi-View Fusion Network\datasets\AJBDS-2023_extracted\AJBDS-2023\Training\Patient#6\input\IMG-0008-00015.jpg,1.0,1.0,1.0,1.0,1.0,,True,0.0,0.0,False
Patient#6,D:\Research\Multi-View Fusion Network\datasets\AJBDS-2023_extracted\AJBDS-2023\Training\Patient#6\input\IMG-0008-00016.jpg,1.0,1.0,1.0,1.0,1.0,,True,0.0,0.0,False
Patient#6,D:\Research\Multi-View Fusion Network\datasets\AJBDS-2023_extracted\AJBDS-2023\Training\Patient#6\input\IMG-0008-00017.jpg,1.0,1.0,1.0,1.0,1.0,,True,0.0,0.0,False
Patient#6,D:\Research\Multi-View Fusion Network\datasets\AJBDS-2023_extracted\AJBDS-2023\Training\Patient#6\input\IMG-0008-00018.jpg,1.0,1.0,1.0,1.0,1.0,,True,0.0,0.0,False
Patient#6,D:\Research\Multi-View Fusion Network\datasets\AJBDS-2023_extracted\AJBDS-2023\Training\Patient#6\input\IMG-0008-00019.jpg,1.0,1.0,1.0,1.0,1.0,,True,0.0,0.0,False
Patient#6,D:\Research\Multi-View Fusion Network\datasets\AJBDS-2023_extracted\AJBDS-2023\Training\Patient#6\input\IMG-0008-00020.jpg,1.0,1.0,1.0,1.0,1.0,,True,0.0,0.0,False
Patient#6,D:\Research\Multi-View Fusion Network\datasets\AJBDS-2023_extracted\AJBDS-2023\Training\Patient#6\input\IMG-0009-00001.jpg,2.0833333280734223e-08,2.0833333280734223e-08,1.0,0.999043345451355,2.0833333280734223e-08,,True,48.0,0.0,True
Patient#6,D:\Research\Multi-View Fusion Network\datasets\AJBDS-2023_extracted\AJBDS-2023\Training\Patient#6\input\IMG-0009-00002.jpg,1.0,1.0,1.0,1.0,1.0,,True,0.0,0.0,False
Patient#6,D:\Research\Multi-View Fusion Network\datasets\AJBDS-2023_extracted\AJBDS-2023\Training\Patient#6\input\IMG-0009-00003.jpg,1.0,1.0,1.0,1.0,1.0,,True,0.0,0.0,False
Patient#6,D:\Research\Multi-View Fusion Network\datasets\AJBDS-2023_extracted\AJBDS-2023\Training\Patient#6\input\IMG-0009-00004.jpg,1.0,1.0,1.0,1.0,1.0,,True,0.0,0.0,False
Patient#6,D:\Research\Multi-View Fusion Network\datasets\AJBDS-2023_extracted\AJBDS-2023\Training\Patient#6\input\IMG-0009-00005.jpg,1.0,1.0,1.0,1.0,1.0,,True,0.0,0.0,False
Patient#6,D:\Research\Multi-View Fusion Network\datasets\AJBDS-2023_extracted\AJBDS-2023\Training\Patient#6\input\IMG-0009-00006.jpg,1.0,1.0,1.0,1.0,1.0,,True,0.0,0.0,False
Patient#6,D:\Research\Multi-View Fusion Network\datasets\AJBDS-2023_extracted\AJBDS-2023\Training\Patient#6\input\IMG-0009-00007.jpg,1.0,1.0,1.0,1.0,1.0,,True,0.0,0.0,False
Patient#6,D:\Research\Multi-View Fusion Network\datasets\AJBDS-2023_extracted\AJBDS-2023\Training\Patient#6\input\IMG-0009-00008.jpg,1.0,1.0,1.0,1.0,1.0,,True,0.0,0.0,False
Patient#6,D:\Research\Multi-View Fusion Network\datasets\AJBDS-2023_extracted\AJBDS-2023\Training\Patient#6\input\IMG-0009-00009.jpg,1.0,1.0,1.0,1.0,1.0,,True,0.0,0.0,False
Patient#6,D:\Research\Multi-View Fusion Network\datasets\AJBDS-2023_extracted\AJBDS-2023\Training\Patient#6\input\IMG-0009-00010.jpg,1.0,1.0,1.0,1.0,1.0,,True,0.0,0.0,False
Patient#6,D:\Research\Multi-View Fusion Network\datasets\AJBDS-2023_extracted\AJBDS-2023\Training\Patient#6\input\IMG-0009-00011.jpg,1.0,1.0,1.0,1.0,1.0,,True,0.0,0.0,False
Patient#6,D:\Research\Multi-View Fusion Network\datasets\AJBDS-2023_extracted\AJBDS-2023\Training\Patient#6\input\IMG-0009-00012.jpg,1.0,1.0,1.0,1.0,1.0,,True,0.0,0.0,False
Patient#6,D:\Research\Multi-View Fusion Network\datasets\AJBDS-2023_extracted\AJBDS-2023\Training\Patient#6\input\IMG-0009-00013.jpg,1.0,1.0,1.0,1.0,1.0,,True,0.0,0.0,False
Patient#6,D:\Research\Multi-View Fusion Network\datasets\AJBDS-2023_extracted\AJBDS-2023\Training\Patient#6\input\IMG-0009-00014.jpg,1.0,1.0,1.0,1.0,1.0,,True,0.0,0.0,False
Patient#6,D:\Research\Multi-View Fusion Network\datasets\AJBDS-2023_extracted\AJBDS-2023\Training\Patient#6\input\IMG-0009-00030.jpg,1.0,1.0,1.0,1.0,1.0,,True,0.0,0.0,False
Patient#6,D:\Research\Multi-View Fusion Network\datasets\AJBDS-2023_extracted\AJBDS-2023\Training\Patient#6\input\IMG-0009-00031.jpg,1.0,1.0,1.0,1.0,1.0,,True,0.0,0.0,False
Patient#6,D:\Research\Multi-View Fusion Network\datasets\AJBDS-2023_extracted\AJBDS-2023\Training\Patient#6\input\IMG-0009-00032.jpg,1.0,1.0,1.0,1.0,1.0,,True,0.0,0.0,False
Patient#6,D:\Research\Multi-View Fusion Network\datasets\AJBDS-2023_extracted\AJBDS-2023\Training\Patient#6\input\IMG-0009-00033.jpg,1.0,1.0,1.0,1.0,1.0,,True,0.0,0.0,False
Patient#6,D:\Research\Multi-View Fusion Network\datasets\AJBDS-2023_extracted\AJBDS-2023\Training\Patient#6\input\IMG-0009-00034.jpg,1.0,1.0,1.0,1.0,1.0,,True,0.0,0.0,False
Patient#6,D:\Research\Multi-View Fusion Network\datasets\AJBDS-2023_extracted\AJBDS-2023\Training\Patient#6\input\IMG-0009-00035.jpg,1.0,1.0,1.0,1.0,1.0,,True,0.0,0.0,False
Patient#6,D:\Research\Multi-View Fusion Network\datasets\AJBDS-2023_extracted\AJBDS-2023\Training\Patient#6\input\IMG-0009-00036.jpg,1.0,1.0,1.0,1.0,1.0,,True,0.0,0.0,False
Patient#6,D:\Research\Multi-View Fusion Network\datasets\AJBDS-2023_extracted\AJBDS-2023\Training\Patient#6\input\IMG-0009-00037.jpg,1.0,1.0,1.0,1.0,1.0,,True,0.0,0.0,False
Patient#6,D:\Research\Multi-View Fusion Network\datasets\AJBDS-2023_extracted\AJBDS-2023\Training\Patient#6\input\IMG-0009-00038.jpg,1.0,1.0,1.0,1.0,1.0,,True,0.0,0.0,False
Patient#6,D:\Research\Multi-View Fusion Network\datasets\AJBDS-2023_extracted\AJBDS-2023\Training\Patient#6\input\IMG-0009-00039.jpg,1.0,1.0,1.0,1.0,1.0,,True,0.0,0.0,False
Patient#6,D:\Research\Multi-View Fusion Network\datasets\AJBDS-2023_extracted\AJBDS-2023\Training\Patient#6\input\IMG-0009-00040.jpg,1.0,1.0,1.0,1.0,1.0,,True,0.0,0.0,False
Patient#6,D:\Research\Multi-View Fusion Network\datasets\AJBDS-2023_extracted\AJBDS-2023\Training\Patient#6\input\IMG-0009-00041.jpg,1.0,1.0,1.0,1.0,1.0,,True,0.0,0.0,False
Patient#6,D:\Research\Multi-View Fusion Network\datasets\AJBDS-2023_extracted\AJBDS-2023\Training\Patient#6\input\IMG-0009-00042.jpg,1.0,1.0,1.0,1.0,1.0,,True,0.0,0.0,False
Patient#6,D:\Research\Multi-View Fusion Network\datasets\AJBDS-2023_extracted\AJBDS-2023\Training\Patient#6\input\IMG-0009-00043.jpg,1.0,1.0,1.0,1.0,1.0,,True,0.0,0.0,False
Patient#6,D:\Research\Multi-View Fusion Network\datasets\AJBDS-2023_extracted\AJBDS-2023\Training\Patient#6\input\IMG-0009-00044.jpg,1.0,1.0,1.0,1.0,1.0,,True,0.0,0.0,False
Patient#6,D:\Research\Multi-View Fusion Network\datasets\AJBDS-2023_extracted\AJBDS-2023\Training\Patient#6\input\IMG-0009-00045.jpg,1.0,1.0,1.0,1.0,1.0,,True,0.0,0.0,False
Patient#6,D:\Research\Multi-View Fusion Network\datasets\AJBDS-2023_extracted\AJBDS-2023\Training\Patient#6\input\IMG-0009-00046.jpg,1.0,1.0,1.0,1.0,1.0,,True,0.0,0.0,False
Patient#6,D:\Research\Multi-View Fusion Network\datasets\AJBDS-2023_extracted\AJBDS-2023\Training\Patient#6\input\IMG-0009-00047.jpg,1.0,1.0,1.0,1.0,1.0,,True,0.0,0.0,False
Patient#6,D:\Research\Multi-View Fusion Network\datasets\AJBDS-2023_extracted\AJBDS-2023\Training\Patient#6\input\IMG-0009-00048.jpg,1.0,1.0,1.0,1.0,1.0,,True,0.0,0.0,False
Patient#6,D:\Research\Multi-View Fusion Network\datasets\AJBDS-2023_extracted\AJBDS-2023\Training\Patient#6\input\IMG-0009-00049.jpg,1.0,1.0,1.0,1.0,1.0,,True,0.0,0.0,False
Patient#6,D:\Research\Multi-View Fusion Network\datasets\AJBDS-2023_extracted\AJBDS-2023\Training\Patient#6\input\IMG-0009-00050.jpg,1.0,1.0,1.0,1.0,1.0,,True,0.0,0.0,False
Patient#6,D:\Research\Multi-View Fusion Network\datasets\AJBDS-2023_extracted\AJBDS-2023\Training\Patient#6\input\IMG-0009-00051.jpg,1.0,1.0,1.0,1.0,1.0,,True,0.0,0.0,False
Patient#6,D:\Research\Multi-View Fusion Network\datasets\AJBDS-2023_extracted\AJBDS-2023\Training\Patient#6\input\IMG-0009-00052.jpg,1.0,1.0,1.0,1.0,1.0,,True,0.0,0.0,False
Patient#6,D:\Research\Multi-View Fusion Network\datasets\AJBDS-2023_extracted\AJBDS-2023\Training\Patient#6\input\IMG-0009-00053.jpg,1.0,1.0,1.0,1.0,1.0,,True,0.0,0.0,False
Patient#6,D:\Research\Multi-View Fusion Network\datasets\AJBDS-2023_extracted\AJBDS-2023\Training\Patient#6\input\IMG-0009-00054.jpg,1.0,1.0,1.0,1.0,1.0,,True,0.0,0.0,False
Patient#6,D:\Research\Multi-View Fusion Network\datasets\AJBDS-2023_extracted\AJBDS-2023\Training\Patient#6\input\IMG-0009-00055.jpg,1.0,1.0,1.0,1.0,1.0,,True,0.0,0.0,False
Patient#6,D:\Research\Multi-View Fusion Network\datasets\AJBDS-2023_extracted\AJBDS-2023\Training\Patient#6\input\IMG-0009-00056.jpg,1.0,1.0,1.0,1.0,1.0,,True,0.0,0.0,False
Patient#6,D:\Research\Multi-View Fusion Network\datasets\AJBDS-2023_extracted\AJBDS-2023\Training\Patient#6\input\IMG-0009-00057.jpg,1.0,1.0,1.0,1.0,1.0,,True,0.0,0.0,False
Patient#6,D:\Research\Multi-View Fusion Network\datasets\AJBDS-2023_extracted\AJBDS-2023\Training\Patient#6\input\IMG-0009-00058.jpg,1.0,1.0,1.0,1.0,1.0,,True,0.0,0.0,False
Patient#6,D:\Research\Multi-View Fusion Network\datasets\AJBDS-2023_extracted\AJBDS-2023\Training\Patient#6\input\IMG-0009-00059.jpg,1.0,1.0,1.0,1.0,1.0,,True,0.0,0.0,False
Patient#6,D:\Research\Multi-View Fusion Network\datasets\AJBDS-2023_extracted\AJBDS-2023\Training\Patient#6\input\IMG-0009-00060.jpg,1.0,1.0,1.0,1.0,1.0,,True,0.0,0.0,False
Patient#6,D:\Research\Multi-View Fusion Network\datasets\AJBDS-2023_extracted\AJBDS-2023\Training\Patient#6\input\IMG-0009-00061.jpg,1.0,1.0,1.0,1.0,1.0,,True,0.0,0.0,False
Patient#6,D:\Research\Multi-View Fusion Network\datasets\AJBDS-2023_extracted\AJBDS-2023\Training\Patient#6\input\IMG-0009-00062.jpg,1.0,1.0,1.0,1.0,1.0,,True,0.0,0.0,False
Patient#6,D:\Research\Multi-View Fusion Network\datasets\AJBDS-2023_extracted\AJBDS-2023\Training\Patient#6\input\IMG-0009-00063.jpg,1.0,1.0,1.0,1.0,1.0,,True,0.0,0.0,False
Patient#6,D:\Research\Multi-View Fusion Network\datasets\AJBDS-2023_extracted\AJBDS-2023\Training\Patient#6\input\IMG-0009-00064.jpg,1.0,1.0,1.0,1.0,1.0,,True,0.0,0.0,False
Patient#6,D:\Research\Multi-View Fusion Network\datasets\AJBDS-2023_extracted\AJBDS-2023\Training\Patient#6\input\IMG-0009-00065.jpg,1.0,1.0,1.0,1.0,1.0,,True,0.0,0.0,False
Patient#6,D:\Research\Multi-View Fusion Network\datasets\AJBDS-2023_extracted\AJBDS-2023\Training\Patient#6\input\IMG-0009-00066.jpg,1.0,1.0,1.0,1.0,1.0,,True,0.0,0.0,False
Patient#6,D:\Research\Multi-View Fusion Network\datasets\AJBDS-2023_extracted\AJBDS-2023\Training\Patient#6\input\IMG-0009-00067.jpg,1.0,1.0,1.0,1.0,1.0,,True,0.0,0.0,False
Patient#6,D:\Research\Multi-View Fusion Network\datasets\AJBDS-2023_extracted\AJBDS-2023\Training\Patient#6\input\IMG-0009-00068.jpg,1.0,1.0,1.0,1.0,1.0,,True,0.0,0.0,False
Patient#6,D:\Research\Multi-View Fusion Network\datasets\AJBDS-2023_extracted\AJBDS-2023\Training\Patient#6\input\IMG-0009-00069.jpg,1.0,1.0,1.0,1.0,1.0,,True,0.0,0.0,False
Patient#6,D:\Research\Multi-View Fusion Network\datasets\AJBDS-2023_extracted\AJBDS-2023\Training\Patient#6\input\IMG-0009-00070.jpg,1.7301038379713416e-09,1.7301038379713416e-09,1.0,0.9884805679321288,1.7301038379713416e-09,,True,578.0,0.0,True
Patient#6,D:\Research\Multi-View Fusion Network\datasets\AJBDS-2023_extracted\AJBDS-2023\Training\Patient#6\input\IMG-0009-00071.jpg,4.458314828426069e-10,4.458314828426069e-10,1.0,0.955297350883484,4.458314828426069e-10,,True,2243.0,0.0,True
Patient#6,D:\Research\Multi-View Fusion Network\datasets\AJBDS-2023_extracted\AJBDS-2023\Training\Patient#6\input\IMG-0009-00072.jpg,5.361930344172093e-10,5.361930344172093e-10,1.0,0.9628308415412904,5.361930344172093e-10,,True,1865.0,0.0,True
Patient#7,D:\Research\Multi-View Fusion Network\datasets\AJBDS-2023_extracted\AJBDS-2023\Training\Patient#7\input\IMG-0001-00001.jpg,1.0,1.0,1.0,1.0,1.0,,True,0.0,0.0,False
Patient#7,D:\Research\Multi-View Fusion Network\datasets\AJBDS-2023_extracted\AJBDS-2023\Training\Patient#7\input\IMG-0001-00002.jpg,1.0,1.0,1.0,1.0,1.0,,True,0.0,0.0,False
Patient#7,D:\Research\Multi-View Fusion Network\datasets\AJBDS-2023_extracted\AJBDS-2023\Training\Patient#7\input\IMG-0001-00003.jpg,1.0,1.0,1.0,1.0,1.0,,True,0.0,0.0,False
Patient#7,D:\Research\Multi-View Fusion Network\datasets\AJBDS-2023_extracted\AJBDS-2023\Training\Patient#7\input\IMG-0001-00004.jpg,1.0,1.0,1.0,1.0,1.0,,True,0.0,0.0,False
Patient#7,D:\Research\Multi-View Fusion Network\datasets\AJBDS-2023_extracted\AJBDS-2023\Training\Patient#7\input\IMG-0001-00005.jpg,1.0,1.0,1.0,1.0,1.0,,True,0.0,0.0,False
Patient#7,D:\Research\Multi-View Fusion Network\datasets\AJBDS-2023_extracted\AJBDS-2023\Training\Patient#7\input\IMG-0001-00012.jpg,1.0,1.0,1.0,1.0,1.0,,True,0.0,0.0,False
Patient#7,D:\Research\Multi-View Fusion Network\datasets\AJBDS-2023_extracted\AJBDS-2023\Training\Patient#7\input\IMG-0001-00013.jpg,1.0,1.0,1.0,1.0,1.0,,True,0.0,0.0,False
Patient#7,D:\Research\Multi-View Fusion Network\datasets\AJBDS-2023_extracted\AJBDS-2023\Training\Patient#7\input\IMG-0001-00014.jpg,1.0,1.0,1.0,1.0,1.0,,True,0.0,0.0,False
Patient#7,D:\Research\Multi-View Fusion Network\datasets\AJBDS-2023_extracted\AJBDS-2023\Training\Patient#7\input\IMG-0001-00015.jpg,1.0,1.0,1.0,1.0,1.0,,True,0.0,0.0,False
Patient#7,D:\Research\Multi-View Fusion Network\datasets\AJBDS-2023_extracted\AJBDS-2023\Training\Patient#7\input\IMG-0001-00016.jpg,1.0,1.0,1.0,1.0,1.0,,True,0.0,0.0,False
Patient#7,D:\Research\Multi-View Fusion Network\datasets\AJBDS-2023_extracted\AJBDS-2023\Training\Patient#7\input\IMG-0001-00017.jpg,1.0,1.0,1.0,1.0,1.0,,True,0.0,0.0,False
Patient#7,D:\Research\Multi-View Fusion Network\datasets\AJBDS-2023_extracted\AJBDS-2023\Training\Patient#7\input\IMG-0001-00018.jpg,1.0,1.0,1.0,1.0,1.0,,True,0.0,0.0,False
Patient#7,D:\Research\Multi-View Fusion Network\datasets\AJBDS-2023_extracted\AJBDS-2023\Training\Patient#7\input\IMG-0001-00019.jpg,1.0,1.0,1.0,1.0,1.0,,True,0.0,0.0,False
Patient#7,D:\Research\Multi-View Fusion Network\datasets\AJBDS-2023_extracted\AJBDS-2023\Training\Patient#7\input\IMG-0001-00020.jpg,6.435006416616318e-10,6.435006416616318e-10,1.0,0.9690290093421936,6.435006416616318e-10,,True,1554.0,0.0,True
Patient#7,D:\Research\Multi-View Fusion Network\datasets\AJBDS-2023_extracted\AJBDS-2023\Training\Patient#7\input\IMG-0002-00001.jpg,1.4064697184679176e-09,1.4064697184679176e-09,1.0,0.9858298897743224,1.4064697184679176e-09,,True,711.0,0.0,True
Patient#7,D:\Research\Multi-View Fusion Network\datasets\AJBDS-2023_extracted\AJBDS-2023\Training\Patient#7\input\IMG-0002-00002.jpg,1.0,1.0,1.0,1.0,1.0,,True,0.0,0.0,False
Patient#7,D:\Research\Multi-View Fusion Network\datasets\AJBDS-2023_extracted\AJBDS-2023\Training\Patient#7\input\IMG-0002-00003.jpg,1.9193857614396848e-09,1.9193857614396848e-09,1.0,0.9896165728569032,1.9193857614396848e-09,,True,521.0,0.0,True
Patient#7,D:\Research\Multi-View Fusion Network\datasets\AJBDS-2023_extracted\AJBDS-2023\Training\Patient#7\input\IMG-0002-00004.jpg,1.7211704284036955e-09,1.7211704284036955e-09,1.0,0.9884207844734192,1.7211704284036955e-09,,True,581.0,0.0,True
Patient#7,D:\Research\Multi-View Fusion Network\datasets\AJBDS-2023_extracted\AJBDS-2023\Training\Patient#7\input\IMG-0002-00005.jpg,2.3640662760726627e-09,2.3640662760726627e-09,1.0,0.9915696978569032,2.3640662760726627e-09,,True,423.0,0.0,True
Patient#7,D:\Research\Multi-View Fusion Network\datasets\AJBDS-2023_extracted\AJBDS-2023\Training\Patient#7\input\IMG-0002-00011.jpg,3.1036623271418757e-10,3.1036623271418757e-10,1.0,0.9357860088348388,3.1036623271418757e-10,,True,3222.0,0.0,True
Patient#7,D:\Research\Multi-View Fusion Network\datasets\AJBDS-2023_extracted\AJBDS-2023\Training\Patient#7\input\IMG-0002-00012.jpg,1.0,1.0,1.0,1.0,1.0,,True,0.0,0.0,False
Patient#7,D:\Research\Multi-View Fusion Network\datasets\AJBDS-2023_extracted\AJBDS-2023\Training\Patient#7\input\IMG-0002-00013.jpg,6.596306278972007e-10,6.596306278972007e-10,1.0,0.9697863459587096,6.596306278972007e-10,,True,1516.0,0.0,True
Patient#7,D:\Research\Multi-View Fusion Network\datasets\AJBDS-2023_extracted\AJBDS-2023\Training\Patient#7\input\IMG-0002-00014.jpg,1.0204082023790304e-09,1.0204082023790304e-09,1.0,0.98046875,1.0204082023790304e-09,,True,980.0,0.0,True
Patient#7,D:\Research\Multi-View Fusion Network\datasets\AJBDS-2023_extracted\AJBDS-2023\Training\Patient#7\input\IMG-0002-00015.jpg,5.7471263303909845e-09,5.7471263303909845e-09,1.0,0.9965322017669678,5.7471263303909845e-09,,True,174.0,0.0,True
Patient#7,D:\Research\Multi-View Fusion Network\datasets\AJBDS-2023_extracted\AJBDS-2023\Training\Patient#7\input\IMG-0002-00016.jpg,3.861003960992093e-09,3.861003960992093e-09,1.0,0.9948381781578064,3.861003960992093e-09,,True,259.0,0.0,True
Patient#7,D:\Research\Multi-View Fusion Network\datasets\AJBDS-2023_extracted\AJBDS-2023\Training\Patient#7\input\IMG-0002-00017.jpg,1.0,1.0,1.0,1.0,1.0,,True,0.0,0.0,False
Patient#7,D:\Research\Multi-View Fusion Network\datasets\AJBDS-2023_extracted\AJBDS-2023\Training\Patient#7\input\IMG-0002-00018.jpg,4.424778765610426e-09,4.424778765610426e-09,1.0,0.995495855808258,4.424778765610426e-09,,True,226.0,0.0,True
Patient#7,D:\Research\Multi-View Fusion Network\datasets\AJBDS-2023_extracted\AJBDS-2023\Training\Patient#7\input\IMG-0002-00019.jpg,1.0,1.0,1.0,1.0,1.0,,True,0.0,0.0,False
Patient#7,D:\Research\Multi-View Fusion Network\datasets\AJBDS-2023_extracted\AJBDS-2023\Training\Patient#7\input\IMG-0002-00020.jpg,7.132667789733205e-10,7.132667789733205e-10,1.0,0.972058355808258,7.132667789733205e-10,,True,1402.0,0.0,True
Patient#7,D:\Research\Multi-View Fusion Network\datasets\AJBDS-2023_extracted\AJBDS-2023\Training\Patient#7\input\IMG-0003-00001.jpg,1.0,1.0,1.0,1.0,1.0,,True,0.0,0.0,False
Patient#7,D:\Research\Multi-View Fusion Network\datasets\AJBDS-2023_extracted\AJBDS-2023\Training\Patient#7\input\IMG-0003-00002.jpg,5.527915902803214e-10,5.527915902803214e-10,1.0,0.9639468789100648,5.527915902803214e-10,,True,1809.0,0.0,True
Patient#7,D:\Research\Multi-View Fusion Network\datasets\AJBDS-2023_extracted\AJBDS-2023\Training\Patient#7\input\IMG-0003-00003.jpg,1.0,1.0,1.0,1.0,1.0,,True,0.0,0.0,False
Patient#7,D:\Research\Multi-View Fusion Network\datasets\AJBDS-2023_extracted\AJBDS-2023\Training\Patient#7\input\IMG-0003-00004.jpg,1.0,1.0,1.0,1.0,1.0,,True,0.0,0.0,False
Patient#7,D:\Research\Multi-View Fusion Network\datasets\AJBDS-2023_extracted\AJBDS-2023\Training\Patient#7\input\IMG-0003-00005.jpg,1.0,1.0,1.0,1.0,1.0,,True,0.0,0.0,False
Patient#7,D:\Research\Multi-View Fusion Network\datasets\AJBDS-2023_extracted\AJBDS-2023\Training\Patient#7\input\IMG-0003-00006.jpg,1.0,1.0,1.0,1.0,1.0,,True,0.0,0.0,False
Patient#7,D:\Research\Multi-View Fusion Network\datasets\AJBDS-2023_extracted\AJBDS-2023\Training\Patient#7\input\IMG-0003-00013.jpg,1.0,1.0,1.0,1.0,1.0,,True,0.0,0.0,False
Patient#7,D:\Research\Multi-View Fusion Network\datasets\AJBDS-2023_extracted\AJBDS-2023\Training\Patient#7\input\IMG-0003-00014.jpg,1.0,1.0,1.0,1.0,1.0,,True,0.0,0.0,False
Patient#7,D:\Research\Multi-View Fusion Network\datasets\AJBDS-2023_extracted\AJBDS-2023\Training\Patient#7\input\IMG-0003-00015.jpg,1.0,1.0,1.0,1.0,1.0,,True,0.0,0.0,False
Patient#7,D:\Research\Multi-View Fusion Network\datasets\AJBDS-2023_extracted\AJBDS-2023\Training\Patient#7\input\IMG-0003-00016.jpg,1.0,1.0,1.0,1.0,1.0,,True,0.0,0.0,False
Patient#7,D:\Research\Multi-View Fusion Network\datasets\AJBDS-2023_extracted\AJBDS-2023\Training\Patient#7\input\IMG-0003-00017.jpg,1.0,1.0,1.0,1.0,1.0,,True,0.0,0.0,False
Patient#7,D:\Research\Multi-View Fusion Network\datasets\AJBDS-2023_extracted\AJBDS-2023\Training\Patient#7\input\IMG-0003-00018.jpg,2.3255812831024514e-09,2.3255812831024514e-09,1.0,0.991430163383484,2.3255812831024514e-09,,True,430.0,0.0,True
Patient#7,D:\Research\Multi-View Fusion Network\datasets\AJBDS-2023_extracted\AJBDS-2023\Training\Patient#7\input\IMG-0003-00019.jpg,1.0,1.0,1.0,1.0,1.0,,True,0.0,0.0,False
Patient#7,D:\Research\Multi-View Fusion Network\datasets\AJBDS-2023_extracted\AJBDS-2023\Training\Patient#7\input\IMG-0003-00020.jpg,1.4285711813499804e-07,1.4285711813499804e-07,1.0,0.9998604655265808,1.4285711813499804e-07,,True,7.0,0.0,True
Patient#7,D:\Research\Multi-View Fusion Network\datasets\AJBDS-2023_extracted\AJBDS-2023\Training\Patient#7\input\IMG-0004-00001.jpg,1.4285711813499804e-07,1.4285711813499804e-07,1.0,0.9998604655265808,1.4285711813499804e-07,,True,7.0,0.0,True
Patient#7,D:\Research\Multi-View Fusion Network\datasets\AJBDS-2023_extracted\AJBDS-2023\Training\Patient#7\input\IMG-0004-00002.jpg,1.052631581899277e-08,1.052631581899277e-08,1.0,0.9981066584587096,1.052631581899277e-08,,True,95.0,0.0,True
Patient#7,D:\Research\Multi-View Fusion Network\datasets\AJBDS-2023_extracted\AJBDS-2023\Training\Patient#7\input\IMG-0004-00003.jpg,1.0,1.0,1.0,1.0,1.0,,True,0.0,0.0,False
Patient#7,D:\Research\Multi-View Fusion Network\datasets\AJBDS-2023_extracted\AJBDS-2023\Training\Patient#7\input\IMG-0004-00004.jpg,1.2195122245373112e-08,1.2195122245373112e-08,1.0,0.9983657598495485,1.2195122245373112e-08,,True,82.0,0.0,True
Patient#7,D:\Research\Multi-View Fusion Network\datasets\AJBDS-2023_extracted\AJBDS-2023\Training\Patient#7\input\IMG-0004-00005.jpg,6.578947164825877e-09,6.578947164825877e-09,1.0,0.9969706535339355,6.578947164825877e-09,,True,152.0,0.0,True
Patient#7,D:\Research\Multi-View Fusion Network\datasets\AJBDS-2023_extracted\AJBDS-2023\Training\Patient#7\input\IMG-0004-00006.jpg,2.3255813275113724e-08,2.3255813275113724e-08,1.0,0.9991430044174194,2.3255813275113724e-08,,True,43.0,0.0,True
Patient#7,D:\Research\Multi-View Fusion Network\datasets\AJBDS-2023_extracted\AJBDS-2023\Training\Patient#7\input\IMG-0004-00012.jpg,1.0,1.0,1.0,1.0,1.0,,True,0.0,0.0,False
Patient#7,D:\Research\Multi-View Fusion Network\datasets\AJBDS-2023_extracted\AJBDS-2023\Training\Patient#7\input\IMG-0004-00013.jpg,1.0,1.0,1.0,1.0,1.0,,True,0.0,0.0,False
Patient#7,D:\Research\Multi-View Fusion Network\datasets\AJBDS-2023_extracted\AJBDS-2023\Training\Patient#7\input\IMG-0004-00014.jpg,1.0,1.0,1.0,1.0,1.0,,True,0.0,0.0,False
Patient#7,D:\Research\Multi-View Fusion Network\datasets\AJBDS-2023_extracted\AJBDS-2023\Training\Patient#7\input\IMG-0004-00015.jpg,1.0,1.0,1.0,1.0,1.0,,True,0.0,0.0,False
Patient#7,D:\Research\Multi-View Fusion Network\datasets\AJBDS-2023_extracted\AJBDS-2023\Training\Patient#7\input\IMG-0004-00016.jpg,1.0,1.0,1.0,1.0,1.0,,True,0.0,0.0,False
Patient#7,D:\Research\Multi-View Fusion Network\datasets\AJBDS-2023_extracted\AJBDS-2023\Training\Patient#7\input\IMG-0004-00017.jpg,1.0,1.0,1.0,1.0,1.0,,True,0.0,0.0,False
Patient#7,D:\Research\Multi-View Fusion Network\datasets\AJBDS-2023_extracted\AJBDS-2023\Training\Patient#7\input\IMG-0004-00018.jpg,1.0,1.0,1.0,1.0,1.0,,True,0.0,0.0,False
Patient#7,D:\Research\Multi-View Fusion Network\datasets\AJBDS-2023_extracted\AJBDS-2023\Training\Patient#7\input\IMG-0004-00019.jpg,1.0,1.0,1.0,1.0,1.0,,True,0.0,0.0,False
Patient#7,D:\Research\Multi-View Fusion Network\datasets\AJBDS-2023_extracted\AJBDS-2023\Training\Patient#7\input\IMG-0004-00020.jpg,6.63129995359668e-10,6.63129995359668e-10,1.0,0.969945788383484,6.63129995359668e-10,,True,1508.0,0.0,True
Patient#7,D:\Research\Multi-View Fusion Network\datasets\AJBDS-2023_extracted\AJBDS-2023\Training\Patient#7\input\IMG-0005-00001.jpg,4.464285829897108e-09,4.464285829897108e-09,1.0,0.9955357313156128,4.464285829897108e-09,,True,224.0,0.0,True
Patient#7,D:\Research\Multi-View Fusion Network\datasets\AJBDS-2023_extracted\AJBDS-2023\Training\Patient#7\input\IMG-0005-00002.jpg,1.0,1.0,1.0,1.0,1.0,,True,0.0,0.0,False
Patient#7,D:\Research\Multi-View Fusion Network\datasets\AJBDS-2023_extracted\AJBDS-2023\Training\Patient#7\input\IMG-0005-00003.jpg,1.0,1.0,1.0,1.0,1.0,,True,0.0,0.0,False
Patient#7,D:\Research\Multi-View Fusion Network\datasets\AJBDS-2023_extracted\AJBDS-2023\Training\Patient#7\input\IMG-0005-00004.jpg,2.304147539433643e-09,2.304147539433643e-09,1.0,0.9913504719734192,2.304147539433643e-09,,True,434.0,0.0,True
Patient#7,D:\Research\Multi-View Fusion Network\datasets\AJBDS-2023_extracted\AJBDS-2023\Training\Patient#7\input\IMG-0005-00005.jpg,1.0,1.0,1.0,1.0,1.0,,True,0.0,0.0,False
Patient#7,D:\Research\Multi-View Fusion Network\datasets\AJBDS-2023_extracted\AJBDS-2023\Training\Patient#7\input\IMG-0005-00006.jpg,1.0,1.0,1.0,1.0,1.0,,True,0.0,0.0,False
Patient#7,D:\Research\Multi-View Fusion Network\datasets\AJBDS-2023_extracted\AJBDS-2023\Training\Patient#7\input\IMG-0005-00012.jpg,2.8636884530364165e-10,2.8636884530364165e-10,1.0,0.9304049611091614,2.8636884530364165e-10,,True,3492.0,0.0,True
Patient#7,D:\Research\Multi-View Fusion Network\datasets\AJBDS-2023_extracted\AJBDS-2023\Training\Patient#7\input\IMG-0005-00013.jpg,4.2680323164567824e-10,4.2680323164567824e-10,1.0,0.9533043503761292,4.2680323164567824e-10,,True,2343.0,0.0,True
Patient#7,D:\Research\Multi-View Fusion Network\datasets\AJBDS-2023_extracted\AJBDS-2023\Training\Patient#7\input\IMG-0005-00014.jpg,1.4306151818743727e-09,1.4306151818743727e-09,1.0,0.9860690236091614,1.4306151818743727e-09,,True,699.0,0.0,True
Patient#7,D:\Research\Multi-View Fusion Network\datasets\AJBDS-2023_extracted\AJBDS-2023\Training\Patient#7\input\IMG-0005-00015.jpg,1.0,1.0,1.0,1.0,1.0,,True,0.0,0.0,False
Patient#7,D:\Research\Multi-View Fusion Network\datasets\AJBDS-2023_extracted\AJBDS-2023\Training\Patient#7\input\IMG-0005-00016.jpg,1.0,1.0,1.0,1.0,1.0,,True,0.0,0.0,False
Patient#7,D:\Research\Multi-View Fusion Network\datasets\AJBDS-2023_extracted\AJBDS-2023\Training\Patient#7\input\IMG-0005-00017.jpg,1.0,1.0,1.0,1.0,1.0,,True,0.0,0.0,False
Patient#7,D:\Research\Multi-View Fusion Network\datasets\AJBDS-2023_extracted\AJBDS-2023\Training\Patient#7\input\IMG-0005-00018.jpg,4.926108410074902e-10,4.926108410074902e-10,1.0,0.9595423936843872,4.926108410074902e-10,,True,2030.0,0.0,True
Patient#7,D:\Research\Multi-View Fusion Network\datasets\AJBDS-2023_extracted\AJBDS-2023\Training\Patient#7\input\IMG-0005-00019.jpg,4.2698547475517046e-10,4.2698547475517046e-10,1.0,0.9533243179321288,4.2698547475517046e-10,,True,2342.0,0.0,True
Patient#7,D:\Research\Multi-View Fusion Network\datasets\AJBDS-2023_extracted\AJBDS-2023\Training\Patient#7\input\IMG-0005-00020.jpg,1.0183299758992348e-09,1.0183299758992348e-09,1.0,0.9804288744926452,1.0183299758992348e-09,,True,982.0,0.0,True
Patient#7,D:\Research\Multi-View Fusion Network\datasets\AJBDS-2023_extracted\AJBDS-2023\Training\Patient#7\input\IMG-0005-00021.jpg,9.910803289159276e-10,9.910803289159276e-10,1.0,0.979890763759613,9.910803289159276e-10,,True,1009.0,0.0,True
Patient#7,D:\Research\Multi-View Fusion Network\datasets\AJBDS-2023_extracted\AJBDS-2023\Training\Patient#7\input\IMG-0005-00022.jpg,3.0303031195444425e-08,3.0303031195444425e-08,1.0,0.9993423223495485,3.0303031195444425e-08,,True,33.0,0.0,True
Patient#7,D:\Research\Multi-View Fusion Network\datasets\AJBDS-2023_extracted\AJBDS-2023\Training\Patient#7\input\IMG-0005-00023.jpg,1.0,1.0,1.0,1.0,1.0,,True,0.0,0.0,False
Patient#7,D:\Research\Multi-View Fusion Network\datasets\AJBDS-2023_extracted\AJBDS-2023\Training\Patient#7\input\IMG-0005-00024.jpg,1.0,1.0,1.0,1.0,1.0,,True,0.0,0.0,False
Patient#7,D:\Research\Multi-View Fusion Network\datasets\AJBDS-2023_extracted\AJBDS-2023\Training\Patient#7\input\IMG-0005-00025.jpg,1.0,1.0,1.0,1.0,1.0,,True,0.0,0.0,False
Patient#7,D:\Research\Multi-View Fusion Network\datasets\AJBDS-2023_extracted\AJBDS-2023\Training\Patient#7\input\IMG-0005-00026.jpg,1.0,1.0,1.0,1.0,1.0,,True,0.0,0.0,False
Patient#7,D:\Research\Multi-View Fusion Network\datasets\AJBDS-2023_extracted\AJBDS-2023\Training\Patient#7\input\IMG-0005-00032.jpg,1.0,1.0,1.0,1.0,1.0,,True,0.0,0.0,False
Patient#7,D:\Research\Multi-View Fusion Network\datasets\AJBDS-2023_extracted\AJBDS-2023\Training\Patient#7\input\IMG-0005-00033.jpg,1.0,1.0,1.0,1.0,1.0,,True,0.0,0.0,False
Patient#7,D:\Research\Multi-View Fusion Network\datasets\AJBDS-2023_extracted\AJBDS-2023\Training\Patient#7\input\IMG-0005-00034.jpg,1.0,1.0,1.0,1.0,1.0,,True,0.0,0.0,False
Patient#7,D:\Research\Multi-View Fusion Network\datasets\AJBDS-2023_extracted\AJBDS-2023\Training\Patient#7\input\IMG-0005-00035.jpg,1.0,1.0,1.0,1.0,1.0,,True,0.0,0.0,False
Patient#7,D:\Research\Multi-View Fusion Network\datasets\AJBDS-2023_extracted\AJBDS-2023\Training\Patient#7\input\IMG-0005-00036.jpg,1.0,1.0,1.0,1.0,1.0,,True,0.0,0.0,False
Patient#7,D:\Research\Multi-View Fusion Network\datasets\AJBDS-2023_extracted\AJBDS-2023\Training\Patient#7\input\IMG-0005-00037.jpg,1.0,1.0,1.0,1.0,1.0,,True,0.0,0.0,False
Patient#7,D:\Research\Multi-View Fusion Network\datasets\AJBDS-2023_extracted\AJBDS-2023\Training\Patient#7\input\IMG-0005-00038.jpg,5.65610835945307e-10,5.65610835945307e-10,1.0,0.9647640585899352,5.65610835945307e-10,,True,1768.0,0.0,True
Patient#7,D:\Research\Multi-View Fusion Network\datasets\AJBDS-2023_extracted\AJBDS-2023\Training\Patient#7\input\IMG-0005-00039.jpg,2.973535584427367e-10,2.973535584427367e-10,1.0,0.9329759478569032,2.973535584427367e-10,,True,3363.0,0.0,True
Patient#7,D:\Research\Multi-View Fusion Network\datasets\AJBDS-2023_extracted\AJBDS-2023\Training\Patient#7\input\IMG-0005-00040.jpg,1.2562814122318855e-09,1.2562814122318855e-09,1.0,0.9841358661651612,1.2562814122318855e-09,,True,796.0,0.0,True
Patient#7,D:\Research\Multi-View Fusion Network\datasets\AJBDS-2023_extracted\AJBDS-2023\Training\Patient#7\input\IMG-0006-00001.jpg,1.522070025572475e-09,1.522070025572475e-09,1.0,0.986906111240387,1.522070025572475e-09,,True,657.0,0.0,True
Patient#7,D:\Research\Multi-View Fusion Network\datasets\AJBDS-2023_extracted\AJBDS-2023\Training\Patient#7\input\IMG-0006-00002.jpg,6.218905390653616e-10,6.218905390653616e-10,1.0,0.9679527878761292,6.218905390653616e-10,,True,1608.0,0.0,True
Patient#7,D:\Research\Multi-View Fusion Network\datasets\AJBDS-2023_extracted\AJBDS-2023\Training\Patient#7\input\IMG-0006-00003.jpg,8.771929849160642e-09,8.771929849160642e-09,1.0,0.9977279901504515,8.771929849160642e-09,,True,114.0,0.0,True
Patient#7,D:\Research\Multi-View Fusion Network\datasets\AJBDS-2023_extracted\AJBDS-2023\Training\Patient#7\input\IMG-0006-00004.jpg,3.8167939919731e-09,3.8167939919731e-09,1.0,0.9947783946990968,3.8167939919731e-09,,True,262.0,0.0,True
Patient#7,D:\Research\Multi-View Fusion Network\datasets\AJBDS-2023_extracted\AJBDS-2023\Training\Patient#7\input\IMG-0006-00005.jpg,6.369426763797037e-09,6.369426763797037e-09,1.0,0.9968709945678712,6.369426763797037e-09,,True,157.0,0.0,True
Patient#7,D:\Research\Multi-View Fusion Network\datasets\AJBDS-2023_extracted\AJBDS-2023\Training\Patient#7\input\IMG-0006-00006.jpg,1.0660980986898494e-09,1.0660980986898494e-09,1.0,0.9813057780265808,1.0660980986898494e-09,,True,938.0,0.0,True
Patient#7,D:\Research\Multi-View Fusion Network\datasets\AJBDS-2023_extracted\AJBDS-2023\Training\Patient#7\input\IMG-0006-00012.jpg,2.9171529081217784e-10,2.9171529081217784e-10,1.0,0.9316805005073548,2.9171529081217784e-10,,True,3428.0,0.0,True
Patient#7,D:\Research\Multi-View Fusion Network\datasets\AJBDS-2023_extracted\AJBDS-2023\Training\Patient#7\input\IMG-0006-00013.jpg,4.2319087123487975e-10,4.2319087123487975e-10,1.0,0.952905774116516,4.2319087123487975e-10,,True,2363.0,0.0,True
Patient#7,D:\Research\Multi-View Fusion Network\datasets\AJBDS-2023_extracted\AJBDS-2023\Training\Patient#7\input\IMG-0006-00014.jpg,1.4204545317753059e-09,1.4204545317753059e-09,1.0,0.9859693646430968,1.4204545317753059e-09,,True,704.0,0.0,True
Patient#7,D:\Research\Multi-View Fusion Network\datasets\AJBDS-2023_extracted\AJBDS-2023\Training\Patient#7\input\IMG-0006-00015.jpg,1.0,1.0,1.0,1.0,1.0,,True,0.0,0.0,False
Patient#7,D:\Research\Multi-View Fusion Network\datasets\AJBDS-2023_extracted\AJBDS-2023\Training\Patient#7\input\IMG-0006-00016.jpg,1.0,1.0,1.0,1.0,1.0,,True,0.0,0.0,False
Patient#7,D:\Research\Multi-View Fusion Network\datasets\AJBDS-2023_extracted\AJBDS-2023\Training\Patient#7\input\IMG-0006-00017.jpg,1.0,1.0,1.0,1.0,1.0,,True,0.0,0.0,False
Patient#7,D:\Research\Multi-View Fusion Network\datasets\AJBDS-2023_extracted\AJBDS-2023\Training\Patient#7\input\IMG-0006-00018.jpg,1.0,1.0,1.0,1.0,1.0,,True,0.0,0.0,False
Patient#7,D:\Research\Multi-View Fusion Network\datasets\AJBDS-2023_extracted\AJBDS-2023\Training\Patient#7\input\IMG-0006-00019.jpg,6.896551774104864e-09,6.896551774104864e-09,1.0,0.9971101880073548,6.896551774104864e-09,,True,145.0,0.0,True
Patient#7,D:\Research\Multi-View Fusion Network\datasets\AJBDS-2023_extracted\AJBDS-2023\Training\Patient#7\input\IMG-0006-00020.jpg,1.0,1.0,1.0,1.0,1.0,,True,0.0,0.0,False
Patient#7,D:\Research\Multi-View Fusion Network\datasets\AJBDS-2023_extracted\AJBDS-2023\Training\Patient#7\input\IMG-0007-00001.jpg,1.0,1.0,1.0,1.0,1.0,,True,0.0,0.0,False
Patient#7,D:\Research\Multi-View Fusion Network\datasets\AJBDS-2023_extracted\AJBDS-2023\Training\Patient#7\input\IMG-0007-00002.jpg,1.0,1.0,1.0,1.0,1.0,,True,0.0,0.0,False
Patient#7,D:\Research\Multi-View Fusion Network\datasets\AJBDS-2023_extracted\AJBDS-2023\Training\Patient#7\input\IMG-0007-00003.jpg,1.0,1.0,1.0,1.0,1.0,,True,0.0,0.0,False
Patient#7,D:\Research\Multi-View Fusion Network\datasets\AJBDS-2023_extracted\AJBDS-2023\Training\Patient#7\input\IMG-0007-00004.jpg,1.0,1.0,1.0,1.0,1.0,,True,0.0,0.0,False
Patient#7,D:\Research\Multi-View Fusion Network\datasets\AJBDS-2023_extracted\AJBDS-2023\Training\Patient#7\input\IMG-0007-00005.jpg,2.2123893828052124e-09,2.2123893828052124e-09,1.0,0.990991711616516,2.2123893828052124e-09,,True,452.0,0.0,True
Patient#7,D:\Research\Multi-View Fusion Network\datasets\AJBDS-2023_extracted\AJBDS-2023\Training\Patient#7\input\IMG-0007-00006.jpg,1.0,1.0,1.0,1.0,1.0,,True,0.0,0.0,False
Patient#7,D:\Research\Multi-View Fusion Network\datasets\AJBDS-2023_extracted\AJBDS-2023\Training\Patient#7\input\IMG-0007-00007.jpg,9.242144272114671e-10,9.242144272114671e-10,1.0,0.9784359335899352,9.242144272114671e-10,,True,1082.0,0.0,True
Patient#7,D:\Research\Multi-View Fusion Network\datasets\AJBDS-2023_extracted\AJBDS-2023\Training\Patient#7\input\IMG-0007-00008.jpg,1.4124293956641052e-09,1.4124293956641052e-09,1.0,0.9858896732330322,1.4124293956641052e-09,,True,708.0,0.0,True
Patient#7,D:\Research\Multi-View Fusion Network\datasets\AJBDS-2023_extracted\AJBDS-2023\Training\Patient#7\input\IMG-0007-00015.jpg,4.1135334027941884e-10,4.1135334027941884e-10,1.0,0.951550543308258,4.1135334027941884e-10,,True,2431.0,0.0,True
Patient#7,D:\Research\Multi-View Fusion Network\datasets\AJBDS-2023_extracted\AJBDS-2023\Training\Patient#7\input\IMG-0007-00016.jpg,3.4470873377934197e-10,3.4470873377934197e-10,1.0,0.9421834945678712,3.4470873377934197e-10,,True,2901.0,0.0,True
Patient#7,D:\Research\Multi-View Fusion Network\datasets\AJBDS-2023_extracted\AJBDS-2023\Training\Patient#7\input\IMG-0007-00017.jpg,5.078720222151388e-10,5.078720222151388e-10,1.0,0.9607581496238708,5.078720222151388e-10,,True,1969.0,0.0,True
Patient#7,D:\Research\Multi-View Fusion Network\datasets\AJBDS-2023_extracted\AJBDS-2023\Training\Patient#7\input\IMG-0007-00018.jpg,1.515151559772221e-09,1.515151559772221e-09,1.0,0.9868463277816772,1.515151559772221e-09,,True,660.0,0.0,True
Patient#7,D:\Research\Multi-View Fusion Network\datasets\AJBDS-2023_extracted\AJBDS-2023\Training\Patient#7\input\IMG-0007-00019.jpg,1.9841270848530712e-09,1.9841270848530712e-09,1.0,0.9899553656578064,1.9841270848530712e-09,,True,504.0,0.0,True
Patient#7,D:\Research\Multi-View Fusion Network\datasets\AJBDS-2023_extracted\AJBDS-2023\Training\Patient#7\input\IMG-0007-00020.jpg,6.5359477829929355e-09,6.5359477829929355e-09,1.0,0.9969507455825806,6.5359477829929355e-09,,True,153.0,0.0,True
Patient#7,D:\Research\Multi-View Fusion Network\datasets\AJBDS-2023_extracted\AJBDS-2023\Training\Patient#7\input\IMG-0007-00021.jpg,9.99999087980541e-07,9.99999087980541e-07,1.0,0.999980092048645,9.99999087980541e-07,,True,1.0,0.0,True
Patient#7,D:\Research\Multi-View Fusion Network\datasets\AJBDS-2023_extracted\AJBDS-2023\Training\Patient#7\input\IMG-0007-00022.jpg,1.0,1.0,1.0,1.0,1.0,,True,0.0,0.0,False
Patient#7,D:\Research\Multi-View Fusion Network\datasets\AJBDS-2023_extracted\AJBDS-2023\Training\Patient#7\input\IMG-0007-00023.jpg,1.0,1.0,1.0,1.0,1.0,,True,0.0,0.0,False
Patient#7,D:\Research\Multi-View Fusion Network\datasets\AJBDS-2023_extracted\AJBDS-2023\Training\Patient#7\input\IMG-0008-00001.jpg,1.0,1.0,1.0,1.0,1.0,,True,0.0,0.0,False
Patient#7,D:\Research\Multi-View Fusion Network\datasets\AJBDS-2023_extracted\AJBDS-2023\Training\Patient#7\input\IMG-0008-00002.jpg,9.233610542835892e-10,9.233610542835892e-10,1.0,0.9784159660339355,9.233610542835892e-10,,True,1083.0,0.0,True
Patient#7,D:\Research\Multi-View Fusion Network\datasets\AJBDS-2023_extracted\AJBDS-2023\Training\Patient#7\input\IMG-0008-00003.jpg,1.0,1.0,1.0,1.0,1.0,,True,0.0,0.0,False
Patient#7,D:\Research\Multi-View Fusion Network\datasets\AJBDS-2023_extracted\AJBDS-2023\Training\Patient#7\input\IMG-0008-00004.jpg,1.0,1.0,1.0,1.0,1.0,,True,0.0,0.0,False
Patient#7,D:\Research\Multi-View Fusion Network\datasets\AJBDS-2023_extracted\AJBDS-2023\Training\Patient#7\input\IMG-0008-00012.jpg,4.980079681971006e-10,4.980079681971006e-10,1.0,0.959980845451355,4.980079681971006e-10,,True,2008.0,0.0,True
Patient#7,D:\Research\Multi-View Fusion Network\datasets\AJBDS-2023_extracted\AJBDS-2023\Training\Patient#7\input\IMG-0008-00013.jpg,4.25170065820879e-10,4.25170065820879e-10,1.0,0.953125,4.25170065820879e-10,,True,2352.0,0.0,True
Patient#7,D:\Research\Multi-View Fusion Network\datasets\AJBDS-2023_extracted\AJBDS-2023\Training\Patient#7\input\IMG-0008-00014.jpg,1.0775862424594607e-09,1.0775862424594607e-09,1.0,0.9815050959587096,1.0775862424594607e-09,,True,928.0,0.0,True
Patient#7,D:\Research\Multi-View Fusion Network\datasets\AJBDS-2023_extracted\AJBDS-2023\Training\Patient#7\input\IMG-0008-00015.jpg,9.310986981425627e-10,9.310986981425627e-10,1.0,0.9785953164100648,9.310986981425627e-10,,True,1074.0,0.0,True
Patient#7,D:\Research\Multi-View Fusion Network\datasets\AJBDS-2023_extracted\AJBDS-2023\Training\Patient#7\input\IMG-0008-00016.jpg,1.700680263283516e-09,1.700680263283516e-09,1.0,0.98828125,1.700680263283516e-09,,True,588.0,0.0,True
Patient#7,D:\Research\Multi-View Fusion Network\datasets\AJBDS-2023_extracted\AJBDS-2023\Training\Patient#7\input\IMG-0008-00017.jpg,1.0,1.0,1.0,1.0,1.0,,True,0.0,0.0,False
Patient#7,D:\Research\Multi-View Fusion Network\datasets\AJBDS-2023_extracted\AJBDS-2023\Training\Patient#7\input\IMG-0008-00018.jpg,1.0,1.0,1.0,1.0,1.0,,True,0.0,0.0,False
Patient#7,D:\Research\Multi-View Fusion Network\datasets\AJBDS-2023_extracted\AJBDS-2023\Training\Patient#7\input\IMG-0008-00019.jpg,2.092050310764648e-09,2.092050310764648e-09,1.0,0.9904735088348388,2.092050310764648e-09,,True,478.0,0.0,True
Patient#7,D:\Research\Multi-View Fusion Network\datasets\AJBDS-2023_extracted\AJBDS-2023\Training\Patient#7\input\IMG-0008-00020.jpg,1.0,1.0,1.0,1.0,1.0,,True,0.0,0.0,False
Patient#7,D:\Research\Multi-View Fusion Network\datasets\AJBDS-2023_extracted\AJBDS-2023\Training\Patient#7\input\IMG-0009-00001.jpg,1.0,1.0,1.0,1.0,1.0,,True,0.0,0.0,False
Patient#7,D:\Research\Multi-View Fusion Network\datasets\AJBDS-2023_extracted\AJBDS-2023\Training\Patient#7\input\IMG-0009-00002.jpg,1.0,1.0,1.0,1.0,1.0,,True,0.0,0.0,False
Patient#7,D:\Research\Multi-View Fusion Network\datasets\AJBDS-2023_extracted\AJBDS-2023\Training\Patient#7\input\IMG-0009-00003.jpg,2.217294792217217e-09,2.217294792217217e-09,1.0,0.9910116195678712,2.217294792217217e-09,,True,451.0,0.0,True
Patient#7,D:\Research\Multi-View Fusion Network\datasets\AJBDS-2023_extracted\AJBDS-2023\Training\Patient#7\input\IMG-0009-00004.jpg,3.73134323439217e-09,3.73134323439217e-09,1.0,0.9946588277816772,3.73134323439217e-09,,True,268.0,0.0,True
Patient#7,D:\Research\Multi-View Fusion Network\datasets\AJBDS-2023_extracted\AJBDS-2023\Training\Patient#7\input\IMG-0009-00005.jpg,4.807692466357594e-09,4.807692466357594e-09,1.0,0.9958546161651612,4.807692466357594e-09,,True,208.0,0.0,True
Patient#7,D:\Research\Multi-View Fusion Network\datasets\AJBDS-2023_extracted\AJBDS-2023\Training\Patient#7\input\IMG-0009-00006.jpg,6.493506621296774e-09,6.493506621296774e-09,1.0,0.9969307780265808,6.493506621296774e-09,,True,154.0,0.0,True
Patient#7,D:\Research\Multi-View Fusion Network\datasets\AJBDS-2023_extracted\AJBDS-2023\Training\Patient#7\input\IMG-0009-00007.jpg,7.999999773744548e-09,7.999999773744548e-09,1.0,0.9975087642669678,7.999999773744548e-09,,True,125.0,0.0,True
Patient#7,D:\Research\Multi-View Fusion Network\datasets\AJBDS-2023_extracted\AJBDS-2023\Training\Patient#7\input\IMG-0009-00008.jpg,1.0,1.0,1.0,1.0,1.0,,True,0.0,0.0,False
Patient#7,D:\Research\Multi-View Fusion Network\datasets\AJBDS-2023_extracted\AJBDS-2023\Training\Patient#7\input\IMG-0009-00009.jpg,1.0,1.0,1.0,1.0,1.0,,True,0.0,0.0,False
Patient#7,D:\Research\Multi-View Fusion Network\datasets\AJBDS-2023_extracted\AJBDS-2023\Training\Patient#7\input\IMG-0009-00010.jpg,1.0,1.0,1.0,1.0,1.0,,True,0.0,0.0,False
Patient#7,D:\Research\Multi-View Fusion Network\datasets\AJBDS-2023_extracted\AJBDS-2023\Training\Patient#7\input\IMG-0009-00011.jpg,1.0,1.0,1.0,1.0,1.0,,True,0.0,0.0,False
Patient#7,D:\Research\Multi-View Fusion Network\datasets\AJBDS-2023_extracted\AJBDS-2023\Training\Patient#7\input\IMG-0009-00012.jpg,1.0,1.0,1.0,1.0,1.0,,True,0.0,0.0,False
Patient#7,D:\Research\Multi-View Fusion Network\datasets\AJBDS-2023_extracted\AJBDS-2023\Training\Patient#7\input\IMG-0009-00013.jpg,1.0,1.0,1.0,1.0,1.0,,True,0.0,0.0,False
Patient#7,D:\Research\Multi-View Fusion Network\datasets\AJBDS-2023_extracted\AJBDS-2023\Training\Patient#7\input\IMG-0009-00043.jpg,1.0,1.0,1.0,1.0,1.0,,True,0.0,0.0,False
Patient#7,D:\Research\Multi-View Fusion Network\datasets\AJBDS-2023_extracted\AJBDS-2023\Training\Patient#7\input\IMG-0009-00044.jpg,1.0,1.0,1.0,1.0,1.0,,True,0.0,0.0,False
Patient#7,D:\Research\Multi-View Fusion Network\datasets\AJBDS-2023_extracted\AJBDS-2023\Training\Patient#7\input\IMG-0009-00045.jpg,1.0,1.0,1.0,1.0,1.0,,True,0.0,0.0,False
Patient#7,D:\Research\Multi-View Fusion Network\datasets\AJBDS-2023_extracted\AJBDS-2023\Training\Patient#7\input\IMG-0009-00046.jpg,1.0,1.0,1.0,1.0,1.0,,True,0.0,0.0,False
Patient#7,D:\Research\Multi-View Fusion Network\datasets\AJBDS-2023_extracted\AJBDS-2023\Training\Patient#7\input\IMG-0009-00047.jpg,1.0,1.0,1.0,1.0,1.0,,True,0.0,0.0,False
Patient#7,D:\Research\Multi-View Fusion Network\datasets\AJBDS-2023_extracted\AJBDS-2023\Training\Patient#7\input\IMG-0009-00048.jpg,1.0,1.0,1.0,1.0,1.0,,True,0.0,0.0,False
Patient#7,D:\Research\Multi-View Fusion Network\datasets\AJBDS-2023_extracted\AJBDS-2023\Training\Patient#7\input\IMG-0009-00049.jpg,1.0,1.0,1.0,1.0,1.0,,True,0.0,0.0,False
Patient#7,D:\Research\Multi-View Fusion Network\datasets\AJBDS-2023_extracted\AJBDS-2023\Training\Patient#7\input\IMG-0009-00050.jpg,1.0,1.0,1.0,1.0,1.0,,True,0.0,0.0,False
Patient#7,D:\Research\Multi-View Fusion Network\datasets\AJBDS-2023_extracted\AJBDS-2023\Training\Patient#7\input\IMG-0009-00051.jpg,1.0,1.0,1.0,1.0,1.0,,True,0.0,0.0,False
Patient#7,D:\Research\Multi-View Fusion Network\datasets\AJBDS-2023_extracted\AJBDS-2023\Training\Patient#7\input\IMG-0009-00052.jpg,1.0,1.0,1.0,1.0,1.0,,True,0.0,0.0,False
Patient#7,D:\Research\Multi-View Fusion Network\datasets\AJBDS-2023_extracted\AJBDS-2023\Training\Patient#7\input\IMG-0009-00053.jpg,1.0,1.0,1.0,1.0,1.0,,True,0.0,0.0,False
Patient#7,D:\Research\Multi-View Fusion Network\datasets\AJBDS-2023_extracted\AJBDS-2023\Training\Patient#7\input\IMG-0009-00054.jpg,1.0,1.0,1.0,1.0,1.0,,True,0.0,0.0,False
Patient#7,D:\Research\Multi-View Fusion Network\datasets\AJBDS-2023_extracted\AJBDS-2023\Training\Patient#7\input\IMG-0009-00055.jpg,1.0,1.0,1.0,1.0,1.0,,True,0.0,0.0,False
Patient#7,D:\Research\Multi-View Fusion Network\datasets\AJBDS-2023_extracted\AJBDS-2023\Training\Patient#7\input\IMG-0009-00056.jpg,1.0,1.0,1.0,1.0,1.0,,True,0.0,0.0,False
Patient#7,D:\Research\Multi-View Fusion Network\datasets\AJBDS-2023_extracted\AJBDS-2023\Training\Patient#7\input\IMG-0009-00057.jpg,2.4390243158478597e-09,2.4390243158478597e-09,1.0,0.9918287396430968,2.4390243158478597e-09,,True,410.0,0.0,True
Patient#7,D:\Research\Multi-View Fusion Network\datasets\AJBDS-2023_extracted\AJBDS-2023\Training\Patient#7\input\IMG-0009-00058.jpg,1.0,1.0,1.0,1.0,1.0,,True,0.0,0.0,False
Patient#7,D:\Research\Multi-View Fusion Network\datasets\AJBDS-2023_extracted\AJBDS-2023\Training\Patient#7\input\IMG-0009-00059.jpg,1.0,1.0,1.0,1.0,1.0,,True,0.0,0.0,False
Patient#7,D:\Research\Multi-View Fusion Network\datasets\AJBDS-2023_extracted\AJBDS-2023\Training\Patient#7\input\IMG-0009-00060.jpg,1.0,1.0,1.0,1.0,1.0,,True,0.0,0.0,False
Patient#7,D:\Research\Multi-View Fusion Network\datasets\AJBDS-2023_extracted\AJBDS-2023\Training\Patient#7\input\IMG-0009-00061.jpg,1.0,1.0,1.0,1.0,1.0,,True,0.0,0.0,False
Patient#7,D:\Research\Multi-View Fusion Network\datasets\AJBDS-2023_extracted\AJBDS-2023\Training\Patient#7\input\IMG-0009-00062.jpg,1.0,1.0,1.0,1.0,1.0,,True,0.0,0.0,False
Patient#7,D:\Research\Multi-View Fusion Network\datasets\AJBDS-2023_extracted\AJBDS-2023\Training\Patient#7\input\IMG-0009-00063.jpg,1.0,1.0,1.0,1.0,1.0,,True,0.0,0.0,False
Patient#7,D:\Research\Multi-View Fusion Network\datasets\AJBDS-2023_extracted\AJBDS-2023\Training\Patient#7\input\IMG-0009-00064.jpg,1.0,1.0,1.0,1.0,1.0,,True,0.0,0.0,False
Patient#7,D:\Research\Multi-View Fusion Network\datasets\AJBDS-2023_extracted\AJBDS-2023\Training\Patient#7\input\IMG-0009-00065.jpg,1.0,1.0,1.0,1.0,1.0,,True,0.0,0.0,False
Patient#7,D:\Research\Multi-View Fusion Network\datasets\AJBDS-2023_extracted\AJBDS-2023\Training\Patient#7\input\IMG-0009-00066.jpg,1.0,1.0,1.0,1.0,1.0,,True,0.0,0.0,False
Patient#7,D:\Research\Multi-View Fusion Network\datasets\AJBDS-2023_extracted\AJBDS-2023\Training\Patient#7\input\IMG-0009-00067.jpg,1.0,1.0,1.0,1.0,1.0,,True,0.0,0.0,False
Patient#7,D:\Research\Multi-View Fusion Network\datasets\AJBDS-2023_extracted\AJBDS-2023\Training\Patient#7\input\IMG-0009-00068.jpg,1.0,1.0,1.0,1.0,1.0,,True,0.0,0.0,False
Patient#7,D:\Research\Multi-View Fusion Network\datasets\AJBDS-2023_extracted\AJBDS-2023\Training\Patient#7\input\IMG-0009-00069.jpg,1.0,1.0,1.0,1.0,1.0,,True,0.0,0.0,False
Patient#7,D:\Research\Multi-View Fusion Network\datasets\AJBDS-2023_extracted\AJBDS-2023\Training\Patient#7\input\IMG-0009-00070.jpg,1.0,1.0,1.0,1.0,1.0,,True,0.0,0.0,False
Patient#7,D:\Research\Multi-View Fusion Network\datasets\AJBDS-2023_extracted\AJBDS-2023\Training\Patient#7\input\IMG-0009-00071.jpg,1.2345679145653321e-08,1.2345679145653321e-08,1.0,0.9983856678009032,1.2345679145653321e-08,,True,81.0,0.0,True
Patient#7,D:\Research\Multi-View Fusion Network\datasets\AJBDS-2023_extracted\AJBDS-2023\Training\Patient#7\input\IMG-0009-00072.jpg,1.0,1.0,1.0,1.0,1.0,,True,0.0,0.0,False
Patient#7,D:\Research\Multi-View Fusion Network\datasets\AJBDS-2023_extracted\AJBDS-2023\Training\Patient#7\input\IMG-0010-00001.jpg,1.2484394629197482e-09,1.2484394629197482e-09,1.0,0.9840362071990968,1.2484394629197482e-09,,True,801.0,0.0,True
Patient#7,D:\Research\Multi-View Fusion Network\datasets\AJBDS-2023_extracted\AJBDS-2023\Training\Patient#7\input\IMG-0010-00002.jpg,1.0,1.0,1.0,1.0,1.0,,True,0.0,0.0,False
Patient#7,D:\Research\Multi-View Fusion Network\datasets\AJBDS-2023_extracted\AJBDS-2023\Training\Patient#7\input\IMG-0010-00003.jpg,1.0,1.0,1.0,1.0,1.0,,True,0.0,0.0,False
Patient#7,D:\Research\Multi-View Fusion Network\datasets\AJBDS-2023_extracted\AJBDS-2023\Training\Patient#7\input\IMG-0010-00004.jpg,1.694915208183545e-09,1.694915208183545e-09,1.0,0.9882413744926452,1.694915208183545e-09,,True,590.0,0.0,True
Patient#7,D:\Research\Multi-View Fusion Network\datasets\AJBDS-2023_extracted\AJBDS-2023\Training\Patient#7\input\IMG-0010-00005.jpg,2.415458943971771e-09,2.415458943971771e-09,1.0,0.9917490482330322,2.415458943971771e-09,,True,414.0,0.0,True
Patient#7,D:\Research\Multi-View Fusion Network\datasets\AJBDS-2023_extracted\AJBDS-2023\Training\Patient#7\input\IMG-0010-00006.jpg,1.064962673602565e-09,1.064962673602565e-09,1.0,0.9812858700752258,1.064962673602565e-09,,True,939.0,0.0,True
Patient#7,D:\Research\Multi-View Fusion Network\datasets\AJBDS-2023_extracted\AJBDS-2023\Training\Patient#7\input\IMG-0010-00012.jpg,1.0,1.0,1.0,1.0,1.0,,True,0.0,0.0,False
Patient#7,D:\Research\Multi-View Fusion Network\datasets\AJBDS-2023_extracted\AJBDS-2023\Training\Patient#7\input\IMG-0010-00013.jpg,1.0,1.0,1.0,1.0,1.0,,True,0.0,0.0,False
Patient#7,D:\Research\Multi-View Fusion Network\datasets\AJBDS-2023_extracted\AJBDS-2023\Training\Patient#7\input\IMG-0010-00014.jpg,1.0235414737991275e-09,1.0235414737991275e-09,1.0,0.9805285334587096,1.0235414737991275e-09,,True,977.0,0.0,True
Patient#7,D:\Research\Multi-View Fusion Network\datasets\AJBDS-2023_extracted\AJBDS-2023\Training\Patient#7\input\IMG-0010-00015.jpg,1.0,1.0,1.0,1.0,1.0,,True,0.0,0.0,False
Patient#7,D:\Research\Multi-View Fusion Network\datasets\AJBDS-2023_extracted\AJBDS-2023\Training\Patient#7\input\IMG-0010-00016.jpg,4.7169810279967805e-09,4.7169810279967805e-09,1.0,0.9957748651504515,4.7169810279967805e-09,,True,212.0,0.0,True
Patient#7,D:\Research\Multi-View Fusion Network\datasets\AJBDS-2023_extracted\AJBDS-2023\Training\Patient#7\input\IMG-0010-00017.jpg,1.0,1.0,1.0,1.0,1.0,,True,0.0,0.0,False
Patient#7,D:\Research\Multi-View Fusion Network\datasets\AJBDS-2023_extracted\AJBDS-2023\Training\Patient#7\input\IMG-0010-00018.jpg,1.0,1.0,1.0,1.0,1.0,,True,0.0,0.0,False
Patient#7,D:\Research\Multi-View Fusion Network\datasets\AJBDS-2023_extracted\AJBDS-2023\Training\Patient#7\input\IMG-0010-00019.jpg,1.0,1.0,1.0,1.0,1.0,,True,0.0,0.0,False
Patient#7,D:\Research\Multi-View Fusion Network\datasets\AJBDS-2023_extracted\AJBDS-2023\Training\Patient#7\input\IMG-0010-00020.jpg,7.309941540967201e-10,7.309941540967201e-10,1.0,0.9727359414100648,7.309941540967201e-10,,True,1368.0,0.0,True
Patient#7,D:\Research\Multi-View Fusion Network\datasets\AJBDS-2023_extracted\AJBDS-2023\Training\Patient#7\input\IMG-0012-00001.jpg,1.0,1.0,1.0,1.0,1.0,,True,0.0,0.0,False
Patient#7,D:\Research\Multi-View Fusion Network\datasets\AJBDS-2023_extracted\AJBDS-2023\Training\Patient#7\input\IMG-0012-00002.jpg,1.0,1.0,1.0,1.0,1.0,,True,0.0,0.0,False
Patient#7,D:\Research\Multi-View Fusion Network\datasets\AJBDS-2023_extracted\AJBDS-2023\Training\Patient#7\input\IMG-0012-00003.jpg,3.508771939664257e-09,3.508771939664257e-09,1.0,0.9943199753761292,3.508771939664257e-09,,True,285.0,0.0,True
Patient#7,D:\Research\Multi-View Fusion Network\datasets\AJBDS-2023_extracted\AJBDS-2023\Training\Patient#7\input\IMG-0012-00004.jpg,1.934235882572466e-09,1.934235882572466e-09,1.0,0.9896962642669678,1.934235882572466e-09,,True,517.0,0.0,True
Patient#7,D:\Research\Multi-View Fusion Network\datasets\AJBDS-2023_extracted\AJBDS-2023\Training\Patient#7\input\IMG-0012-00005.jpg,5.181347351168597e-09,5.181347351168597e-09,1.0,0.9961535334587096,5.181347351168597e-09,,True,193.0,0.0,True
Patient#7,D:\Research\Multi-View Fusion Network\datasets\AJBDS-2023_extracted\AJBDS-2023\Training\Patient#7\input\IMG-0012-00006.jpg,1.0,1.0,1.0,1.0,1.0,,True,0.0,0.0,False
Patient#7,D:\Research\Multi-View Fusion Network\datasets\AJBDS-2023_extracted\AJBDS-2023\Training\Patient#7\input\IMG-0012-00012.jpg,1.0,1.0,1.0,1.0,1.0,,True,0.0,0.0,False
Patient#7,D:\Research\Multi-View Fusion Network\datasets\AJBDS-2023_extracted\AJBDS-2023\Training\Patient#7\input\IMG-0012-00013.jpg,1.0,1.0,1.0,1.0,1.0,,True,0.0,0.0,False
Patient#7,D:\Research\Multi-View Fusion Network\datasets\AJBDS-2023_extracted\AJBDS-2023\Training\Patient#7\input\IMG-0012-00014.jpg,1.0,1.0,1.0,1.0,1.0,,True,0.0,0.0,False
Patient#7,D:\Research\Multi-View Fusion Network\datasets\AJBDS-2023_extracted\AJBDS-2023\Training\Patient#7\input\IMG-0012-00015.jpg,1.0,1.0,1.0,1.0,1.0,,True,0.0,0.0,False
Patient#7,D:\Research\Multi-View Fusion Network\datasets\AJBDS-2023_extracted\AJBDS-2023\Training\Patient#7\input\IMG-0012-00016.jpg,1.0,1.0,1.0,1.0,1.0,,True,0.0,0.0,False
Patient#7,D:\Research\Multi-View Fusion Network\datasets\AJBDS-2023_extracted\AJBDS-2023\Training\Patient#7\input\IMG-0012-00017.jpg,1.0,1.0,1.0,1.0,1.0,,True,0.0,0.0,False
Patient#7,D:\Research\Multi-View Fusion Network\datasets\AJBDS-2023_extracted\AJBDS-2023\Training\Patient#7\input\IMG-0012-00018.jpg,1.0204082023790306e-08,1.0204082023790306e-08,1.0,0.998046875,1.0204082023790306e-08,,True,98.0,0.0,True
Patient#7,D:\Research\Multi-View Fusion Network\datasets\AJBDS-2023_extracted\AJBDS-2023\Training\Patient#7\input\IMG-0012-00019.jpg,1.0,1.0,1.0,1.0,1.0,,True,0.0,0.0,False
Patient#7,D:\Research\Multi-View Fusion Network\datasets\AJBDS-2023_extracted\AJBDS-2023\Training\Patient#7\input\IMG-0012-00020.jpg,1.0857763577121202e-09,1.0857763577121202e-09,1.0,0.9816446304321288,1.0857763577121202e-09,,True,921.0,0.0,True
Patient#7,D:\Research\Multi-View Fusion Network\datasets\AJBDS-2023_extracted\AJBDS-2023\Training\Patient#7\input\IMG-0013-00001.jpg,1.0,1.0,1.0,1.0,1.0,,True,0.0,0.0,False
Patient#7,D:\Research\Multi-View Fusion Network\datasets\AJBDS-2023_extracted\AJBDS-2023\Training\Patient#7\input\IMG-0013-00002.jpg,9.216589713645361e-10,9.216589713645361e-10,1.0,0.9783760905265808,9.216589713645361e-10,,True,1085.0,0.0,True
Patient#7,D:\Research\Multi-View Fusion Network\datasets\AJBDS-2023_extracted\AJBDS-2023\Training\Patient#7\input\IMG-0013-00003.jpg,1.0,1.0,1.0,1.0,1.0,,True,0.0,0.0,False
Patient#7,D:\Research\Multi-View Fusion Network\datasets\AJBDS-2023_extracted\AJBDS-2023\Training\Patient#7\input\IMG-0013-00004.jpg,1.0,1.0,1.0,1.0,1.0,,True,0.0,0.0,False
Patient#7,D:\Research\Multi-View Fusion Network\datasets\AJBDS-2023_extracted\AJBDS-2023\Training\Patient#7\input\IMG-0013-00005.jpg,1.0,1.0,1.0,1.0,1.0,,True,0.0,0.0,False
Patient#7,D:\Research\Multi-View Fusion Network\datasets\AJBDS-2023_extracted\AJBDS-2023\Training\Patient#7\input\IMG-0013-00012.jpg,1.0,1.0,1.0,1.0,1.0,,True,0.0,0.0,False
Patient#7,D:\Research\Multi-View Fusion Network\datasets\AJBDS-2023_extracted\AJBDS-2023\Training\Patient#7\input\IMG-0013-00013.jpg,1.0,1.0,1.0,1.0,1.0,,True,0.0,0.0,False
Patient#7,D:\Research\Multi-View Fusion Network\datasets\AJBDS-2023_extracted\AJBDS-2023\Training\Patient#7\input\IMG-0013-00014.jpg,1.0,1.0,1.0,1.0,1.0,,True,0.0,0.0,False
Patient#7,D:\Research\Multi-View Fusion Network\datasets\AJBDS-2023_extracted\AJBDS-2023\Training\Patient#7\input\IMG-0013-00015.jpg,7.1942447554818045e-09,7.1942447554818045e-09,1.0,0.9972297549247742,7.1942447554818045e-09,,True,139.0,0.0,True
Patient#7,D:\Research\Multi-View Fusion Network\datasets\AJBDS-2023_extracted\AJBDS-2023\Training\Patient#7\input\IMG-0013-00016.jpg,2.1276596484653965e-08,2.1276596484653965e-08,1.0,0.9990633130073548,2.1276596484653965e-08,,True,47.0,0.0,True
Patient#7,D:\Research\Multi-View Fusion Network\datasets\AJBDS-2023_extracted\AJBDS-2023\Training\Patient#7\input\IMG-0013-00017.jpg,1.0,1.0,1.0,1.0,1.0,,True,0.0,0.0,False
Patient#7,D:\Research\Multi-View Fusion Network\datasets\AJBDS-2023_extracted\AJBDS-2023\Training\Patient#7\input\IMG-0013-00018.jpg,1.0,1.0,1.0,1.0,1.0,,True,0.0,0.0,False
Patient#7,D:\Research\Multi-View Fusion Network\datasets\AJBDS-2023_extracted\AJBDS-2023\Training\Patient#7\input\IMG-0013-00019.jpg,1.0,1.0,1.0,1.0,1.0,,True,0.0,0.0,False
Patient#7,D:\Research\Multi-View Fusion Network\datasets\AJBDS-2023_extracted\AJBDS-2023\Training\Patient#7\input\IMG-0013-00020.jpg,1.0,1.0,1.0,1.0,1.0,,True,0.0,0.0,False
Patient#7,D:\Research\Multi-View Fusion Network\datasets\AJBDS-2023_extracted\AJBDS-2023\Training\Patient#7\input\IMG-0014-00001.jpg,1.0,1.0,1.0,1.0,1.0,,True,0.0,0.0,False
Patient#7,D:\Research\Multi-View Fusion Network\datasets\AJBDS-2023_extracted\AJBDS-2023\Training\Patient#7\input\IMG-0014-00002.jpg,1.0,1.0,1.0,1.0,1.0,,True,0.0,0.0,False
Patient#7,D:\Research\Multi-View Fusion Network\datasets\AJBDS-2023_extracted\AJBDS-2023\Training\Patient#7\input\IMG-0014-00003.jpg,1.0,1.0,1.0,1.0,1.0,,True,0.0,0.0,False
Patient#7,D:\Research\Multi-View Fusion Network\datasets\AJBDS-2023_extracted\AJBDS-2023\Training\Patient#7\input\IMG-0014-00004.jpg,1.0,1.0,1.0,1.0,1.0,,True,0.0,0.0,False
Patient#7,D:\Research\Multi-View Fusion Network\datasets\AJBDS-2023_extracted\AJBDS-2023\Training\Patient#7\input\IMG-0014-00005.jpg,5.8823523829687474e-08,5.8823523829687474e-08,1.0,0.9996612071990968,5.8823523829687474e-08,,True,17.0,0.0,True
Patient#7,D:\Research\Multi-View Fusion Network\datasets\AJBDS-2023_extracted\AJBDS-2023\Training\Patient#7\input\IMG-0014-00006.jpg,3.1545741574490194e-09,3.1545741574490194e-09,1.0,0.9936822652816772,3.1545741574490194e-09,,True,317.0,0.0,True
Patient#7,D:\Research\Multi-View Fusion Network\datasets\AJBDS-2023_extracted\AJBDS-2023\Training\Patient#7\input\IMG-0014-00007.jpg,3.3333321880490985e-07,3.3333321880490985e-07,1.0,0.9999402165412904,3.3333321880490985e-07,,True,3.0,0.0,True
Patient#7,D:\Research\Multi-View Fusion Network\datasets\AJBDS-2023_extracted\AJBDS-2023\Training\Patient#7\input\IMG-0014-00008.jpg,1.5673981001995683e-09,1.5673981001995683e-09,1.0,0.987284779548645,1.5673981001995683e-09,,True,638.0,0.0,True
Patient#7,D:\Research\Multi-View Fusion Network\datasets\AJBDS-2023_extracted\AJBDS-2023\Training\Patient#7\input\IMG-0014-00015.jpg,1.0,1.0,1.0,1.0,1.0,,True,0.0,0.0,False
Patient#7,D:\Research\Multi-View Fusion Network\datasets\AJBDS-2023_extracted\AJBDS-2023\Training\Patient#7\input\IMG-0014-00016.jpg,1.0,1.0,1.0,1.0,1.0,,True,0.0,0.0,False
Patient#7,D:\Research\Multi-View Fusion Network\datasets\AJBDS-2023_extracted\AJBDS-2023\Training\Patient#7\input\IMG-0014-00017.jpg,1.0,1.0,1.0,1.0,1.0,,True,0.0,0.0,False
Patient#7,D:\Research\Multi-View Fusion Network\datasets\AJBDS-2023_extracted\AJBDS-2023\Training\Patient#7\input\IMG-0014-00018.jpg,1.0,1.0,1.0,1.0,1.0,,True,0.0,0.0,False
Patient#7,D:\Research\Multi-View Fusion Network\datasets\AJBDS-2023_extracted\AJBDS-2023\Training\Patient#7\input\IMG-0014-00019.jpg,1.0,1.0,1.0,1.0,1.0,,True,0.0,0.0,False
Patient#7,D:\Research\Multi-View Fusion Network\datasets\AJBDS-2023_extracted\AJBDS-2023\Training\Patient#7\input\IMG-0014-00020.jpg,1.2499998547355062e-07,1.2499998547355062e-07,1.0,0.9998405575752258,1.2499998547355062e-07,,True,8.0,0.0,True
Patient#7,D:\Research\Multi-View Fusion Network\datasets\AJBDS-2023_extracted\AJBDS-2023\Training\Patient#7\input\IMG-0014-00021.jpg,1.0,1.0,1.0,1.0,1.0,,True,0.0,0.0,False
Patient#7,D:\Research\Multi-View Fusion Network\datasets\AJBDS-2023_extracted\AJBDS-2023\Training\Patient#7\input\IMG-0014-00022.jpg,1.0,1.0,1.0,1.0,1.0,,True,0.0,0.0,False
Patient#7,D:\Research\Multi-View Fusion Network\datasets\AJBDS-2023_extracted\AJBDS-2023\Training\Patient#7\input\IMG-0014-00023.jpg,1.0,1.0,1.0,1.0,1.0,,True,0.0,0.0,False
Patient#8,D:\Research\Multi-View Fusion Network\datasets\AJBDS-2023_extracted\AJBDS-2023\Training\Patient#8\input\IMG-0001-00001.jpg,1.0,1.0,1.0,1.0,1.0,,True,0.0,0.0,False
Patient#8,D:\Research\Multi-View Fusion Network\datasets\AJBDS-2023_extracted\AJBDS-2023\Training\Patient#8\input\IMG-0001-00002.jpg,1.0,1.0,1.0,1.0,1.0,,True,0.0,0.0,False
Patient#8,D:\Research\Multi-View Fusion Network\datasets\AJBDS-2023_extracted\AJBDS-2023\Training\Patient#8\input\IMG-0001-00003.jpg,5.8823523829687474e-08,5.8823523829687474e-08,1.0,0.9996612071990968,5.8823523829687474e-08,,True,17.0,0.0,True
Patient#8,D:\Research\Multi-View Fusion Network\datasets\AJBDS-2023_extracted\AJBDS-2023\Training\Patient#8\input\IMG-0001-00004.jpg,1.0,1.0,1.0,1.0,1.0,,True,0.0,0.0,False
Patient#8,D:\Research\Multi-View Fusion Network\datasets\AJBDS-2023_extracted\AJBDS-2023\Training\Patient#8\input\IMG-0001-00005.jpg,9.259259137195386e-09,9.259259137195386e-09,1.0,0.9978475570678712,9.259259137195386e-09,,True,108.0,0.0,True
Patient#8,D:\Research\Multi-View Fusion Network\datasets\AJBDS-2023_extracted\AJBDS-2023\Training\Patient#8\input\IMG-0001-00006.jpg,1.0,1.0,1.0,1.0,1.0,,True,0.0,0.0,False
Patient#8,D:\Research\Multi-View Fusion Network\datasets\AJBDS-2023_extracted\AJBDS-2023\Training\Patient#8\input\IMG-0001-00007.jpg,1.0,1.0,1.0,1.0,1.0,,True,0.0,0.0,False
Patient#8,D:\Research\Multi-View Fusion Network\datasets\AJBDS-2023_extracted\AJBDS-2023\Training\Patient#8\input\IMG-0001-00013.jpg,1.0,1.0,1.0,1.0,1.0,,True,0.0,0.0,False
Patient#8,D:\Research\Multi-View Fusion Network\datasets\AJBDS-2023_extracted\AJBDS-2023\Training\Patient#8\input\IMG-0001-00014.jpg,1.0,1.0,1.0,1.0,1.0,,True,0.0,0.0,False
Patient#8,D:\Research\Multi-View Fusion Network\datasets\AJBDS-2023_extracted\AJBDS-2023\Training\Patient#8\input\IMG-0001-00015.jpg,1.0,1.0,1.0,1.0,1.0,,True,0.0,0.0,False
Patient#8,D:\Research\Multi-View Fusion Network\datasets\AJBDS-2023_extracted\AJBDS-2023\Training\Patient#8\input\IMG-0001-00016.jpg,1.0,1.0,1.0,1.0,1.0,,True,0.0,0.0,False
Patient#8,D:\Research\Multi-View Fusion Network\datasets\AJBDS-2023_extracted\AJBDS-2023\Training\Patient#8\input\IMG-0001-00017.jpg,1.0,1.0,1.0,1.0,1.0,,True,0.0,0.0,False
Patient#8,D:\Research\Multi-View Fusion Network\datasets\AJBDS-2023_extracted\AJBDS-2023\Training\Patient#8\input\IMG-0001-00018.jpg,1.0,1.0,1.0,1.0,1.0,,True,0.0,0.0,False
Patient#8,D:\Research\Multi-View Fusion Network\datasets\AJBDS-2023_extracted\AJBDS-2023\Training\Patient#8\input\IMG-0001-00019.jpg,1.0,1.0,1.0,1.0,1.0,,True,0.0,0.0,False
Patient#8,D:\Research\Multi-View Fusion Network\datasets\AJBDS-2023_extracted\AJBDS-2023\Training\Patient#8\input\IMG-0001-00020.jpg,1.0,1.0,1.0,1.0,1.0,,True,0.0,0.0,False
Patient#8,D:\Research\Multi-View Fusion Network\datasets\AJBDS-2023_extracted\AJBDS-2023\Training\Patient#8\input\IMG-0001-00021.jpg,1.0,1.0,1.0,1.0,1.0,,True,0.0,0.0,False
Patient#8,D:\Research\Multi-View Fusion Network\datasets\AJBDS-2023_extracted\AJBDS-2023\Training\Patient#8\input\IMG-0001-00022.jpg,1.2437810781307235e-09,1.2437810781307235e-09,1.0,0.983976423740387,1.2437810781307235e-09,,True,804.0,0.0,True
Patient#8,D:\Research\Multi-View Fusion Network\datasets\AJBDS-2023_extracted\AJBDS-2023\Training\Patient#8\input\IMG-0001-00023.jpg,1.0,1.0,1.0,1.0,1.0,,True,0.0,0.0,False
Patient#8,D:\Research\Multi-View Fusion Network\datasets\AJBDS-2023_extracted\AJBDS-2023\Training\Patient#8\input\IMG-0002-00001.jpg,1.0,1.0,1.0,1.0,1.0,,True,0.0,0.0,False
Patient#8,D:\Research\Multi-View Fusion Network\datasets\AJBDS-2023_extracted\AJBDS-2023\Training\Patient#8\input\IMG-0002-00002.jpg,1.2658228243367375e-08,1.2658228243367375e-08,1.0,0.998425543308258,1.2658228243367375e-08,,True,79.0,0.0,True
Patient#8,D:\Research\Multi-View Fusion Network\datasets\AJBDS-2023_extracted\AJBDS-2023\Training\Patient#8\input\IMG-0002-00003.jpg,1.0,1.0,1.0,1.0,1.0,,True,0.0,0.0,False
Patient#8,D:\Research\Multi-View Fusion Network\datasets\AJBDS-2023_extracted\AJBDS-2023\Training\Patient#8\input\IMG-0002-00004.jpg,1.0,1.0,1.0,1.0,1.0,,True,0.0,0.0,False
Patient#8,D:\Research\Multi-View Fusion Network\datasets\AJBDS-2023_extracted\AJBDS-2023\Training\Patient#8\input\IMG-0002-00013.jpg,1.0,1.0,1.0,1.0,1.0,,True,0.0,0.0,False
Patient#8,D:\Research\Multi-View Fusion Network\datasets\AJBDS-2023_extracted\AJBDS-2023\Training\Patient#8\input\IMG-0002-00014.jpg,1.0,1.0,1.0,1.0,1.0,,True,0.0,0.0,False
Patient#8,D:\Research\Multi-View Fusion Network\datasets\AJBDS-2023_extracted\AJBDS-2023\Training\Patient#8\input\IMG-0002-00015.jpg,1.0,1.0,1.0,1.0,1.0,,True,0.0,0.0,False
Patient#8,D:\Research\Multi-View Fusion Network\datasets\AJBDS-2023_extracted\AJBDS-2023\Training\Patient#8\input\IMG-0003-00001.jpg,1.0,1.0,1.0,1.0,1.0,,True,0.0,0.0,False
Patient#8,D:\Research\Multi-View Fusion Network\datasets\AJBDS-2023_extracted\AJBDS-2023\Training\Patient#8\input\IMG-0003-00002.jpg,1.0,1.0,1.0,1.0,1.0,,True,0.0,0.0,False
Patient#8,D:\Research\Multi-View Fusion Network\datasets\AJBDS-2023_extracted\AJBDS-2023\Training\Patient#8\input\IMG-0003-00003.jpg,1.0,1.0,1.0,1.0,1.0,,True,0.0,0.0,False
Patient#8,D:\Research\Multi-View Fusion Network\datasets\AJBDS-2023_extracted\AJBDS-2023\Training\Patient#8\input\IMG-0003-00004.jpg,1.0,1.0,1.0,1.0,1.0,,True,0.0,0.0,False
Patient#8,D:\Research\Multi-View Fusion Network\datasets\AJBDS-2023_extracted\AJBDS-2023\Training\Patient#8\input\IMG-0003-00005.jpg,2.499999425253918e-07,2.499999425253918e-07,1.0,0.9999203085899352,2.499999425253918e-07,,True,4.0,0.0,True
Patient#8,D:\Research\Multi-View Fusion Network\datasets\AJBDS-2023_extracted\AJBDS-2023\Training\Patient#8\input\IMG-0003-00012.jpg,2.832861278889709e-09,2.832861278889709e-09,1.0,0.9929647445678712,2.832861278889709e-09,,True,353.0,0.0,True
Patient#8,D:\Research\Multi-View Fusion Network\datasets\AJBDS-2023_extracted\AJBDS-2023\Training\Patient#8\input\IMG-0003-00013.jpg,1.0,1.0,1.0,1.0,1.0,,True,0.0,0.0,False
Patient#8,D:\Research\Multi-View Fusion Network\datasets\AJBDS-2023_extracted\AJBDS-2023\Training\Patient#8\input\IMG-0003-00014.jpg,1.0,1.0,1.0,1.0,1.0,,True,0.0,0.0,False
Patient#8,D:\Research\Multi-View Fusion Network\datasets\AJBDS-2023_extracted\AJBDS-2023\Training\Patient#8\input\IMG-0003-00015.jpg,1.0,1.0,1.0,1.0,1.0,,True,0.0,0.0,False
Patient#8,D:\Research\Multi-View Fusion Network\datasets\AJBDS-2023_extracted\AJBDS-2023\Training\Patient#8\input\IMG-0004-00001.jpg,1.0,1.0,1.0,1.0,1.0,,True,0.0,0.0,False
Patient#8,D:\Research\Multi-View Fusion Network\datasets\AJBDS-2023_extracted\AJBDS-2023\Training\Patient#8\input\IMG-0004-00002.jpg,4.5454541464096116e-08,4.5454541464096116e-08,1.0,0.9995615482330322,4.5454541464096116e-08,,True,22.0,0.0,True
Patient#8,D:\Research\Multi-View Fusion Network\datasets\AJBDS-2023_extracted\AJBDS-2023\Training\Patient#8\input\IMG-0004-00003.jpg,1.0,1.0,1.0,1.0,1.0,,True,0.0,0.0,False
Patient#8,D:\Research\Multi-View Fusion Network\datasets\AJBDS-2023_extracted\AJBDS-2023\Training\Patient#8\input\IMG-0004-00013.jpg,1.0,1.0,1.0,1.0,1.0,,True,0.0,0.0,False
Patient#8,D:\Research\Multi-View Fusion Network\datasets\AJBDS-2023_extracted\AJBDS-2023\Training\Patient#8\input\IMG-0004-00014.jpg,1.0,1.0,1.0,1.0,1.0,,True,0.0,0.0,False
Patient#8,D:\Research\Multi-View Fusion Network\datasets\AJBDS-2023_extracted\AJBDS-2023\Training\Patient#8\input\IMG-0004-00015.jpg,1.0,1.0,1.0,1.0,1.0,,True,0.0,0.0,False
Patient#8,D:\Research\Multi-View Fusion Network\datasets\AJBDS-2023_extracted\AJBDS-2023\Training\Patient#8\input\IMG-0005-00001.jpg,1.0,1.0,1.0,1.0,1.0,,True,0.0,0.0,False
Patient#8,D:\Research\Multi-View Fusion Network\datasets\AJBDS-2023_extracted\AJBDS-2023\Training\Patient#8\input\IMG-0005-00002.jpg,1.0,1.0,1.0,1.0,1.0,,True,0.0,0.0,False
Patient#8,D:\Research\Multi-View Fusion Network\datasets\AJBDS-2023_extracted\AJBDS-2023\Training\Patient#8\input\IMG-0005-00003.jpg,3.8759688791856214e-09,3.8759688791856214e-09,1.0,0.9948580861091614,3.8759688791856214e-09,,True,258.0,0.0,True
Patient#8,D:\Research\Multi-View Fusion Network\datasets\AJBDS-2023_extracted\AJBDS-2023\Training\Patient#8\input\IMG-0005-00004.jpg,2.1881838563331253e-09,2.1881838563331253e-09,1.0,0.9908920526504515,2.1881838563331253e-09,,True,457.0,0.0,True
Patient#8,D:\Research\Multi-View Fusion Network\datasets\AJBDS-2023_extracted\AJBDS-2023\Training\Patient#8\input\IMG-0005-00005.jpg,2.808988819325009e-09,2.808988819325009e-09,1.0,0.9929049611091614,2.808988819325009e-09,,True,356.0,0.0,True
Patient#8,D:\Research\Multi-View Fusion Network\datasets\AJBDS-2023_extracted\AJBDS-2023\Training\Patient#8\input\IMG-0005-00006.jpg,2.375296848100561e-09,2.375296848100561e-09,1.0,0.991609513759613,2.375296848100561e-09,,True,421.0,0.0,True
Patient#8,D:\Research\Multi-View Fusion Network\datasets\AJBDS-2023_extracted\AJBDS-2023\Training\Patient#8\input\IMG-0005-00007.jpg,1.9841270848530712e-09,1.9841270848530712e-09,1.0,0.9899553656578064,1.9841270848530712e-09,,True,504.0,0.0,True
Patient#8,D:\Research\Multi-View Fusion Network\datasets\AJBDS-2023_extracted\AJBDS-2023\Training\Patient#8\input\IMG-0005-00008.jpg,2.9069766593892155e-09,2.9069766593892155e-09,1.0,0.993144154548645,2.9069766593892155e-09,,True,344.0,0.0,True
Patient#8,D:\Research\Multi-View Fusion Network\datasets\AJBDS-2023_extracted\AJBDS-2023\Training\Patient#8\input\IMG-0005-00009.jpg,1.0,1.0,1.0,1.0,1.0,,True,0.0,0.0,False
Patient#8,D:\Research\Multi-View Fusion Network\datasets\AJBDS-2023_extracted\AJBDS-2023\Training\Patient#8\input\IMG-0005-00010.jpg,1.0,1.0,1.0,1.0,1.0,,True,0.0,0.0,False
Patient#8,D:\Research\Multi-View Fusion Network\datasets\AJBDS-2023_extracted\AJBDS-2023\Training\Patient#8\input\IMG-0005-00011.jpg,1.0,1.0,1.0,1.0,1.0,,True,0.0,0.0,False
Patient#8,D:\Research\Multi-View Fusion Network\datasets\AJBDS-2023_extracted\AJBDS-2023\Training\Patient#8\input\IMG-0005-00018.jpg,1.0,1.0,1.0,1.0,1.0,,True,0.0,0.0,False
Patient#8,D:\Research\Multi-View Fusion Network\datasets\AJBDS-2023_extracted\AJBDS-2023\Training\Patient#8\input\IMG-0005-00019.jpg,1.0,1.0,1.0,1.0,1.0,,True,0.0,0.0,False
Patient#8,D:\Research\Multi-View Fusion Network\datasets\AJBDS-2023_extracted\AJBDS-2023\Training\Patient#8\input\IMG-0005-00020.jpg,1.0,1.0,1.0,1.0,1.0,,True,0.0,0.0,False
Patient#8,D:\Research\Multi-View Fusion Network\datasets\AJBDS-2023_extracted\AJBDS-2023\Training\Patient#8\input\IMG-0005-00021.jpg,2.0202020056814263e-09,2.0202020056814263e-09,1.0,0.9901347160339355,2.0202020056814263e-09,,True,495.0,0.0,True
Patient#8,D:\Research\Multi-View Fusion Network\datasets\AJBDS-2023_extracted\AJBDS-2023\Training\Patient#8\input\IMG-0005-00022.jpg,9.596928807198424e-10,9.596928807198424e-10,1.0,0.9792330861091614,9.596928807198424e-10,,True,1042.0,0.0,True
Patient#8,D:\Research\Multi-View Fusion Network\datasets\AJBDS-2023_extracted\AJBDS-2023\Training\Patient#8\input\IMG-0005-00023.jpg,7.727975481763848e-10,7.727975481763848e-10,1.0,0.974210798740387,7.727975481763848e-10,,True,1294.0,0.0,True
Patient#8,D:\Research\Multi-View Fusion Network\datasets\AJBDS-2023_extracted\AJBDS-2023\Training\Patient#8\input\IMG-0005-00024.jpg,7.733951812305405e-10,7.733951812305405e-10,1.0,0.974230706691742,7.733951812305405e-10,,True,1293.0,0.0,True
Patient#8,D:\Research\Multi-View Fusion Network\datasets\AJBDS-2023_extracted\AJBDS-2023\Training\Patient#8\input\IMG-0005-00025.jpg,7.299270077254504e-10,7.299270077254504e-10,1.0,0.9726961255073548,7.299270077254504e-10,,True,1370.0,0.0,True
Patient#8,D:\Research\Multi-View Fusion Network\datasets\AJBDS-2023_extracted\AJBDS-2023\Training\Patient#8\input\IMG-0005-00026.jpg,1.763668433518717e-09,1.763668433518717e-09,1.0,0.9886997938156128,1.763668433518717e-09,,True,567.0,0.0,True
Patient#8,D:\Research\Multi-View Fusion Network\datasets\AJBDS-2023_extracted\AJBDS-2023\Training\Patient#8\input\IMG-0005-00027.jpg,1.0,1.0,1.0,1.0,1.0,,True,0.0,0.0,False
Patient#8,D:\Research\Multi-View Fusion Network\datasets\AJBDS-2023_extracted\AJBDS-2023\Training\Patient#8\input\IMG-0005-00028.jpg,1.0,1.0,1.0,1.0,1.0,,True,0.0,0.0,False
Patient#8,D:\Research\Multi-View Fusion Network\datasets\AJBDS-2023_extracted\AJBDS-2023\Training\Patient#8\input\IMG-0005-00029.jpg,3.3333321880490985e-07,3.3333321880490985e-07,1.0,0.9999402165412904,3.3333321880490985e-07,,True,3.0,0.0,True
Patient#8,D:\Research\Multi-View Fusion Network\datasets\AJBDS-2023_extracted\AJBDS-2023\Training\Patient#8\input\IMG-0005-00030.jpg,1.9417476515570797e-09,1.9417476515570797e-09,1.0,0.9897361397743224,1.9417476515570797e-09,,True,515.0,0.0,True
Patient#8,D:\Research\Multi-View Fusion Network\datasets\AJBDS-2023_extracted\AJBDS-2023\Training\Patient#8\input\IMG-0005-00031.jpg,9.606148099194911e-10,9.606148099194911e-10,1.0,0.9792530536651612,9.606148099194911e-10,,True,1041.0,0.0,True
Patient#8,D:\Research\Multi-View Fusion Network\datasets\AJBDS-2023_extracted\AJBDS-2023\Training\Patient#8\input\IMG-0005-00032.jpg,7.668711776709357e-10,7.668711776709357e-10,1.0,0.974011480808258,7.668711776709357e-10,,True,1304.0,0.0,True
Patient#8,D:\Research\Multi-View Fusion Network\datasets\AJBDS-2023_extracted\AJBDS-2023\Training\Patient#8\input\IMG-0005-00033.jpg,7.861635231698472e-10,7.861635231698472e-10,1.0,0.9746492505073548,7.861635231698472e-10,,True,1272.0,0.0,True
Patient#8,D:\Research\Multi-View Fusion Network\datasets\AJBDS-2023_extracted\AJBDS-2023\Training\Patient#8\input\IMG-0005-00034.jpg,7.320644090924587e-10,7.320644090924587e-10,1.0,0.9727758169174194,7.320644090924587e-10,,True,1366.0,0.0,True
Patient#8,D:\Research\Multi-View Fusion Network\datasets\AJBDS-2023_extracted\AJBDS-2023\Training\Patient#8\input\IMG-0005-00035.jpg,1.7667844964819322e-09,1.7667844964819322e-09,1.0,0.9887197017669678,1.7667844964819322e-09,,True,566.0,0.0,True
Patient#8,D:\Research\Multi-View Fusion Network\datasets\AJBDS-2023_extracted\AJBDS-2023\Training\Patient#8\input\IMG-0005-00036.jpg,1.0,1.0,1.0,1.0,1.0,,True,0.0,0.0,False
Patient#8,D:\Research\Multi-View Fusion Network\datasets\AJBDS-2023_extracted\AJBDS-2023\Training\Patient#8\input\IMG-0006-00001.jpg,1.0,1.0,1.0,1.0,1.0,,True,0.0,0.0,False
Patient#8,D:\Research\Multi-View Fusion Network\datasets\AJBDS-2023_extracted\AJBDS-2023\Training\Patient#8\input\IMG-0006-00002.jpg,1.0,1.0,1.0,1.0,1.0,,True,0.0,0.0,False
Patient#8,D:\Research\Multi-View Fusion Network\datasets\AJBDS-2023_extracted\AJBDS-2023\Training\Patient#8\input\IMG-0006-00003.jpg,1.0,1.0,1.0,1.0,1.0,,True,0.0,0.0,False
Patient#8,D:\Research\Multi-View Fusion Network\datasets\AJBDS-2023_extracted\AJBDS-2023\Training\Patient#8\input\IMG-0006-00004.jpg,1.0,1.0,1.0,1.0,1.0,,True,0.0,0.0,False
Patient#8,D:\Research\Multi-View Fusion Network\datasets\AJBDS-2023_extracted\AJBDS-2023\Training\Patient#8\input\IMG-0006-00005.jpg,1.0,1.0,1.0,1.0,1.0,,True,0.0,0.0,False
Patient#8,D:\Research\Multi-View Fusion Network\datasets\AJBDS-2023_extracted\AJBDS-2023\Training\Patient#8\input\IMG-0006-00012.jpg,2.881844318736171e-09,2.881844318736171e-09,1.0,0.9930843710899352,2.881844318736171e-09,,True,347.0,0.0,True
Patient#8,D:\Research\Multi-View Fusion Network\datasets\AJBDS-2023_extracted\AJBDS-2023\Training\Patient#8\input\IMG-0006-00013.jpg,1.0,1.0,1.0,1.0,1.0,,True,0.0,0.0,False
Patient#8,D:\Research\Multi-View Fusion Network\datasets\AJBDS-2023_extracted\AJBDS-2023\Training\Patient#8\input\IMG-0006-00014.jpg,1.0,1.0,1.0,1.0,1.0,,True,0.0,0.0,False
Patient#8,D:\Research\Multi-View Fusion Network\datasets\AJBDS-2023_extracted\AJBDS-2023\Training\Patient#8\input\IMG-0006-00015.jpg,1.0,1.0,1.0,1.0,1.0,,True,0.0,0.0,False
Patient#8,D:\Research\Multi-View Fusion Network\datasets\AJBDS-2023_extracted\AJBDS-2023\Training\Patient#8\input\IMG-0007-00001.jpg,1.0,1.0,1.0,1.0,1.0,,True,0.0,0.0,False
Patient#8,D:\Research\Multi-View Fusion Network\datasets\AJBDS-2023_extracted\AJBDS-2023\Training\Patient#8\input\IMG-0007-00002.jpg,1.0,1.0,1.0,1.0,1.0,,True,0.0,0.0,False
Patient#8,D:\Research\Multi-View Fusion Network\datasets\AJBDS-2023_extracted\AJBDS-2023\Training\Patient#8\input\IMG-0007-00003.jpg,1.0,1.0,1.0,1.0,1.0,,True,0.0,0.0,False
Patient#8,D:\Research\Multi-View Fusion Network\datasets\AJBDS-2023_extracted\AJBDS-2023\Training\Patient#8\input\IMG-0007-00004.jpg,3.3898304163670905e-09,3.3898304163670905e-09,1.0,0.994120717048645,3.3898304163670905e-09,,True,295.0,0.0,True
Patient#8,D:\Research\Multi-View Fusion Network\datasets\AJBDS-2023_extracted\AJBDS-2023\Training\Patient#8\input\IMG-0007-00005.jpg,2.4630542050374515e-09,2.4630542050374515e-09,1.0,0.9919084906578064,2.4630542050374515e-09,,True,406.0,0.0,True
Patient#8,D:\Research\Multi-View Fusion Network\datasets\AJBDS-2023_extracted\AJBDS-2023\Training\Patient#8\input\IMG-0007-00006.jpg,1.4367815825977461e-09,1.4367815825977461e-09,1.0,0.9861288070678712,1.4367815825977461e-09,,True,696.0,0.0,True
Patient#8,D:\Research\Multi-View Fusion Network\datasets\AJBDS-2023_extracted\AJBDS-2023\Training\Patient#8\input\IMG-0007-00007.jpg,1.2048192443714354e-09,1.2048192443714354e-09,1.0,0.9834582209587096,1.2048192443714354e-09,,True,830.0,0.0,True
Patient#8,D:\Research\Multi-View Fusion Network\datasets\AJBDS-2023_extracted\AJBDS-2023\Training\Patient#8\input\IMG-0007-00008.jpg,1.1990407555728664e-09,1.1990407555728664e-09,1.0,0.983378529548645,1.1990407555728664e-09,,True,834.0,0.0,True
Patient#8,D:\Research\Multi-View Fusion Network\datasets\AJBDS-2023_extracted\AJBDS-2023\Training\Patient#8\input\IMG-0007-00009.jpg,1.305483054991896e-09,1.305483054991896e-09,1.0,0.9847337603569032,1.305483054991896e-09,,True,766.0,0.0,True
Patient#8,D:\Research\Multi-View Fusion Network\datasets\AJBDS-2023_extracted\AJBDS-2023\Training\Patient#8\input\IMG-0007-00010.jpg,1.447178044067243e-09,1.447178044067243e-09,1.0,0.9862284660339355,1.447178044067243e-09,,True,691.0,0.0,True
Patient#8,D:\Research\Multi-View Fusion Network\datasets\AJBDS-2023_extracted\AJBDS-2023\Training\Patient#8\input\IMG-0007-00011.jpg,2.801120446704885e-09,2.801120446704885e-09,1.0,0.9928850531578064,2.801120446704885e-09,,True,357.0,0.0,True
Patient#8,D:\Research\Multi-View Fusion Network\datasets\AJBDS-2023_extracted\AJBDS-2023\Training\Patient#8\input\IMG-0007-00012.jpg,1.0,1.0,1.0,1.0,1.0,,True,0.0,0.0,False
Patient#8,D:\Research\Multi-View Fusion Network\datasets\AJBDS-2023_extracted\AJBDS-2023\Training\Patient#8\input\IMG-0007-00013.jpg,1.0,1.0,1.0,1.0,1.0,,True,0.0,0.0,False
Patient#8,D:\Research\Multi-View Fusion Network\datasets\AJBDS-2023_extracted\AJBDS-2023\Training\Patient#8\input\IMG-0007-00014.jpg,1.0,1.0,1.0,1.0,1.0,,True,0.0,0.0,False
Patient#8,D:\Research\Multi-View Fusion Network\datasets\AJBDS-2023_extracted\AJBDS-2023\Training\Patient#8\input\IMG-0007-00015.jpg,1.0,1.0,1.0,1.0,1.0,,True,0.0,0.0,False
Patient#9,D:\Research\Multi-View Fusion Network\datasets\AJBDS-2023_extracted\AJBDS-2023\Training\Patient#9\input\IMG-0001-00011.jpg,1.661129567231967e-09,1.661129567231967e-09,1.0,0.9880022406578064,1.661129567231967e-09,,True,602.0,0.0,True
Patient#9,D:\Research\Multi-View Fusion Network\datasets\AJBDS-2023_extracted\AJBDS-2023\Training\Patient#9\input\IMG-0001-00012.jpg,2.3255813275113724e-08,2.3255813275113724e-08,1.0,0.9991430044174194,2.3255813275113724e-08,,True,43.0,0.0,True
Patient#9,D:\Research\Multi-View Fusion Network\datasets\AJBDS-2023_extracted\AJBDS-2023\Training\Patient#9\input\IMG-0001-00013.jpg,1.0,1.0,1.0,1.0,1.0,,True,0.0,0.0,False
Patient#9,D:\Research\Multi-View Fusion Network\datasets\AJBDS-2023_extracted\AJBDS-2023\Training\Patient#9\input\IMG-0001-00014.jpg,3.6231884159576566e-09,3.6231884159576566e-09,1.0,0.9944993853569032,3.6231884159576566e-09,,True,276.0,0.0,True
Patient#9,D:\Research\Multi-View Fusion Network\datasets\AJBDS-2023_extracted\AJBDS-2023\Training\Patient#9\input\IMG-0001-00015.jpg,2.9585798255737927e-09,2.9585798255737927e-09,1.0,0.9932637214660645,2.9585798255737927e-09,,True,338.0,0.0,True
Patient#9,D:\Research\Multi-View Fusion Network\datasets\AJBDS-2023_extracted\AJBDS-2023\Training\Patient#9\input\IMG-0001-00016.jpg,3.3333321880490985e-07,3.3333321880490985e-07,1.0,0.9999402165412904,3.3333321880490985e-07,,True,3.0,0.0,True
Patient#9,D:\Research\Multi-View Fusion Network\datasets\AJBDS-2023_extracted\AJBDS-2023\Training\Patient#9\input\IMG-0001-00017.jpg,1.0,1.0,1.0,1.0,1.0,,True,0.0,0.0,False
Patient#9,D:\Research\Multi-View Fusion Network\datasets\AJBDS-2023_extracted\AJBDS-2023\Training\Patient#9\input\IMG-0001-00018.jpg,1.0,1.0,1.0,1.0,1.0,,True,0.0,0.0,False
Patient#9,D:\Research\Multi-View Fusion Network\datasets\AJBDS-2023_extracted\AJBDS-2023\Training\Patient#9\input\IMG-0001-00019.jpg,1.0,1.0,1.0,1.0,1.0,,True,0.0,0.0,False
Patient#9,D:\Research\Multi-View Fusion Network\datasets\AJBDS-2023_extracted\AJBDS-2023\Training\Patient#9\input\IMG-0001-00020.jpg,1.0,1.0,1.0,1.0,1.0,,True,0.0,0.0,False
Patient#9,D:\Research\Multi-View Fusion Network\datasets\AJBDS-2023_extracted\AJBDS-2023\Training\Patient#9\input\IMG-0001-00021.jpg,1.0,1.0,1.0,1.0,1.0,,True,0.0,0.0,False
Patient#9,D:\Research\Multi-View Fusion Network\datasets\AJBDS-2023_extracted\AJBDS-2023\Training\Patient#9\input\IMG-0001-00022.jpg,1.0,1.0,1.0,1.0,1.0,,True,0.0,0.0,False
Patient#9,D:\Research\Multi-View Fusion Network\datasets\AJBDS-2023_extracted\AJBDS-2023\Training\Patient#9\input\IMG-0002-00001.jpg,1.0,1.0,1.0,1.0,1.0,,True,0.0,0.0,False
Patient#9,D:\Research\Multi-View Fusion Network\datasets\AJBDS-2023_extracted\AJBDS-2023\Training\Patient#9\input\IMG-0002-00002.jpg,1.0,1.0,1.0,1.0,1.0,,True,0.0,0.0,False
Patient#9,D:\Research\Multi-View Fusion Network\datasets\AJBDS-2023_extracted\AJBDS-2023\Training\Patient#9\input\IMG-0002-00003.jpg,1.7699115506530914e-09,1.7699115506530914e-09,1.0,0.9887396097183228,1.7699115506530914e-09,,True,565.0,0.0,True
Patient#9,D:\Research\Multi-View Fusion Network\datasets\AJBDS-2023_extracted\AJBDS-2023\Training\Patient#9\input\IMG-0002-00004.jpg,1.0,1.0,1.0,1.0,1.0,,True,0.0,0.0,False
Patient#9,D:\Research\Multi-View Fusion Network\datasets\AJBDS-2023_extracted\AJBDS-2023\Training\Patient#9\input\IMG-0002-00005.jpg,1.0,1.0,1.0,1.0,1.0,,True,0.0,0.0,False
Patient#9,D:\Research\Multi-View Fusion Network\datasets\AJBDS-2023_extracted\AJBDS-2023\Training\Patient#9\input\IMG-0002-00006.jpg,2.8571427890256015e-08,2.8571427890256015e-08,1.0,0.9993024468421936,2.8571427890256015e-08,,True,35.0,0.0,True
Patient#9,D:\Research\Multi-View Fusion Network\datasets\AJBDS-2023_extracted\AJBDS-2023\Training\Patient#9\input\IMG-0002-00007.jpg,7.246376831915313e-09,7.246376831915313e-09,1.0,0.9972496628761292,7.246376831915313e-09,,True,138.0,0.0,True
Patient#9,D:\Research\Multi-View Fusion Network\datasets\AJBDS-2023_extracted\AJBDS-2023\Training\Patient#9\input\IMG-0002-00008.jpg,1.0,1.0,1.0,1.0,1.0,,True,0.0,0.0,False
Patient#9,D:\Research\Multi-View Fusion Network\datasets\AJBDS-2023_extracted\AJBDS-2023\Training\Patient#9\input\IMG-0002-00018.jpg,4.999999969612645e-09,4.999999969612645e-09,1.0,0.9960140585899352,4.999999969612645e-09,,True,200.0,0.0,True
Patient#9,D:\Research\Multi-View Fusion Network\datasets\AJBDS-2023_extracted\AJBDS-2023\Training\Patient#9\input\IMG-0002-00019.jpg,1.0,1.0,1.0,1.0,1.0,,True,0.0,0.0,False
Patient#9,D:\Research\Multi-View Fusion Network\datasets\AJBDS-2023_extracted\AJBDS-2023\Training\Patient#9\input\IMG-0002-00020.jpg,1.137656413519039e-09,1.137656413519039e-09,1.0,0.9824816584587096,1.137656413519039e-09,,True,879.0,0.0,True
Patient#9,D:\Research\Multi-View Fusion Network\datasets\AJBDS-2023_extracted\AJBDS-2023\Training\Patient#9\input\IMG-0002-00021.jpg,1.288659845499751e-09,1.288659845499751e-09,1.0,0.9845344424247742,1.288659845499751e-09,,True,776.0,0.0,True
Patient#9,D:\Research\Multi-View Fusion Network\datasets\AJBDS-2023_extracted\AJBDS-2023\Training\Patient#9\input\IMG-0003-00001.jpg,1.0,1.0,1.0,1.0,1.0,,True,0.0,0.0,False
Patient#9,D:\Research\Multi-View Fusion Network\datasets\AJBDS-2023_extracted\AJBDS-2023\Training\Patient#9\input\IMG-0003-00002.jpg,1.212121181204395e-09,1.212121181204395e-09,1.0,0.9835578799247742,1.212121181204395e-09,,True,825.0,0.0,True
Patient#9,D:\Research\Multi-View Fusion Network\datasets\AJBDS-2023_extracted\AJBDS-2023\Training\Patient#9\input\IMG-0003-00003.jpg,6.289308185358777e-09,6.289308185358777e-09,1.0,0.9968311786651612,6.289308185358777e-09,,True,159.0,0.0,True
Patient#9,D:\Research\Multi-View Fusion Network\datasets\AJBDS-2023_extracted\AJBDS-2023\Training\Patient#9\input\IMG-0003-00004.jpg,1.0,1.0,1.0,1.0,1.0,,True,0.0,0.0,False
Patient#9,D:\Research\Multi-View Fusion Network\datasets\AJBDS-2023_extracted\AJBDS-2023\Training\Patient#9\input\IMG-0003-00005.jpg,1.0,1.0,1.0,1.0,1.0,,True,0.0,0.0,False
Patient#9,D:\Research\Multi-View Fusion Network\datasets\AJBDS-2023_extracted\AJBDS-2023\Training\Patient#9\input\IMG-0003-00006.jpg,1.0,1.0,1.0,1.0,1.0,,True,0.0,0.0,False
Patient#9,D:\Research\Multi-View Fusion Network\datasets\AJBDS-2023_extracted\AJBDS-2023\Training\Patient#9\input\IMG-0003-00007.jpg,1.0,1.0,1.0,1.0,1.0,,True,0.0,0.0,False
Patient#9,D:\Research\Multi-View Fusion Network\datasets\AJBDS-2023_extracted\AJBDS-2023\Training\Patient#9\input\IMG-0003-00008.jpg,1.0,1.0,1.0,1.0,1.0,,True,0.0,0.0,False
Patient#9,D:\Research\Multi-View Fusion Network\datasets\AJBDS-2023_extracted\AJBDS-2023\Training\Patient#9\input\IMG-0003-00018.jpg,1.0,1.0,1.0,1.0,1.0,,True,0.0,0.0,False
Patient#9,D:\Research\Multi-View Fusion Network\datasets\AJBDS-2023_extracted\AJBDS-2023\Training\Patient#9\input\IMG-0003-00019.jpg,2.314814784298846e-09,2.314814784298846e-09,1.0,0.9913902878761292,2.314814784298846e-09,,True,432.0,0.0,True
Patient#9,D:\Research\Multi-View Fusion Network\datasets\AJBDS-2023_extracted\AJBDS-2023\Training\Patient#9\input\IMG-0003-00020.jpg,7.082153197224271e-10,7.082153197224271e-10,1.0,0.9718590378761292,7.082153197224271e-10,,True,1412.0,0.0,True
Patient#9,D:\Research\Multi-View Fusion Network\datasets\AJBDS-2023_extracted\AJBDS-2023\Training\Patient#9\input\IMG-0003-00021.jpg,1.0,1.0,1.0,1.0,1.0,,True,0.0,0.0,False
Patient#9,D:\Research\Multi-View Fusion Network\datasets\AJBDS-2023_extracted\AJBDS-2023\Training\Patient#9\input\IMG-0004-00001.jpg,1.0,1.0,1.0,1.0,1.0,,True,0.0,0.0,False
Patient#9,D:\Research\Multi-View Fusion Network\datasets\AJBDS-2023_extracted\AJBDS-2023\Training\Patient#9\input\IMG-0004-00002.jpg,1.0,1.0,1.0,1.0,1.0,,True,0.0,0.0,False
Patient#9,D:\Research\Multi-View Fusion Network\datasets\AJBDS-2023_extracted\AJBDS-2023\Training\Patient#9\input\IMG-0004-00003.jpg,1.0,1.0,1.0,1.0,1.0,,True,0.0,0.0,False
Patient#9,D:\Research\Multi-View Fusion Network\datasets\AJBDS-2023_extracted\AJBDS-2023\Training\Patient#9\input\IMG-0004-00004.jpg,1.0,1.0,1.0,1.0,1.0,,True,0.0,0.0,False
Patient#9,D:\Research\Multi-View Fusion Network\datasets\AJBDS-2023_extracted\AJBDS-2023\Training\Patient#9\input\IMG-0004-00005.jpg,8.130081496915409e-09,8.130081496915409e-09,1.0,0.9975486397743224,8.130081496915409e-09,,True,123.0,0.0,True
Patient#9,D:\Research\Multi-View Fusion Network\datasets\AJBDS-2023_extracted\AJBDS-2023\Training\Patient#9\input\IMG-0004-00006.jpg,1.0,1.0,1.0,1.0,1.0,,True,0.0,0.0,False
Patient#9,D:\Research\Multi-View Fusion Network\datasets\AJBDS-2023_extracted\AJBDS-2023\Training\Patient#9\input\IMG-0004-00007.jpg,1.0,1.0,1.0,1.0,1.0,,True,0.0,0.0,False
Patient#9,D:\Research\Multi-View Fusion Network\datasets\AJBDS-2023_extracted\AJBDS-2023\Training\Patient#9\input\IMG-0004-00008.jpg,1.886792411198712e-08,1.886792411198712e-08,1.0,0.9989437460899352,1.886792411198712e-08,,True,53.0,0.0,True
Patient#9,D:\Research\Multi-View Fusion Network\datasets\AJBDS-2023_extracted\AJBDS-2023\Training\Patient#9\input\IMG-0004-00018.jpg,1.0,1.0,1.0,1.0,1.0,,True,0.0,0.0,False
Patient#9,D:\Research\Multi-View Fusion Network\datasets\AJBDS-2023_extracted\AJBDS-2023\Training\Patient#9\input\IMG-0004-00019.jpg,1.0,1.0,1.0,1.0,1.0,,True,0.0,0.0,False
Patient#9,D:\Research\Multi-View Fusion Network\datasets\AJBDS-2023_extracted\AJBDS-2023\Training\Patient#9\input\IMG-0004-00020.jpg,9.107468113001003e-10,9.107468113001003e-10,1.0,0.978117048740387,9.107468113001003e-10,,True,1098.0,0.0,True
Patient#9,D:\Research\Multi-View Fusion Network\datasets\AJBDS-2023_extracted\AJBDS-2023\Training\Patient#9\input\IMG-0004-00021.jpg,1.0,1.0,1.0,1.0,1.0,,True,0.0,0.0,False
Patient#9,D:\Research\Multi-View Fusion Network\datasets\AJBDS-2023_extracted\AJBDS-2023\Training\Patient#9\input\IMG-0005-00001.jpg,2.518891761837949e-09,2.518891761837949e-09,1.0,0.9920878410339355,2.518891761837949e-09,,True,397.0,0.0,True
Patient#9,D:\Research\Multi-View Fusion Network\datasets\AJBDS-2023_extracted\AJBDS-2023\Training\Patient#9\input\IMG-0005-00002.jpg,3.3898304163670905e-09,3.3898304163670905e-09,1.0,0.994120717048645,3.3898304163670905e-09,,True,295.0,0.0,True
Patient#9,D:\Research\Multi-View Fusion Network\datasets\AJBDS-2023_extracted\AJBDS-2023\Training\Patient#9\input\IMG-0005-00003.jpg,1.4684288229815932e-09,1.4684288229815932e-09,1.0,0.9864277839660645,1.4684288229815932e-09,,True,681.0,0.0,True
Patient#9,D:\Research\Multi-View Fusion Network\datasets\AJBDS-2023_extracted\AJBDS-2023\Training\Patient#9\input\IMG-0005-00004.jpg,4.692632393776819e-10,4.692632393776819e-10,1.0,0.9575294852256776,4.692632393776819e-10,,True,2131.0,0.0,True
Patient#9,D:\Research\Multi-View Fusion Network\datasets\AJBDS-2023_extracted\AJBDS-2023\Training\Patient#9\input\IMG-0005-00005.jpg,1.0,1.0,1.0,1.0,1.0,,True,0.0,0.0,False
Patient#9,D:\Research\Multi-View Fusion Network\datasets\AJBDS-2023_extracted\AJBDS-2023\Training\Patient#9\input\IMG-0005-00006.jpg,1.0,1.0,1.0,1.0,1.0,,True,0.0,0.0,False
Patient#9,D:\Research\Multi-View Fusion Network\datasets\AJBDS-2023_extracted\AJBDS-2023\Training\Patient#9\input\IMG-0005-00007.jpg,1.0,1.0,1.0,1.0,1.0,,True,0.0,0.0,False
Patient#9,D:\Research\Multi-View Fusion Network\datasets\AJBDS-2023_extracted\AJBDS-2023\Training\Patient#9\input\IMG-0005-00008.jpg,1.0,1.0,1.0,1.0,1.0,,True,0.0,0.0,False
Patient#9,D:\Research\Multi-View Fusion Network\datasets\AJBDS-2023_extracted\AJBDS-2023\Training\Patient#9\input\IMG-0005-00018.jpg,1.0,1.0,1.0,1.0,1.0,,True,0.0,0.0,False
Patient#9,D:\Research\Multi-View Fusion Network\datasets\AJBDS-2023_extracted\AJBDS-2023\Training\Patient#9\input\IMG-0005-00019.jpg,1.0,1.0,1.0,1.0,1.0,,True,0.0,0.0,False
Patient#9,D:\Research\Multi-View Fusion Network\datasets\AJBDS-2023_extracted\AJBDS-2023\Training\Patient#9\input\IMG-0005-00020.jpg,5.367686295443264e-10,5.367686295443264e-10,1.0,0.962870717048645,5.367686295443264e-10,,True,1863.0,0.0,True
Patient#9,D:\Research\Multi-View Fusion Network\datasets\AJBDS-2023_extracted\AJBDS-2023\Training\Patient#9\input\IMG-0005-00021.jpg,4.728132330100721e-10,4.728132330100721e-10,1.0,0.9578483700752258,4.728132330100721e-10,,True,2115.0,0.0,True
Patient#9,D:\Research\Multi-View Fusion Network\datasets\AJBDS-2023_extracted\AJBDS-2023\Training\Patient#9\input\IMG-0005-00022.jpg,6.666666507726404e-08,6.666666507726404e-08,1.0,0.9997010231018066,6.666666507726404e-08,,True,15.0,0.0,True
Patient#9,D:\Research\Multi-View Fusion Network\datasets\AJBDS-2023_extracted\AJBDS-2023\Training\Patient#9\input\IMG-0005-00023.jpg,1.6393443047491022e-08,1.6393443047491022e-08,1.0,0.9987843036651612,1.6393443047491022e-08,,True,61.0,0.0,True
Patient#9,D:\Research\Multi-View Fusion Network\datasets\AJBDS-2023_extracted\AJBDS-2023\Training\Patient#9\input\IMG-0005-00024.jpg,8.620689939675685e-09,8.620689939675685e-09,1.0,0.9976881146430968,8.620689939675685e-09,,True,116.0,0.0,True
Patient#9,D:\Research\Multi-View Fusion Network\datasets\AJBDS-2023_extracted\AJBDS-2023\Training\Patient#9\input\IMG-0005-00025.jpg,1.4430013850486032e-09,1.4430013850486032e-09,1.0,0.9861885905265808,1.4430013850486032e-09,,True,693.0,0.0,True
Patient#9,D:\Research\Multi-View Fusion Network\datasets\AJBDS-2023_extracted\AJBDS-2023\Training\Patient#9\input\IMG-0005-00026.jpg,3.8197098262138235e-10,3.8197098262138235e-10,1.0,0.9478236436843872,3.8197098262138235e-10,,True,2618.0,0.0,True
Patient#9,D:\Research\Multi-View Fusion Network\datasets\AJBDS-2023_extracted\AJBDS-2023\Training\Patient#9\input\IMG-0005-00027.jpg,1.2820512651501303e-08,1.2820512651501303e-08,1.0,0.998445451259613,1.2820512651501303e-08,,True,78.0,0.0,True
Patient#9,D:\Research\Multi-View Fusion Network\datasets\AJBDS-2023_extracted\AJBDS-2023\Training\Patient#9\input\IMG-0005-00028.jpg,1.0,1.0,1.0,1.0,1.0,,True,0.0,0.0,False
Patient#9,D:\Research\Multi-View Fusion Network\datasets\AJBDS-2023_extracted\AJBDS-2023\Training\Patient#9\input\IMG-0005-00029.jpg,1.0,1.0,1.0,1.0,1.0,,True,0.0,0.0,False
Patient#9,D:\Research\Multi-View Fusion Network\datasets\AJBDS-2023_extracted\AJBDS-2023\Training\Patient#9\input\IMG-0005-00039.jpg,1.0,1.0,1.0,1.0,1.0,,True,0.0,0.0,False
Patient#9,D:\Research\Multi-View Fusion Network\datasets\AJBDS-2023_extracted\AJBDS-2023\Training\Patient#9\input\IMG-0005-00040.jpg,4.1493775082557244e-10,4.1493775082557244e-10,1.0,0.9519690871238708,4.1493775082557244e-10,,True,2410.0,0.0,True
Patient#9,D:\Research\Multi-View Fusion Network\datasets\AJBDS-2023_extracted\AJBDS-2023\Training\Patient#9\input\IMG-0005-00041.jpg,6.920415351885366e-10,6.920415351885366e-10,1.0,0.9712013602256776,6.920415351885366e-10,,True,1445.0,0.0,True
Patient#9,D:\Research\Multi-View Fusion Network\datasets\AJBDS-2023_extracted\AJBDS-2023\Training\Patient#9\input\IMG-0005-00042.jpg,2.492522299668565e-10,2.492522299668565e-10,1.0,0.9200414419174194,2.492522299668565e-10,,True,4012.0,0.0,True
Patient#9,D:\Research\Multi-View Fusion Network\datasets\AJBDS-2023_extracted\AJBDS-2023\Training\Patient#9\input\IMG-0006-00001.jpg,1.0,1.0,1.0,1.0,1.0,,True,0.0,0.0,False
Patient#9,D:\Research\Multi-View Fusion Network\datasets\AJBDS-2023_extracted\AJBDS-2023\Training\Patient#9\input\IMG-0006-00002.jpg,1.0,1.0,1.0,1.0,1.0,,True,0.0,0.0,False
Patient#9,D:\Research\Multi-View Fusion Network\datasets\AJBDS-2023_extracted\AJBDS-2023\Training\Patient#9\input\IMG-0006-00003.jpg,1.3297872802908726e-09,1.3297872802908726e-09,1.0,0.9850127696990968,1.3297872802908726e-09,,True,752.0,0.0,True
Patient#9,D:\Research\Multi-View Fusion Network\datasets\AJBDS-2023_extracted\AJBDS-2023\Training\Patient#9\input\IMG-0006-00004.jpg,1.0,1.0,1.0,1.0,1.0,,True,0.0,0.0,False
Patient#9,D:\Research\Multi-View Fusion Network\datasets\AJBDS-2023_extracted\AJBDS-2023\Training\Patient#9\input\IMG-0006-00005.jpg,6.369426763797037e-09,6.369426763797037e-09,1.0,0.9968709945678712,6.369426763797037e-09,,True,157.0,0.0,True
Patient#9,D:\Research\Multi-View Fusion Network\datasets\AJBDS-2023_extracted\AJBDS-2023\Training\Patient#9\input\IMG-0006-00006.jpg,1.0,1.0,1.0,1.0,1.0,,True,0.0,0.0,False
Patient#9,D:\Research\Multi-View Fusion Network\datasets\AJBDS-2023_extracted\AJBDS-2023\Training\Patient#9\input\IMG-0006-00007.jpg,1.0,1.0,1.0,1.0,1.0,,True,0.0,0.0,False
Patient#9,D:\Research\Multi-View Fusion Network\datasets\AJBDS-2023_extracted\AJBDS-2023\Training\Patient#9\input\IMG-0006-00008.jpg,1.0,1.0,1.0,1.0,1.0,,True,0.0,0.0,False
Patient#9,D:\Research\Multi-View Fusion Network\datasets\AJBDS-2023_extracted\AJBDS-2023\Training\Patient#9\input\IMG-0006-00018.jpg,1.0,1.0,1.0,1.0,1.0,,True,0.0,0.0,False
Patient#9,D:\Research\Multi-View Fusion Network\datasets\AJBDS-2023_extracted\AJBDS-2023\Training\Patient#9\input\IMG-0006-00019.jpg,3.1162356028957556e-10,3.1162356028957556e-10,1.0,0.9360451102256776,3.1162356028957556e-10,,True,3209.0,0.0,True
Patient#9,D:\Research\Multi-View Fusion Network\datasets\AJBDS-2023_extracted\AJBDS-2023\Training\Patient#9\input\IMG-0006-00020.jpg,3.2372934888336147e-10,3.2372934888336147e-10,1.0,0.9384366869926452,3.2372934888336147e-10,,True,3089.0,0.0,True
Patient#9,D:\Research\Multi-View Fusion Network\datasets\AJBDS-2023_extracted\AJBDS-2023\Training\Patient#9\input\IMG-0006-00021.jpg,1.0,1.0,1.0,1.0,1.0,,True,0.0,0.0,False
Patient#9,D:\Research\Multi-View Fusion Network\datasets\AJBDS-2023_extracted\AJBDS-2023\Training\Patient#9\input\IMG-0007-00001.jpg,1.0,1.0,1.0,1.0,1.0,,True,0.0,0.0,False
Patient#9,D:\Research\Multi-View Fusion Network\datasets\AJBDS-2023_extracted\AJBDS-2023\Training\Patient#9\input\IMG-0007-00002.jpg,1.0,1.0,1.0,1.0,1.0,,True,0.0,0.0,False
Patient#9,D:\Research\Multi-View Fusion Network\datasets\AJBDS-2023_extracted\AJBDS-2023\Training\Patient#9\input\IMG-0007-00003.jpg,5.5248619013070766e-09,5.5248619013070766e-09,1.0,0.9963927268981934,5.5248619013070766e-09,,True,181.0,0.0,True
Patient#9,D:\Research\Multi-View Fusion Network\datasets\AJBDS-2023_extracted\AJBDS-2023\Training\Patient#9\input\IMG-0007-00004.jpg,1.111110989882036e-07,1.111110989882036e-07,1.0,0.9998206496238708,1.111110989882036e-07,,True,9.0,0.0,True
Patient#9,D:\Research\Multi-View Fusion Network\datasets\AJBDS-2023_extracted\AJBDS-2023\Training\Patient#9\input\IMG-0007-00005.jpg,1.0,1.0,1.0,1.0,1.0,,True,0.0,0.0,False
Patient#9,D:\Research\Multi-View Fusion Network\datasets\AJBDS-2023_extracted\AJBDS-2023\Training\Patient#9\input\IMG-0007-00006.jpg,1.0,1.0,1.0,1.0,1.0,,True,0.0,0.0,False
Patient#9,D:\Research\Multi-View Fusion Network\datasets\AJBDS-2023_extracted\AJBDS-2023\Training\Patient#9\input\IMG-0007-00007.jpg,1.0,1.0,1.0,1.0,1.0,,True,0.0,0.0,False
Patient#9,D:\Research\Multi-View Fusion Network\datasets\AJBDS-2023_extracted\AJBDS-2023\Training\Patient#9\input\IMG-0007-00008.jpg,1.4925372937568682e-08,1.4925372937568682e-08,1.0,0.9986646771430968,1.4925372937568682e-08,,True,67.0,0.0,True
Patient#9,D:\Research\Multi-View Fusion Network\datasets\AJBDS-2023_extracted\AJBDS-2023\Training\Patient#9\input\IMG-0007-00009.jpg,1.0,1.0,1.0,1.0,1.0,,True,0.0,0.0,False
Patient#9,D:\Research\Multi-View Fusion Network\datasets\AJBDS-2023_extracted\AJBDS-2023\Training\Patient#9\input\IMG-0007-00010.jpg,7.352941366889354e-09,7.352941366889354e-09,1.0,0.997289538383484,7.352941366889354e-09,,True,136.0,0.0,True
Patient#9,D:\Research\Multi-View Fusion Network\datasets\AJBDS-2023_extracted\AJBDS-2023\Training\Patient#9\input\IMG-0007-00011.jpg,1.9999995970465534e-07,1.9999995970465534e-07,1.0,0.9999003410339355,1.9999995970465534e-07,,True,5.0,0.0,True
Patient#9,D:\Research\Multi-View Fusion Network\datasets\AJBDS-2023_extracted\AJBDS-2023\Training\Patient#9\input\IMG-0007-00012.jpg,1.0,1.0,1.0,1.0,1.0,,True,0.0,0.0,False
Patient#9,D:\Research\Multi-View Fusion Network\datasets\AJBDS-2023_extracted\AJBDS-2023\Training\Patient#9\input\IMG-0007-00013.jpg,9.090908292819223e-08,9.090908292819223e-08,1.0,0.999780774116516,9.090908292819223e-08,,True,11.0,0.0,True
Patient#9,D:\Research\Multi-View Fusion Network\datasets\AJBDS-2023_extracted\AJBDS-2023\Training\Patient#9\input\IMG-0007-00023.jpg,1.0,1.0,1.0,1.0,1.0,,True,0.0,0.0,False
Patient#9,D:\Research\Multi-View Fusion Network\datasets\AJBDS-2023_extracted\AJBDS-2023\Training\Patient#9\input\IMG-0007-00024.jpg,1.9011405782976e-09,1.9011405782976e-09,1.0,0.9895169138908386,1.9011405782976e-09,,True,526.0,0.0,True
Patient#9,D:\Research\Multi-View Fusion Network\datasets\AJBDS-2023_extracted\AJBDS-2023\Training\Patient#9\input\IMG-0007-00025.jpg,1.0,1.0,1.0,1.0,1.0,,True,0.0,0.0,False
Patient#9,D:\Research\Multi-View Fusion Network\datasets\AJBDS-2023_extracted\AJBDS-2023\Training\Patient#9\input\IMG-0008-00001.jpg,1.0,1.0,1.0,1.0,1.0,,True,0.0,0.0,False
Patient#9,D:\Research\Multi-View Fusion Network\datasets\AJBDS-2023_extracted\AJBDS-2023\Training\Patient#9\input\IMG-0008-00002.jpg,1.0,1.0,1.0,1.0,1.0,,True,0.0,0.0,False
Patient#9,D:\Research\Multi-View Fusion Network\datasets\AJBDS-2023_extracted\AJBDS-2023\Training\Patient#9\input\IMG-0008-00003.jpg,1.3157894329651754e-08,1.3157894329651754e-08,1.0,0.9984853267669678,1.3157894329651754e-08,,True,76.0,0.0,True
Patient#9,D:\Research\Multi-View Fusion Network\datasets\AJBDS-2023_extracted\AJBDS-2023\Training\Patient#9\input\IMG-0008-00004.jpg,5.464480867800603e-09,5.464480867800603e-09,1.0,0.9963528513908386,5.464480867800603e-09,,True,183.0,0.0,True
Patient#9,D:\Research\Multi-View Fusion Network\datasets\AJBDS-2023_extracted\AJBDS-2023\Training\Patient#9\input\IMG-0008-00005.jpg,1.4285711813499804e-07,1.4285711813499804e-07,1.0,0.9998604655265808,1.4285711813499804e-07,,True,7.0,0.0,True
Patient#9,D:\Research\Multi-View Fusion Network\datasets\AJBDS-2023_extracted\AJBDS-2023\Training\Patient#9\input\IMG-0008-00006.jpg,1.0,1.0,1.0,1.0,1.0,,True,0.0,0.0,False
Patient#9,D:\Research\Multi-View Fusion Network\datasets\AJBDS-2023_extracted\AJBDS-2023\Training\Patient#9\input\IMG-0008-00007.jpg,1.0,1.0,1.0,1.0,1.0,,True,0.0,0.0,False
Patient#9,D:\Research\Multi-View Fusion Network\datasets\AJBDS-2023_extracted\AJBDS-2023\Training\Patient#9\input\IMG-0008-00008.jpg,1.0,1.0,1.0,1.0,1.0,,True,0.0,0.0,False
Patient#9,D:\Research\Multi-View Fusion Network\datasets\AJBDS-2023_extracted\AJBDS-2023\Training\Patient#9\input\IMG-0008-00009.jpg,1.0,1.0,1.0,1.0,1.0,,True,0.0,0.0,False
Patient#9,D:\Research\Multi-View Fusion Network\datasets\AJBDS-2023_extracted\AJBDS-2023\Training\Patient#9\input\IMG-0008-00010.jpg,1.0,1.0,1.0,1.0,1.0,,True,0.0,0.0,False
Patient#9,D:\Research\Multi-View Fusion Network\datasets\AJBDS-2023_extracted\AJBDS-2023\Training\Patient#9\input\IMG-0008-00011.jpg,1.0,1.0,1.0,1.0,1.0,,True,0.0,0.0,False
Patient#9,D:\Research\Multi-View Fusion Network\datasets\AJBDS-2023_extracted\AJBDS-2023\Training\Patient#9\input\IMG-0008-00012.jpg,1.0,1.0,1.0,1.0,1.0,,True,0.0,0.0,False
Patient#9,D:\Research\Multi-View Fusion Network\datasets\AJBDS-2023_extracted\AJBDS-2023\Training\Patient#9\input\IMG-0008-00013.jpg,1.0,1.0,1.0,1.0,1.0,,True,0.0,0.0,False
Patient#9,D:\Research\Multi-View Fusion Network\datasets\AJBDS-2023_extracted\AJBDS-2023\Training\Patient#9\input\IMG-0008-00014.jpg,1.0,1.0,1.0,1.0,1.0,,True,0.0,0.0,False
Patient#9,D:\Research\Multi-View Fusion Network\datasets\AJBDS-2023_extracted\AJBDS-2023\Training\Patient#9\input\IMG-0008-00015.jpg,1.0,1.0,1.0,1.0,1.0,,True,0.0,0.0,False
Patient#9,D:\Research\Multi-View Fusion Network\datasets\AJBDS-2023_extracted\AJBDS-2023\Training\Patient#9\input\IMG-0008-00016.jpg,1.0,1.0,1.0,1.0,1.0,,True,0.0,0.0,False
Patient#9,D:\Research\Multi-View Fusion Network\datasets\AJBDS-2023_extracted\AJBDS-2023\Training\Patient#9\input\IMG-0008-00017.jpg,1.0,1.0,1.0,1.0,1.0,,True,0.0,0.0,False
Patient#9,D:\Research\Multi-View Fusion Network\datasets\AJBDS-2023_extracted\AJBDS-2023\Training\Patient#9\input\IMG-0008-00018.jpg,1.0,1.0,1.0,1.0,1.0,,True,0.0,0.0,False
Patient#9,D:\Research\Multi-View Fusion Network\datasets\AJBDS-2023_extracted\AJBDS-2023\Training\Patient#9\input\IMG-0008-00019.jpg,1.0,1.0,1.0,1.0,1.0,,True,0.0,0.0,False
Patient#9,D:\Research\Multi-View Fusion Network\datasets\AJBDS-2023_extracted\AJBDS-2023\Training\Patient#9\input\IMG-0008-00020.jpg,1.0,1.0,1.0,1.0,1.0,,True,0.0,0.0,False
Patient#9,D:\Research\Multi-View Fusion Network\datasets\AJBDS-2023_extracted\AJBDS-2023\Training\Patient#9\input\IMG-0008-00021.jpg,1.0,1.0,1.0,1.0,1.0,,True,0.0,0.0,False
Patient#9,D:\Research\Multi-View Fusion Network\datasets\AJBDS-2023_extracted\AJBDS-2023\Training\Patient#9\input\IMG-0008-00022.jpg,1.0,1.0,1.0,1.0,1.0,,True,0.0,0.0,False
Patient#9,D:\Research\Multi-View Fusion Network\datasets\AJBDS-2023_extracted\AJBDS-2023\Training\Patient#9\input\IMG-0008-00023.jpg,1.0,1.0,1.0,1.0,1.0,,True,0.0,0.0,False
Patient#9,D:\Research\Multi-View Fusion Network\datasets\AJBDS-2023_extracted\AJBDS-2023\Training\Patient#9\input\IMG-0008-00024.jpg,1.0,1.0,1.0,1.0,1.0,,True,0.0,0.0,False
Patient#9,D:\Research\Multi-View Fusion Network\datasets\AJBDS-2023_extracted\AJBDS-2023\Training\Patient#9\input\IMG-0008-00025.jpg,1.0,1.0,1.0,1.0,1.0,,True,0.0,0.0,False
Patient#9,D:\Research\Multi-View Fusion Network\datasets\AJBDS-2023_extracted\AJBDS-2023\Training\Patient#9\input\IMG-0008-00026.jpg,1.0,1.0,1.0,1.0,1.0,,True,0.0,0.0,False
Patient#9,D:\Research\Multi-View Fusion Network\datasets\AJBDS-2023_extracted\AJBDS-2023\Training\Patient#9\input\IMG-0008-00027.jpg,1.0,1.0,1.0,1.0,1.0,,True,0.0,0.0,False
Patient#9,D:\Research\Multi-View Fusion Network\datasets\AJBDS-2023_extracted\AJBDS-2023\Training\Patient#9\input\IMG-0008-00028.jpg,1.0,1.0,1.0,1.0,1.0,,True,0.0,0.0,False
Patient#9,D:\Research\Multi-View Fusion Network\datasets\AJBDS-2023_extracted\AJBDS-2023\Training\Patient#9\input\IMG-0008-00029.jpg,1.0,1.0,1.0,1.0,1.0,,True,0.0,0.0,False
Patient#9,D:\Research\Multi-View Fusion Network\datasets\AJBDS-2023_extracted\AJBDS-2023\Training\Patient#9\input\IMG-0008-00030.jpg,1.0,1.0,1.0,1.0,1.0,,True,0.0,0.0,False
Patient#9,D:\Research\Multi-View Fusion Network\datasets\AJBDS-2023_extracted\AJBDS-2023\Training\Patient#9\input\IMG-0008-00031.jpg,5.065856067965058e-10,5.065856067965058e-10,1.0,0.9606584906578064,5.065856067965058e-10,,True,1974.0,0.0,True
Patient#9,D:\Research\Multi-View Fusion Network\datasets\AJBDS-2023_extracted\AJBDS-2023\Training\Patient#9\input\IMG-0008-00032.jpg,1.0,1.0,1.0,1.0,1.0,,True,0.0,0.0,False
Patient#9,D:\Research\Multi-View Fusion Network\datasets\AJBDS-2023_extracted\AJBDS-2023\Training\Patient#9\input\IMG-0008-00033.jpg,1.0,1.0,1.0,1.0,1.0,,True,0.0,0.0,False
Patient#9,D:\Research\Multi-View Fusion Network\datasets\AJBDS-2023_extracted\AJBDS-2023\Training\Patient#9\input\IMG-0008-00034.jpg,5.117707368995639e-10,5.117707368995639e-10,1.0,0.9610570669174194,5.117707368995639e-10,,True,1954.0,0.0,True
Patient#9,D:\Research\Multi-View Fusion Network\datasets\AJBDS-2023_extracted\AJBDS-2023\Training\Patient#9\input\IMG-0008-00035.jpg,1.0,1.0,1.0,1.0,1.0,,True,0.0,0.0,False
Patient#9,D:\Research\Multi-View Fusion Network\datasets\AJBDS-2023_extracted\AJBDS-2023\Training\Patient#9\input\IMG-0008-00069.jpg,8.417508357005942e-10,8.417508357005942e-10,1.0,0.9763233661651612,8.417508357005942e-10,,True,1188.0,0.0,True
Patient#9,D:\Research\Multi-View Fusion Network\datasets\AJBDS-2023_extracted\AJBDS-2023\Training\Patient#9\input\IMG-0008-00070.jpg,8.375209414879237e-10,8.375209414879237e-10,1.0,0.9762037396430968,8.375209414879237e-10,,True,1194.0,0.0,True
Patient#9,D:\Research\Multi-View Fusion Network\datasets\AJBDS-2023_extracted\AJBDS-2023\Training\Patient#9\input\IMG-0008-00071.jpg,9.999999717180683e-10,9.999999717180683e-10,1.0,0.980070173740387,9.999999717180683e-10,,True,1000.0,0.0,True
Patient#9,D:\Research\Multi-View Fusion Network\datasets\AJBDS-2023_extracted\AJBDS-2023\Training\Patient#9\input\IMG-0008-00072.jpg,1.1402508937052858e-09,1.1402508937052858e-09,1.0,0.9825215339660645,1.1402508937052858e-09,,True,877.0,0.0,True
Patient#9,D:\Research\Multi-View Fusion Network\datasets\AJBDS-2023_extracted\AJBDS-2023\Training\Patient#9\input\IMG-0010-00001.jpg,1.0,1.0,1.0,1.0,1.0,,True,0.0,0.0,False
Patient#9,D:\Research\Multi-View Fusion Network\datasets\AJBDS-2023_extracted\AJBDS-2023\Training\Patient#9\input\IMG-0010-00002.jpg,1.1587485415631702e-09,1.1587485415631702e-09,1.0,0.982800543308258,1.1587485415631702e-09,,True,863.0,0.0,True
Patient#9,D:\Research\Multi-View Fusion Network\datasets\AJBDS-2023_extracted\AJBDS-2023\Training\Patient#9\input\IMG-0010-00003.jpg,1.0,1.0,1.0,1.0,1.0,,True,0.0,0.0,False
Patient#9,D:\Research\Multi-View Fusion Network\datasets\AJBDS-2023_extracted\AJBDS-2023\Training\Patient#9\input\IMG-0010-00011.jpg,1.3888889149882289e-08,1.3888889149882289e-08,1.0,0.9985650777816772,1.3888889149882289e-08,,True,72.0,0.0,True
Patient#9,D:\Research\Multi-View Fusion Network\datasets\AJBDS-2023_extracted\AJBDS-2023\Training\Patient#9\input\IMG-0010-00012.jpg,1.0,1.0,1.0,1.0,1.0,,True,0.0,0.0,False
Patient#9,D:\Research\Multi-View Fusion Network\datasets\AJBDS-2023_extracted\AJBDS-2023\Training\Patient#9\input\IMG-0010-00013.jpg,1.0,1.0,1.0,1.0,1.0,,True,0.0,0.0,False
Patient#9,D:\Research\Multi-View Fusion Network\datasets\AJBDS-2023_extracted\AJBDS-2023\Training\Patient#9\input\IMG-0010-00014.jpg,1.0,1.0,1.0,1.0,1.0,,True,0.0,0.0,False
Patient#9,D:\Research\Multi-View Fusion Network\datasets\AJBDS-2023_extracted\AJBDS-2023\Training\Patient#9\input\IMG-0010-00015.jpg,1.0,1.0,1.0,1.0,1.0,,True,0.0,0.0,False
Patient#9,D:\Research\Multi-View Fusion Network\datasets\AJBDS-2023_extracted\AJBDS-2023\Training\Patient#9\input\IMG-0010-00016.jpg,1.0,1.0,1.0,1.0,1.0,,True,0.0,0.0,False
Patient#9,D:\Research\Multi-View Fusion Network\datasets\AJBDS-2023_extracted\AJBDS-2023\Training\Patient#9\input\IMG-0010-00017.jpg,1.0,1.0,1.0,1.0,1.0,,True,0.0,0.0,False
Patient#9,D:\Research\Multi-View Fusion Network\datasets\AJBDS-2023_extracted\AJBDS-2023\Training\Patient#9\input\IMG-0010-00018.jpg,1.0,1.0,1.0,1.0,1.0,,True,0.0,0.0,False
Patient#9,D:\Research\Multi-View Fusion Network\datasets\AJBDS-2023_extracted\AJBDS-2023\Training\Patient#9\input\IMG-0010-00019.jpg,1.0,1.0,1.0,1.0,1.0,,True,0.0,0.0,False
Patient#9,D:\Research\Multi-View Fusion Network\datasets\AJBDS-2023_extracted\AJBDS-2023\Training\Patient#9\input\IMG-0010-00020.jpg,1.0,1.0,1.0,1.0,1.0,,True,0.0,0.0,False
Patient#9,D:\Research\Multi-View Fusion Network\datasets\AJBDS-2023_extracted\AJBDS-2023\Training\Patient#9\input\IMG-0010-00021.jpg,1.9083969959865503e-09,1.9083969959865503e-09,1.0,0.9895567893981934,1.9083969959865503e-09,,True,524.0,0.0,True
Patient#9,D:\Research\Multi-View Fusion Network\datasets\AJBDS-2023_extracted\AJBDS-2023\Training\Patient#9\input\IMG-0010-00022.jpg,1.0,1.0,1.0,1.0,1.0,,True,0.0,0.0,False
Patient#9,D:\Research\Multi-View Fusion Network\datasets\AJBDS-2023_extracted\AJBDS-2023\Training\Patient#9\input\IMG-0011-00001.jpg,6.561679533056973e-10,6.561679533056973e-10,1.0,0.9696269035339355,6.561679533056973e-10,,True,1524.0,0.0,True
Patient#9,D:\Research\Multi-View Fusion Network\datasets\AJBDS-2023_extracted\AJBDS-2023\Training\Patient#9\input\IMG-0011-00002.jpg,1.0,1.0,1.0,1.0,1.0,,True,0.0,0.0,False
Patient#9,D:\Research\Multi-View Fusion Network\datasets\AJBDS-2023_extracted\AJBDS-2023\Training\Patient#9\input\IMG-0011-00003.jpg,1.0,1.0,1.0,1.0,1.0,,True,0.0,0.0,False
Patient#9,D:\Research\Multi-View Fusion Network\datasets\AJBDS-2023_extracted\AJBDS-2023\Training\Patient#9\input\IMG-0011-00004.jpg,1.0,1.0,1.0,1.0,1.0,,True,0.0,0.0,False
Patient#9,D:\Research\Multi-View Fusion Network\datasets\AJBDS-2023_extracted\AJBDS-2023\Training\Patient#9\input\IMG-0011-00005.jpg,1.0,1.0,1.0,1.0,1.0,,True,0.0,0.0,False
Patient#9,D:\Research\Multi-View Fusion Network\datasets\AJBDS-2023_extracted\AJBDS-2023\Training\Patient#9\input\IMG-0011-00006.jpg,2.8571427890256015e-08,2.8571427890256015e-08,1.0,0.9993024468421936,2.8571427890256015e-08,,True,35.0,0.0,True
Patient#9,D:\Research\Multi-View Fusion Network\datasets\AJBDS-2023_extracted\AJBDS-2023\Training\Patient#9\input\IMG-0011-00007.jpg,3.610108212370733e-09,3.610108212370733e-09,1.0,0.9944794178009032,3.610108212370733e-09,,True,277.0,0.0,True
Patient#9,D:\Research\Multi-View Fusion Network\datasets\AJBDS-2023_extracted\AJBDS-2023\Training\Patient#9\input\IMG-0011-00008.jpg,1.6949153192058475e-08,1.6949153192058475e-08,1.0,0.9988241195678712,1.6949153192058475e-08,,True,59.0,0.0,True
Patient#9,D:\Research\Multi-View Fusion Network\datasets\AJBDS-2023_extracted\AJBDS-2023\Training\Patient#9\input\IMG-0011-00018.jpg,1.9417476515570797e-09,1.9417476515570797e-09,1.0,0.9897361397743224,1.9417476515570797e-09,,True,515.0,0.0,True
Patient#9,D:\Research\Multi-View Fusion Network\datasets\AJBDS-2023_extracted\AJBDS-2023\Training\Patient#9\input\IMG-0011-00019.jpg,3.1446540926793887e-09,3.1446540926793887e-09,1.0,0.9936622977256776,3.1446540926793887e-09,,True,318.0,0.0,True
Patient#9,D:\Research\Multi-View Fusion Network\datasets\AJBDS-2023_extracted\AJBDS-2023\Training\Patient#9\input\IMG-0011-00020.jpg,2.012072508605911e-09,2.012072508605911e-09,1.0,0.9900948405265808,2.012072508605911e-09,,True,497.0,0.0,True
Patient#9,D:\Research\Multi-View Fusion Network\datasets\AJBDS-2023_extracted\AJBDS-2023\Training\Patient#9\input\IMG-0011-00021.jpg,1.0,1.0,1.0,1.0,1.0,,True,0.0,0.0,False
Patient#9,D:\Research\Multi-View Fusion Network\datasets\AJBDS-2023_extracted\AJBDS-2023\Training\Patient#9\input\IMG-0012-00001.jpg,1.0,1.0,1.0,1.0,1.0,,True,0.0,0.0,False
Patient#9,D:\Research\Multi-View Fusion Network\datasets\AJBDS-2023_extracted\AJBDS-2023\Training\Patient#9\input\IMG-0012-00002.jpg,2.659574560581745e-09,2.659574560581745e-09,1.0,0.9925063848495485,2.659574560581745e-09,,True,376.0,0.0,True
Patient#9,D:\Research\Multi-View Fusion Network\datasets\AJBDS-2023_extracted\AJBDS-2023\Training\Patient#9\input\IMG-0012-00003.jpg,1.3661202169501507e-09,1.3661202169501507e-09,1.0,0.9854113459587096,1.3661202169501507e-09,,True,732.0,0.0,True
Patient#9,D:\Research\Multi-View Fusion Network\datasets\AJBDS-2023_extracted\AJBDS-2023\Training\Patient#9\input\IMG-0012-00012.jpg,1.612903233194629e-08,1.612903233194629e-08,1.0,0.9987643361091614,1.612903233194629e-08,,True,62.0,0.0,True
Patient#9,D:\Research\Multi-View Fusion Network\datasets\AJBDS-2023_extracted\AJBDS-2023\Training\Patient#9\input\IMG-0012-00013.jpg,1.0,1.0,1.0,1.0,1.0,,True,0.0,0.0,False
Patient#9,D:\Research\Multi-View Fusion Network\datasets\AJBDS-2023_extracted\AJBDS-2023\Training\Patient#9\input\IMG-0012-00014.jpg,1.0,1.0,1.0,1.0,1.0,,True,0.0,0.0,False
Patient#9,D:\Research\Multi-View Fusion Network\datasets\AJBDS-2023_extracted\AJBDS-2023\Training\Patient#9\input\IMG-0012-00015.jpg,1.0,1.0,1.0,1.0,1.0,,True,0.0,0.0,False
Patient#9,D:\Research\Multi-View Fusion Network\datasets\AJBDS-2023_extracted\AJBDS-2023\Training\Patient#9\input\IMG-0012-00016.jpg,1.0,1.0,1.0,1.0,1.0,,True,0.0,0.0,False
Patient#9,D:\Research\Multi-View Fusion Network\datasets\AJBDS-2023_extracted\AJBDS-2023\Training\Patient#9\input\IMG-0012-00017.jpg,1.0,1.0,1.0,1.0,1.0,,True,0.0,0.0,False
Patient#9,D:\Research\Multi-View Fusion Network\datasets\AJBDS-2023_extracted\AJBDS-2023\Training\Patient#9\input\IMG-0012-00018.jpg,1.0,1.0,1.0,1.0,1.0,,True,0.0,0.0,False
Patient#9,D:\Research\Multi-View Fusion Network\datasets\AJBDS-2023_extracted\AJBDS-2023\Training\Patient#9\input\IMG-0012-00019.jpg,1.0,1.0,1.0,1.0,1.0,,True,0.0,0.0,False
Patient#9,D:\Research\Multi-View Fusion Network\datasets\AJBDS-2023_extracted\AJBDS-2023\Training\Patient#9\input\IMG-0012-00020.jpg,1.0,1.0,1.0,1.0,1.0,,True,0.0,0.0,False
Patient#9,D:\Research\Multi-View Fusion Network\datasets\AJBDS-2023_extracted\AJBDS-2023\Training\Patient#9\input\IMG-0012-00021.jpg,1.2515644076671604e-09,1.2515644076671604e-09,1.0,0.9840760231018066,1.2515644076671604e-09,,True,799.0,0.0,True
Patient#9,D:\Research\Multi-View Fusion Network\datasets\AJBDS-2023_extracted\AJBDS-2023\Training\Patient#9\input\IMG-0012-00022.jpg,1.0,1.0,1.0,1.0,1.0,,True,0.0,0.0,False
Patient#9,D:\Research\Multi-View Fusion Network\datasets\AJBDS-2023_extracted\AJBDS-2023\Training\Patient#9\input\IMG-0013-00001.jpg,1.0,1.0,1.0,1.0,1.0,,True,0.0,0.0,False
Patient#9,D:\Research\Multi-View Fusion Network\datasets\AJBDS-2023_extracted\AJBDS-2023\Training\Patient#9\input\IMG-0013-00002.jpg,1.0,1.0,1.0,1.0,1.0,,True,0.0,0.0,False
Patient#9,D:\Research\Multi-View Fusion Network\datasets\AJBDS-2023_extracted\AJBDS-2023\Training\Patient#9\input\IMG-0013-00003.jpg,1.0,1.0,1.0,1.0,1.0,,True,0.0,0.0,False
Patient#9,D:\Research\Multi-View Fusion Network\datasets\AJBDS-2023_extracted\AJBDS-2023\Training\Patient#9\input\IMG-0013-00004.jpg,2.659574560581745e-09,2.659574560581745e-09,1.0,0.9925063848495485,2.659574560581745e-09,,True,376.0,0.0,True
Patient#9,D:\Research\Multi-View Fusion Network\datasets\AJBDS-2023_extracted\AJBDS-2023\Training\Patient#9\input\IMG-0013-00005.jpg,1.0,1.0,1.0,1.0,1.0,,True,0.0,0.0,False
Patient#9,D:\Research\Multi-View Fusion Network\datasets\AJBDS-2023_extracted\AJBDS-2023\Training\Patient#9\input\IMG-0013-00006.jpg,1.0,1.0,1.0,1.0,1.0,,True,0.0,0.0,False
Patient#9,D:\Research\Multi-View Fusion Network\datasets\AJBDS-2023_extracted\AJBDS-2023\Training\Patient#9\input\IMG-0013-00007.jpg,1.0,1.0,1.0,1.0,1.0,,True,0.0,0.0,False
Patient#9,D:\Research\Multi-View Fusion Network\datasets\AJBDS-2023_extracted\AJBDS-2023\Training\Patient#9\input\IMG-0013-00008.jpg,1.0,1.0,1.0,1.0,1.0,,True,0.0,0.0,False
Patient#9,D:\Research\Multi-View Fusion Network\datasets\AJBDS-2023_extracted\AJBDS-2023\Training\Patient#9\input\IMG-0013-00009.jpg,1.0,1.0,1.0,1.0,1.0,,True,0.0,0.0,False
Patient#9,D:\Research\Multi-View Fusion Network\datasets\AJBDS-2023_extracted\AJBDS-2023\Training\Patient#9\input\IMG-0013-00010.jpg,9.708737813696189e-09,9.708737813696189e-09,1.0,0.9979472160339355,9.708737813696189e-09,,True,103.0,0.0,True
Patient#9,D:\Research\Multi-View Fusion Network\datasets\AJBDS-2023_extracted\AJBDS-2023\Training\Patient#9\input\IMG-0013-00011.jpg,1.283697037557374e-09,1.283697037557374e-09,1.0,0.9844746589660645,1.283697037557374e-09,,True,779.0,0.0,True
Patient#9,D:\Research\Multi-View Fusion Network\datasets\AJBDS-2023_extracted\AJBDS-2023\Training\Patient#9\input\IMG-0013-00012.jpg,1.111110989882036e-07,1.111110989882036e-07,1.0,0.9998206496238708,1.111110989882036e-07,,True,9.0,0.0,True
Patient#9,D:\Research\Multi-View Fusion Network\datasets\AJBDS-2023_extracted\AJBDS-2023\Training\Patient#9\input\IMG-0013-00013.jpg,1.0,1.0,1.0,1.0,1.0,,True,0.0,0.0,False
Patient#9,D:\Research\Multi-View Fusion Network\datasets\AJBDS-2023_extracted\AJBDS-2023\Training\Patient#9\input\IMG-0013-00022.jpg,2.9411764135289782e-09,2.9411764135289782e-09,1.0,0.9932238459587096,2.9411764135289782e-09,,True,340.0,0.0,True
Patient#9,D:\Research\Multi-View Fusion Network\datasets\AJBDS-2023_extracted\AJBDS-2023\Training\Patient#9\input\IMG-0013-00023.jpg,1.0,1.0,1.0,1.0,1.0,,True,0.0,0.0,False
Patient#9,D:\Research\Multi-View Fusion Network\datasets\AJBDS-2023_extracted\AJBDS-2023\Training\Patient#9\input\IMG-0013-00024.jpg,8.064516165973146e-09,8.064516165973146e-09,1.0,0.9975286722183228,8.064516165973146e-09,,True,124.0,0.0,True
Patient#9,D:\Research\Multi-View Fusion Network\datasets\AJBDS-2023_extracted\AJBDS-2023\Training\Patient#9\input\IMG-0013-00025.jpg,1.0,1.0,1.0,1.0,1.0,,True,0.0,0.0,False
