abs_path,true_label,pred_label,plane,prob_0,prob_1,prob_2,prob_3,max_prob,correct,has_mask,dice,iou,gt_area,pred_area,fn_mask
d:\Research\Multi-View Fusion Network\datasets\brisc2025\classification_task\test\glioma\brisc2025_test_00001_gl_ax_t1.jpg,glioma,glioma,axial,0.9293122,0.023378752,0.023746913,0.023562115,0.9293122,True,True,0.0007230658,0.0007230658,222.0,1160.0,False
d:\Research\Multi-View Fusion Network\datasets\brisc2025\classification_task\test\glioma\brisc2025_test_00002_gl_ax_t1.jpg,glioma,glioma,axial,0.9305416,0.022990549,0.023046747,0.023421112,0.9305416,True,True,0.0011890606,0.0011890606,419.0,421.0,False
d:\Research\Multi-View Fusion Network\datasets\brisc2025\classification_task\test\glioma\brisc2025_test_00003_gl_ax_t1.jpg,glioma,glioma,axial,0.9309808,0.023340816,0.022800123,0.022878187,0.9309808,True,True,0.68981975,0.526699,1117.0,768.0,False
d:\Research\Multi-View Fusion Network\datasets\brisc2025\classification_task\test\glioma\brisc2025_test_00004_gl_ax_t1.jpg,glioma,glioma,axial,0.91896635,0.028022707,0.026518414,0.026492529,0.91896635,True,True,0.001285347,0.001285347,758.0,19.0,False
d:\Research\Multi-View Fusion Network\datasets\brisc2025\classification_task\test\glioma\brisc2025_test_00005_gl_ax_t1.jpg,glioma,meningioma,axial,0.15771058,0.682726,0.12469843,0.034865025,0.682726,False,True,0.004347826,0.004347826,229.0,0.0,True
d:\Research\Multi-View Fusion Network\datasets\brisc2025\classification_task\test\glioma\brisc2025_test_00006_gl_ax_t1.jpg,glioma,glioma,axial,0.9298667,0.02397084,0.022917854,0.023244683,0.9298667,True,True,0.96971256,0.94123507,966.0,981.0,False
d:\Research\Multi-View Fusion Network\datasets\brisc2025\classification_task\test\glioma\brisc2025_test_00007_gl_ax_t1.jpg,glioma,glioma,axial,0.9276437,0.024042321,0.02452849,0.023785438,0.9276437,True,True,0.0064935065,0.0064935065,153.0,0.0,True
d:\Research\Multi-View Fusion Network\datasets\brisc2025\classification_task\test\glioma\brisc2025_test_00008_gl_ax_t1.jpg,glioma,glioma,axial,0.9304802,0.02314672,0.023079008,0.023294115,0.9304802,True,True,0.83940774,0.7235294,368.0,509.0,False
d:\Research\Multi-View Fusion Network\datasets\brisc2025\classification_task\test\glioma\brisc2025_test_00009_gl_ax_t1.jpg,glioma,glioma,axial,0.9307907,0.022951832,0.022784343,0.023473185,0.9307907,True,True,0.5662368,0.39509538,1792.0,766.0,False
d:\Research\Multi-View Fusion Network\datasets\brisc2025\classification_task\test\glioma\brisc2025_test_00010_gl_ax_t1.jpg,glioma,glioma,axial,0.9287985,0.023687474,0.023745378,0.023768578,0.9287985,True,True,0.00591716,0.00591716,156.0,12.0,False
d:\Research\Multi-View Fusion Network\datasets\brisc2025\classification_task\test\glioma\brisc2025_test_00011_gl_ax_t1.jpg,glioma,glioma,axial,0.92870927,0.023917634,0.023941003,0.023432132,0.92870927,True,True,0.009345794,0.009345794,61.0,45.0,False
d:\Research\Multi-View Fusion Network\datasets\brisc2025\classification_task\test\glioma\brisc2025_test_00012_gl_ax_t1.jpg,glioma,glioma,axial,0.93008935,0.023421163,0.023318466,0.023170916,0.93008935,True,True,0.0017064846,0.0017064846,349.0,236.0,False
d:\Research\Multi-View Fusion Network\datasets\brisc2025\classification_task\test\glioma\brisc2025_test_00013_gl_ax_t1.jpg,glioma,glioma,axial,0.9305101,0.023431757,0.023000998,0.023057222,0.9305101,True,True,0.9690403,0.939976,786.0,828.0,False
d:\Research\Multi-View Fusion Network\datasets\brisc2025\classification_task\test\glioma\brisc2025_test_00014_gl_ax_t1.jpg,glioma,glioma,axial,0.9296548,0.023398792,0.023421654,0.023524808,0.9296548,True,True,0.94159544,0.8896663,1850.0,1659.0,False
d:\Research\Multi-View Fusion Network\datasets\brisc2025\classification_task\test\glioma\brisc2025_test_00015_gl_ax_t1.jpg,glioma,glioma,axial,0.9296744,0.023548288,0.02319453,0.023582809,0.9296744,True,True,0.62290746,0.45268542,626.0,508.0,False
d:\Research\Multi-View Fusion Network\datasets\brisc2025\classification_task\test\glioma\brisc2025_test_00016_gl_ax_t1.jpg,glioma,glioma,axial,0.92922807,0.02401293,0.023014216,0.023744762,0.92922807,True,True,0.57418954,0.40297204,561.0,1042.0,False
d:\Research\Multi-View Fusion Network\datasets\brisc2025\classification_task\test\glioma\brisc2025_test_00017_gl_ax_t1.jpg,glioma,glioma,axial,0.93009865,0.023559034,0.02314853,0.023193786,0.93009865,True,True,0.7096115,0.5506329,271.0,217.0,False
d:\Research\Multi-View Fusion Network\datasets\brisc2025\classification_task\test\glioma\brisc2025_test_00018_gl_ax_t1.jpg,glioma,glioma,axial,0.92985386,0.023323948,0.023142437,0.02367968,0.92985386,True,True,0.71251994,0.5535604,1556.0,951.0,False
d:\Research\Multi-View Fusion Network\datasets\brisc2025\classification_task\test\glioma\brisc2025_test_00019_gl_ax_t1.jpg,glioma,glioma,axial,0.928791,0.024249014,0.023491478,0.023468547,0.928791,True,True,0.81975096,0.69463086,2062.0,1471.0,False
d:\Research\Multi-View Fusion Network\datasets\brisc2025\classification_task\test\glioma\brisc2025_test_00020_gl_ax_t1.jpg,glioma,glioma,axial,0.9268101,0.026189078,0.02321357,0.02378728,0.9268101,True,True,0.9421901,0.8907563,939.0,859.0,False
d:\Research\Multi-View Fusion Network\datasets\brisc2025\classification_task\test\glioma\brisc2025_test_00021_gl_ax_t1.jpg,glioma,glioma,axial,0.9301101,0.023467476,0.02312622,0.023296224,0.9301101,True,True,0.8866559,0.7965368,570.0,673.0,False
d:\Research\Multi-View Fusion Network\datasets\brisc2025\classification_task\test\glioma\brisc2025_test_00022_gl_ax_t1.jpg,glioma,glioma,axial,0.92890507,0.0237597,0.023505837,0.023829414,0.92890507,True,True,0.81335616,0.6855769,974.0,777.0,False
d:\Research\Multi-View Fusion Network\datasets\brisc2025\classification_task\test\glioma\brisc2025_test_00023_gl_ax_t1.jpg,glioma,glioma,axial,0.93016225,0.023503195,0.023071123,0.023263428,0.93016225,True,True,0.9158062,0.8448023,645.0,613.0,False
d:\Research\Multi-View Fusion Network\datasets\brisc2025\classification_task\test\glioma\brisc2025_test_00024_gl_ax_t1.jpg,glioma,glioma,axial,0.9273736,0.025312096,0.023755303,0.023558931,0.9273736,True,True,0.9668404,0.9358387,1074.0,1036.0,False
d:\Research\Multi-View Fusion Network\datasets\brisc2025\classification_task\test\glioma\brisc2025_test_00025_gl_ax_t1.jpg,glioma,glioma,axial,0.92898065,0.023796469,0.023519231,0.023703694,0.92898065,True,True,0.74870914,0.5989011,235.0,345.0,False
d:\Research\Multi-View Fusion Network\datasets\brisc2025\classification_task\test\glioma\brisc2025_test_00026_gl_ax_t1.jpg,glioma,glioma,axial,0.92992026,0.023359805,0.023268733,0.023451233,0.92992026,True,True,0.36585367,0.22423147,1105.0,247.0,False
d:\Research\Multi-View Fusion Network\datasets\brisc2025\classification_task\test\glioma\brisc2025_test_00027_gl_ax_t1.jpg,glioma,glioma,axial,0.93048614,0.023476964,0.02278801,0.023248814,0.93048614,True,True,0.9461538,0.89784265,1528.0,1461.0,False
d:\Research\Multi-View Fusion Network\datasets\brisc2025\classification_task\test\glioma\brisc2025_test_00028_gl_ax_t1.jpg,glioma,glioma,axial,0.9306551,0.023469767,0.02282556,0.02304956,0.9306551,True,True,0.9659036,0.9340866,1037.0,1015.0,False
d:\Research\Multi-View Fusion Network\datasets\brisc2025\classification_task\test\glioma\brisc2025_test_00029_gl_ax_t1.jpg,glioma,glioma,axial,0.9302056,0.02342409,0.023207784,0.0231625,0.9302056,True,True,0.89373714,0.80797774,963.0,984.0,False
d:\Research\Multi-View Fusion Network\datasets\brisc2025\classification_task\test\glioma\brisc2025_test_00030_gl_ax_t1.jpg,glioma,glioma,axial,0.92578435,0.027122615,0.023063667,0.024029305,0.92578435,True,True,0.8962433,0.81229776,306.0,252.0,False
d:\Research\Multi-View Fusion Network\datasets\brisc2025\classification_task\test\glioma\brisc2025_test_00031_gl_ax_t1.jpg,glioma,glioma,axial,0.9284091,0.023874905,0.02368911,0.024026938,0.9284091,True,True,0.87599874,0.77942014,1458.0,1670.0,False
d:\Research\Multi-View Fusion Network\datasets\brisc2025\classification_task\test\glioma\brisc2025_test_00032_gl_ax_t1.jpg,glioma,glioma,axial,0.9287444,0.023767194,0.02363988,0.023848569,0.9287444,True,True,0.8549849,0.7467761,1662.0,1316.0,False
d:\Research\Multi-View Fusion Network\datasets\brisc2025\classification_task\test\glioma\brisc2025_test_00033_gl_ax_t1.jpg,glioma,glioma,axial,0.92981315,0.023540307,0.023197994,0.023448532,0.92981315,True,True,0.94258374,0.8915009,504.0,540.0,False
d:\Research\Multi-View Fusion Network\datasets\brisc2025\classification_task\test\glioma\brisc2025_test_00034_gl_ax_t1.jpg,glioma,glioma,axial,0.93051136,0.023317656,0.023023501,0.023147495,0.93051136,True,True,0.6518936,0.48387095,514.0,726.0,False
d:\Research\Multi-View Fusion Network\datasets\brisc2025\classification_task\test\glioma\brisc2025_test_00035_gl_ax_t1.jpg,glioma,glioma,axial,0.9306049,0.023388421,0.022980887,0.023025816,0.9306049,True,True,0.882312,0.7895392,659.0,776.0,False
d:\Research\Multi-View Fusion Network\datasets\brisc2025\classification_task\test\glioma\brisc2025_test_00036_gl_ax_t1.jpg,glioma,glioma,axial,0.93035066,0.023450635,0.023313629,0.022885041,0.93035066,True,True,0.93519884,0.878453,324.0,354.0,False
d:\Research\Multi-View Fusion Network\datasets\brisc2025\classification_task\test\glioma\brisc2025_test_00037_gl_ax_t1.jpg,glioma,glioma,axial,0.929648,0.02388343,0.023421483,0.02304711,0.929648,True,True,0.95446974,0.91292036,2789.0,2613.0,False
d:\Research\Multi-View Fusion Network\datasets\brisc2025\classification_task\test\glioma\brisc2025_test_00038_gl_ax_t1.jpg,glioma,glioma,axial,0.9290869,0.023741158,0.02339592,0.02377596,0.9290869,True,True,0.9435277,0.89312977,1336.0,1390.0,False
d:\Research\Multi-View Fusion Network\datasets\brisc2025\classification_task\test\glioma\brisc2025_test_00039_gl_ax_t1.jpg,glioma,glioma,axial,0.9285896,0.024055088,0.023099689,0.024255594,0.9285896,True,True,0.89456695,0.8093385,1003.0,855.0,False
d:\Research\Multi-View Fusion Network\datasets\brisc2025\classification_task\test\glioma\brisc2025_test_00040_gl_ax_t1.jpg,glioma,glioma,axial,0.9308161,0.023200346,0.023042291,0.022941254,0.9308161,True,True,0.66502833,0.49830124,1396.0,1248.0,False
d:\Research\Multi-View Fusion Network\datasets\brisc2025\classification_task\test\glioma\brisc2025_test_00041_gl_ax_t1.jpg,glioma,glioma,axial,0.92927766,0.023897242,0.023275374,0.023549737,0.92927766,True,True,0.00062150403,0.00062150403,1198.0,410.0,False
d:\Research\Multi-View Fusion Network\datasets\brisc2025\classification_task\test\glioma\brisc2025_test_00042_gl_ax_t1.jpg,glioma,glioma,axial,0.92929053,0.023700023,0.02333259,0.02367689,0.92929053,True,True,0.6072326,0.43619323,1275.0,715.0,False
d:\Research\Multi-View Fusion Network\datasets\brisc2025\classification_task\test\glioma\brisc2025_test_00043_gl_ax_t1.jpg,glioma,glioma,axial,0.9295458,0.023522051,0.023213979,0.023718113,0.9295458,True,True,0.6487044,0.4801493,2084.0,2276.0,False
d:\Research\Multi-View Fusion Network\datasets\brisc2025\classification_task\test\glioma\brisc2025_test_00044_gl_ax_t1.jpg,glioma,glioma,axial,0.92997223,0.023372522,0.023145381,0.02350987,0.92997223,True,True,0.9329696,0.87445253,601.0,681.0,False
d:\Research\Multi-View Fusion Network\datasets\brisc2025\classification_task\test\glioma\brisc2025_test_00045_gl_ax_t1.jpg,glioma,glioma,axial,0.9222497,0.026303109,0.02523377,0.026213357,0.9222497,True,True,0.00041220116,0.00041220116,2419.0,6.0,False
d:\Research\Multi-View Fusion Network\datasets\brisc2025\classification_task\test\glioma\brisc2025_test_00046_gl_ax_t1.jpg,glioma,glioma,axial,0.9309784,0.022990113,0.022633685,0.023397809,0.9309784,True,True,0.7759939,0.63405496,2391.0,1532.0,False
d:\Research\Multi-View Fusion Network\datasets\brisc2025\classification_task\test\glioma\brisc2025_test_00047_gl_ax_t1.jpg,glioma,glioma,axial,0.92490685,0.025368331,0.024480015,0.025244765,0.92490685,True,True,0.8580705,0.7516234,519.0,558.0,False
d:\Research\Multi-View Fusion Network\datasets\brisc2025\classification_task\test\glioma\brisc2025_test_00048_gl_ax_t1.jpg,glioma,glioma,axial,0.92817014,0.024458665,0.023055458,0.024315774,0.92817014,True,True,0.6682337,0.5020161,590.0,898.0,False
d:\Research\Multi-View Fusion Network\datasets\brisc2025\classification_task\test\glioma\brisc2025_test_00049_gl_ax_t1.jpg,glioma,glioma,axial,0.9301416,0.02330839,0.023456817,0.02309315,0.9301416,True,True,0.8437936,0.7301205,414.0,302.0,False
d:\Research\Multi-View Fusion Network\datasets\brisc2025\classification_task\test\glioma\brisc2025_test_00050_gl_ax_t1.jpg,glioma,glioma,axial,0.9306087,0.023480056,0.023308711,0.02260261,0.9306087,True,True,0.6736597,0.50877196,155.0,273.0,False
d:\Research\Multi-View Fusion Network\datasets\brisc2025\classification_task\test\glioma\brisc2025_test_00051_gl_ax_t1.jpg,glioma,glioma,axial,0.9304802,0.023180652,0.02305648,0.023282744,0.9304802,True,True,0.4548915,0.2945813,1882.0,744.0,False
d:\Research\Multi-View Fusion Network\datasets\brisc2025\classification_task\test\glioma\brisc2025_test_00052_gl_ax_t1.jpg,glioma,glioma,axial,0.9288283,0.023920702,0.023815813,0.023435136,0.9288283,True,True,0.9334559,0.87525845,1376.0,1343.0,False
d:\Research\Multi-View Fusion Network\datasets\brisc2025\classification_task\test\glioma\brisc2025_test_00053_gl_ax_t1.jpg,glioma,glioma,axial,0.93001544,0.023442185,0.023339393,0.02320304,0.93001544,True,True,0.1,0.05462185,48.0,201.0,False
d:\Research\Multi-View Fusion Network\datasets\brisc2025\classification_task\test\glioma\brisc2025_test_00054_gl_ax_t1.jpg,glioma,glioma,axial,0.9293312,0.02378221,0.02320862,0.023677928,0.9293312,True,True,0.45299146,0.29300368,1442.0,1014.0,False
d:\Research\Multi-View Fusion Network\datasets\brisc2025\classification_task\test\glioma\brisc2025_test_00055_gl_ax_t1.jpg,glioma,glioma,axial,0.9294093,0.02349564,0.023645258,0.023449795,0.9294093,True,True,0.9349476,0.8778833,1430.0,1336.0,False
d:\Research\Multi-View Fusion Network\datasets\brisc2025\classification_task\test\glioma\brisc2025_test_00056_gl_ax_t1.jpg,glioma,glioma,axial,0.91755843,0.027911548,0.027331622,0.027198493,0.91755843,True,True,0.8807829,0.7873016,287.0,274.0,False
d:\Research\Multi-View Fusion Network\datasets\brisc2025\classification_task\test\glioma\brisc2025_test_00057_gl_ax_t1.jpg,glioma,glioma,axial,0.9293132,0.023447368,0.023654358,0.02358516,0.9293132,True,True,0.007936508,0.007936508,125.0,0.0,True
d:\Research\Multi-View Fusion Network\datasets\brisc2025\classification_task\test\glioma\brisc2025_test_00058_gl_ax_t1.jpg,glioma,glioma,axial,0.93022645,0.023321902,0.02337891,0.023072714,0.93022645,True,True,0.751606,0.60273975,260.0,206.0,False
d:\Research\Multi-View Fusion Network\datasets\brisc2025\classification_task\test\glioma\brisc2025_test_00059_gl_ax_t1.jpg,glioma,glioma,axial,0.92981976,0.0234487,0.02300639,0.023725104,0.92981976,True,True,0.783857,0.6447017,1100.0,745.0,False
d:\Research\Multi-View Fusion Network\datasets\brisc2025\classification_task\test\glioma\brisc2025_test_00060_gl_ax_t1.jpg,glioma,glioma,axial,0.8679877,0.030007023,0.06844821,0.03355708,0.8679877,True,True,0.3832998,0.2375622,564.0,429.0,False
d:\Research\Multi-View Fusion Network\datasets\brisc2025\classification_task\test\glioma\brisc2025_test_00061_gl_ax_t1.jpg,glioma,glioma,axial,0.92631984,0.024137307,0.025025405,0.024517413,0.92631984,True,True,0.29278076,0.17214398,555.0,192.0,False
d:\Research\Multi-View Fusion Network\datasets\brisc2025\classification_task\test\glioma\brisc2025_test_00062_gl_ax_t1.jpg,glioma,glioma,axial,0.92987376,0.023381459,0.023041455,0.023703324,0.92987376,True,True,0.74988955,0.6,1329.0,933.0,False
d:\Research\Multi-View Fusion Network\datasets\brisc2025\classification_task\test\glioma\brisc2025_test_00063_gl_ax_t1.jpg,glioma,glioma,axial,0.92907554,0.024303865,0.023395633,0.023224905,0.92907554,True,True,0.88408077,0.79229325,2037.0,1775.0,False
d:\Research\Multi-View Fusion Network\datasets\brisc2025\classification_task\test\glioma\brisc2025_test_00064_gl_ax_t1.jpg,glioma,glioma,axial,0.92082673,0.03203642,0.0228954,0.02424147,0.92082673,True,True,0.9654971,0.93333334,872.0,837.0,False
d:\Research\Multi-View Fusion Network\datasets\brisc2025\classification_task\test\glioma\brisc2025_test_00065_gl_ax_t1.jpg,glioma,glioma,axial,0.925334,0.02510887,0.025256425,0.024300728,0.925334,True,True,0.78097343,0.6413044,275.0,176.0,False
d:\Research\Multi-View Fusion Network\datasets\brisc2025\classification_task\test\glioma\brisc2025_test_00066_gl_ax_t1.jpg,glioma,glioma,axial,0.9281667,0.02436322,0.023764012,0.023706064,0.9281667,True,True,0.92666924,0.8634076,1304.0,1286.0,False
d:\Research\Multi-View Fusion Network\datasets\brisc2025\classification_task\test\glioma\brisc2025_test_00067_gl_ax_t1.jpg,glioma,glioma,axial,0.9292669,0.023354797,0.023446202,0.023931997,0.9292669,True,True,0.15656565,0.08576642,46.0,547.0,False
d:\Research\Multi-View Fusion Network\datasets\brisc2025\classification_task\test\glioma\brisc2025_test_00068_gl_ax_t1.jpg,glioma,glioma,axial,0.9313752,0.023123778,0.023044877,0.02245615,0.9313752,True,True,0.9394856,0.8860399,321.0,339.0,False
d:\Research\Multi-View Fusion Network\datasets\brisc2025\classification_task\test\glioma\brisc2025_test_00069_gl_ax_t1.jpg,glioma,glioma,axial,0.93004555,0.023454392,0.023045711,0.023454392,0.93004555,True,True,0.6907757,0.528,509.0,444.0,False
d:\Research\Multi-View Fusion Network\datasets\brisc2025\classification_task\test\glioma\brisc2025_test_00070_gl_ax_t1.jpg,glioma,glioma,axial,0.92949295,0.023693616,0.023246689,0.023566697,0.92949295,True,True,0.4609005,0.3,283.0,560.0,False
d:\Research\Multi-View Fusion Network\datasets\brisc2025\classification_task\test\glioma\brisc2025_test_00071_gl_ax_t1.jpg,glioma,glioma,axial,0.9282975,0.024236131,0.023570891,0.023895362,0.9282975,True,True,0.96465516,0.93178034,578.0,581.0,False
d:\Research\Multi-View Fusion Network\datasets\brisc2025\classification_task\test\glioma\brisc2025_test_00072_gl_ax_t1.jpg,glioma,glioma,axial,0.9266816,0.024503049,0.024491087,0.024324238,0.9266816,True,True,0.9165357,0.84595096,3343.0,3653.0,False
d:\Research\Multi-View Fusion Network\datasets\brisc2025\classification_task\test\glioma\brisc2025_test_00073_gl_ax_t1.jpg,glioma,glioma,axial,0.92627615,0.024963204,0.024124386,0.02463626,0.92627615,True,True,0.9536544,0.9114246,4260.0,4003.0,False
d:\Research\Multi-View Fusion Network\datasets\brisc2025\classification_task\test\glioma\brisc2025_test_00074_gl_ax_t1.jpg,glioma,glioma,axial,0.92953706,0.02355631,0.02333878,0.023567814,0.92953706,True,True,0.91658944,0.84615386,510.0,568.0,False
d:\Research\Multi-View Fusion Network\datasets\brisc2025\classification_task\test\glioma\brisc2025_test_00075_gl_ax_t1.jpg,glioma,glioma,axial,0.92929095,0.02376957,0.023423923,0.0235156,0.92929095,True,True,0.96666664,0.9355433,520.0,529.0,False
d:\Research\Multi-View Fusion Network\datasets\brisc2025\classification_task\test\glioma\brisc2025_test_00076_gl_ax_t1.jpg,glioma,glioma,axial,0.93014693,0.02375664,0.02308201,0.023014484,0.93014693,True,True,0.89487517,0.8099762,416.0,344.0,False
d:\Research\Multi-View Fusion Network\datasets\brisc2025\classification_task\test\glioma\brisc2025_test_00077_gl_ax_t1.jpg,glioma,glioma,axial,0.9300214,0.023112727,0.023124015,0.02374184,0.9300214,True,True,0.8219585,0.6979866,466.0,544.0,False
d:\Research\Multi-View Fusion Network\datasets\brisc2025\classification_task\test\glioma\brisc2025_test_00078_gl_ax_t1.jpg,glioma,glioma,axial,0.9290502,0.023786634,0.023201603,0.02396149,0.9290502,True,True,0.9553385,0.91455275,741.0,691.0,False
d:\Research\Multi-View Fusion Network\datasets\brisc2025\classification_task\test\glioma\brisc2025_test_00079_gl_ax_t1.jpg,glioma,glioma,axial,0.93031627,0.023233222,0.022828393,0.023622151,0.93031627,True,True,0.92540073,0.86123854,859.0,762.0,False
d:\Research\Multi-View Fusion Network\datasets\brisc2025\classification_task\test\glioma\brisc2025_test_00080_gl_ax_t1.jpg,glioma,glioma,axial,0.92895895,0.024312682,0.023415554,0.02331288,0.92895895,True,True,0.86706495,0.7653779,2275.0,1741.0,False
d:\Research\Multi-View Fusion Network\datasets\brisc2025\classification_task\test\glioma\brisc2025_test_00081_gl_ax_t1.jpg,glioma,glioma,axial,0.92974925,0.023619281,0.023366919,0.023264455,0.92974925,True,True,0.93553007,0.87903225,350.0,347.0,False
d:\Research\Multi-View Fusion Network\datasets\brisc2025\classification_task\test\glioma\brisc2025_test_00082_gl_ax_t1.jpg,glioma,glioma,axial,0.92210734,0.02844994,0.024298903,0.025143787,0.92210734,True,True,0.7467249,0.5961003,427.0,717.0,False
d:\Research\Multi-View Fusion Network\datasets\brisc2025\classification_task\test\glioma\brisc2025_test_00083_gl_ax_t1.jpg,glioma,glioma,axial,0.92807835,0.02423041,0.023496388,0.024194939,0.92807835,True,True,0.78556913,0.6471572,509.0,474.0,False
d:\Research\Multi-View Fusion Network\datasets\brisc2025\classification_task\test\glioma\brisc2025_test_00084_gl_ax_t1.jpg,glioma,glioma,axial,0.930011,0.02363747,0.022943806,0.02340776,0.930011,True,True,0.6717009,0.5057771,2641.0,1397.0,False
d:\Research\Multi-View Fusion Network\datasets\brisc2025\classification_task\test\glioma\brisc2025_test_00085_gl_ax_t1.jpg,glioma,glioma,axial,0.9298637,0.023346981,0.02308625,0.023703067,0.9298637,True,True,0.8674033,0.7669903,83.0,97.0,False
d:\Research\Multi-View Fusion Network\datasets\brisc2025\classification_task\test\glioma\brisc2025_test_00086_gl_co_t1.jpg,glioma,glioma,coronal,0.92875767,0.02449806,0.023651762,0.023092594,0.92875767,True,True,0.96177846,0.9264264,625.0,656.0,False
d:\Research\Multi-View Fusion Network\datasets\brisc2025\classification_task\test\glioma\brisc2025_test_00087_gl_co_t1.jpg,glioma,glioma,coronal,0.9304651,0.02357983,0.022910217,0.023044853,0.9304651,True,True,0.79626626,0.66172504,739.0,492.0,False
d:\Research\Multi-View Fusion Network\datasets\brisc2025\classification_task\test\glioma\brisc2025_test_00088_gl_co_t1.jpg,glioma,glioma,coronal,0.9278202,0.024223669,0.023708787,0.024247335,0.9278202,True,True,0.60933805,0.4384027,1161.0,530.0,False
d:\Research\Multi-View Fusion Network\datasets\brisc2025\classification_task\test\glioma\brisc2025_test_00089_gl_co_t1.jpg,glioma,glioma,coronal,0.93010587,0.023605276,0.022890193,0.023398718,0.93010587,True,True,0.92670536,0.8635135,665.0,712.0,False
d:\Research\Multi-View Fusion Network\datasets\brisc2025\classification_task\test\glioma\brisc2025_test_00090_gl_co_t1.jpg,glioma,glioma,coronal,0.9304066,0.023235476,0.023088453,0.023269538,0.9304066,True,True,0.9272405,0.8644628,528.0,598.0,False
d:\Research\Multi-View Fusion Network\datasets\brisc2025\classification_task\test\glioma\brisc2025_test_00091_gl_co_t1.jpg,glioma,glioma,coronal,0.9308337,0.023325734,0.022707647,0.023132915,0.9308337,True,True,0.9647524,0.9319249,1628.0,1662.0,False
d:\Research\Multi-View Fusion Network\datasets\brisc2025\classification_task\test\glioma\brisc2025_test_00092_gl_co_t1.jpg,glioma,glioma,coronal,0.92578435,0.027122615,0.023063667,0.024029305,0.92578435,True,True,0.8962433,0.81229776,306.0,252.0,False
d:\Research\Multi-View Fusion Network\datasets\brisc2025\classification_task\test\glioma\brisc2025_test_00093_gl_co_t1.jpg,glioma,glioma,coronal,0.9264285,0.02574728,0.023351772,0.024472445,0.9264285,True,True,0.8266254,0.7047452,470.0,498.0,False
d:\Research\Multi-View Fusion Network\datasets\brisc2025\classification_task\test\glioma\brisc2025_test_00094_gl_co_t1.jpg,glioma,glioma,coronal,0.9272038,0.025024833,0.02366991,0.024101427,0.9272038,True,True,0.8502879,0.74,232.0,288.0,False
d:\Research\Multi-View Fusion Network\datasets\brisc2025\classification_task\test\glioma\brisc2025_test_00095_gl_co_t1.jpg,glioma,glioma,coronal,0.9296098,0.023824213,0.02279992,0.023766119,0.9296098,True,True,0.90527344,0.8270945,538.0,485.0,False
d:\Research\Multi-View Fusion Network\datasets\brisc2025\classification_task\test\glioma\brisc2025_test_00096_gl_co_t1.jpg,glioma,glioma,coronal,0.92816204,0.024710538,0.023258785,0.023868553,0.92816204,True,True,0.554007,0.3846154,207.0,79.0,False
d:\Research\Multi-View Fusion Network\datasets\brisc2025\classification_task\test\glioma\brisc2025_test_00097_gl_co_t1.jpg,glioma,glioma,coronal,0.92710465,0.02477899,0.023911312,0.024204986,0.92710465,True,True,0.8937317,0.80790645,3432.0,3060.0,False
d:\Research\Multi-View Fusion Network\datasets\brisc2025\classification_task\test\glioma\brisc2025_test_00098_gl_co_t1.jpg,glioma,glioma,coronal,0.9294728,0.02354318,0.023337167,0.02364687,0.9294728,True,True,0.8088496,0.6795252,331.0,233.0,False
d:\Research\Multi-View Fusion Network\datasets\brisc2025\classification_task\test\glioma\brisc2025_test_00099_gl_co_t1.jpg,glioma,glioma,coronal,0.9153969,0.031079402,0.026402518,0.027121175,0.9153969,True,True,0.0016920473,0.0016920473,50.0,540.0,False
d:\Research\Multi-View Fusion Network\datasets\brisc2025\classification_task\test\glioma\brisc2025_test_00100_gl_co_t1.jpg,glioma,glioma,coronal,0.92833793,0.024260864,0.02341133,0.023989929,0.92833793,True,True,0.57223266,0.4015748,361.0,171.0,False
d:\Research\Multi-View Fusion Network\datasets\brisc2025\classification_task\test\glioma\brisc2025_test_00101_gl_co_t1.jpg,glioma,glioma,coronal,0.92979234,0.023425119,0.023254177,0.023528289,0.92979234,True,True,0.9162791,0.8457143,311.0,333.0,False
d:\Research\Multi-View Fusion Network\datasets\brisc2025\classification_task\test\glioma\brisc2025_test_00102_gl_co_t1.jpg,glioma,glioma,coronal,0.9295655,0.023986489,0.022798834,0.023649229,0.9295655,True,True,0.9557783,0.9153499,870.0,825.0,False
d:\Research\Multi-View Fusion Network\datasets\brisc2025\classification_task\test\glioma\brisc2025_test_00103_gl_co_t1.jpg,glioma,glioma,coronal,0.9293971,0.023783896,0.023369472,0.023449486,0.9293971,True,True,0.95098037,0.90657437,1414.0,1339.0,False
d:\Research\Multi-View Fusion Network\datasets\brisc2025\classification_task\test\glioma\brisc2025_test_00104_gl_co_t1.jpg,glioma,glioma,coronal,0.9296525,0.023639899,0.023171345,0.02353624,0.9296525,True,True,0.8548387,0.74660194,1004.0,793.0,False
d:\Research\Multi-View Fusion Network\datasets\brisc2025\classification_task\test\glioma\brisc2025_test_00105_gl_co_t1.jpg,glioma,glioma,coronal,0.92857856,0.024137164,0.02346318,0.023821037,0.92857856,True,True,0.6074972,0.43670887,279.0,627.0,False
d:\Research\Multi-View Fusion Network\datasets\brisc2025\classification_task\test\glioma\brisc2025_test_00106_gl_co_t1.jpg,glioma,glioma,coronal,0.9272463,0.024782777,0.023440957,0.024529953,0.9272463,True,True,0.8421196,0.72735804,1806.0,1873.0,False
d:\Research\Multi-View Fusion Network\datasets\brisc2025\classification_task\test\glioma\brisc2025_test_00107_gl_co_t1.jpg,glioma,glioma,coronal,0.9293943,0.023795443,0.023142299,0.023667974,0.9293943,True,True,0.8120076,0.6835848,2017.0,1663.0,False
d:\Research\Multi-View Fusion Network\datasets\brisc2025\classification_task\test\glioma\brisc2025_test_00108_gl_co_t1.jpg,glioma,glioma,coronal,0.9292508,0.024142845,0.02334299,0.023263339,0.9292508,True,True,0.94343436,0.8929936,759.0,725.0,False
d:\Research\Multi-View Fusion Network\datasets\brisc2025\classification_task\test\glioma\brisc2025_test_00109_gl_co_t1.jpg,glioma,glioma,coronal,0.9296542,0.02350183,0.023296176,0.023547776,0.9296542,True,True,0.95523584,0.9143731,627.0,623.0,False
d:\Research\Multi-View Fusion Network\datasets\brisc2025\classification_task\test\glioma\brisc2025_test_00110_gl_co_t1.jpg,glioma,glioma,coronal,0.92968744,0.024013076,0.023228858,0.02307061,0.92968744,True,True,0.96258354,0.927897,1083.0,1161.0,False
d:\Research\Multi-View Fusion Network\datasets\brisc2025\classification_task\test\glioma\brisc2025_test_00111_gl_co_t1.jpg,glioma,glioma,coronal,0.92660993,0.024549054,0.024038993,0.024802074,0.92660993,True,True,0.8756614,0.7793427,167.0,210.0,False
d:\Research\Multi-View Fusion Network\datasets\brisc2025\classification_task\test\glioma\brisc2025_test_00112_gl_co_t1.jpg,glioma,glioma,coronal,0.9283677,0.024119902,0.023298042,0.024214303,0.9283677,True,True,0.2484326,0.14221825,206.0,1069.0,False
d:\Research\Multi-View Fusion Network\datasets\brisc2025\classification_task\test\glioma\brisc2025_test_00113_gl_co_t1.jpg,glioma,glioma,coronal,0.9290601,0.02392667,0.023156578,0.023856675,0.9290601,True,True,0.7086392,0.548951,639.0,1131.0,False
d:\Research\Multi-View Fusion Network\datasets\brisc2025\classification_task\test\glioma\brisc2025_test_00114_gl_co_t1.jpg,glioma,glioma,coronal,0.9284115,0.024693051,0.023550773,0.02334469,0.9284115,True,True,0.82683563,0.70487267,1567.0,1510.0,False
d:\Research\Multi-View Fusion Network\datasets\brisc2025\classification_task\test\glioma\brisc2025_test_00115_gl_co_t1.jpg,glioma,glioma,coronal,0.9295246,0.023567498,0.02321345,0.023694422,0.9295246,True,True,0.73139745,0.57714283,342.0,208.0,False
d:\Research\Multi-View Fusion Network\datasets\brisc2025\classification_task\test\glioma\brisc2025_test_00116_gl_co_t1.jpg,glioma,glioma,coronal,0.92949295,0.023589721,0.02323534,0.023682049,0.92949295,True,True,0.8381113,0.7217391,278.0,314.0,False
d:\Research\Multi-View Fusion Network\datasets\brisc2025\classification_task\test\glioma\brisc2025_test_00117_gl_co_t1.jpg,glioma,glioma,coronal,0.92842114,0.024561033,0.022659853,0.024358,0.92842114,True,True,0.4511173,0.2918919,554.0,161.0,False
d:\Research\Multi-View Fusion Network\datasets\brisc2025\classification_task\test\glioma\brisc2025_test_00118_gl_co_t1.jpg,glioma,glioma,coronal,0.92353696,0.026767679,0.024265379,0.0254299,0.92353696,True,True,0.89258313,0.80615383,529.0,643.0,False
d:\Research\Multi-View Fusion Network\datasets\brisc2025\classification_task\test\glioma\brisc2025_test_00119_gl_co_t1.jpg,glioma,glioma,coronal,0.9287141,0.023929441,0.02321587,0.024140684,0.9287141,True,True,0.77158177,0.62827224,823.0,1041.0,False
d:\Research\Multi-View Fusion Network\datasets\brisc2025\classification_task\test\glioma\brisc2025_test_00120_gl_co_t1.jpg,glioma,glioma,coronal,0.92976916,0.02355069,0.02310646,0.0235737,0.92976916,True,True,0.91411763,0.84199136,432.0,417.0,False
d:\Research\Multi-View Fusion Network\datasets\brisc2025\classification_task\test\glioma\brisc2025_test_00121_gl_co_t1.jpg,glioma,glioma,coronal,0.9279962,0.024122026,0.023379868,0.024501892,0.9279962,True,True,0.90499824,0.8265372,1535.0,1285.0,False
d:\Research\Multi-View Fusion Network\datasets\brisc2025\classification_task\test\glioma\brisc2025_test_00122_gl_co_t1.jpg,glioma,glioma,coronal,0.92773306,0.024435217,0.023904163,0.023927521,0.92773306,True,True,0.8433628,0.7293578,559.0,570.0,False
d:\Research\Multi-View Fusion Network\datasets\brisc2025\classification_task\test\glioma\brisc2025_test_00123_gl_co_t1.jpg,glioma,glioma,coronal,0.92994004,0.023578033,0.02317851,0.02330334,0.92994004,True,True,0.6448598,0.47614,595.0,795.0,False
d:\Research\Multi-View Fusion Network\datasets\brisc2025\classification_task\test\glioma\brisc2025_test_00124_gl_co_t1.jpg,glioma,glioma,coronal,0.9293514,0.023957556,0.023334118,0.023356918,0.9293514,True,True,0.828252,0.7071057,539.0,444.0,False
d:\Research\Multi-View Fusion Network\datasets\brisc2025\classification_task\test\glioma\brisc2025_test_00125_gl_co_t1.jpg,glioma,glioma,coronal,0.92934036,0.023957273,0.023242872,0.023459505,0.92934036,True,True,0.67108434,0.5054348,402.0,427.0,False
d:\Research\Multi-View Fusion Network\datasets\brisc2025\classification_task\test\glioma\brisc2025_test_00126_gl_co_t1.jpg,glioma,glioma,coronal,0.9287326,0.0239767,0.02362804,0.023662675,0.9287326,True,True,0.87598646,0.77955914,472.0,414.0,False
d:\Research\Multi-View Fusion Network\datasets\brisc2025\classification_task\test\glioma\brisc2025_test_00127_gl_co_t1.jpg,glioma,glioma,coronal,0.9282546,0.024270538,0.023824356,0.023650497,0.9282546,True,True,0.95555556,0.91497225,520.0,514.0,False
d:\Research\Multi-View Fusion Network\datasets\brisc2025\classification_task\test\glioma\brisc2025_test_00128_gl_co_t1.jpg,glioma,glioma,coronal,0.92930937,0.023642713,0.023208074,0.023839785,0.92930937,True,True,0.8356164,0.7180157,345.0,311.0,False
d:\Research\Multi-View Fusion Network\datasets\brisc2025\classification_task\test\glioma\brisc2025_test_00129_gl_co_t1.jpg,glioma,glioma,coronal,0.9291923,0.02386007,0.023273237,0.02367439,0.9291923,True,True,0.93507665,0.8781726,542.0,566.0,False
d:\Research\Multi-View Fusion Network\datasets\brisc2025\classification_task\test\glioma\brisc2025_test_00130_gl_co_t1.jpg,glioma,glioma,coronal,0.9286421,0.024221461,0.023648819,0.023487713,0.9286421,True,True,0.86987746,0.76980567,1332.0,1034.0,False
d:\Research\Multi-View Fusion Network\datasets\brisc2025\classification_task\test\glioma\brisc2025_test_00131_gl_co_t1.jpg,glioma,glioma,coronal,0.9280454,0.023784121,0.023426818,0.024743652,0.9280454,True,True,0.0023980816,0.0023980816,416.0,0.0,True
d:\Research\Multi-View Fusion Network\datasets\brisc2025\classification_task\test\glioma\brisc2025_test_00132_gl_co_t1.jpg,glioma,glioma,coronal,0.92876506,0.023872402,0.023536747,0.023825822,0.92876506,True,True,0.5697823,0.39892665,513.0,267.0,False
d:\Research\Multi-View Fusion Network\datasets\brisc2025\classification_task\test\glioma\brisc2025_test_00133_gl_co_t1.jpg,glioma,glioma,coronal,0.93070966,0.023322625,0.0228492,0.023118539,0.93070966,True,True,0.95297503,0.9102564,505.0,536.0,False
d:\Research\Multi-View Fusion Network\datasets\brisc2025\classification_task\test\glioma\brisc2025_test_00134_gl_co_t1.jpg,glioma,glioma,coronal,0.9292822,0.024131875,0.023150807,0.023435142,0.9292822,True,True,0.93966264,0.8862153,2398.0,2225.0,False
d:\Research\Multi-View Fusion Network\datasets\brisc2025\classification_task\test\glioma\brisc2025_test_00135_gl_co_t1.jpg,glioma,glioma,coronal,0.9301205,0.023467738,0.023103906,0.023307862,0.9301205,True,True,0.4519112,0.29219747,425.0,1196.0,False
d:\Research\Multi-View Fusion Network\datasets\brisc2025\classification_task\test\glioma\brisc2025_test_00136_gl_co_t1.jpg,glioma,glioma,coronal,0.9305275,0.023592928,0.022889392,0.0229902,0.9305275,True,True,0.9044983,0.82575756,690.0,754.0,False
d:\Research\Multi-View Fusion Network\datasets\brisc2025\classification_task\test\glioma\brisc2025_test_00137_gl_co_t1.jpg,glioma,glioma,coronal,0.92910945,0.024269175,0.022809917,0.02381139,0.92910945,True,True,0.7861525,0.6479077,526.0,614.0,False
d:\Research\Multi-View Fusion Network\datasets\brisc2025\classification_task\test\glioma\brisc2025_test_00138_gl_co_t1.jpg,glioma,glioma,coronal,0.9299502,0.02356678,0.023099674,0.02338338,0.9299502,True,True,0.9260591,0.8623512,1326.0,1175.0,False
d:\Research\Multi-View Fusion Network\datasets\brisc2025\classification_task\test\glioma\brisc2025_test_00139_gl_co_t1.jpg,glioma,glioma,coronal,0.9241033,0.025420658,0.024856051,0.025620034,0.9241033,True,True,0.7383821,0.58583105,365.0,215.0,False
d:\Research\Multi-View Fusion Network\datasets\brisc2025\classification_task\test\glioma\brisc2025_test_00140_gl_co_t1.jpg,glioma,glioma,coronal,0.923257,0.024652066,0.026306137,0.025784736,0.923257,True,True,0.67611337,0.5121951,145.0,101.0,False
d:\Research\Multi-View Fusion Network\datasets\brisc2025\classification_task\test\glioma\brisc2025_test_00141_gl_co_t1.jpg,glioma,glioma,coronal,0.92928416,0.023711437,0.022825347,0.024179105,0.92928416,True,True,0.6001529,0.4290393,615.0,692.0,False
d:\Research\Multi-View Fusion Network\datasets\brisc2025\classification_task\test\glioma\brisc2025_test_00142_gl_co_t1.jpg,glioma,glioma,coronal,0.9297699,0.023527721,0.02315165,0.023550708,0.9297699,True,True,0.8672199,0.76642334,108.0,132.0,False
d:\Research\Multi-View Fusion Network\datasets\brisc2025\classification_task\test\glioma\brisc2025_test_00143_gl_co_t1.jpg,glioma,glioma,coronal,0.92845607,0.024110422,0.023323026,0.024110422,0.92845607,True,True,0.61178046,0.44123313,454.0,292.0,False
d:\Research\Multi-View Fusion Network\datasets\brisc2025\classification_task\test\glioma\brisc2025_test_00144_gl_co_t1.jpg,glioma,glioma,coronal,0.9302749,0.02391121,0.022649735,0.023164226,0.9302749,True,True,0.1911967,0.10638298,71.0,655.0,False
d:\Research\Multi-View Fusion Network\datasets\brisc2025\classification_task\test\glioma\brisc2025_test_00145_gl_co_t1.jpg,glioma,glioma,coronal,0.930489,0.023591952,0.022533592,0.02338551,0.930489,True,True,0.7620818,0.61584634,581.0,763.0,False
d:\Research\Multi-View Fusion Network\datasets\brisc2025\classification_task\test\glioma\brisc2025_test_00146_gl_co_t1.jpg,glioma,glioma,coronal,0.93062264,0.02352631,0.022824762,0.023026254,0.93062264,True,True,0.70418006,0.5445545,129.0,181.0,False
d:\Research\Multi-View Fusion Network\datasets\brisc2025\classification_task\test\glioma\brisc2025_test_00147_gl_co_t1.jpg,glioma,glioma,coronal,0.92122006,0.027737057,0.02557754,0.025465384,0.92122006,True,True,0.9625293,0.92781955,659.0,621.0,False
d:\Research\Multi-View Fusion Network\datasets\brisc2025\classification_task\test\glioma\brisc2025_test_00148_gl_co_t1.jpg,glioma,glioma,coronal,0.92505205,0.025834868,0.024760375,0.024352705,0.92505205,True,True,0.9730061,0.94749403,402.0,412.0,False
d:\Research\Multi-View Fusion Network\datasets\brisc2025\classification_task\test\glioma\brisc2025_test_00149_gl_co_t1.jpg,glioma,glioma,coronal,0.92829764,0.023605447,0.023837095,0.024259811,0.92829764,True,True,0.92321426,0.8576159,290.0,269.0,False
d:\Research\Multi-View Fusion Network\datasets\brisc2025\classification_task\test\glioma\brisc2025_test_00150_gl_co_t1.jpg,glioma,glioma,coronal,0.92942315,0.023865998,0.022739759,0.023971109,0.92942315,True,True,0.7569767,0.6093458,407.0,452.0,False
d:\Research\Multi-View Fusion Network\datasets\brisc2025\classification_task\test\glioma\brisc2025_test_00151_gl_co_t1.jpg,glioma,glioma,coronal,0.9275656,0.025317334,0.023403276,0.023713859,0.9275656,True,True,0.7019802,0.54115856,644.0,365.0,False
d:\Research\Multi-View Fusion Network\datasets\brisc2025\classification_task\test\glioma\brisc2025_test_00152_gl_co_t1.jpg,glioma,glioma,coronal,0.9299205,0.023750857,0.022774156,0.02355452,0.9299205,True,True,0.96708244,0.93628436,1435.0,1450.0,False
d:\Research\Multi-View Fusion Network\datasets\brisc2025\classification_task\test\glioma\brisc2025_test_00153_gl_co_t1.jpg,glioma,glioma,coronal,0.92968994,0.023942892,0.023160964,0.023206245,0.92968994,True,True,0.929375,0.8681447,834.0,765.0,False
d:\Research\Multi-View Fusion Network\datasets\brisc2025\classification_task\test\glioma\brisc2025_test_00154_gl_co_t1.jpg,glioma,glioma,coronal,0.92930156,0.024179557,0.023106117,0.023412755,0.92930156,True,True,0.80752456,0.6773309,972.0,861.0,False
d:\Research\Multi-View Fusion Network\datasets\brisc2025\classification_task\test\glioma\brisc2025_test_00155_gl_co_t1.jpg,glioma,glioma,coronal,0.92772907,0.02441126,0.02359099,0.024268642,0.92772907,True,True,0.91067076,0.8360167,3333.0,2823.0,False
d:\Research\Multi-View Fusion Network\datasets\brisc2025\classification_task\test\glioma\brisc2025_test_00156_gl_co_t1.jpg,glioma,glioma,coronal,0.9293316,0.024192149,0.023005543,0.023470744,0.9293316,True,True,0.7817273,0.6417502,1440.0,2160.0,False
d:\Research\Multi-View Fusion Network\datasets\brisc2025\classification_task\test\glioma\brisc2025_test_00157_gl_co_t1.jpg,glioma,glioma,coronal,0.92886245,0.024298292,0.02323092,0.023608278,0.92886245,True,True,0.8190717,0.69362676,3006.0,2918.0,False
d:\Research\Multi-View Fusion Network\datasets\brisc2025\classification_task\test\glioma\brisc2025_test_00158_gl_co_t1.jpg,glioma,glioma,coronal,0.93025386,0.023494037,0.022826862,0.023425305,0.93025386,True,True,0.8011976,0.6683979,2290.0,1884.0,False
d:\Research\Multi-View Fusion Network\datasets\brisc2025\classification_task\test\glioma\brisc2025_test_00159_gl_co_t1.jpg,glioma,glioma,coronal,0.9282347,0.024676297,0.023113422,0.023975551,0.9282347,True,True,0.94871795,0.9024896,947.0,885.0,False
d:\Research\Multi-View Fusion Network\datasets\brisc2025\classification_task\test\glioma\brisc2025_test_00160_gl_co_t1.jpg,glioma,glioma,coronal,0.9292198,0.024059664,0.022801487,0.023919102,0.9292198,True,True,0.76064444,0.6138614,1364.0,1242.0,False
d:\Research\Multi-View Fusion Network\datasets\brisc2025\classification_task\test\glioma\brisc2025_test_00161_gl_co_t1.jpg,glioma,glioma,coronal,0.92759734,0.024950031,0.02319928,0.024253353,0.92759734,True,True,0.91771305,0.8479763,1880.0,1862.0,False
d:\Research\Multi-View Fusion Network\datasets\brisc2025\classification_task\test\glioma\brisc2025_test_00162_gl_co_t1.jpg,glioma,glioma,coronal,0.9286973,0.024152039,0.02352354,0.023627143,0.9286973,True,True,0.82435423,0.7013802,680.0,674.0,False
d:\Research\Multi-View Fusion Network\datasets\brisc2025\classification_task\test\glioma\brisc2025_test_00163_gl_co_t1.jpg,glioma,glioma,coronal,0.9282285,0.024436329,0.02352315,0.023812057,0.9282285,True,True,0.90707964,0.8300971,543.0,586.0,False
d:\Research\Multi-View Fusion Network\datasets\brisc2025\classification_task\test\glioma\brisc2025_test_00164_gl_co_t1.jpg,glioma,glioma,coronal,0.9293492,0.024263589,0.022927478,0.023459729,0.9293492,True,True,0.9008547,0.8196357,2202.0,1892.0,False
d:\Research\Multi-View Fusion Network\datasets\brisc2025\classification_task\test\glioma\brisc2025_test_00165_gl_co_t1.jpg,glioma,glioma,coronal,0.929379,0.023981676,0.023017954,0.023621406,0.929379,True,True,0.9201405,0.85212487,2266.0,2003.0,False
d:\Research\Multi-View Fusion Network\datasets\brisc2025\classification_task\test\glioma\brisc2025_test_00166_gl_co_t1.jpg,glioma,glioma,coronal,0.9297082,0.023710676,0.022835761,0.023745434,0.9297082,True,True,0.6986439,0.537037,848.0,1142.0,False
d:\Research\Multi-View Fusion Network\datasets\brisc2025\classification_task\test\glioma\brisc2025_test_00167_gl_sa_t1.jpg,glioma,glioma,sagittal,0.9299116,0.023913544,0.023098717,0.023076171,0.9299116,True,True,0.9327462,0.87406296,629.0,619.0,False
d:\Research\Multi-View Fusion Network\datasets\brisc2025\classification_task\test\glioma\brisc2025_test_00168_gl_sa_t1.jpg,glioma,glioma,sagittal,0.9300381,0.02383519,0.022855021,0.023271682,0.9300381,True,True,0.7493815,0.599288,2434.0,1607.0,False
d:\Research\Multi-View Fusion Network\datasets\brisc2025\classification_task\test\glioma\brisc2025_test_00169_gl_sa_t1.jpg,glioma,glioma,sagittal,0.9299676,0.023728875,0.02295394,0.02334959,0.9299676,True,True,0.840971,0.725641,2318.0,1718.0,False
d:\Research\Multi-View Fusion Network\datasets\brisc2025\classification_task\test\glioma\brisc2025_test_00170_gl_sa_t1.jpg,glioma,glioma,sagittal,0.92965716,0.02418881,0.02281222,0.023341795,0.92965716,True,True,0.85622644,0.7486807,1510.0,1139.0,False
d:\Research\Multi-View Fusion Network\datasets\brisc2025\classification_task\test\glioma\brisc2025_test_00171_gl_sa_t1.jpg,glioma,glioma,sagittal,0.9292554,0.023768663,0.023184078,0.023791887,0.9292554,True,True,0.84251326,0.72797745,1396.0,1054.0,False
d:\Research\Multi-View Fusion Network\datasets\brisc2025\classification_task\test\glioma\brisc2025_test_00172_gl_sa_t1.jpg,glioma,glioma,sagittal,0.92863226,0.023868987,0.02340732,0.024091458,0.92863226,True,True,0.78526783,0.6465834,1323.0,916.0,False
d:\Research\Multi-View Fusion Network\datasets\brisc2025\classification_task\test\glioma\brisc2025_test_00173_gl_sa_t1.jpg,glioma,glioma,sagittal,0.930847,0.023155846,0.022852574,0.023144543,0.930847,True,True,0.7790698,0.6392405,144.0,113.0,False
d:\Research\Multi-View Fusion Network\datasets\brisc2025\classification_task\test\glioma\brisc2025_test_00174_gl_sa_t1.jpg,glioma,glioma,sagittal,0.9304379,0.023190921,0.023066694,0.023304434,0.9304379,True,True,0.9712389,0.944206,224.0,227.0,False
d:\Research\Multi-View Fusion Network\datasets\brisc2025\classification_task\test\glioma\brisc2025_test_00175_gl_sa_t1.jpg,glioma,glioma,sagittal,0.9291077,0.024292843,0.023214374,0.023385024,0.9291077,True,True,0.8603604,0.7551343,514.0,595.0,False
d:\Research\Multi-View Fusion Network\datasets\brisc2025\classification_task\test\glioma\brisc2025_test_00176_gl_sa_t1.jpg,glioma,glioma,sagittal,0.9183381,0.025225088,0.0300141,0.02642276,0.9183381,True,True,0.0026954177,0.0026954177,276.0,94.0,False
d:\Research\Multi-View Fusion Network\datasets\brisc2025\classification_task\test\glioma\brisc2025_test_00177_gl_sa_t1.jpg,glioma,glioma,sagittal,0.92879397,0.023583496,0.023491554,0.024130978,0.92879397,True,True,0.9427764,0.8917836,1347.0,1483.0,False
d:\Research\Multi-View Fusion Network\datasets\brisc2025\classification_task\test\glioma\brisc2025_test_00178_gl_sa_t1.jpg,glioma,glioma,sagittal,0.92983174,0.023540776,0.023029167,0.023598319,0.92983174,True,True,0.7625,0.6163462,946.0,733.0,False
d:\Research\Multi-View Fusion Network\datasets\brisc2025\classification_task\test\glioma\brisc2025_test_00179_gl_sa_t1.jpg,glioma,glioma,sagittal,0.92848957,0.024610866,0.023564257,0.02333526,0.92848957,True,True,0.89873415,0.81639344,249.0,303.0,False
d:\Research\Multi-View Fusion Network\datasets\brisc2025\classification_task\test\glioma\brisc2025_test_00180_gl_sa_t1.jpg,glioma,glioma,sagittal,0.9303936,0.02350904,0.023020588,0.02307686,0.9303936,True,True,0.6781609,0.5138889,236.0,198.0,False
d:\Research\Multi-View Fusion Network\datasets\brisc2025\classification_task\test\glioma\brisc2025_test_00181_gl_sa_t1.jpg,glioma,glioma,sagittal,0.92988926,0.023889627,0.023336226,0.022884862,0.92988926,True,True,0.94981414,0.90459365,262.0,275.0,False
d:\Research\Multi-View Fusion Network\datasets\brisc2025\classification_task\test\glioma\brisc2025_test_00182_gl_sa_t1.jpg,glioma,glioma,sagittal,0.93071055,0.023299884,0.022961065,0.023028431,0.93071055,True,True,0.7025393,0.54189944,439.0,387.0,False
d:\Research\Multi-View Fusion Network\datasets\brisc2025\classification_task\test\glioma\brisc2025_test_00183_gl_sa_t1.jpg,glioma,glioma,sagittal,0.93041545,0.023452269,0.023077402,0.023054877,0.93041545,True,True,0.48208287,0.3178466,1084.0,701.0,False
d:\Research\Multi-View Fusion Network\datasets\brisc2025\classification_task\test\glioma\brisc2025_test_00184_gl_sa_t1.jpg,glioma,glioma,sagittal,0.930623,0.023491884,0.022802493,0.02308255,0.930623,True,True,0.9679293,0.9378669,2008.0,1951.0,False
d:\Research\Multi-View Fusion Network\datasets\brisc2025\classification_task\test\glioma\brisc2025_test_00185_gl_sa_t1.jpg,glioma,glioma,sagittal,0.9294312,0.024563756,0.023086783,0.022918308,0.9294312,True,True,0.9157549,0.84465367,1359.0,1382.0,False
d:\Research\Multi-View Fusion Network\datasets\brisc2025\classification_task\test\glioma\brisc2025_test_00186_gl_sa_t1.jpg,glioma,glioma,sagittal,0.93032855,0.023599403,0.022518707,0.023553355,0.93032855,True,True,0.655467,0.48772228,1044.0,711.0,False
d:\Research\Multi-View Fusion Network\datasets\brisc2025\classification_task\test\glioma\brisc2025_test_00187_gl_sa_t1.jpg,glioma,glioma,sagittal,0.9306452,0.023389436,0.022791905,0.023173446,0.9306452,True,True,0.57493705,0.40371025,1131.0,456.0,False
d:\Research\Multi-View Fusion Network\datasets\brisc2025\classification_task\test\glioma\brisc2025_test_00188_gl_sa_t1.jpg,glioma,glioma,sagittal,0.93031245,0.023760868,0.022761518,0.02316516,0.93031245,True,True,0.32068312,0.1918736,379.0,147.0,False
d:\Research\Multi-View Fusion Network\datasets\brisc2025\classification_task\test\glioma\brisc2025_test_00189_gl_sa_t1.jpg,glioma,glioma,sagittal,0.9287443,0.024259636,0.023193963,0.023802033,0.9287443,True,True,0.9770241,0.9550898,2320.0,2249.0,False
d:\Research\Multi-View Fusion Network\datasets\brisc2025\classification_task\test\glioma\brisc2025_test_00190_gl_sa_t1.jpg,glioma,glioma,sagittal,0.9293213,0.023875037,0.0233904,0.023413252,0.9293213,True,True,0.9487334,0.90248567,2575.0,2398.0,False
d:\Research\Multi-View Fusion Network\datasets\brisc2025\classification_task\test\glioma\brisc2025_test_00191_gl_sa_t1.jpg,glioma,glioma,sagittal,0.93008935,0.023455499,0.023272965,0.023182232,0.93008935,True,True,0.5733333,0.4037267,64.0,160.0,False
d:\Research\Multi-View Fusion Network\datasets\brisc2025\classification_task\test\glioma\brisc2025_test_00192_gl_sa_t1.jpg,glioma,glioma,sagittal,0.9293133,0.023665912,0.02353914,0.023481743,0.9293133,True,True,0.7897455,0.65265083,1364.0,1346.0,False
d:\Research\Multi-View Fusion Network\datasets\brisc2025\classification_task\test\glioma\brisc2025_test_00193_gl_sa_t1.jpg,glioma,glioma,sagittal,0.92896134,0.02424162,0.023358516,0.02343849,0.92896134,True,True,0.15318291,0.08303536,4901.0,549.0,False
d:\Research\Multi-View Fusion Network\datasets\brisc2025\classification_task\test\glioma\brisc2025_test_00194_gl_sa_t1.jpg,glioma,glioma,sagittal,0.92994046,0.023532037,0.023167206,0.023360314,0.92994046,True,True,0.9153543,0.8442029,252.0,255.0,False
d:\Research\Multi-View Fusion Network\datasets\brisc2025\classification_task\test\glioma\brisc2025_test_00195_gl_sa_t1.jpg,glioma,glioma,sagittal,0.92894036,0.023993779,0.023142291,0.023923585,0.92894036,True,True,0.66369426,0.49714285,284.0,500.0,False
d:\Research\Multi-View Fusion Network\datasets\brisc2025\classification_task\test\glioma\brisc2025_test_00196_gl_sa_t1.jpg,glioma,glioma,sagittal,0.93059224,0.023491107,0.023048002,0.022868639,0.93059224,True,True,0.9495,0.90390104,975.0,1024.0,False
d:\Research\Multi-View Fusion Network\datasets\brisc2025\classification_task\test\glioma\brisc2025_test_00197_gl_sa_t1.jpg,glioma,glioma,sagittal,0.92971754,0.023526397,0.02322961,0.023526397,0.92971754,True,True,0.91714615,0.84713376,427.0,441.0,False
d:\Research\Multi-View Fusion Network\datasets\brisc2025\classification_task\test\glioma\brisc2025_test_00198_gl_sa_t1.jpg,glioma,glioma,sagittal,0.93075883,0.023369456,0.022661516,0.023210248,0.93075883,True,True,0.77199876,0.6287543,1955.0,1351.0,False
d:\Research\Multi-View Fusion Network\datasets\brisc2025\classification_task\test\glioma\brisc2025_test_00199_gl_sa_t1.jpg,glioma,glioma,sagittal,0.9306445,0.023378,0.022747416,0.023230072,0.9306445,True,True,0.93331605,0.875,1969.0,1884.0,False
d:\Research\Multi-View Fusion Network\datasets\brisc2025\classification_task\test\glioma\brisc2025_test_00200_gl_sa_t1.jpg,glioma,glioma,sagittal,0.9302227,0.023481779,0.022859558,0.023435961,0.9302227,True,True,0.9238095,0.8584906,765.0,809.0,False
d:\Research\Multi-View Fusion Network\datasets\brisc2025\classification_task\test\glioma\brisc2025_test_00201_gl_sa_t1.jpg,glioma,glioma,sagittal,0.9293919,0.023993723,0.023460807,0.023153542,0.9293919,True,True,0.9476988,0.90066224,699.0,734.0,False
d:\Research\Multi-View Fusion Network\datasets\brisc2025\classification_task\test\glioma\brisc2025_test_00202_gl_sa_t1.jpg,glioma,glioma,sagittal,0.9303623,0.023485303,0.023008578,0.023143789,0.9303623,True,True,0.90106004,0.8201285,417.0,431.0,False
d:\Research\Multi-View Fusion Network\datasets\brisc2025\classification_task\test\glioma\brisc2025_test_00203_gl_sa_t1.jpg,glioma,glioma,sagittal,0.9295118,0.023856623,0.023179151,0.02345238,0.9295118,True,True,0.9085239,0.8324448,1264.0,1140.0,False
d:\Research\Multi-View Fusion Network\datasets\brisc2025\classification_task\test\glioma\brisc2025_test_00204_gl_sa_t1.jpg,glioma,glioma,sagittal,0.9307579,0.023472358,0.02267256,0.023097172,0.9307579,True,True,0.66183573,0.49519232,402.0,218.0,False
d:\Research\Multi-View Fusion Network\datasets\brisc2025\classification_task\test\glioma\brisc2025_test_00205_gl_sa_t1.jpg,glioma,glioma,sagittal,0.9307525,0.02366787,0.022595068,0.022984535,0.9307525,True,True,0.8707029,0.77111715,1003.0,945.0,False
d:\Research\Multi-View Fusion Network\datasets\brisc2025\classification_task\test\glioma\brisc2025_test_00206_gl_sa_t1.jpg,glioma,glioma,sagittal,0.92988306,0.023807958,0.023131866,0.02317709,0.92988306,True,True,0.89970696,0.81775147,1568.0,1502.0,False
d:\Research\Multi-View Fusion Network\datasets\brisc2025\classification_task\test\glioma\brisc2025_test_00207_gl_sa_t1.jpg,glioma,glioma,sagittal,0.9243803,0.02645414,0.024204666,0.024960816,0.9243803,True,True,0.0026041667,0.0026041667,383.0,0.0,True
d:\Research\Multi-View Fusion Network\datasets\brisc2025\classification_task\test\glioma\brisc2025_test_00208_gl_sa_t1.jpg,glioma,glioma,sagittal,0.93118936,0.023175674,0.022594638,0.023040278,0.93118936,True,True,0.78557444,0.646964,1782.0,1281.0,False
d:\Research\Multi-View Fusion Network\datasets\brisc2025\classification_task\test\glioma\brisc2025_test_00209_gl_sa_t1.jpg,glioma,glioma,sagittal,0.93046683,0.023834538,0.022698697,0.02299993,0.93046683,True,True,0.93910056,0.8852266,1621.0,1580.0,False
d:\Research\Multi-View Fusion Network\datasets\brisc2025\classification_task\test\glioma\brisc2025_test_00210_gl_sa_t1.jpg,glioma,glioma,sagittal,0.9284047,0.023979943,0.023447335,0.024168018,0.9284047,True,True,0.6557234,0.48789975,2218.0,1223.0,False
d:\Research\Multi-View Fusion Network\datasets\brisc2025\classification_task\test\glioma\brisc2025_test_00211_gl_sa_t1.jpg,glioma,glioma,sagittal,0.9299522,0.02340628,0.0232809,0.023360608,0.9299522,True,True,0.46417972,0.30242825,1746.0,612.0,False
d:\Research\Multi-View Fusion Network\datasets\brisc2025\classification_task\test\glioma\brisc2025_test_00212_gl_sa_t1.jpg,glioma,glioma,sagittal,0.9306895,0.023287982,0.022915743,0.023106754,0.9306895,True,True,0.95015574,0.9053255,161.0,159.0,False
d:\Research\Multi-View Fusion Network\datasets\brisc2025\classification_task\test\glioma\brisc2025_test_00213_gl_sa_t1.jpg,glioma,glioma,sagittal,0.93084794,0.022953244,0.023076858,0.023121973,0.93084794,True,True,0.91022444,0.8356164,205.0,195.0,False
d:\Research\Multi-View Fusion Network\datasets\brisc2025\classification_task\test\glioma\brisc2025_test_00214_gl_sa_t1.jpg,glioma,glioma,sagittal,0.9306159,0.023320276,0.02293632,0.023127502,0.9306159,True,True,0.9509105,0.9064857,656.0,606.0,False
d:\Research\Multi-View Fusion Network\datasets\brisc2025\classification_task\test\glioma\brisc2025_test_00215_gl_sa_t1.jpg,glioma,glioma,sagittal,0.9305417,0.023386832,0.022934489,0.023136951,0.9305417,True,True,0.9760956,0.9533437,629.0,625.0,False
d:\Research\Multi-View Fusion Network\datasets\brisc2025\classification_task\test\glioma\brisc2025_test_00216_gl_sa_t1.jpg,glioma,glioma,sagittal,0.9293148,0.024050377,0.023072623,0.02356218,0.9293148,True,True,0.7478291,0.5973378,1752.0,1126.0,False
d:\Research\Multi-View Fusion Network\datasets\brisc2025\classification_task\test\glioma\brisc2025_test_00217_gl_sa_t1.jpg,glioma,glioma,sagittal,0.9304211,0.023613278,0.022786418,0.02317918,0.9304211,True,True,0.44211775,0.28397566,818.0,1712.0,False
d:\Research\Multi-View Fusion Network\datasets\brisc2025\classification_task\test\glioma\brisc2025_test_00218_gl_sa_t1.jpg,glioma,glioma,sagittal,0.92935467,0.02355169,0.023345599,0.023747997,0.92935467,True,True,0.54704016,0.37672728,1196.0,695.0,False
d:\Research\Multi-View Fusion Network\datasets\brisc2025\classification_task\test\glioma\brisc2025_test_00219_gl_sa_t1.jpg,glioma,glioma,sagittal,0.92785573,0.02420095,0.024024345,0.023919,0.92785573,True,True,0.9074074,0.83064514,525.0,608.0,False
d:\Research\Multi-View Fusion Network\datasets\brisc2025\classification_task\test\glioma\brisc2025_test_00220_gl_sa_t1.jpg,glioma,glioma,sagittal,0.92877793,0.024165932,0.02318348,0.023872731,0.92877793,True,True,0.8838076,0.7918689,1528.0,1423.0,False
d:\Research\Multi-View Fusion Network\datasets\brisc2025\classification_task\test\glioma\brisc2025_test_00221_gl_sa_t1.jpg,glioma,glioma,sagittal,0.92960876,0.023812557,0.023283666,0.023295037,0.92960876,True,True,0.9647577,0.93194705,994.0,1048.0,False
d:\Research\Multi-View Fusion Network\datasets\brisc2025\classification_task\test\glioma\brisc2025_test_00222_gl_sa_t1.jpg,glioma,glioma,sagittal,0.9290831,0.02435158,0.02308941,0.023475928,0.9290831,True,True,0.89586574,0.8114035,3167.0,2613.0,False
d:\Research\Multi-View Fusion Network\datasets\brisc2025\classification_task\test\glioma\brisc2025_test_00223_gl_sa_t1.jpg,glioma,glioma,sagittal,0.9296972,0.023411289,0.02337702,0.0235144,0.9296972,True,True,0.94556963,0.8968825,410.0,379.0,False
d:\Research\Multi-View Fusion Network\datasets\brisc2025\classification_task\test\glioma\brisc2025_test_00224_gl_sa_t1.jpg,glioma,glioma,sagittal,0.9274015,0.024450347,0.023709664,0.024438411,0.9274015,True,True,0.09090909,0.054054055,73.0,3.0,False
d:\Research\Multi-View Fusion Network\datasets\brisc2025\classification_task\test\glioma\brisc2025_test_00225_gl_sa_t1.jpg,glioma,glioma,sagittal,0.9303144,0.0235415,0.022717152,0.02342683,0.9303144,True,True,0.9162437,0.8457944,189.0,204.0,False
d:\Research\Multi-View Fusion Network\datasets\brisc2025\classification_task\test\glioma\brisc2025_test_00226_gl_sa_t1.jpg,glioma,glioma,sagittal,0.92719215,0.024793433,0.02398373,0.024030618,0.92719215,True,True,0.95361286,0.91141397,573.0,547.0,False
d:\Research\Multi-View Fusion Network\datasets\brisc2025\classification_task\test\glioma\brisc2025_test_00227_gl_sa_t1.jpg,glioma,glioma,sagittal,0.9292475,0.024178151,0.023048433,0.023525985,0.9292475,True,True,0.9052419,0.8272059,227.0,268.0,False
d:\Research\Multi-View Fusion Network\datasets\brisc2025\classification_task\test\glioma\brisc2025_test_00228_gl_sa_t1.jpg,glioma,glioma,sagittal,0.92991364,0.02384364,0.02311005,0.023132628,0.92991364,True,True,0.8501071,0.73977697,261.0,205.0,False
d:\Research\Multi-View Fusion Network\datasets\brisc2025\classification_task\test\glioma\brisc2025_test_00229_gl_sa_t1.jpg,glioma,meningioma,sagittal,0.0277188,0.9188174,0.027156135,0.02630778,0.9188174,False,True,0.9325464,0.873817,308.0,284.0,False
d:\Research\Multi-View Fusion Network\datasets\brisc2025\classification_task\test\glioma\brisc2025_test_00230_gl_sa_t1.jpg,glioma,glioma,sagittal,0.9285722,0.024625078,0.02364704,0.02315572,0.9285722,True,True,0.90676326,0.8295053,953.0,1116.0,False
d:\Research\Multi-View Fusion Network\datasets\brisc2025\classification_task\test\glioma\brisc2025_test_00231_gl_sa_t1.jpg,glioma,glioma,sagittal,0.9266927,0.02613467,0.02404114,0.023131432,0.9266927,True,True,0.9394245,0.885823,944.0,1036.0,False
d:\Research\Multi-View Fusion Network\datasets\brisc2025\classification_task\test\glioma\brisc2025_test_00232_gl_sa_t1.jpg,glioma,glioma,sagittal,0.9278465,0.025005525,0.023953825,0.02319418,0.9278465,True,True,0.88044834,0.7866667,372.0,430.0,False
d:\Research\Multi-View Fusion Network\datasets\brisc2025\classification_task\test\glioma\brisc2025_test_00233_gl_sa_t1.jpg,glioma,glioma,sagittal,0.92975533,0.023735048,0.022982342,0.023527352,0.92975533,True,True,0.9566327,0.9169381,585.0,590.0,False
d:\Research\Multi-View Fusion Network\datasets\brisc2025\classification_task\test\glioma\brisc2025_test_00234_gl_sa_t1.jpg,glioma,glioma,sagittal,0.9281593,0.025946975,0.022521116,0.02337256,0.9281593,True,True,0.94692737,0.8992933,530.0,543.0,False
d:\Research\Multi-View Fusion Network\datasets\brisc2025\classification_task\test\glioma\brisc2025_test_00235_gl_sa_t1.jpg,glioma,glioma,sagittal,0.9291625,0.024472864,0.023340771,0.023023829,0.9291625,True,True,0.8507307,0.74047184,437.0,520.0,False
d:\Research\Multi-View Fusion Network\datasets\brisc2025\classification_task\test\glioma\brisc2025_test_00236_gl_sa_t1.jpg,glioma,glioma,sagittal,0.9305262,0.023604415,0.022766747,0.023102699,0.9305262,True,True,0.9303665,0.86986303,971.0,938.0,False
d:\Research\Multi-View Fusion Network\datasets\brisc2025\classification_task\test\glioma\brisc2025_test_00237_gl_sa_t1.jpg,glioma,glioma,sagittal,0.9288515,0.024596428,0.02327606,0.02327606,0.9288515,True,True,0.86281586,0.7589852,377.0,453.0,False
d:\Research\Multi-View Fusion Network\datasets\brisc2025\classification_task\test\glioma\brisc2025_test_00238_gl_sa_t1.jpg,glioma,glioma,sagittal,0.93019515,0.023469623,0.02266992,0.02366525,0.93019515,True,True,0.71389866,0.5551425,3988.0,2285.0,False
d:\Research\Multi-View Fusion Network\datasets\brisc2025\classification_task\test\glioma\brisc2025_test_00239_gl_sa_t1.jpg,glioma,glioma,sagittal,0.93016917,0.023699278,0.023003802,0.02312769,0.93016917,True,True,0.44038606,0.2824557,4120.0,1163.0,False
d:\Research\Multi-View Fusion Network\datasets\brisc2025\classification_task\test\glioma\brisc2025_test_00240_gl_sa_t1.jpg,glioma,glioma,sagittal,0.9283147,0.024438597,0.023536822,0.023709843,0.9283147,True,True,0.9466338,0.8987539,629.0,588.0,False
d:\Research\Multi-View Fusion Network\datasets\brisc2025\classification_task\test\glioma\brisc2025_test_00241_gl_sa_t1.jpg,glioma,glioma,sagittal,0.92626524,0.027242916,0.023416156,0.023075648,0.92626524,True,True,0.81522447,0.68825465,906.0,630.0,False
d:\Research\Multi-View Fusion Network\datasets\brisc2025\classification_task\test\glioma\brisc2025_test_00242_gl_sa_t1.jpg,glioma,glioma,sagittal,0.92815065,0.024806947,0.023544157,0.023498217,0.92815065,True,True,0.7676864,0.6232558,431.0,614.0,False
d:\Research\Multi-View Fusion Network\datasets\brisc2025\classification_task\test\glioma\brisc2025_test_00243_gl_sa_t1.jpg,glioma,glioma,sagittal,0.927486,0.024983607,0.024003047,0.023527296,0.927486,True,True,0.8969515,0.81322956,1208.0,1120.0,False
d:\Research\Multi-View Fusion Network\datasets\brisc2025\classification_task\test\glioma\brisc2025_test_00244_gl_sa_t1.jpg,glioma,glioma,sagittal,0.93048644,0.023881638,0.022754662,0.022877209,0.93048644,True,True,0.96292806,0.9285282,1588.0,1594.0,False
d:\Research\Multi-View Fusion Network\datasets\brisc2025\classification_task\test\glioma\brisc2025_test_00245_gl_sa_t1.jpg,glioma,glioma,sagittal,0.93018,0.023978917,0.022758277,0.023082832,0.93018,True,True,0.95027196,0.90527874,1881.0,1979.0,False
d:\Research\Multi-View Fusion Network\datasets\brisc2025\classification_task\test\glioma\brisc2025_test_00246_gl_sa_t1.jpg,glioma,glioma,sagittal,0.92818904,0.02537149,0.023202745,0.023236759,0.92818904,True,True,0.9508152,0.9062662,1886.0,1793.0,False
d:\Research\Multi-View Fusion Network\datasets\brisc2025\classification_task\test\glioma\brisc2025_test_00247_gl_sa_t1.jpg,glioma,glioma,sagittal,0.9304342,0.023395551,0.022809003,0.023361307,0.9304342,True,True,0.9442927,0.89451915,958.0,872.0,False
d:\Research\Multi-View Fusion Network\datasets\brisc2025\classification_task\test\glioma\brisc2025_test_00248_gl_sa_t1.jpg,glioma,glioma,sagittal,0.9283255,0.025091836,0.023331134,0.023251524,0.9283255,True,True,0.9573901,0.9183673,383.0,367.0,False
d:\Research\Multi-View Fusion Network\datasets\brisc2025\classification_task\test\glioma\brisc2025_test_00249_gl_sa_t1.jpg,glioma,glioma,sagittal,0.92403805,0.02551835,0.026034363,0.0244093,0.92403805,True,True,0.9303882,0.87,363.0,383.0,False
d:\Research\Multi-View Fusion Network\datasets\brisc2025\classification_task\test\glioma\brisc2025_test_00250_gl_sa_t1.jpg,glioma,glioma,sagittal,0.9273646,0.024834394,0.023929697,0.023871347,0.9273646,True,True,0.96548593,0.93333334,552.0,548.0,False
d:\Research\Multi-View Fusion Network\datasets\brisc2025\classification_task\test\glioma\brisc2025_test_00251_gl_sa_t1.jpg,glioma,glioma,sagittal,0.92697936,0.026002714,0.023399906,0.023618007,0.92697936,True,True,0.77420413,0.63169163,1867.0,1179.0,False
d:\Research\Multi-View Fusion Network\datasets\brisc2025\classification_task\test\glioma\brisc2025_test_00252_gl_sa_t1.jpg,glioma,glioma,sagittal,0.9303917,0.023554955,0.022874879,0.023178449,0.9303917,True,True,0.9273018,0.8644798,2900.0,2725.0,False
d:\Research\Multi-View Fusion Network\datasets\brisc2025\classification_task\test\glioma\brisc2025_test_00253_gl_sa_t1.jpg,glioma,glioma,sagittal,0.9288507,0.024108894,0.023072364,0.023968045,0.9288507,True,True,0.44867256,0.2896237,840.0,289.0,False
d:\Research\Multi-View Fusion Network\datasets\brisc2025\classification_task\test\glioma\brisc2025_test_00254_gl_sa_t1.jpg,glioma,glioma,sagittal,0.92842346,0.024346175,0.023424922,0.023805432,0.92842346,True,True,0.8438748,0.72999424,1657.0,1346.0,False
d:\Research\Multi-View Fusion Network\datasets\brisc2025\classification_task\test\meningioma\brisc2025_test_00255_me_ax_t1.jpg,meningioma,meningioma,axial,0.036120906,0.9113246,0.027546505,0.025008004,0.9113246,True,True,0.96473503,0.9318851,2579.0,2666.0,False
d:\Research\Multi-View Fusion Network\datasets\brisc2025\classification_task\test\meningioma\brisc2025_test_00256_me_ax_t1.jpg,meningioma,meningioma,axial,0.02293386,0.92598355,0.022260843,0.028821737,0.92598355,True,True,0.7627639,0.6166253,1605.0,999.0,False
d:\Research\Multi-View Fusion Network\datasets\brisc2025\classification_task\test\meningioma\brisc2025_test_00257_me_ax_t1.jpg,meningioma,meningioma,axial,0.027580459,0.91960424,0.026446275,0.026368909,0.91960424,True,True,0.9772682,0.95555556,2525.0,2489.0,False
d:\Research\Multi-View Fusion Network\datasets\brisc2025\classification_task\test\meningioma\brisc2025_test_00258_me_ax_t1.jpg,meningioma,meningioma,axial,0.0261991,0.92084837,0.026663704,0.026288802,0.92084837,True,True,0.9696419,0.9410876,1942.0,1911.0,False
d:\Research\Multi-View Fusion Network\datasets\brisc2025\classification_task\test\meningioma\brisc2025_test_00259_me_ax_t1.jpg,meningioma,meningioma,axial,0.027953105,0.91937333,0.026439633,0.02623388,0.91937333,True,True,0.9598927,0.92288804,4062.0,3766.0,False
d:\Research\Multi-View Fusion Network\datasets\brisc2025\classification_task\test\meningioma\brisc2025_test_00260_me_ax_t1.jpg,meningioma,meningioma,axial,0.027998475,0.91817176,0.028287048,0.025542744,0.91817176,True,True,0.9214911,0.8544503,1905.0,1635.0,False
d:\Research\Multi-View Fusion Network\datasets\brisc2025\classification_task\test\meningioma\brisc2025_test_00261_me_ax_t1.jpg,meningioma,meningioma,axial,0.026151681,0.92232877,0.025533408,0.025986204,0.92232877,True,True,0.83644164,0.7189103,2319.0,3042.0,False
d:\Research\Multi-View Fusion Network\datasets\brisc2025\classification_task\test\meningioma\brisc2025_test_00262_me_ax_t1.jpg,meningioma,meningioma,axial,0.029882602,0.91386837,0.029462442,0.026786592,0.91386837,True,True,0.9667866,0.93572575,1800.0,1812.0,False
d:\Research\Multi-View Fusion Network\datasets\brisc2025\classification_task\test\meningioma\brisc2025_test_00263_me_ax_t1.jpg,meningioma,meningioma,axial,0.02646342,0.9219994,0.025837775,0.025699371,0.9219994,True,True,0.9344767,0.8770627,1203.0,1070.0,False
d:\Research\Multi-View Fusion Network\datasets\brisc2025\classification_task\test\meningioma\brisc2025_test_00264_me_ax_t1.jpg,meningioma,meningioma,axial,0.028078204,0.9189897,0.026989367,0.025942748,0.9189897,True,True,0.95538753,0.9145959,4129.0,3805.0,False
d:\Research\Multi-View Fusion Network\datasets\brisc2025\classification_task\test\meningioma\brisc2025_test_00265_me_ax_t1.jpg,meningioma,meningioma,axial,0.02951751,0.9151296,0.02931642,0.026036397,0.9151296,True,True,0.97568387,0.95253056,2850.0,2742.0,False
d:\Research\Multi-View Fusion Network\datasets\brisc2025\classification_task\test\meningioma\brisc2025_test_00266_me_ax_t1.jpg,meningioma,meningioma,axial,0.026529914,0.9202631,0.0269477,0.02625927,0.9202631,True,True,0.97748375,0.95596915,2198.0,2109.0,False
d:\Research\Multi-View Fusion Network\datasets\brisc2025\classification_task\test\meningioma\brisc2025_test_00267_me_ax_t1.jpg,meningioma,meningioma,axial,0.027504122,0.9197497,0.026373077,0.026373077,0.9197497,True,True,0.976068,0.9532638,2566.0,2489.0,False
d:\Research\Multi-View Fusion Network\datasets\brisc2025\classification_task\test\meningioma\brisc2025_test_00268_me_ax_t1.jpg,meningioma,meningioma,axial,0.028319338,0.91697836,0.027785154,0.026917148,0.91697836,True,True,0.7103688,0.5508689,5847.0,3343.0,False
d:\Research\Multi-View Fusion Network\datasets\brisc2025\classification_task\test\meningioma\brisc2025_test_00269_me_ax_t1.jpg,meningioma,meningioma,axial,0.026793672,0.91903293,0.027833814,0.026339663,0.91903293,True,True,0.9689818,0.93984306,2278.0,2170.0,False
d:\Research\Multi-View Fusion Network\datasets\brisc2025\classification_task\test\meningioma\brisc2025_test_00270_me_ax_t1.jpg,meningioma,meningioma,axial,0.02720442,0.9177584,0.027632827,0.027404403,0.9177584,True,True,0.95109546,0.90678596,1282.0,1273.0,False
d:\Research\Multi-View Fusion Network\datasets\brisc2025\classification_task\test\meningioma\brisc2025_test_00271_me_ax_t1.jpg,meningioma,meningioma,axial,0.028014375,0.9173484,0.027918786,0.026718454,0.9173484,True,True,0.9737214,0.9487939,4660.0,4548.0,False
d:\Research\Multi-View Fusion Network\datasets\brisc2025\classification_task\test\meningioma\brisc2025_test_00272_me_ax_t1.jpg,meningioma,meningioma,axial,0.027327588,0.9192165,0.027354285,0.026101643,0.9192165,True,True,0.9843435,0.96917254,5514.0,5407.0,False
d:\Research\Multi-View Fusion Network\datasets\brisc2025\classification_task\test\meningioma\brisc2025_test_00273_me_ax_t1.jpg,meningioma,meningioma,axial,0.026405178,0.9199703,0.027296629,0.026327932,0.9199703,True,True,0.9716036,0.9447853,2736.0,2651.0,False
d:\Research\Multi-View Fusion Network\datasets\brisc2025\classification_task\test\meningioma\brisc2025_test_00274_me_ax_t1.jpg,meningioma,meningioma,axial,0.02729237,0.9198267,0.026634121,0.026246816,0.9198267,True,True,0.96698016,0.93608415,2458.0,2326.0,False
d:\Research\Multi-View Fusion Network\datasets\brisc2025\classification_task\test\meningioma\brisc2025_test_00275_me_ax_t1.jpg,meningioma,meningioma,axial,0.029882602,0.91386837,0.029462442,0.026786592,0.91386837,True,True,0.9747876,0.95082843,1836.0,1812.0,False
d:\Research\Multi-View Fusion Network\datasets\brisc2025\classification_task\test\meningioma\brisc2025_test_00276_me_ax_t1.jpg,meningioma,meningioma,axial,0.028363297,0.9161624,0.029421246,0.026053054,0.9161624,True,True,0.8435754,0.7299035,240.0,296.0,False
d:\Research\Multi-View Fusion Network\datasets\brisc2025\classification_task\test\meningioma\brisc2025_test_00277_me_ax_t1.jpg,meningioma,meningioma,axial,0.026998505,0.9184036,0.027991876,0.026605904,0.9184036,True,True,0.9659478,0.9341624,1332.0,1310.0,False
d:\Research\Multi-View Fusion Network\datasets\brisc2025\classification_task\test\meningioma\brisc2025_test_00278_me_ax_t1.jpg,meningioma,meningioma,axial,0.026141621,0.92152387,0.026243934,0.026090613,0.92152387,True,True,0.95790064,0.91922456,1761.0,1801.0,False
d:\Research\Multi-View Fusion Network\datasets\brisc2025\classification_task\test\meningioma\brisc2025_test_00279_me_ax_t1.jpg,meningioma,meningioma,axial,0.026177395,0.92188424,0.025658546,0.02627985,0.92188424,True,True,0.97405374,0.9494265,3734.0,3742.0,False
d:\Research\Multi-View Fusion Network\datasets\brisc2025\classification_task\test\meningioma\brisc2025_test_00280_me_ax_t1.jpg,meningioma,meningioma,axial,0.028650694,0.9182437,0.026980627,0.026124995,0.9182437,True,True,0.936752,0.8810357,7754.0,8372.0,False
d:\Research\Multi-View Fusion Network\datasets\brisc2025\classification_task\test\meningioma\brisc2025_test_00281_me_ax_t1.jpg,meningioma,glioma,axial,0.7907971,0.14764617,0.02951668,0.032040052,0.7907971,False,True,0.77677226,0.63516843,1212.0,776.0,False
d:\Research\Multi-View Fusion Network\datasets\brisc2025\classification_task\test\meningioma\brisc2025_test_00282_me_ax_t1.jpg,meningioma,meningioma,axial,0.028035613,0.91804385,0.028393801,0.025526717,0.91804385,True,True,0.9502488,0.9052397,1775.0,1641.0,False
d:\Research\Multi-View Fusion Network\datasets\brisc2025\classification_task\test\meningioma\brisc2025_test_00283_me_ax_t1.jpg,meningioma,meningioma,axial,0.02810694,0.9185837,0.027149227,0.026160201,0.9185837,True,True,0.9753363,0.95187163,2036.0,1977.0,False
d:\Research\Multi-View Fusion Network\datasets\brisc2025\classification_task\test\meningioma\brisc2025_test_00284_me_ax_t1.jpg,meningioma,meningioma,axial,0.026577989,0.9210308,0.026655966,0.025735125,0.9210308,True,True,0.9550375,0.91401273,589.0,611.0,False
d:\Research\Multi-View Fusion Network\datasets\brisc2025\classification_task\test\meningioma\brisc2025_test_00285_me_ax_t1.jpg,meningioma,meningioma,axial,0.02306821,0.9237088,0.02630616,0.026916845,0.9237088,True,True,0.9677476,0.93752134,2867.0,2806.0,False
d:\Research\Multi-View Fusion Network\datasets\brisc2025\classification_task\test\meningioma\brisc2025_test_00286_me_ax_t1.jpg,meningioma,meningioma,axial,0.027209714,0.9188338,0.026945285,0.02701115,0.9188338,True,True,0.95442253,0.9128508,1304.0,1284.0,False
d:\Research\Multi-View Fusion Network\datasets\brisc2025\classification_task\test\meningioma\brisc2025_test_00287_me_ax_t1.jpg,meningioma,meningioma,axial,0.027247287,0.91920453,0.027434185,0.026114052,0.91920453,True,True,0.9869396,0.9742183,5385.0,5410.0,False
d:\Research\Multi-View Fusion Network\datasets\brisc2025\classification_task\test\meningioma\brisc2025_test_00288_me_ax_t1.jpg,meningioma,meningioma,axial,0.025396377,0.92186934,0.025897278,0.026837023,0.92186934,True,True,0.98307896,0.9667319,1520.0,1493.0,False
d:\Research\Multi-View Fusion Network\datasets\brisc2025\classification_task\test\meningioma\brisc2025_test_00289_me_ax_t1.jpg,meningioma,meningioma,axial,0.028075382,0.9184487,0.026907703,0.02656826,0.9184487,True,True,0.9729005,0.9472464,1698.0,1659.0,False
d:\Research\Multi-View Fusion Network\datasets\brisc2025\classification_task\test\meningioma\brisc2025_test_00290_me_ax_t1.jpg,meningioma,meningioma,axial,0.028481444,0.9190806,0.027217023,0.025220841,0.9190806,True,True,0.9596024,0.92235005,4806.0,4550.0,False
d:\Research\Multi-View Fusion Network\datasets\brisc2025\classification_task\test\meningioma\brisc2025_test_00291_me_ax_t1.jpg,meningioma,meningioma,axial,0.026383383,0.9201091,0.026943188,0.026564358,0.9201091,True,True,0.9743543,0.95,2733.0,2764.0,False
d:\Research\Multi-View Fusion Network\datasets\brisc2025\classification_task\test\meningioma\brisc2025_test_00292_me_ax_t1.jpg,meningioma,meningioma,axial,0.026111955,0.9218275,0.025795143,0.026265405,0.9218275,True,True,0.9746633,0.9505852,3763.0,3735.0,False
d:\Research\Multi-View Fusion Network\datasets\brisc2025\classification_task\test\meningioma\brisc2025_test_00293_me_ax_t1.jpg,meningioma,meningioma,axial,0.027862351,0.9181801,0.026939265,0.027018307,0.9181801,True,True,0.91529775,0.8438978,927.0,1020.0,False
d:\Research\Multi-View Fusion Network\datasets\brisc2025\classification_task\test\meningioma\brisc2025_test_00294_me_ax_t1.jpg,meningioma,meningioma,axial,0.026834382,0.9190819,0.027484154,0.026599564,0.9190819,True,True,0.93822503,0.88367015,1814.0,1633.0,False
d:\Research\Multi-View Fusion Network\datasets\brisc2025\classification_task\test\meningioma\brisc2025_test_00295_me_ax_t1.jpg,meningioma,meningioma,axial,0.027036242,0.91968733,0.026930837,0.02634555,0.91968733,True,True,0.96707666,0.93626374,2628.0,2656.0,False
d:\Research\Multi-View Fusion Network\datasets\brisc2025\classification_task\test\meningioma\brisc2025_test_00296_me_ax_t1.jpg,meningioma,meningioma,axial,0.025565628,0.9221409,0.026006298,0.026287166,0.9221409,True,True,0.9721649,0.9458556,1457.0,1452.0,False
d:\Research\Multi-View Fusion Network\datasets\brisc2025\classification_task\test\meningioma\brisc2025_test_00297_me_ax_t1.jpg,meningioma,meningioma,axial,0.027329128,0.9206159,0.025836824,0.026218077,0.9206159,True,True,0.98117054,0.9630428,3213.0,3159.0,False
d:\Research\Multi-View Fusion Network\datasets\brisc2025\classification_task\test\meningioma\brisc2025_test_00298_me_ax_t1.jpg,meningioma,meningioma,axial,0.028747577,0.9177568,0.027713854,0.025781747,0.9177568,True,True,0.95600146,0.91572124,4052.0,4220.0,False
d:\Research\Multi-View Fusion Network\datasets\brisc2025\classification_task\test\meningioma\brisc2025_test_00299_me_ax_t1.jpg,meningioma,meningioma,axial,0.028072275,0.9174507,0.02766406,0.026812924,0.9174507,True,True,0.98327637,0.9671068,4116.0,4075.0,False
d:\Research\Multi-View Fusion Network\datasets\brisc2025\classification_task\test\meningioma\brisc2025_test_00300_me_ax_t1.jpg,meningioma,meningioma,axial,0.027622886,0.91922176,0.026512835,0.026642608,0.91922176,True,True,0.933782,0.8758203,1942.0,1772.0,False
d:\Research\Multi-View Fusion Network\datasets\brisc2025\classification_task\test\meningioma\brisc2025_test_00301_me_ax_t1.jpg,meningioma,meningioma,axial,0.029994117,0.9150421,0.028481178,0.026482644,0.9150421,True,True,0.95741224,0.9183292,1567.0,1508.0,False
d:\Research\Multi-View Fusion Network\datasets\brisc2025\classification_task\test\meningioma\brisc2025_test_00302_me_ax_t1.jpg,meningioma,meningioma,axial,0.028221445,0.9164898,0.029302707,0.025986122,0.9164898,True,True,0.91049916,0.8359621,271.0,309.0,False
d:\Research\Multi-View Fusion Network\datasets\brisc2025\classification_task\test\meningioma\brisc2025_test_00303_me_ax_t1.jpg,meningioma,meningioma,axial,0.026910475,0.9189919,0.027068619,0.027028996,0.9189919,True,True,0.9637282,0.9300266,1098.0,1079.0,False
d:\Research\Multi-View Fusion Network\datasets\brisc2025\classification_task\test\meningioma\brisc2025_test_00304_me_ax_t1.jpg,meningioma,meningioma,axial,0.027596582,0.9192437,0.027235147,0.025924591,0.9192437,True,True,0.9868081,0.9739621,5410.0,5429.0,False
d:\Research\Multi-View Fusion Network\datasets\brisc2025\classification_task\test\meningioma\brisc2025_test_00305_me_ax_t1.jpg,meningioma,meningioma,axial,0.029013703,0.9172513,0.027523326,0.026211696,0.9172513,True,True,0.97261757,0.9467041,2832.0,2718.0,False
d:\Research\Multi-View Fusion Network\datasets\brisc2025\classification_task\test\meningioma\brisc2025_test_00306_me_ax_t1.jpg,meningioma,meningioma,axial,0.030843599,0.72004944,0.20670095,0.04240595,0.72004944,True,True,0.9790846,0.95903164,3727.0,3635.0,False
d:\Research\Multi-View Fusion Network\datasets\brisc2025\classification_task\test\meningioma\brisc2025_test_00307_me_ax_t1.jpg,meningioma,meningioma,axial,0.027509835,0.9208394,0.026071236,0.025579458,0.9208394,True,True,0.9575576,0.9185814,3984.0,3696.0,False
d:\Research\Multi-View Fusion Network\datasets\brisc2025\classification_task\test\meningioma\brisc2025_test_00308_me_ax_t1.jpg,meningioma,meningioma,axial,0.029973129,0.9170845,0.026645638,0.026296657,0.9170845,True,True,0.918045,0.8485266,3153.0,3557.0,False
d:\Research\Multi-View Fusion Network\datasets\brisc2025\classification_task\test\meningioma\brisc2025_test_00309_me_ax_t1.jpg,meningioma,meningioma,axial,0.028137842,0.9186959,0.026330005,0.026836209,0.9186959,True,True,0.94185024,0.89018303,587.0,547.0,False
d:\Research\Multi-View Fusion Network\datasets\brisc2025\classification_task\test\meningioma\brisc2025_test_00310_me_ax_t1.jpg,meningioma,meningioma,axial,0.025787827,0.921566,0.025699835,0.02694635,0.921566,True,True,0.97613996,0.9534001,2817.0,2840.0,False
d:\Research\Multi-View Fusion Network\datasets\brisc2025\classification_task\test\meningioma\brisc2025_test_00311_me_ax_t1.jpg,meningioma,meningioma,axial,0.028425371,0.91771924,0.027604679,0.02625069,0.91771924,True,True,0.9164508,0.8458781,818.0,725.0,False
d:\Research\Multi-View Fusion Network\datasets\brisc2025\classification_task\test\meningioma\brisc2025_test_00312_me_ax_t1.jpg,meningioma,meningioma,axial,0.02789036,0.9191031,0.02663917,0.02636741,0.9191031,True,True,0.9638587,0.93025696,1813.0,1866.0,False
d:\Research\Multi-View Fusion Network\datasets\brisc2025\classification_task\test\meningioma\brisc2025_test_00313_me_ax_t1.jpg,meningioma,meningioma,axial,0.027956288,0.91768396,0.027657585,0.026702141,0.91768396,True,True,0.97986794,0.9605347,4694.0,4544.0,False
d:\Research\Multi-View Fusion Network\datasets\brisc2025\classification_task\test\meningioma\brisc2025_test_00314_me_ax_t1.jpg,meningioma,meningioma,axial,0.02622444,0.9221892,0.025629463,0.02595691,0.9221892,True,True,0.83524543,0.7171456,2257.0,3059.0,False
d:\Research\Multi-View Fusion Network\datasets\brisc2025\classification_task\test\meningioma\brisc2025_test_00315_me_ax_t1.jpg,meningioma,meningioma,axial,0.027728776,0.92004615,0.02618906,0.026036058,0.92004615,True,True,0.92082345,0.85337245,678.0,584.0,False
d:\Research\Multi-View Fusion Network\datasets\brisc2025\classification_task\test\meningioma\brisc2025_test_00316_me_ax_t1.jpg,meningioma,meningioma,axial,0.027638232,0.9197324,0.026295435,0.026333978,0.9197324,True,True,0.97209024,0.9457066,2555.0,2496.0,False
d:\Research\Multi-View Fusion Network\datasets\brisc2025\classification_task\test\meningioma\brisc2025_test_00317_me_ax_t1.jpg,meningioma,meningioma,axial,0.027358923,0.918475,0.028199837,0.025966225,0.918475,True,True,0.93516207,0.8782772,1041.0,963.0,False
d:\Research\Multi-View Fusion Network\datasets\brisc2025\classification_task\test\meningioma\brisc2025_test_00318_me_ax_t1.jpg,meningioma,meningioma,axial,0.026949428,0.9194238,0.027480958,0.026145801,0.9194238,True,True,0.97536844,0.95193064,2462.0,2490.0,False
d:\Research\Multi-View Fusion Network\datasets\brisc2025\classification_task\test\meningioma\brisc2025_test_00319_me_ax_t1.jpg,meningioma,meningioma,axial,0.02796966,0.9154371,0.030598901,0.025994325,0.9154371,True,True,0.89867,0.81609195,856.0,722.0,False
d:\Research\Multi-View Fusion Network\datasets\brisc2025\classification_task\test\meningioma\brisc2025_test_00320_me_ax_t1.jpg,meningioma,meningioma,axial,0.02846407,0.91762346,0.02710761,0.026804881,0.91762346,True,True,0.9614579,0.92580646,1199.0,1187.0,False
d:\Research\Multi-View Fusion Network\datasets\brisc2025\classification_task\test\meningioma\brisc2025_test_00321_me_ax_t1.jpg,meningioma,meningioma,axial,0.029029202,0.9190867,0.025555715,0.026328344,0.9190867,True,True,0.9694435,0.9407088,2952.0,2905.0,False
d:\Research\Multi-View Fusion Network\datasets\brisc2025\classification_task\test\meningioma\brisc2025_test_00322_me_ax_t1.jpg,meningioma,meningioma,axial,0.027432704,0.91825765,0.027837507,0.0264721,0.91825765,True,True,0.9623813,0.9275158,1365.0,1372.0,False
d:\Research\Multi-View Fusion Network\datasets\brisc2025\classification_task\test\meningioma\brisc2025_test_00323_me_ax_t1.jpg,meningioma,meningioma,axial,0.028517889,0.9180127,0.027465587,0.026003895,0.9180127,True,True,0.98176455,0.9641917,1867.0,1861.0,False
d:\Research\Multi-View Fusion Network\datasets\brisc2025\classification_task\test\meningioma\brisc2025_test_00324_me_ax_t1.jpg,meningioma,meningioma,axial,0.026613515,0.9227124,0.024421934,0.026252134,0.9227124,True,True,0.84203655,0.7274775,338.0,427.0,False
d:\Research\Multi-View Fusion Network\datasets\brisc2025\classification_task\test\meningioma\brisc2025_test_00325_me_ax_t1.jpg,meningioma,meningioma,axial,0.026278611,0.91869533,0.028875504,0.02615061,0.91869533,True,True,0.9450283,0.89586526,613.0,623.0,False
d:\Research\Multi-View Fusion Network\datasets\brisc2025\classification_task\test\meningioma\brisc2025_test_00326_me_ax_t1.jpg,meningioma,meningioma,axial,0.026047776,0.91911286,0.028095685,0.026743717,0.91911286,True,True,0.9601926,0.9234568,1551.0,1563.0,False
d:\Research\Multi-View Fusion Network\datasets\brisc2025\classification_task\test\meningioma\brisc2025_test_00327_me_ax_t1.jpg,meningioma,meningioma,axial,0.025265912,0.92027354,0.029194705,0.025265912,0.92027354,True,True,0.88583815,0.7953368,357.0,334.0,False
d:\Research\Multi-View Fusion Network\datasets\brisc2025\classification_task\test\meningioma\brisc2025_test_00328_me_ax_t1.jpg,meningioma,meningioma,axial,0.026109979,0.9177159,0.029156243,0.027017836,0.9177159,True,True,0.971086,0.9438356,717.0,700.0,False
d:\Research\Multi-View Fusion Network\datasets\brisc2025\classification_task\test\meningioma\brisc2025_test_00329_me_ax_t1.jpg,meningioma,meningioma,axial,0.02457312,0.9140307,0.034116402,0.02727977,0.9140307,True,True,0.75086504,0.6022099,180.0,108.0,False
d:\Research\Multi-View Fusion Network\datasets\brisc2025\classification_task\test\meningioma\brisc2025_test_00330_me_ax_t1.jpg,meningioma,meningioma,axial,0.024331711,0.9215507,0.029050237,0.025067337,0.9215507,True,True,0.94140935,0.88938713,648.0,614.0,False
d:\Research\Multi-View Fusion Network\datasets\brisc2025\classification_task\test\meningioma\brisc2025_test_00331_me_ax_t1.jpg,meningioma,meningioma,axial,0.025283504,0.92091435,0.026848523,0.026953604,0.92091435,True,True,0.8971519,0.8137536,345.0,286.0,False
d:\Research\Multi-View Fusion Network\datasets\brisc2025\classification_task\test\meningioma\brisc2025_test_00332_me_ax_t1.jpg,meningioma,meningioma,axial,0.025527943,0.92213136,0.025652897,0.026687818,0.92213136,True,True,0.9624262,0.9276112,952.0,910.0,False
d:\Research\Multi-View Fusion Network\datasets\brisc2025\classification_task\test\meningioma\brisc2025_test_00333_me_ax_t1.jpg,meningioma,meningioma,axial,0.028470919,0.9160533,0.02863823,0.026837526,0.9160533,True,True,0.9425779,0.891455,826.0,810.0,False
d:\Research\Multi-View Fusion Network\datasets\brisc2025\classification_task\test\meningioma\brisc2025_test_00334_me_ax_t1.jpg,meningioma,meningioma,axial,0.025815006,0.92073727,0.02722617,0.026221532,0.92073727,True,True,0.9518072,0.908142,457.0,455.0,False
d:\Research\Multi-View Fusion Network\datasets\brisc2025\classification_task\test\meningioma\brisc2025_test_00335_me_ax_t1.jpg,meningioma,meningioma,axial,0.026598368,0.9226377,0.024539486,0.026224386,0.9226377,True,True,0.980597,0.96198833,334.0,335.0,False
d:\Research\Multi-View Fusion Network\datasets\brisc2025\classification_task\test\meningioma\brisc2025_test_00336_me_ax_t1.jpg,meningioma,meningioma,axial,0.025820239,0.92137367,0.02602275,0.026783332,0.92137367,True,True,0.9759818,0.95309824,2896.0,2807.0,False
d:\Research\Multi-View Fusion Network\datasets\brisc2025\classification_task\test\meningioma\brisc2025_test_00337_me_ax_t1.jpg,meningioma,meningioma,axial,0.02580213,0.921627,0.0263496,0.026221253,0.921627,True,True,0.9264432,0.8630849,560.0,513.0,False
d:\Research\Multi-View Fusion Network\datasets\brisc2025\classification_task\test\meningioma\brisc2025_test_00338_me_ax_t1.jpg,meningioma,meningioma,axial,0.027272733,0.91961384,0.026472388,0.026640963,0.91961384,True,True,0.97764885,0.95628417,2340.0,2312.0,False
d:\Research\Multi-View Fusion Network\datasets\brisc2025\classification_task\test\meningioma\brisc2025_test_00339_me_ax_t1.jpg,meningioma,meningioma,axial,0.025422966,0.92193365,0.025659923,0.026983438,0.92193365,True,True,0.9392328,0.88546884,1378.0,1254.0,False
d:\Research\Multi-View Fusion Network\datasets\brisc2025\classification_task\test\meningioma\brisc2025_test_00340_me_ax_t1.jpg,meningioma,meningioma,axial,0.025201194,0.9228598,0.026026571,0.025912447,0.9228598,True,True,0.91284406,0.84033614,110.0,107.0,False
d:\Research\Multi-View Fusion Network\datasets\brisc2025\classification_task\test\meningioma\brisc2025_test_00341_me_ax_t1.jpg,meningioma,meningioma,axial,0.026193205,0.92109084,0.026840556,0.025875406,0.92109084,True,True,0.97164947,0.9448898,972.0,967.0,False
d:\Research\Multi-View Fusion Network\datasets\brisc2025\classification_task\test\meningioma\brisc2025_test_00342_me_ax_t1.jpg,meningioma,meningioma,axial,0.027064327,0.9192951,0.027383352,0.026257277,0.9192951,True,True,0.9804348,0.96162957,2079.0,2060.0,False
d:\Research\Multi-View Fusion Network\datasets\brisc2025\classification_task\test\meningioma\brisc2025_test_00343_me_ax_t1.jpg,meningioma,meningioma,axial,0.026216405,0.91876096,0.02824997,0.026772665,0.91876096,True,True,0.9379616,0.8833333,342.0,334.0,False
d:\Research\Multi-View Fusion Network\datasets\brisc2025\classification_task\test\meningioma\brisc2025_test_00344_me_ax_t1.jpg,meningioma,meningioma,axial,0.026496815,0.919115,0.027904343,0.02648388,0.919115,True,True,0.9573788,0.91828394,960.0,916.0,False
d:\Research\Multi-View Fusion Network\datasets\brisc2025\classification_task\test\meningioma\brisc2025_test_00345_me_ax_t1.jpg,meningioma,meningioma,axial,0.027609266,0.9205648,0.02621662,0.025609316,0.9205648,True,True,0.7020089,0.5412371,565.0,330.0,False
d:\Research\Multi-View Fusion Network\datasets\brisc2025\classification_task\test\meningioma\brisc2025_test_00346_me_ax_t1.jpg,meningioma,meningioma,axial,0.027834859,0.91548425,0.029702477,0.02697847,0.91548425,True,True,0.98167115,0.96402115,934.0,920.0,False
d:\Research\Multi-View Fusion Network\datasets\brisc2025\classification_task\test\meningioma\brisc2025_test_00347_me_ax_t1.jpg,meningioma,meningioma,axial,0.026376223,0.92075807,0.026949031,0.02591663,0.92075807,True,True,0.9611983,0.92531574,1807.0,1697.0,False
d:\Research\Multi-View Fusion Network\datasets\brisc2025\classification_task\test\meningioma\brisc2025_test_00348_me_ax_t1.jpg,meningioma,meningioma,axial,0.025317842,0.92171484,0.025791992,0.027175346,0.92171484,True,True,0.9492323,0.90339303,2004.0,2033.0,False
d:\Research\Multi-View Fusion Network\datasets\brisc2025\classification_task\test\meningioma\brisc2025_test_00349_me_ax_t1.jpg,meningioma,meningioma,axial,0.02293386,0.92598355,0.022260843,0.028821737,0.92598355,True,True,0.97255486,0.9466019,1004.0,999.0,False
d:\Research\Multi-View Fusion Network\datasets\brisc2025\classification_task\test\meningioma\brisc2025_test_00350_me_ax_t1.jpg,meningioma,meningioma,axial,0.02607414,0.92184186,0.02548257,0.026601393,0.92184186,True,True,0.9142686,0.8421634,878.0,789.0,False
d:\Research\Multi-View Fusion Network\datasets\brisc2025\classification_task\test\meningioma\brisc2025_test_00351_me_ax_t1.jpg,meningioma,meningioma,axial,0.032865573,0.9133624,0.027988149,0.02578389,0.9133624,True,True,0.91996455,0.8518316,1769.0,1616.0,False
d:\Research\Multi-View Fusion Network\datasets\brisc2025\classification_task\test\meningioma\brisc2025_test_00352_me_ax_t1.jpg,meningioma,meningioma,axial,0.027728776,0.92004615,0.02618906,0.026036058,0.92004615,True,True,0.9379592,0.88325655,640.0,584.0,False
d:\Research\Multi-View Fusion Network\datasets\brisc2025\classification_task\test\meningioma\brisc2025_test_00353_me_ax_t1.jpg,meningioma,meningioma,axial,0.02660153,0.91914994,0.02811054,0.026138011,0.91914994,True,True,0.96553963,0.9334171,786.0,751.0,False
d:\Research\Multi-View Fusion Network\datasets\brisc2025\classification_task\test\meningioma\brisc2025_test_00354_me_ax_t1.jpg,meningioma,meningioma,axial,0.02796966,0.9154371,0.030598901,0.025994325,0.9154371,True,True,0.905552,0.8275058,844.0,722.0,False
d:\Research\Multi-View Fusion Network\datasets\brisc2025\classification_task\test\meningioma\brisc2025_test_00355_me_ax_t1.jpg,meningioma,meningioma,axial,0.027227523,0.91495675,0.030508274,0.027307408,0.91495675,True,True,0.91512704,0.843617,922.0,809.0,False
d:\Research\Multi-View Fusion Network\datasets\brisc2025\classification_task\test\meningioma\brisc2025_test_00356_me_ax_t1.jpg,meningioma,meningioma,axial,0.025662797,0.92203695,0.026016064,0.026284203,0.92203695,True,True,0.98514086,0.97072244,2581.0,2600.0,False
d:\Research\Multi-View Fusion Network\datasets\brisc2025\classification_task\test\meningioma\brisc2025_test_00357_me_ax_t1.jpg,meningioma,meningioma,axial,0.025999464,0.9218986,0.02624179,0.025860194,0.9218986,True,True,0.95879734,0.92094016,461.0,436.0,False
d:\Research\Multi-View Fusion Network\datasets\brisc2025\classification_task\test\meningioma\brisc2025_test_00358_me_ax_t1.jpg,meningioma,meningioma,axial,0.024808029,0.9223179,0.026023993,0.026850084,0.9223179,True,True,0.960275,0.9236417,637.0,671.0,False
d:\Research\Multi-View Fusion Network\datasets\brisc2025\classification_task\test\meningioma\brisc2025_test_00359_me_ax_t1.jpg,meningioma,meningioma,axial,0.026493222,0.9180934,0.028842498,0.026570952,0.9180934,True,True,0.97082746,0.94332427,1785.0,1779.0,False
d:\Research\Multi-View Fusion Network\datasets\brisc2025\classification_task\test\meningioma\brisc2025_test_00360_me_ax_t1.jpg,meningioma,meningioma,axial,0.027853044,0.9178734,0.027461419,0.02681218,0.9178734,True,True,0.94402486,0.8940286,1088.0,1162.0,False
d:\Research\Multi-View Fusion Network\datasets\brisc2025\classification_task\test\meningioma\brisc2025_test_00361_me_ax_t1.jpg,meningioma,meningioma,axial,0.027595881,0.9201185,0.026525743,0.025759898,0.9201185,True,True,0.9158805,0.84492755,662.0,609.0,False
d:\Research\Multi-View Fusion Network\datasets\brisc2025\classification_task\test\meningioma\brisc2025_test_00362_me_ax_t1.jpg,meningioma,meningioma,axial,0.02441387,0.9246625,0.024858948,0.026064677,0.9246625,True,True,0.9467213,0.89896375,360.0,371.0,False
d:\Research\Multi-View Fusion Network\datasets\brisc2025\classification_task\test\meningioma\brisc2025_test_00363_me_ax_t1.jpg,meningioma,meningioma,axial,0.02609798,0.9204348,0.027177386,0.026289828,0.9204348,True,True,0.9223022,0.856,373.0,321.0,False
d:\Research\Multi-View Fusion Network\datasets\brisc2025\classification_task\test\meningioma\brisc2025_test_00364_me_ax_t1.jpg,meningioma,meningioma,axial,0.025503382,0.9216941,0.026897509,0.025905002,0.9216941,True,True,0.92,0.8519924,503.0,471.0,False
d:\Research\Multi-View Fusion Network\datasets\brisc2025\classification_task\test\meningioma\brisc2025_test_00365_me_ax_t1.jpg,meningioma,pituitary,axial,0.029068112,0.030403677,0.9113748,0.029153395,0.9113748,False,True,0.92665726,0.86351705,338.0,370.0,False
d:\Research\Multi-View Fusion Network\datasets\brisc2025\classification_task\test\meningioma\brisc2025_test_00366_me_ax_t1.jpg,meningioma,meningioma,axial,0.026337354,0.9202995,0.026935609,0.026427528,0.9202995,True,True,0.9685276,0.938992,1827.0,1826.0,False
d:\Research\Multi-View Fusion Network\datasets\brisc2025\classification_task\test\meningioma\brisc2025_test_00367_me_ax_t1.jpg,meningioma,meningioma,axial,0.025810027,0.91921216,0.028990671,0.025987066,0.91921216,True,True,0.93114406,0.8712871,479.0,464.0,False
d:\Research\Multi-View Fusion Network\datasets\brisc2025\classification_task\test\meningioma\brisc2025_test_00368_me_ax_t1.jpg,meningioma,meningioma,axial,0.026153652,0.92059845,0.026617447,0.026630446,0.92059845,True,True,0.9457478,0.897127,995.0,1050.0,False
d:\Research\Multi-View Fusion Network\datasets\brisc2025\classification_task\test\meningioma\brisc2025_test_00369_me_ax_t1.jpg,meningioma,meningioma,axial,0.027343439,0.91705906,0.028585803,0.027011687,0.91705906,True,True,0.7942643,0.65909094,319.0,482.0,False
d:\Research\Multi-View Fusion Network\datasets\brisc2025\classification_task\test\meningioma\brisc2025_test_00370_me_ax_t1.jpg,meningioma,meningioma,axial,0.028256627,0.9158418,0.028687593,0.027213968,0.9158418,True,True,0.9673548,0.936803,1025.0,1057.0,False
d:\Research\Multi-View Fusion Network\datasets\brisc2025\classification_task\test\meningioma\brisc2025_test_00371_me_ax_t1.jpg,meningioma,meningioma,axial,0.02624699,0.92118114,0.026131898,0.026439933,0.92118114,True,True,0.9380805,0.88349515,460.0,508.0,False
d:\Research\Multi-View Fusion Network\datasets\brisc2025\classification_task\test\meningioma\brisc2025_test_00372_me_ax_t1.jpg,meningioma,meningioma,axial,0.025310041,0.9223312,0.025125343,0.02723338,0.9223312,True,True,0.9310345,0.8712871,198.0,178.0,False
d:\Research\Multi-View Fusion Network\datasets\brisc2025\classification_task\test\meningioma\brisc2025_test_00373_me_ax_t1.jpg,meningioma,meningioma,axial,0.027415091,0.9167724,0.028716743,0.027095694,0.9167724,True,True,0.96138555,0.9256831,888.0,872.0,False
d:\Research\Multi-View Fusion Network\datasets\brisc2025\classification_task\test\meningioma\brisc2025_test_00374_me_ax_t1.jpg,meningioma,meningioma,axial,0.025632137,0.9204858,0.026914764,0.026967384,0.9204858,True,True,0.95427036,0.9125964,728.0,758.0,False
d:\Research\Multi-View Fusion Network\datasets\brisc2025\classification_task\test\meningioma\brisc2025_test_00375_me_ax_t1.jpg,meningioma,meningioma,axial,0.026069492,0.91987914,0.028298166,0.025753196,0.91987914,True,True,0.89636165,0.81237525,488.0,418.0,False
d:\Research\Multi-View Fusion Network\datasets\brisc2025\classification_task\test\meningioma\brisc2025_test_00376_me_ax_t1.jpg,meningioma,meningioma,axial,0.02489362,0.9169535,0.031315204,0.026837677,0.9169535,True,True,0.9289474,0.86764705,189.0,190.0,False
d:\Research\Multi-View Fusion Network\datasets\brisc2025\classification_task\test\meningioma\brisc2025_test_00377_me_ax_t1.jpg,meningioma,meningioma,axial,0.02644836,0.9196767,0.027075563,0.026799351,0.9196767,True,True,0.9715214,0.9446333,1994.0,2008.0,False
d:\Research\Multi-View Fusion Network\datasets\brisc2025\classification_task\test\meningioma\brisc2025_test_00378_me_ax_t1.jpg,meningioma,meningioma,axial,0.025323238,0.9147369,0.035106372,0.024833443,0.9147369,True,True,0.7691522,0.6252073,583.0,395.0,False
d:\Research\Multi-View Fusion Network\datasets\brisc2025\classification_task\test\meningioma\brisc2025_test_00379_me_ax_t1.jpg,meningioma,meningioma,axial,0.02604728,0.91775006,0.028691275,0.02751141,0.91775006,True,True,0.9556257,0.91503733,2614.0,2771.0,False
d:\Research\Multi-View Fusion Network\datasets\brisc2025\classification_task\test\meningioma\brisc2025_test_00380_me_ax_t1.jpg,meningioma,meningioma,axial,0.0261517,0.92142916,0.026075196,0.026343945,0.92142916,True,True,0.95703125,0.91764706,928.0,863.0,False
d:\Research\Multi-View Fusion Network\datasets\brisc2025\classification_task\test\meningioma\brisc2025_test_00381_me_ax_t1.jpg,meningioma,meningioma,axial,0.028159242,0.91491634,0.029843917,0.027080476,0.91491634,True,True,0.92206526,0.85546523,1003.0,1049.0,False
d:\Research\Multi-View Fusion Network\datasets\brisc2025\classification_task\test\meningioma\brisc2025_test_00382_me_ax_t1.jpg,meningioma,meningioma,axial,0.02740686,0.921883,0.025645986,0.025064133,0.921883,True,True,0.95437616,0.9128114,545.0,528.0,False
d:\Research\Multi-View Fusion Network\datasets\brisc2025\classification_task\test\meningioma\brisc2025_test_00383_me_ax_t1.jpg,meningioma,meningioma,axial,0.027678227,0.9174725,0.028114093,0.02673512,0.9174725,True,True,0.94093406,0.88860106,370.0,357.0,False
d:\Research\Multi-View Fusion Network\datasets\brisc2025\classification_task\test\meningioma\brisc2025_test_00384_me_ax_t1.jpg,meningioma,meningioma,axial,0.026109891,0.9190581,0.028259106,0.02657291,0.9190581,True,True,0.95821464,0.9198543,535.0,517.0,False
d:\Research\Multi-View Fusion Network\datasets\brisc2025\classification_task\test\meningioma\brisc2025_test_00385_me_ax_t1.jpg,meningioma,meningioma,axial,0.025880026,0.9212552,0.026845347,0.026019406,0.9212552,True,True,0.9605749,0.9241706,1230.0,1204.0,False
d:\Research\Multi-View Fusion Network\datasets\brisc2025\classification_task\test\meningioma\brisc2025_test_00386_me_ax_t1.jpg,meningioma,meningioma,axial,0.025228793,0.9202686,0.02893908,0.025563601,0.9202686,True,True,0.93573517,0.87934184,535.0,491.0,False
d:\Research\Multi-View Fusion Network\datasets\brisc2025\classification_task\test\meningioma\brisc2025_test_00387_me_ax_t1.jpg,meningioma,meningioma,axial,0.026326241,0.92036045,0.026832376,0.026480947,0.92036045,True,True,0.97404325,0.94941634,1509.0,1495.0,False
d:\Research\Multi-View Fusion Network\datasets\brisc2025\classification_task\test\meningioma\brisc2025_test_00388_me_ax_t1.jpg,meningioma,meningioma,axial,0.026452642,0.92072445,0.026869211,0.025953671,0.92072445,True,True,0.9653846,0.933121,893.0,926.0,False
d:\Research\Multi-View Fusion Network\datasets\brisc2025\classification_task\test\meningioma\brisc2025_test_00389_me_ax_t1.jpg,meningioma,meningioma,axial,0.025780663,0.91951233,0.028494824,0.026212234,0.91951233,True,True,0.97919655,0.95926964,699.0,694.0,False
d:\Research\Multi-View Fusion Network\datasets\brisc2025\classification_task\test\meningioma\brisc2025_test_00390_me_ax_t1.jpg,meningioma,meningioma,axial,0.026034137,0.9186317,0.029414242,0.025919981,0.9186317,True,True,0.90286624,0.8231884,316.0,311.0,False
d:\Research\Multi-View Fusion Network\datasets\brisc2025\classification_task\test\meningioma\brisc2025_test_00391_me_ax_t1.jpg,meningioma,meningioma,axial,0.02668263,0.91701347,0.030353718,0.025950238,0.91701347,True,True,0.96666664,0.9355281,695.0,714.0,False
d:\Research\Multi-View Fusion Network\datasets\brisc2025\classification_task\test\meningioma\brisc2025_test_00392_me_co_t1.jpg,meningioma,meningioma,coronal,0.027532335,0.9202437,0.026245896,0.025978146,0.9202437,True,True,0.8277359,0.70615745,2136.0,2240.0,False
d:\Research\Multi-View Fusion Network\datasets\brisc2025\classification_task\test\meningioma\brisc2025_test_00393_me_co_t1.jpg,meningioma,meningioma,coronal,0.02608436,0.9231042,0.025480116,0.025331253,0.9231042,True,True,0.8175676,0.6915461,1285.0,934.0,False
d:\Research\Multi-View Fusion Network\datasets\brisc2025\classification_task\test\meningioma\brisc2025_test_00394_me_co_t1.jpg,meningioma,meningioma,coronal,0.028914586,0.91501105,0.029070308,0.027004052,0.91501105,True,True,0.97148496,0.9445629,2280.0,2278.0,False
d:\Research\Multi-View Fusion Network\datasets\brisc2025\classification_task\test\meningioma\brisc2025_test_00395_me_co_t1.jpg,meningioma,meningioma,coronal,0.0269075,0.92113644,0.025901971,0.026054187,0.92113644,True,True,0.9646138,0.9316689,1512.0,1426.0,False
d:\Research\Multi-View Fusion Network\datasets\brisc2025\classification_task\test\meningioma\brisc2025_test_00396_me_co_t1.jpg,meningioma,meningioma,coronal,0.026548637,0.9218124,0.025025528,0.026613533,0.9218124,True,True,0.9688379,0.939572,2368.0,2252.0,False
d:\Research\Multi-View Fusion Network\datasets\brisc2025\classification_task\test\meningioma\brisc2025_test_00397_me_co_t1.jpg,meningioma,meningioma,coronal,0.027908087,0.91789275,0.027556024,0.026643088,0.91789275,True,True,0.94550997,0.8966689,2928.0,2650.0,False
d:\Research\Multi-View Fusion Network\datasets\brisc2025\classification_task\test\meningioma\brisc2025_test_00398_me_co_t1.jpg,meningioma,meningioma,coronal,0.027250042,0.9201956,0.02610394,0.026450364,0.9201956,True,True,0.9707979,0.94326055,3706.0,3587.0,False
d:\Research\Multi-View Fusion Network\datasets\brisc2025\classification_task\test\meningioma\brisc2025_test_00399_me_co_t1.jpg,meningioma,meningioma,coronal,0.028701723,0.9171881,0.027055088,0.027055088,0.9171881,True,True,0.9563557,0.91637045,4744.0,4420.0,False
d:\Research\Multi-View Fusion Network\datasets\brisc2025\classification_task\test\meningioma\brisc2025_test_00400_me_co_t1.jpg,meningioma,meningioma,coronal,0.026765244,0.92030203,0.026440505,0.026492197,0.92030203,True,True,0.9673869,0.9368421,3773.0,3585.0,False
d:\Research\Multi-View Fusion Network\datasets\brisc2025\classification_task\test\meningioma\brisc2025_test_00401_me_co_t1.jpg,meningioma,meningioma,coronal,0.026436994,0.9219788,0.025017826,0.026566397,0.9219788,True,True,0.9657044,0.93369704,2378.0,2228.0,False
d:\Research\Multi-View Fusion Network\datasets\brisc2025\classification_task\test\meningioma\brisc2025_test_00402_me_co_t1.jpg,meningioma,meningioma,coronal,0.027104449,0.9179646,0.028129172,0.026801756,0.9179646,True,True,0.87432337,0.77675587,2380.0,1868.0,False
d:\Research\Multi-View Fusion Network\datasets\brisc2025\classification_task\test\meningioma\brisc2025_test_00403_me_co_t1.jpg,meningioma,meningioma,coronal,0.02774161,0.91688335,0.027755156,0.027619965,0.91688335,True,True,0.958287,0.91995734,886.0,911.0,False
d:\Research\Multi-View Fusion Network\datasets\brisc2025\classification_task\test\meningioma\brisc2025_test_00404_me_co_t1.jpg,meningioma,meningioma,coronal,0.026872689,0.9194957,0.027149657,0.026481915,0.9194957,True,True,0.94555986,0.89677894,1344.0,1245.0,False
d:\Research\Multi-View Fusion Network\datasets\brisc2025\classification_task\test\meningioma\brisc2025_test_00405_me_co_t1.jpg,meningioma,meningioma,coronal,0.027162883,0.91770047,0.02888652,0.026250154,0.91770047,True,True,0.9025157,0.8224513,727.0,862.0,False
d:\Research\Multi-View Fusion Network\datasets\brisc2025\classification_task\test\meningioma\brisc2025_test_00406_me_co_t1.jpg,meningioma,meningioma,coronal,0.023796886,0.91996896,0.025393574,0.030840604,0.91996896,True,True,0.9376499,0.88270676,627.0,623.0,False
d:\Research\Multi-View Fusion Network\datasets\brisc2025\classification_task\test\meningioma\brisc2025_test_00407_me_co_t1.jpg,meningioma,meningioma,coronal,0.026775263,0.9179532,0.028613675,0.026657857,0.9179532,True,True,0.9820007,0.9646499,1456.0,1432.0,False
d:\Research\Multi-View Fusion Network\datasets\brisc2025\classification_task\test\meningioma\brisc2025_test_00408_me_co_t1.jpg,meningioma,meningioma,coronal,0.027091205,0.91796416,0.028142897,0.026801744,0.91796416,True,True,0.88091236,0.78721577,2314.0,1850.0,False
d:\Research\Multi-View Fusion Network\datasets\brisc2025\classification_task\test\meningioma\brisc2025_test_00409_me_co_t1.jpg,meningioma,meningioma,coronal,0.026952023,0.91996145,0.026912572,0.026173867,0.91996145,True,True,0.978157,0.95725733,2220.0,2174.0,False
d:\Research\Multi-View Fusion Network\datasets\brisc2025\classification_task\test\meningioma\brisc2025_test_00410_me_co_t1.jpg,meningioma,meningioma,coronal,0.02709377,0.91670734,0.029223917,0.026974969,0.91670734,True,True,0.98739874,0.9751136,5009.0,4989.0,False
d:\Research\Multi-View Fusion Network\datasets\brisc2025\classification_task\test\meningioma\brisc2025_test_00411_me_co_t1.jpg,meningioma,meningioma,coronal,0.026291782,0.9191558,0.028414316,0.026138177,0.9191558,True,True,0.96076053,0.92451364,1223.0,1248.0,False
d:\Research\Multi-View Fusion Network\datasets\brisc2025\classification_task\test\meningioma\brisc2025_test_00412_me_co_t1.jpg,meningioma,meningioma,coronal,0.028339239,0.91762275,0.028297756,0.025740251,0.91762275,True,True,0.80965394,0.68042815,652.0,445.0,False
d:\Research\Multi-View Fusion Network\datasets\brisc2025\classification_task\test\meningioma\brisc2025_test_00413_me_co_t1.jpg,meningioma,meningioma,coronal,0.03878575,0.88405365,0.05341658,0.02374401,0.88405365,True,True,0.94551164,0.8966725,2816.0,2597.0,False
d:\Research\Multi-View Fusion Network\datasets\brisc2025\classification_task\test\meningioma\brisc2025_test_00414_me_co_t1.jpg,meningioma,meningioma,coronal,0.027581133,0.91783226,0.02740661,0.027180055,0.91783226,True,True,0.9387619,0.8846057,3931.0,3547.0,False
d:\Research\Multi-View Fusion Network\datasets\brisc2025\classification_task\test\meningioma\brisc2025_test_00415_me_co_t1.jpg,meningioma,meningioma,coronal,0.027645659,0.9181845,0.027243644,0.026926246,0.9181845,True,True,0.973291,0.94798106,2726.0,2627.0,False
d:\Research\Multi-View Fusion Network\datasets\brisc2025\classification_task\test\meningioma\brisc2025_test_00416_me_co_t1.jpg,meningioma,meningioma,coronal,0.027645659,0.9181845,0.027243644,0.026926246,0.9181845,True,True,0.9772983,0.9556126,2702.0,2627.0,False
d:\Research\Multi-View Fusion Network\datasets\brisc2025\classification_task\test\meningioma\brisc2025_test_00417_me_co_t1.jpg,meningioma,meningioma,coronal,0.026803084,0.92025405,0.026477886,0.026464961,0.92025405,True,True,0.97610116,0.95332426,3616.0,3580.0,False
d:\Research\Multi-View Fusion Network\datasets\brisc2025\classification_task\test\meningioma\brisc2025_test_00418_me_co_t1.jpg,meningioma,glioma,coronal,0.9009087,0.030993422,0.0327196,0.035378322,0.9009087,False,True,0.21444494,0.12031952,1190.0,1052.0,False
d:\Research\Multi-View Fusion Network\datasets\brisc2025\classification_task\test\meningioma\brisc2025_test_00419_me_co_t1.jpg,meningioma,meningioma,coronal,0.027223276,0.91929173,0.026814306,0.02667067,0.91929173,True,True,0.96906126,0.9399883,3362.0,3263.0,False
d:\Research\Multi-View Fusion Network\datasets\brisc2025\classification_task\test\meningioma\brisc2025_test_00420_me_co_t1.jpg,meningioma,meningioma,coronal,0.027450664,0.9206552,0.025649376,0.026244815,0.9206552,True,True,0.978756,0.9584048,2289.0,2276.0,False
d:\Research\Multi-View Fusion Network\datasets\brisc2025\classification_task\test\meningioma\brisc2025_test_00421_me_co_t1.jpg,meningioma,meningioma,coronal,0.026394473,0.92004645,0.027112914,0.026446076,0.92004645,True,True,0.87489337,0.7776655,1969.0,1547.0,False
d:\Research\Multi-View Fusion Network\datasets\brisc2025\classification_task\test\meningioma\brisc2025_test_00422_me_co_t1.jpg,meningioma,meningioma,coronal,0.025242299,0.92346275,0.024802463,0.02649248,0.92346275,True,True,0.9567938,0.9171902,1623.0,1732.0,False
d:\Research\Multi-View Fusion Network\datasets\brisc2025\classification_task\test\meningioma\brisc2025_test_00423_me_co_t1.jpg,meningioma,meningioma,coronal,0.02658353,0.91673565,0.02975761,0.026923168,0.91673565,True,True,0.8349381,0.7169811,314.0,412.0,False
d:\Research\Multi-View Fusion Network\datasets\brisc2025\classification_task\test\meningioma\brisc2025_test_00424_me_co_t1.jpg,meningioma,meningioma,coronal,0.02659914,0.9190673,0.028287003,0.026046487,0.9190673,True,True,0.92248064,0.8561947,868.0,808.0,False
d:\Research\Multi-View Fusion Network\datasets\brisc2025\classification_task\test\meningioma\brisc2025_test_00425_me_co_t1.jpg,meningioma,meningioma,coronal,0.027308293,0.9190161,0.027375042,0.026300626,0.9190161,True,True,0.98102015,0.9627618,1251.0,1277.0,False
d:\Research\Multi-View Fusion Network\datasets\brisc2025\classification_task\test\meningioma\brisc2025_test_00426_me_co_t1.jpg,meningioma,meningioma,coronal,0.026292784,0.9093696,0.039162982,0.02517465,0.9093696,True,True,0.91608393,0.8453039,470.0,530.0,False
d:\Research\Multi-View Fusion Network\datasets\brisc2025\classification_task\test\meningioma\brisc2025_test_00427_me_co_t1.jpg,meningioma,meningioma,coronal,0.02696358,0.9194576,0.02718833,0.026390465,0.9194576,True,True,0.9680851,0.93817466,980.0,993.0,False
d:\Research\Multi-View Fusion Network\datasets\brisc2025\classification_task\test\meningioma\brisc2025_test_00428_me_co_t1.jpg,meningioma,meningioma,coronal,0.026073547,0.91867554,0.028178463,0.027072513,0.91867554,True,True,0.8500469,0.7394137,590.0,476.0,False
d:\Research\Multi-View Fusion Network\datasets\brisc2025\classification_task\test\meningioma\brisc2025_test_00429_me_co_t1.jpg,meningioma,meningioma,coronal,0.027595881,0.9201185,0.026525743,0.025759898,0.9201185,True,True,0.9158805,0.84492755,662.0,609.0,False
d:\Research\Multi-View Fusion Network\datasets\brisc2025\classification_task\test\meningioma\brisc2025_test_00430_me_co_t1.jpg,meningioma,meningioma,coronal,0.026279995,0.9209895,0.02666779,0.026062753,0.9209895,True,True,0.96906567,0.9400245,799.0,784.0,False
d:\Research\Multi-View Fusion Network\datasets\brisc2025\classification_task\test\meningioma\brisc2025_test_00431_me_co_t1.jpg,meningioma,meningioma,coronal,0.025777305,0.9193926,0.027749697,0.02708042,0.9193926,True,True,0.8941718,0.8088643,340.0,311.0,False
d:\Research\Multi-View Fusion Network\datasets\brisc2025\classification_task\test\meningioma\brisc2025_test_00432_me_co_t1.jpg,meningioma,meningioma,coronal,0.024179209,0.9220564,0.026029319,0.02773514,0.9220564,True,True,0.93870604,0.88461536,448.0,432.0,False
d:\Research\Multi-View Fusion Network\datasets\brisc2025\classification_task\test\meningioma\brisc2025_test_00433_me_co_t1.jpg,meningioma,meningioma,coronal,0.027142916,0.91300476,0.03381291,0.026039436,0.91300476,True,True,0.9526515,0.9097473,263.0,264.0,False
d:\Research\Multi-View Fusion Network\datasets\brisc2025\classification_task\test\meningioma\brisc2025_test_00434_me_co_t1.jpg,meningioma,meningioma,coronal,0.026382184,0.91961807,0.02779719,0.026202453,0.91961807,True,True,0.9403707,0.887538,639.0,601.0,False
d:\Research\Multi-View Fusion Network\datasets\brisc2025\classification_task\test\meningioma\brisc2025_test_00435_me_co_t1.jpg,meningioma,meningioma,coronal,0.026981613,0.91738087,0.028721778,0.026915818,0.91738087,True,True,0.9101412,0.8352941,392.0,386.0,False
d:\Research\Multi-View Fusion Network\datasets\brisc2025\classification_task\test\meningioma\brisc2025_test_00436_me_co_t1.jpg,meningioma,meningioma,coronal,0.026203144,0.92099047,0.026177566,0.026628783,0.92099047,True,True,0.9385965,0.88437104,764.0,717.0,False
d:\Research\Multi-View Fusion Network\datasets\brisc2025\classification_task\test\meningioma\brisc2025_test_00437_me_co_t1.jpg,meningioma,meningioma,coronal,0.025544781,0.9209392,0.026888607,0.0266273,0.9209392,True,True,0.86758476,0.76635516,413.0,530.0,False
d:\Research\Multi-View Fusion Network\datasets\brisc2025\classification_task\test\meningioma\brisc2025_test_00438_me_co_t1.jpg,meningioma,meningioma,coronal,0.026050385,0.9201031,0.026916714,0.02692986,0.9201031,True,True,0.9467749,0.89897263,1059.0,1157.0,False
d:\Research\Multi-View Fusion Network\datasets\brisc2025\classification_task\test\meningioma\brisc2025_test_00439_me_co_t1.jpg,meningioma,meningioma,coronal,0.025190465,0.92201656,0.025964728,0.026828207,0.92201656,True,True,0.96533716,0.9330275,1044.0,1061.0,False
d:\Research\Multi-View Fusion Network\datasets\brisc2025\classification_task\test\meningioma\brisc2025_test_00440_me_co_t1.jpg,meningioma,meningioma,coronal,0.02656643,0.91659355,0.030428836,0.026411226,0.91659355,True,True,0.8856209,0.79532164,163.0,142.0,False
d:\Research\Multi-View Fusion Network\datasets\brisc2025\classification_task\test\meningioma\brisc2025_test_00441_me_co_t1.jpg,meningioma,meningioma,coronal,0.026444625,0.9204454,0.026691105,0.026418816,0.9204454,True,True,0.96449274,0.93146855,669.0,710.0,False
d:\Research\Multi-View Fusion Network\datasets\brisc2025\classification_task\test\meningioma\brisc2025_test_00442_me_co_t1.jpg,meningioma,meningioma,coronal,0.026001317,0.91836995,0.02800452,0.027624253,0.91836995,True,True,0.9381344,0.8835305,1065.0,1003.0,False
d:\Research\Multi-View Fusion Network\datasets\brisc2025\classification_task\test\meningioma\brisc2025_test_00443_me_co_t1.jpg,meningioma,meningioma,coronal,0.025063202,0.9227494,0.025972681,0.02621476,0.9227494,True,True,0.9733079,0.9480519,529.0,519.0,False
d:\Research\Multi-View Fusion Network\datasets\brisc2025\classification_task\test\meningioma\brisc2025_test_00444_me_co_t1.jpg,meningioma,meningioma,coronal,0.024271837,0.9246853,0.024071196,0.026971627,0.9246853,True,True,0.88071066,0.7873303,210.0,183.0,False
d:\Research\Multi-View Fusion Network\datasets\brisc2025\classification_task\test\meningioma\brisc2025_test_00445_me_co_t1.jpg,meningioma,meningioma,coronal,0.025985325,0.9204979,0.02660155,0.026915118,0.9204979,True,True,0.9804234,0.96160716,2201.0,2191.0,False
d:\Research\Multi-View Fusion Network\datasets\brisc2025\classification_task\test\meningioma\brisc2025_test_00446_me_co_t1.jpg,meningioma,meningioma,coronal,0.025459385,0.9214528,0.025999583,0.027088143,0.9214528,True,True,0.94511217,0.8959757,1218.0,1277.0,False
d:\Research\Multi-View Fusion Network\datasets\brisc2025\classification_task\test\meningioma\brisc2025_test_00447_me_co_t1.jpg,meningioma,meningioma,coronal,0.025816599,0.9216937,0.025879703,0.026610106,0.9216937,True,True,0.9755609,0.9523065,1254.0,1241.0,False
d:\Research\Multi-View Fusion Network\datasets\brisc2025\classification_task\test\meningioma\brisc2025_test_00448_me_co_t1.jpg,meningioma,meningioma,coronal,0.027527343,0.91873,0.027140299,0.026602367,0.91873,True,True,0.9486427,0.902371,691.0,671.0,False
d:\Research\Multi-View Fusion Network\datasets\brisc2025\classification_task\test\meningioma\brisc2025_test_00449_me_co_t1.jpg,meningioma,meningioma,coronal,0.026354734,0.9209068,0.026073141,0.026665395,0.9209068,True,True,0.8790244,0.78434783,478.0,546.0,False
d:\Research\Multi-View Fusion Network\datasets\brisc2025\classification_task\test\meningioma\brisc2025_test_00450_me_co_t1.jpg,meningioma,meningioma,coronal,0.025422843,0.9219292,0.025572242,0.027075695,0.9219292,True,True,0.9743871,0.95007133,1366.0,1366.0,False
d:\Research\Multi-View Fusion Network\datasets\brisc2025\classification_task\test\meningioma\brisc2025_test_00451_me_co_t1.jpg,meningioma,meningioma,coronal,0.02487072,0.9241973,0.02422352,0.026708458,0.9241973,True,True,0.93860686,0.88435876,1221.0,1319.0,False
d:\Research\Multi-View Fusion Network\datasets\brisc2025\classification_task\test\meningioma\brisc2025_test_00452_me_co_t1.jpg,meningioma,meningioma,coronal,0.026060207,0.9177573,0.029660137,0.026522348,0.9177573,True,True,0.9404332,0.8877551,281.0,272.0,False
d:\Research\Multi-View Fusion Network\datasets\brisc2025\classification_task\test\meningioma\brisc2025_test_00453_me_co_t1.jpg,meningioma,meningioma,coronal,0.025401404,0.9202526,0.027816372,0.02652961,0.9202526,True,True,0.9584172,0.9202059,731.0,759.0,False
d:\Research\Multi-View Fusion Network\datasets\brisc2025\classification_task\test\meningioma\brisc2025_test_00454_me_co_t1.jpg,meningioma,meningioma,coronal,0.025419926,0.92047405,0.026940718,0.027165279,0.92047405,True,True,0.86218834,0.75790757,805.0,638.0,False
d:\Research\Multi-View Fusion Network\datasets\brisc2025\classification_task\test\meningioma\brisc2025_test_00455_me_co_t1.jpg,meningioma,meningioma,coronal,0.025650548,0.9197987,0.026815996,0.027734857,0.9197987,True,True,0.76334107,0.6175,578.0,714.0,False
d:\Research\Multi-View Fusion Network\datasets\brisc2025\classification_task\test\meningioma\brisc2025_test_00456_me_co_t1.jpg,meningioma,meningioma,coronal,0.027190695,0.92178524,0.024951585,0.026072538,0.92178524,True,True,0.9448669,0.89568347,259.0,266.0,False
d:\Research\Multi-View Fusion Network\datasets\brisc2025\classification_task\test\meningioma\brisc2025_test_00457_me_co_t1.jpg,meningioma,meningioma,coronal,0.026347589,0.9215566,0.025825365,0.026270509,0.9215566,True,True,0.9472954,0.9,369.0,351.0,False
d:\Research\Multi-View Fusion Network\datasets\brisc2025\classification_task\test\meningioma\brisc2025_test_00458_me_co_t1.jpg,meningioma,meningioma,coronal,0.025626667,0.92163837,0.025601652,0.027133314,0.92163837,True,True,0.96642244,0.9350649,817.0,820.0,False
d:\Research\Multi-View Fusion Network\datasets\brisc2025\classification_task\test\meningioma\brisc2025_test_00459_me_co_t1.jpg,meningioma,meningioma,coronal,0.027134828,0.91989136,0.026532149,0.026441619,0.91989136,True,True,0.91538024,0.84404635,800.0,948.0,False
d:\Research\Multi-View Fusion Network\datasets\brisc2025\classification_task\test\meningioma\brisc2025_test_00460_me_co_t1.jpg,meningioma,meningioma,coronal,0.026194738,0.91800165,0.029222343,0.026581276,0.91800165,True,True,0.9220273,0.85559565,256.0,256.0,False
d:\Research\Multi-View Fusion Network\datasets\brisc2025\classification_task\test\meningioma\brisc2025_test_00461_me_co_t1.jpg,meningioma,meningioma,coronal,0.026125466,0.92185426,0.02522295,0.0267973,0.92185426,True,True,0.97587204,0.95289296,1904.0,1908.0,False
d:\Research\Multi-View Fusion Network\datasets\brisc2025\classification_task\test\meningioma\brisc2025_test_00462_me_co_t1.jpg,meningioma,meningioma,coronal,0.026867516,0.921116,0.025474943,0.026541539,0.921116,True,True,0.94814175,0.9014239,1786.0,1684.0,False
d:\Research\Multi-View Fusion Network\datasets\brisc2025\classification_task\test\meningioma\brisc2025_test_00463_me_co_t1.jpg,meningioma,meningioma,coronal,0.026193744,0.92110974,0.026528401,0.026168177,0.92110974,True,True,0.90990096,0.8348457,542.0,467.0,False
d:\Research\Multi-View Fusion Network\datasets\brisc2025\classification_task\test\meningioma\brisc2025_test_00464_me_co_t1.jpg,meningioma,meningioma,coronal,0.027467031,0.91850936,0.027453624,0.026570015,0.91850936,True,True,0.9803106,0.96139205,1813.0,1792.0,False
d:\Research\Multi-View Fusion Network\datasets\brisc2025\classification_task\test\meningioma\brisc2025_test_00465_me_co_t1.jpg,meningioma,meningioma,coronal,0.026281334,0.9219363,0.025398223,0.026384197,0.9219363,True,True,0.97888887,0.9586657,1346.0,1353.0,False
d:\Research\Multi-View Fusion Network\datasets\brisc2025\classification_task\test\meningioma\brisc2025_test_00466_me_co_t1.jpg,meningioma,meningioma,coronal,0.02608783,0.9133626,0.034024946,0.026524542,0.9133626,True,True,0.92789376,0.8657244,253.0,273.0,False
d:\Research\Multi-View Fusion Network\datasets\brisc2025\classification_task\test\meningioma\brisc2025_test_00467_me_co_t1.jpg,meningioma,meningioma,coronal,0.026258452,0.91843885,0.028656783,0.026645925,0.91843885,True,True,0.90518063,0.82682294,2266.0,1941.0,False
d:\Research\Multi-View Fusion Network\datasets\brisc2025\classification_task\test\meningioma\brisc2025_test_00468_me_co_t1.jpg,meningioma,meningioma,coronal,0.026676722,0.92084825,0.026263138,0.026211893,0.92084825,True,True,0.9793616,0.95956874,1846.0,1787.0,False
d:\Research\Multi-View Fusion Network\datasets\brisc2025\classification_task\test\meningioma\brisc2025_test_00469_me_co_t1.jpg,meningioma,meningioma,coronal,0.0250631,0.9222951,0.02588395,0.026757805,0.9222951,True,True,0.98035914,0.9614962,897.0,884.0,False
d:\Research\Multi-View Fusion Network\datasets\brisc2025\classification_task\test\meningioma\brisc2025_test_00470_me_co_t1.jpg,meningioma,meningioma,coronal,0.025644546,0.92048186,0.02657512,0.027298477,0.92048186,True,True,0.9349206,0.8779762,321.0,308.0,False
d:\Research\Multi-View Fusion Network\datasets\brisc2025\classification_task\test\meningioma\brisc2025_test_00471_me_co_t1.jpg,meningioma,meningioma,coronal,0.025948154,0.92097825,0.027087418,0.025986193,0.92097825,True,True,0.4758883,0.31281197,591.0,196.0,False
d:\Research\Multi-View Fusion Network\datasets\brisc2025\classification_task\test\meningioma\brisc2025_test_00472_me_co_t1.jpg,meningioma,meningioma,coronal,0.025016481,0.9246341,0.02352377,0.026825665,0.9246341,True,True,0.9682884,0.9385522,1175.0,1126.0,False
d:\Research\Multi-View Fusion Network\datasets\brisc2025\classification_task\test\meningioma\brisc2025_test_00473_me_co_t1.jpg,meningioma,meningioma,coronal,0.025763689,0.92205316,0.025575679,0.02660749,0.92205316,True,True,0.9778226,0.95661974,1733.0,1738.0,False
d:\Research\Multi-View Fusion Network\datasets\brisc2025\classification_task\test\meningioma\brisc2025_test_00474_me_co_t1.jpg,meningioma,meningioma,coronal,0.026329393,0.92092013,0.02616279,0.026587773,0.92092013,True,True,0.9775943,0.95618755,1265.0,1278.0,False
d:\Research\Multi-View Fusion Network\datasets\brisc2025\classification_task\test\meningioma\brisc2025_test_00475_me_co_t1.jpg,meningioma,meningioma,coronal,0.026257573,0.9202037,0.026606033,0.026932804,0.9202037,True,True,0.9677835,0.93765587,390.0,385.0,False
d:\Research\Multi-View Fusion Network\datasets\brisc2025\classification_task\test\meningioma\brisc2025_test_00476_me_co_t1.jpg,meningioma,meningioma,coronal,0.026178556,0.9196771,0.028017005,0.026127476,0.9196771,True,True,0.9743355,0.95,546.0,544.0,False
d:\Research\Multi-View Fusion Network\datasets\brisc2025\classification_task\test\meningioma\brisc2025_test_00477_me_co_t1.jpg,meningioma,meningioma,coronal,0.027402235,0.9185824,0.027469216,0.026546191,0.9185824,True,True,0.9816281,0.96393037,1566.0,1590.0,False
d:\Research\Multi-View Fusion Network\datasets\brisc2025\classification_task\test\meningioma\brisc2025_test_00478_me_sa_t1.jpg,meningioma,meningioma,sagittal,0.025519865,0.92049026,0.027232159,0.026757652,0.92049026,True,True,0.97143674,0.9444753,1783.0,1717.0,False
d:\Research\Multi-View Fusion Network\datasets\brisc2025\classification_task\test\meningioma\brisc2025_test_00479_me_sa_t1.jpg,meningioma,meningioma,sagittal,0.026159719,0.9226122,0.025157554,0.026070457,0.9226122,True,True,0.97420216,0.9497149,1866.0,1893.0,False
d:\Research\Multi-View Fusion Network\datasets\brisc2025\classification_task\test\meningioma\brisc2025_test_00480_me_sa_t1.jpg,meningioma,meningioma,sagittal,0.02630813,0.9210755,0.026320979,0.02629529,0.9210755,True,True,0.960936,0.9248232,2678.0,2492.0,False
d:\Research\Multi-View Fusion Network\datasets\brisc2025\classification_task\test\meningioma\brisc2025_test_00481_me_sa_t1.jpg,meningioma,meningioma,sagittal,0.026801463,0.91974926,0.027383508,0.026065812,0.91974926,True,True,0.9583847,0.92011833,1615.0,1628.0,False
d:\Research\Multi-View Fusion Network\datasets\brisc2025\classification_task\test\meningioma\brisc2025_test_00482_me_sa_t1.jpg,meningioma,meningioma,sagittal,0.026831193,0.9194216,0.027280351,0.026466854,0.9194216,True,True,0.94231904,0.89098996,887.0,811.0,False
d:\Research\Multi-View Fusion Network\datasets\brisc2025\classification_task\test\meningioma\brisc2025_test_00483_me_sa_t1.jpg,meningioma,meningioma,sagittal,0.027545363,0.91933143,0.026671821,0.02645134,0.91933143,True,True,0.82424814,0.701278,443.0,620.0,False
d:\Research\Multi-View Fusion Network\datasets\brisc2025\classification_task\test\meningioma\brisc2025_test_00484_me_sa_t1.jpg,meningioma,meningioma,sagittal,0.027103702,0.92108214,0.026039932,0.025774287,0.92108214,True,True,0.9611387,0.9252174,1116.0,1096.0,False
d:\Research\Multi-View Fusion Network\datasets\brisc2025\classification_task\test\meningioma\brisc2025_test_00485_me_sa_t1.jpg,meningioma,meningioma,sagittal,0.028598353,0.9174617,0.027786227,0.026153777,0.9174617,True,True,0.9726257,0.94673914,900.0,889.0,False
d:\Research\Multi-View Fusion Network\datasets\brisc2025\classification_task\test\meningioma\brisc2025_test_00486_me_sa_t1.jpg,meningioma,meningioma,sagittal,0.026839605,0.9197099,0.027449269,0.026001139,0.9197099,True,True,0.96787024,0.93775934,1649.0,1618.0,False
d:\Research\Multi-View Fusion Network\datasets\brisc2025\classification_task\test\meningioma\brisc2025_test_00487_me_sa_t1.jpg,meningioma,meningioma,sagittal,0.026882097,0.9198176,0.027066493,0.026233744,0.9198176,True,True,0.95323324,0.9106946,857.0,874.0,False
d:\Research\Multi-View Fusion Network\datasets\brisc2025\classification_task\test\meningioma\brisc2025_test_00488_me_sa_t1.jpg,meningioma,meningioma,sagittal,0.027702421,0.91782624,0.028345523,0.026125873,0.91782624,True,True,0.98179823,0.964255,2291.0,2268.0,False
d:\Research\Multi-View Fusion Network\datasets\brisc2025\classification_task\test\meningioma\brisc2025_test_00489_me_sa_t1.jpg,meningioma,meningioma,sagittal,0.026258059,0.92111987,0.026015582,0.026606526,0.92111987,True,True,0.9711191,0.94388777,973.0,965.0,False
d:\Research\Multi-View Fusion Network\datasets\brisc2025\classification_task\test\meningioma\brisc2025_test_00490_me_sa_t1.jpg,meningioma,meningioma,sagittal,0.029667294,0.91618747,0.027707022,0.026438225,0.91618747,True,True,0.9658595,0.93399847,1276.0,1242.0,False
d:\Research\Multi-View Fusion Network\datasets\brisc2025\classification_task\test\meningioma\brisc2025_test_00491_me_sa_t1.jpg,meningioma,meningioma,sagittal,0.026893543,0.91976005,0.026998803,0.026347633,0.91976005,True,True,0.9633553,0.9293208,1714.0,1778.0,False
d:\Research\Multi-View Fusion Network\datasets\brisc2025\classification_task\test\meningioma\brisc2025_test_00492_me_sa_t1.jpg,meningioma,meningioma,sagittal,0.027410008,0.9197407,0.026540758,0.026308514,0.9197407,True,True,0.9741138,0.94954544,2165.0,2122.0,False
d:\Research\Multi-View Fusion Network\datasets\brisc2025\classification_task\test\meningioma\brisc2025_test_00493_me_sa_t1.jpg,meningioma,meningioma,sagittal,0.06279846,0.46402135,0.040664695,0.43251547,0.46402135,True,True,0.09943531,0.05244123,3870.0,202.0,False
d:\Research\Multi-View Fusion Network\datasets\brisc2025\classification_task\test\meningioma\brisc2025_test_00494_me_sa_t1.jpg,meningioma,meningioma,sagittal,0.026657574,0.9210864,0.025350042,0.026906038,0.9210864,True,True,0.9746465,0.95057034,1032.0,1018.0,False
d:\Research\Multi-View Fusion Network\datasets\brisc2025\classification_task\test\meningioma\brisc2025_test_00495_me_sa_t1.jpg,meningioma,meningioma,sagittal,0.02650219,0.9215486,0.024738971,0.027210273,0.9215486,True,True,0.9292589,0.8679245,1025.0,1052.0,False
d:\Research\Multi-View Fusion Network\datasets\brisc2025\classification_task\test\meningioma\brisc2025_test_00496_me_sa_t1.jpg,meningioma,meningioma,sagittal,0.026782805,0.92135555,0.024577284,0.027284391,0.92135555,True,True,0.92094016,0.8535234,1172.0,1167.0,False
d:\Research\Multi-View Fusion Network\datasets\brisc2025\classification_task\test\meningioma\brisc2025_test_00497_me_sa_t1.jpg,meningioma,meningioma,sagittal,0.026168821,0.9206828,0.025750536,0.02739792,0.9206828,True,True,0.9664204,0.9350649,758.0,730.0,False
d:\Research\Multi-View Fusion Network\datasets\brisc2025\classification_task\test\meningioma\brisc2025_test_00498_me_sa_t1.jpg,meningioma,meningioma,sagittal,0.02649094,0.9216072,0.02521619,0.026685677,0.9216072,True,True,0.98365915,0.96785307,1733.0,1693.0,False
d:\Research\Multi-View Fusion Network\datasets\brisc2025\classification_task\test\meningioma\brisc2025_test_00499_me_sa_t1.jpg,meningioma,meningioma,sagittal,0.026180038,0.9210775,0.025849776,0.026892643,0.9210775,True,True,0.9498934,0.9046653,487.0,450.0,False
d:\Research\Multi-View Fusion Network\datasets\brisc2025\classification_task\test\meningioma\brisc2025_test_00500_me_sa_t1.jpg,meningioma,meningioma,sagittal,0.026331438,0.91829747,0.02807076,0.027300265,0.91829747,True,True,0.81941307,0.6946565,201.0,241.0,False
d:\Research\Multi-View Fusion Network\datasets\brisc2025\classification_task\test\meningioma\brisc2025_test_00501_me_sa_t1.jpg,meningioma,meningioma,sagittal,0.026916252,0.9205367,0.026254253,0.02629274,0.9205367,True,True,0.97520185,0.95163107,876.0,857.0,False
d:\Research\Multi-View Fusion Network\datasets\brisc2025\classification_task\test\meningioma\brisc2025_test_00502_me_sa_t1.jpg,meningioma,meningioma,sagittal,0.026407477,0.92139906,0.025682637,0.026510831,0.92139906,True,True,0.94299674,0.8923077,308.0,305.0,False
d:\Research\Multi-View Fusion Network\datasets\brisc2025\classification_task\test\meningioma\brisc2025_test_00503_me_sa_t1.jpg,meningioma,meningioma,sagittal,0.027527973,0.91785425,0.027988795,0.026628966,0.91785425,True,True,0.9425113,0.8914286,320.0,340.0,False
d:\Research\Multi-View Fusion Network\datasets\brisc2025\classification_task\test\meningioma\brisc2025_test_00504_me_sa_t1.jpg,meningioma,meningioma,sagittal,0.02648551,0.92096853,0.025112735,0.027433202,0.92096853,True,True,0.9241803,0.8593156,252.0,235.0,False
d:\Research\Multi-View Fusion Network\datasets\brisc2025\classification_task\test\meningioma\brisc2025_test_00505_me_sa_t1.jpg,meningioma,meningioma,sagittal,0.026083434,0.92082065,0.026223907,0.02687202,0.92082065,True,True,0.95462906,0.91324735,804.0,826.0,False
d:\Research\Multi-View Fusion Network\datasets\brisc2025\classification_task\test\meningioma\brisc2025_test_00506_me_sa_t1.jpg,meningioma,meningioma,sagittal,0.026677025,0.92040926,0.02585626,0.027057463,0.92040926,True,True,0.94783306,0.9009146,613.0,632.0,False
d:\Research\Multi-View Fusion Network\datasets\brisc2025\classification_task\test\meningioma\brisc2025_test_00507_me_sa_t1.jpg,meningioma,meningioma,sagittal,0.026120402,0.9221257,0.024948616,0.026805192,0.9221257,True,True,0.95889264,0.921095,585.0,606.0,False
d:\Research\Multi-View Fusion Network\datasets\brisc2025\classification_task\test\meningioma\brisc2025_test_00508_me_sa_t1.jpg,meningioma,meningioma,sagittal,0.026458938,0.9204939,0.026510663,0.026536565,0.9204939,True,True,0.9620553,0.9269406,627.0,637.0,False
d:\Research\Multi-View Fusion Network\datasets\brisc2025\classification_task\test\meningioma\brisc2025_test_00509_me_sa_t1.jpg,meningioma,meningioma,sagittal,0.027318068,0.91979414,0.025662951,0.027224854,0.91979414,True,True,0.95087975,0.9064246,708.0,655.0,False
d:\Research\Multi-View Fusion Network\datasets\brisc2025\classification_task\test\meningioma\brisc2025_test_00510_me_sa_t1.jpg,meningioma,meningioma,sagittal,0.026877495,0.9210083,0.025236746,0.026877495,0.9210083,True,True,0.97132254,0.94426227,1475.0,1488.0,False
d:\Research\Multi-View Fusion Network\datasets\brisc2025\classification_task\test\meningioma\brisc2025_test_00511_me_sa_t1.jpg,meningioma,meningioma,sagittal,0.025495183,0.9227485,0.024470638,0.027285643,0.9227485,True,True,0.96993166,0.94164455,1110.0,1084.0,False
d:\Research\Multi-View Fusion Network\datasets\brisc2025\classification_task\test\meningioma\brisc2025_test_00512_me_sa_t1.jpg,meningioma,meningioma,sagittal,0.027838208,0.91962695,0.025658287,0.026876524,0.91962695,True,True,0.9369787,0.8815331,529.0,549.0,False
d:\Research\Multi-View Fusion Network\datasets\brisc2025\classification_task\test\meningioma\brisc2025_test_00513_me_sa_t1.jpg,meningioma,meningioma,sagittal,0.025662232,0.91662997,0.03141133,0.026296461,0.91662997,True,True,0.94929576,0.9037433,176.0,178.0,False
d:\Research\Multi-View Fusion Network\datasets\brisc2025\classification_task\test\meningioma\brisc2025_test_00514_me_sa_t1.jpg,meningioma,meningioma,sagittal,0.026686277,0.9202789,0.026465675,0.02656926,0.9202789,True,True,0.9799757,0.960761,823.0,824.0,False
d:\Research\Multi-View Fusion Network\datasets\brisc2025\classification_task\test\meningioma\brisc2025_test_00515_me_sa_t1.jpg,meningioma,meningioma,sagittal,0.027568618,0.91696805,0.027975429,0.027487969,0.91696805,True,True,0.9827809,0.96615905,1161.0,1161.0,False
d:\Research\Multi-View Fusion Network\datasets\brisc2025\classification_task\test\meningioma\brisc2025_test_00516_me_sa_t1.jpg,meningioma,meningioma,sagittal,0.026985103,0.91929334,0.02624441,0.027477058,0.91929334,True,True,0.9673077,0.93672454,776.0,783.0,False
d:\Research\Multi-View Fusion Network\datasets\brisc2025\classification_task\test\meningioma\brisc2025_test_00517_me_sa_t1.jpg,meningioma,meningioma,sagittal,0.026529374,0.9206938,0.026143592,0.026633205,0.9206938,True,True,0.86442786,0.76148796,410.0,393.0,False
d:\Research\Multi-View Fusion Network\datasets\brisc2025\classification_task\test\meningioma\brisc2025_test_00518_me_sa_t1.jpg,meningioma,meningioma,sagittal,0.02611732,0.92066723,0.02634788,0.026867542,0.92066723,True,True,0.97780347,0.95658076,2166.0,2158.0,False
d:\Research\Multi-View Fusion Network\datasets\brisc2025\classification_task\test\meningioma\brisc2025_test_00519_me_sa_t1.jpg,meningioma,meningioma,sagittal,0.026779016,0.92122525,0.025502857,0.026492892,0.92122525,True,True,0.96829265,0.93856335,1046.0,1003.0,False
d:\Research\Multi-View Fusion Network\datasets\brisc2025\classification_task\test\meningioma\brisc2025_test_00520_me_sa_t1.jpg,meningioma,meningioma,sagittal,0.026759086,0.9205396,0.025771689,0.026929487,0.9205396,True,True,0.9601424,0.9233926,708.0,696.0,False
d:\Research\Multi-View Fusion Network\datasets\brisc2025\classification_task\test\meningioma\brisc2025_test_00521_me_sa_t1.jpg,meningioma,meningioma,sagittal,0.026301177,0.9163468,0.03036129,0.026990708,0.9163468,True,True,0.8923611,0.80625,137.0,150.0,False
d:\Research\Multi-View Fusion Network\datasets\brisc2025\classification_task\test\meningioma\brisc2025_test_00522_me_sa_t1.jpg,meningioma,meningioma,sagittal,0.027167208,0.92053944,0.025521228,0.02677215,0.92053944,True,True,0.94547564,0.8967033,436.0,425.0,False
d:\Research\Multi-View Fusion Network\datasets\brisc2025\classification_task\test\meningioma\brisc2025_test_00523_me_sa_t1.jpg,meningioma,meningioma,sagittal,0.02628995,0.9195405,0.027071554,0.027098006,0.9195405,True,True,0.8899329,0.8019324,341.0,403.0,False
d:\Research\Multi-View Fusion Network\datasets\brisc2025\classification_task\test\meningioma\brisc2025_test_00524_me_sa_t1.jpg,meningioma,meningioma,sagittal,0.027604816,0.9199671,0.025343975,0.027084112,0.9199671,True,True,0.9513909,0.90731436,1660.0,1754.0,False
d:\Research\Multi-View Fusion Network\datasets\brisc2025\classification_task\test\meningioma\brisc2025_test_00525_me_sa_t1.jpg,meningioma,meningioma,sagittal,0.025486441,0.9224321,0.024738519,0.02734296,0.9224321,True,True,0.96018296,0.9234351,1902.0,1814.0,False
d:\Research\Multi-View Fusion Network\datasets\brisc2025\classification_task\test\meningioma\brisc2025_test_00526_me_sa_t1.jpg,meningioma,meningioma,sagittal,0.024980515,0.92285407,0.024689484,0.027475948,0.92285407,True,True,0.825488,0.703125,373.0,497.0,False
d:\Research\Multi-View Fusion Network\datasets\brisc2025\classification_task\test\meningioma\brisc2025_test_00527_me_sa_t1.jpg,meningioma,meningioma,sagittal,0.025887076,0.91925913,0.027922349,0.026931444,0.91925913,True,True,0.92618626,0.8627451,294.0,274.0,False
d:\Research\Multi-View Fusion Network\datasets\brisc2025\classification_task\test\meningioma\brisc2025_test_00528_me_sa_t1.jpg,meningioma,meningioma,sagittal,0.15998974,0.76476055,0.036688138,0.038561642,0.76476055,True,True,0.9430486,0.8922914,906.0,884.0,False
d:\Research\Multi-View Fusion Network\datasets\brisc2025\classification_task\test\meningioma\brisc2025_test_00529_me_sa_t1.jpg,meningioma,meningioma,sagittal,0.026403137,0.9216976,0.025366865,0.026532372,0.9216976,True,True,0.96041214,0.923879,935.0,908.0,False
d:\Research\Multi-View Fusion Network\datasets\brisc2025\classification_task\test\meningioma\brisc2025_test_00530_me_sa_t1.jpg,meningioma,meningioma,sagittal,0.026077375,0.92195624,0.024810413,0.027155932,0.92195624,True,True,0.9826642,0.96594983,547.0,548.0,False
d:\Research\Multi-View Fusion Network\datasets\brisc2025\classification_task\test\meningioma\brisc2025_test_00531_me_sa_t1.jpg,meningioma,meningioma,sagittal,0.025683241,0.920971,0.026125936,0.027219785,0.920971,True,True,0.958209,0.91981673,840.0,834.0,False
d:\Research\Multi-View Fusion Network\datasets\brisc2025\classification_task\test\meningioma\brisc2025_test_00532_me_sa_t1.jpg,meningioma,meningioma,sagittal,0.026880743,0.91932225,0.027397538,0.026399465,0.91932225,True,True,0.96875,0.93942505,941.0,946.0,False
d:\Research\Multi-View Fusion Network\datasets\brisc2025\classification_task\test\meningioma\brisc2025_test_00533_me_sa_t1.jpg,meningioma,meningioma,sagittal,0.026394458,0.92319596,0.024398966,0.026010636,0.92319596,True,True,0.93793637,0.8832117,621.0,667.0,False
d:\Research\Multi-View Fusion Network\datasets\brisc2025\classification_task\test\meningioma\brisc2025_test_00534_me_sa_t1.jpg,meningioma,meningioma,sagittal,0.027499156,0.9195836,0.026497383,0.026419865,0.9195836,True,True,0.96962154,0.9410628,987.0,1020.0,False
d:\Research\Multi-View Fusion Network\datasets\brisc2025\classification_task\test\meningioma\brisc2025_test_00535_me_sa_t1.jpg,meningioma,meningioma,sagittal,0.027340084,0.91739446,0.028111702,0.027153827,0.91739446,True,True,0.94753087,0.9003906,482.0,489.0,False
d:\Research\Multi-View Fusion Network\datasets\brisc2025\classification_task\test\meningioma\brisc2025_test_00536_me_sa_t1.jpg,meningioma,meningioma,sagittal,0.026887236,0.92044276,0.025756396,0.026913505,0.92044276,True,True,0.97162193,0.9448217,2265.0,2315.0,False
d:\Research\Multi-View Fusion Network\datasets\brisc2025\classification_task\test\meningioma\brisc2025_test_00537_me_sa_t1.jpg,meningioma,meningioma,sagittal,0.026917214,0.9201201,0.025860764,0.027101848,0.9201201,True,True,0.9747842,0.9508197,2233.0,2168.0,False
d:\Research\Multi-View Fusion Network\datasets\brisc2025\classification_task\test\meningioma\brisc2025_test_00538_me_sa_t1.jpg,meningioma,meningioma,sagittal,0.026473127,0.920538,0.025608571,0.027380241,0.920538,True,True,0.8896296,0.8013333,622.0,727.0,False
d:\Research\Multi-View Fusion Network\datasets\brisc2025\classification_task\test\meningioma\brisc2025_test_00539_me_sa_t1.jpg,meningioma,meningioma,sagittal,0.02604793,0.9191183,0.026874779,0.027958998,0.9191183,True,True,0.9480884,0.90133333,1433.0,1417.0,False
d:\Research\Multi-View Fusion Network\datasets\brisc2025\classification_task\test\meningioma\brisc2025_test_00540_me_sa_t1.jpg,meningioma,meningioma,sagittal,0.02677598,0.92157066,0.025215192,0.026438199,0.92157066,True,True,0.977743,0.95646256,2906.0,2844.0,False
d:\Research\Multi-View Fusion Network\datasets\brisc2025\classification_task\test\meningioma\brisc2025_test_00541_me_sa_t1.jpg,meningioma,meningioma,sagittal,0.027582759,0.9201301,0.025435252,0.026851866,0.9201301,True,True,0.9019851,0.8215361,1204.0,1213.0,False
d:\Research\Multi-View Fusion Network\datasets\brisc2025\classification_task\test\meningioma\brisc2025_test_00542_me_sa_t1.jpg,meningioma,meningioma,sagittal,0.027409095,0.9152303,0.030547211,0.026813412,0.9152303,True,True,0.92695653,0.8640777,304.0,270.0,False
d:\Research\Multi-View Fusion Network\datasets\brisc2025\classification_task\test\meningioma\brisc2025_test_00543_me_sa_t1.jpg,meningioma,meningioma,sagittal,0.026374642,0.92070293,0.025763676,0.027158767,0.92070293,True,True,0.91497797,0.84334415,1038.0,1231.0,False
d:\Research\Multi-View Fusion Network\datasets\brisc2025\classification_task\test\meningioma\brisc2025_test_00544_me_sa_t1.jpg,meningioma,meningioma,sagittal,0.025638705,0.919823,0.027708517,0.026829801,0.919823,True,True,0.92291665,0.85714287,231.0,248.0,False
d:\Research\Multi-View Fusion Network\datasets\brisc2025\classification_task\test\meningioma\brisc2025_test_00545_me_sa_t1.jpg,meningioma,meningioma,sagittal,0.026653994,0.9200637,0.026550079,0.026732197,0.9200637,True,True,0.9629801,0.9286351,1054.0,1106.0,False
d:\Research\Multi-View Fusion Network\datasets\brisc2025\classification_task\test\meningioma\brisc2025_test_00546_me_sa_t1.jpg,meningioma,meningioma,sagittal,0.026476333,0.921549,0.025251562,0.026723107,0.921549,True,True,0.96456844,0.9315866,1293.0,1359.0,False
d:\Research\Multi-View Fusion Network\datasets\brisc2025\classification_task\test\meningioma\brisc2025_test_00547_me_sa_t1.jpg,meningioma,meningioma,sagittal,0.027451186,0.92022324,0.02597757,0.026348034,0.92022324,True,True,0.98451114,0.9695045,1552.0,1546.0,False
d:\Research\Multi-View Fusion Network\datasets\brisc2025\classification_task\test\meningioma\brisc2025_test_00548_me_sa_t1.jpg,meningioma,meningioma,sagittal,0.026735505,0.9219765,0.024474053,0.026813945,0.9219765,True,True,0.9625974,0.9279279,951.0,973.0,False
d:\Research\Multi-View Fusion Network\datasets\brisc2025\classification_task\test\meningioma\brisc2025_test_00549_me_sa_t1.jpg,meningioma,meningioma,sagittal,0.02700917,0.9210122,0.025323259,0.026655428,0.9210122,True,True,0.9752598,0.95173746,995.0,1025.0,False
d:\Research\Multi-View Fusion Network\datasets\brisc2025\classification_task\test\meningioma\brisc2025_test_00550_me_sa_t1.jpg,meningioma,meningioma,sagittal,0.026543649,0.9207396,0.026030248,0.026686601,0.9207396,True,True,0.91223156,0.838765,552.0,518.0,False
d:\Research\Multi-View Fusion Network\datasets\brisc2025\classification_task\test\meningioma\brisc2025_test_00551_me_sa_t1.jpg,meningioma,meningioma,sagittal,0.026536008,0.9218239,0.025259096,0.02638098,0.9218239,True,True,0.98275864,0.96612024,889.0,908.0,False
d:\Research\Multi-View Fusion Network\datasets\brisc2025\classification_task\test\meningioma\brisc2025_test_00552_me_sa_t1.jpg,meningioma,meningioma,sagittal,0.02464182,0.924226,0.024617765,0.026514377,0.924226,True,True,0.93143815,0.871875,298.0,299.0,False
d:\Research\Multi-View Fusion Network\datasets\brisc2025\classification_task\test\meningioma\brisc2025_test_00553_me_sa_t1.jpg,meningioma,meningioma,sagittal,0.02669667,0.91973877,0.026579611,0.026984997,0.91973877,True,True,0.96648353,0.93517536,913.0,906.0,False
d:\Research\Multi-View Fusion Network\datasets\brisc2025\classification_task\test\meningioma\brisc2025_test_00554_me_sa_t1.jpg,meningioma,meningioma,sagittal,0.026248606,0.9212379,0.025955468,0.026558014,0.9212379,True,True,0.9828224,0.9662338,1874.0,1909.0,False
d:\Research\Multi-View Fusion Network\datasets\brisc2025\classification_task\test\meningioma\brisc2025_test_00555_me_sa_t1.jpg,meningioma,meningioma,sagittal,0.02681571,0.92158705,0.025351439,0.026245734,0.92158705,True,True,0.9572614,0.9180589,1214.0,1195.0,False
d:\Research\Multi-View Fusion Network\datasets\brisc2025\classification_task\test\meningioma\brisc2025_test_00556_me_sa_t1.jpg,meningioma,meningioma,sagittal,0.026151987,0.91919243,0.02755465,0.027100977,0.91919243,True,True,0.94641316,0.89836067,555.0,601.0,False
d:\Research\Multi-View Fusion Network\datasets\brisc2025\classification_task\test\meningioma\brisc2025_test_00557_me_sa_t1.jpg,meningioma,meningioma,sagittal,0.026247818,0.91896397,0.027574716,0.027213568,0.91896397,True,True,0.97153944,0.9447236,377.0,395.0,False
d:\Research\Multi-View Fusion Network\datasets\brisc2025\classification_task\test\meningioma\brisc2025_test_00558_me_sa_t1.jpg,meningioma,meningioma,sagittal,0.02581023,0.9174259,0.029476209,0.027287673,0.9174259,True,True,0.9144144,0.8429752,101.0,120.0,False
d:\Research\Multi-View Fusion Network\datasets\brisc2025\classification_task\test\meningioma\brisc2025_test_00559_me_sa_t1.jpg,meningioma,meningioma,sagittal,0.026104411,0.92021215,0.026671313,0.027012074,0.92021215,True,True,0.8195067,0.69449717,365.0,526.0,False
d:\Research\Multi-View Fusion Network\datasets\brisc2025\classification_task\test\meningioma\brisc2025_test_00560_me_sa_t1.jpg,meningioma,meningioma,sagittal,0.026312854,0.9212409,0.025403863,0.027042273,0.9212409,True,True,0.97423804,0.94978786,1393.0,1362.0,False
d:\Research\Multi-View Fusion Network\datasets\brisc2025\classification_task\test\no_tumor\brisc2025_test_00561_no_ax_t1.jpg,no_tumor,no_tumor,axial,0.021388067,0.021608507,0.02234893,0.9346545,0.9346545,True,True,1.0,1.0,0.0,0.0,False
d:\Research\Multi-View Fusion Network\datasets\brisc2025\classification_task\test\no_tumor\brisc2025_test_00562_no_ax_t1.jpg,no_tumor,no_tumor,axial,0.022074498,0.022193383,0.022128457,0.93360364,0.93360364,True,True,1.0,1.0,0.0,0.0,False
d:\Research\Multi-View Fusion Network\datasets\brisc2025\classification_task\test\no_tumor\brisc2025_test_00563_no_ax_t1.jpg,no_tumor,no_tumor,axial,0.022005772,0.021823863,0.022286922,0.9338834,0.9338834,True,True,1.0,1.0,0.0,0.0,False
d:\Research\Multi-View Fusion Network\datasets\brisc2025\classification_task\test\no_tumor\brisc2025_test_00564_no_ax_t1.jpg,no_tumor,no_tumor,axial,0.022387741,0.022585375,0.021944007,0.9330829,0.9330829,True,True,1.0,1.0,0.0,0.0,False
d:\Research\Multi-View Fusion Network\datasets\brisc2025\classification_task\test\no_tumor\brisc2025_test_00565_no_ax_t1.jpg,no_tumor,no_tumor,axial,0.022096498,0.02191384,0.022367885,0.9336218,0.9336218,True,True,1.0,1.0,0.0,0.0,False
d:\Research\Multi-View Fusion Network\datasets\brisc2025\classification_task\test\no_tumor\brisc2025_test_00566_no_ax_t1.jpg,no_tumor,no_tumor,axial,0.022328481,0.022003789,0.02277999,0.9328878,0.9328878,True,True,1.0,1.0,0.0,0.0,False
d:\Research\Multi-View Fusion Network\datasets\brisc2025\classification_task\test\no_tumor\brisc2025_test_00567_no_ax_t1.jpg,no_tumor,no_tumor,axial,0.022021828,0.022303184,0.022478111,0.93319684,0.93319684,True,True,1.0,1.0,0.0,0.0,False
d:\Research\Multi-View Fusion Network\datasets\brisc2025\classification_task\test\no_tumor\brisc2025_test_00568_no_ax_t1.jpg,no_tumor,no_tumor,axial,0.022427497,0.02241655,0.023150723,0.93200535,0.93200535,True,True,1.0,1.0,0.0,0.0,False
d:\Research\Multi-View Fusion Network\datasets\brisc2025\classification_task\test\no_tumor\brisc2025_test_00569_no_ax_t1.jpg,no_tumor,no_tumor,axial,0.021869618,0.021965938,0.02214903,0.9340154,0.9340154,True,True,1.0,1.0,0.0,0.0,False
d:\Research\Multi-View Fusion Network\datasets\brisc2025\classification_task\test\no_tumor\brisc2025_test_00570_no_ax_t1.jpg,no_tumor,no_tumor,axial,0.022033993,0.022141846,0.022567533,0.9332566,0.9332566,True,True,1.0,1.0,0.0,0.0,False
d:\Research\Multi-View Fusion Network\datasets\brisc2025\classification_task\test\no_tumor\brisc2025_test_00571_no_ax_t1.jpg,no_tumor,no_tumor,axial,0.021890288,0.02200818,0.022115905,0.93398565,0.93398565,True,True,1.0,1.0,0.0,0.0,False
d:\Research\Multi-View Fusion Network\datasets\brisc2025\classification_task\test\no_tumor\brisc2025_test_00572_no_ax_t1.jpg,no_tumor,no_tumor,axial,0.021716535,0.021993991,0.021993991,0.9342954,0.9342954,True,True,1.0,1.0,0.0,0.0,False
d:\Research\Multi-View Fusion Network\datasets\brisc2025\classification_task\test\no_tumor\brisc2025_test_00573_no_ax_t1.jpg,no_tumor,no_tumor,axial,0.02192575,0.02216255,0.02223843,0.93367326,0.93367326,True,True,1.0,1.0,0.0,0.0,False
d:\Research\Multi-View Fusion Network\datasets\brisc2025\classification_task\test\no_tumor\brisc2025_test_00574_no_ax_t1.jpg,no_tumor,no_tumor,axial,0.02196071,0.022154573,0.022547452,0.93333733,0.93333733,True,True,1.0,1.0,0.0,0.0,False
d:\Research\Multi-View Fusion Network\datasets\brisc2025\classification_task\test\no_tumor\brisc2025_test_00575_no_ax_t1.jpg,no_tumor,no_tumor,axial,0.021749772,0.02202765,0.021866906,0.9343557,0.9343557,True,True,1.0,1.0,0.0,0.0,False
d:\Research\Multi-View Fusion Network\datasets\brisc2025\classification_task\test\no_tumor\brisc2025_test_00576_no_ax_t1.jpg,no_tumor,no_tumor,axial,0.021799441,0.02206718,0.021927547,0.93420583,0.93420583,True,True,1.0,1.0,0.0,0.0,False
d:\Research\Multi-View Fusion Network\datasets\brisc2025\classification_task\test\no_tumor\brisc2025_test_00577_no_ax_t1.jpg,no_tumor,no_tumor,axial,0.021958139,0.02215198,0.022206128,0.93368375,0.93368375,True,True,1.0,1.0,0.0,0.0,False
d:\Research\Multi-View Fusion Network\datasets\brisc2025\classification_task\test\no_tumor\brisc2025_test_00578_no_ax_t1.jpg,no_tumor,no_tumor,axial,0.021967117,0.022247775,0.022631254,0.93315387,0.93315387,True,True,1.0,1.0,0.0,0.0,False
d:\Research\Multi-View Fusion Network\datasets\brisc2025\classification_task\test\no_tumor\brisc2025_test_00579_no_ax_t1.jpg,no_tumor,no_tumor,axial,0.021877138,0.021930614,0.021855785,0.93433654,0.93433654,True,True,1.0,1.0,0.0,0.0,False
d:\Research\Multi-View Fusion Network\datasets\brisc2025\classification_task\test\no_tumor\brisc2025_test_00580_no_ax_t1.jpg,no_tumor,no_tumor,axial,0.021632846,0.021823818,0.021749351,0.93479395,0.93479395,True,True,1.0,1.0,0.0,0.0,False
d:\Research\Multi-View Fusion Network\datasets\brisc2025\classification_task\test\no_tumor\brisc2025_test_00581_no_ax_t1.jpg,no_tumor,no_tumor,axial,0.021679258,0.021956237,0.021849291,0.9345152,0.9345152,True,True,1.0,1.0,0.0,0.0,False
d:\Research\Multi-View Fusion Network\datasets\brisc2025\classification_task\test\no_tumor\brisc2025_test_00582_no_ax_t1.jpg,no_tumor,no_tumor,axial,0.022281785,0.021840146,0.022665847,0.9332123,0.9332123,True,True,1.0,1.0,0.0,0.0,False
d:\Research\Multi-View Fusion Network\datasets\brisc2025\classification_task\test\no_tumor\brisc2025_test_00583_no_ax_t1.jpg,no_tumor,no_tumor,axial,0.022475338,0.022213493,0.02268482,0.9326263,0.9326263,True,True,1.0,1.0,0.0,0.0,False
d:\Research\Multi-View Fusion Network\datasets\brisc2025\classification_task\test\no_tumor\brisc2025_test_00584_no_ax_t1.jpg,no_tumor,no_tumor,axial,0.022111507,0.021694424,0.022394009,0.9338,0.9338,True,True,1.0,1.0,0.0,0.0,False
d:\Research\Multi-View Fusion Network\datasets\brisc2025\classification_task\test\no_tumor\brisc2025_test_00585_no_ax_t1.jpg,no_tumor,no_tumor,axial,0.021922624,0.022019174,0.022062223,0.933996,0.933996,True,True,1.0,1.0,0.0,0.0,False
d:\Research\Multi-View Fusion Network\datasets\brisc2025\classification_task\test\no_tumor\brisc2025_test_00586_no_ax_t1.jpg,no_tumor,no_tumor,axial,0.021932017,0.021846512,0.021825187,0.93439627,0.93439627,True,True,1.0,1.0,0.0,0.0,False
d:\Research\Multi-View Fusion Network\datasets\brisc2025\classification_task\test\no_tumor\brisc2025_test_00587_no_ax_t1.jpg,no_tumor,no_tumor,axial,0.022121431,0.02184237,0.022273172,0.9337631,0.9337631,True,True,1.0,1.0,0.0,0.0,False
d:\Research\Multi-View Fusion Network\datasets\brisc2025\classification_task\test\no_tumor\brisc2025_test_00588_no_ax_t1.jpg,no_tumor,no_tumor,axial,0.022348935,0.021895276,0.022469295,0.93328655,0.93328655,True,True,1.0,1.0,0.0,0.0,False
d:\Research\Multi-View Fusion Network\datasets\brisc2025\classification_task\test\no_tumor\brisc2025_test_00589_no_ax_t1.jpg,no_tumor,no_tumor,axial,0.0223048,0.020902323,0.020790355,0.9360025,0.9360025,True,True,1.0,1.0,0.0,0.0,False
d:\Research\Multi-View Fusion Network\datasets\brisc2025\classification_task\test\no_tumor\brisc2025_test_00590_no_ax_t1.jpg,no_tumor,no_tumor,axial,0.021315416,0.020944007,0.020329382,0.9374111,0.9374111,True,True,1.0,1.0,0.0,0.0,False
d:\Research\Multi-View Fusion Network\datasets\brisc2025\classification_task\test\no_tumor\brisc2025_test_00591_no_ax_t1.jpg,no_tumor,no_tumor,axial,0.022167576,0.021909319,0.02203807,0.9338851,0.9338851,True,True,1.0,1.0,0.0,0.0,False
d:\Research\Multi-View Fusion Network\datasets\brisc2025\classification_task\test\no_tumor\brisc2025_test_00592_no_ax_t1.jpg,no_tumor,no_tumor,axial,0.021198777,0.020526504,0.020972276,0.9373024,0.9373024,True,True,1.0,1.0,0.0,0.0,False
d:\Research\Multi-View Fusion Network\datasets\brisc2025\classification_task\test\no_tumor\brisc2025_test_00593_no_ax_t1.jpg,no_tumor,no_tumor,axial,0.021647697,0.021395493,0.021977866,0.93497896,0.93497896,True,True,1.0,1.0,0.0,0.0,False
d:\Research\Multi-View Fusion Network\datasets\brisc2025\classification_task\test\no_tumor\brisc2025_test_00594_no_ax_t1.jpg,no_tumor,no_tumor,axial,0.060400873,0.032711357,0.07063302,0.8362547,0.8362547,True,True,1.0,1.0,0.0,0.0,False
d:\Research\Multi-View Fusion Network\datasets\brisc2025\classification_task\test\no_tumor\brisc2025_test_00595_no_ax_t1.jpg,no_tumor,no_tumor,axial,0.020819064,0.020972107,0.021828845,0.93638,0.93638,True,True,1.0,1.0,0.0,0.0,False
d:\Research\Multi-View Fusion Network\datasets\brisc2025\classification_task\test\no_tumor\brisc2025_test_00596_no_ax_t1.jpg,no_tumor,no_tumor,axial,0.021307288,0.021100223,0.021453442,0.93613905,0.93613905,True,True,1.0,1.0,0.0,0.0,False
d:\Research\Multi-View Fusion Network\datasets\brisc2025\classification_task\test\no_tumor\brisc2025_test_00597_no_ax_t1.jpg,no_tumor,no_tumor,axial,0.020975979,0.020935051,0.021078652,0.9370103,0.9370103,True,True,1.0,1.0,0.0,0.0,False
d:\Research\Multi-View Fusion Network\datasets\brisc2025\classification_task\test\no_tumor\brisc2025_test_00598_no_ax_t1.jpg,no_tumor,no_tumor,axial,0.020918882,0.021093247,0.020786516,0.93720144,0.93720144,True,True,1.0,1.0,0.0,0.0,False
d:\Research\Multi-View Fusion Network\datasets\brisc2025\classification_task\test\no_tumor\brisc2025_test_00599_no_ax_t1.jpg,no_tumor,no_tumor,axial,0.020843063,0.020690963,0.021006536,0.9374594,0.9374594,True,True,1.0,1.0,0.0,0.0,False
d:\Research\Multi-View Fusion Network\datasets\brisc2025\classification_task\test\no_tumor\brisc2025_test_00600_no_ax_t1.jpg,no_tumor,no_tumor,axial,0.022065062,0.02193615,0.02188266,0.9341162,0.9341162,True,True,1.0,1.0,0.0,0.0,False
d:\Research\Multi-View Fusion Network\datasets\brisc2025\classification_task\test\no_tumor\brisc2025_test_00601_no_ax_t1.jpg,no_tumor,no_tumor,axial,0.020557096,0.019606143,0.022511505,0.9373253,0.9373253,True,True,1.0,1.0,0.0,0.0,False
d:\Research\Multi-View Fusion Network\datasets\brisc2025\classification_task\test\no_tumor\brisc2025_test_00602_no_ax_t1.jpg,no_tumor,no_tumor,axial,0.020523893,0.02105168,0.02169873,0.9367257,0.9367257,True,True,1.0,1.0,0.0,0.0,False
d:\Research\Multi-View Fusion Network\datasets\brisc2025\classification_task\test\no_tumor\brisc2025_test_00603_no_ax_t1.jpg,no_tumor,no_tumor,axial,0.02190026,0.021497656,0.022190899,0.93441117,0.93441117,True,True,1.0,1.0,0.0,0.0,False
d:\Research\Multi-View Fusion Network\datasets\brisc2025\classification_task\test\no_tumor\brisc2025_test_00604_no_ax_t1.jpg,no_tumor,no_tumor,axial,0.020079993,0.020207858,0.020596363,0.9391157,0.9391157,True,True,1.0,1.0,0.0,0.0,False
d:\Research\Multi-View Fusion Network\datasets\brisc2025\classification_task\test\no_tumor\brisc2025_test_00605_no_ax_t1.jpg,no_tumor,no_tumor,axial,0.021566398,0.021149267,0.02171433,0.93557,0.93557,True,True,1.0,1.0,0.0,0.0,False
d:\Research\Multi-View Fusion Network\datasets\brisc2025\classification_task\test\no_tumor\brisc2025_test_00606_no_ax_t1.jpg,no_tumor,no_tumor,axial,0.021350872,0.022277407,0.021974906,0.9343968,0.9343968,True,True,1.0,1.0,0.0,0.0,False
d:\Research\Multi-View Fusion Network\datasets\brisc2025\classification_task\test\no_tumor\brisc2025_test_00607_no_ax_t1.jpg,no_tumor,no_tumor,axial,0.020976698,0.021099968,0.021338267,0.936585,0.936585,True,True,1.0,1.0,0.0,0.0,False
d:\Research\Multi-View Fusion Network\datasets\brisc2025\classification_task\test\no_tumor\brisc2025_test_00608_no_ax_t1.jpg,no_tumor,no_tumor,axial,0.021377923,0.021273794,0.021767655,0.9355807,0.9355807,True,True,1.0,1.0,0.0,0.0,False
d:\Research\Multi-View Fusion Network\datasets\brisc2025\classification_task\test\no_tumor\brisc2025_test_00609_no_ax_t1.jpg,no_tumor,no_tumor,axial,0.021178406,0.02116807,0.023078918,0.9345746,0.9345746,True,True,1.0,1.0,0.0,0.0,False
d:\Research\Multi-View Fusion Network\datasets\brisc2025\classification_task\test\no_tumor\brisc2025_test_00610_no_ax_t1.jpg,no_tumor,no_tumor,axial,0.020820403,0.02096322,0.020861108,0.9373553,0.9373553,True,True,1.0,1.0,0.0,0.0,False
d:\Research\Multi-View Fusion Network\datasets\brisc2025\classification_task\test\no_tumor\brisc2025_test_00611_no_ax_t1.jpg,no_tumor,no_tumor,axial,0.021966916,0.021679213,0.022752926,0.933601,0.933601,True,True,1.0,1.0,0.0,0.0,False
d:\Research\Multi-View Fusion Network\datasets\brisc2025\classification_task\test\no_tumor\brisc2025_test_00612_no_ax_t1.jpg,no_tumor,no_tumor,axial,0.022849163,0.022027537,0.02305087,0.9320724,0.9320724,True,True,1.0,1.0,0.0,0.0,False
d:\Research\Multi-View Fusion Network\datasets\brisc2025\classification_task\test\no_tumor\brisc2025_test_00613_no_co_t1.jpg,no_tumor,no_tumor,coronal,0.02186463,0.022525668,0.022263234,0.93334645,0.93334645,True,True,1.0,1.0,0.0,0.0,False
d:\Research\Multi-View Fusion Network\datasets\brisc2025\classification_task\test\no_tumor\brisc2025_test_00614_no_co_t1.jpg,no_tumor,no_tumor,coronal,0.020921377,0.021137007,0.021543374,0.93639827,0.93639827,True,True,1.0,1.0,0.0,0.0,False
d:\Research\Multi-View Fusion Network\datasets\brisc2025\classification_task\test\no_tumor\brisc2025_test_00615_no_co_t1.jpg,no_tumor,no_tumor,coronal,0.0217317,0.02132178,0.021998607,0.9349479,0.9349479,True,True,1.0,1.0,0.0,0.0,False
d:\Research\Multi-View Fusion Network\datasets\brisc2025\classification_task\test\no_tumor\brisc2025_test_00616_no_co_t1.jpg,no_tumor,no_tumor,coronal,0.021253271,0.022327682,0.021284426,0.9351346,0.9351346,True,True,1.0,1.0,0.0,0.0,False
d:\Research\Multi-View Fusion Network\datasets\brisc2025\classification_task\test\no_tumor\brisc2025_test_00617_no_co_t1.jpg,no_tumor,no_tumor,coronal,0.021792157,0.02223282,0.022081355,0.9338936,0.9338936,True,True,1.0,1.0,0.0,0.0,False
d:\Research\Multi-View Fusion Network\datasets\brisc2025\classification_task\test\no_tumor\brisc2025_test_00618_no_co_t1.jpg,no_tumor,no_tumor,coronal,0.021478377,0.02180596,0.021774042,0.93494165,0.93494165,True,True,1.0,1.0,0.0,0.0,False
d:\Research\Multi-View Fusion Network\datasets\brisc2025\classification_task\test\no_tumor\brisc2025_test_00619_no_co_t1.jpg,no_tumor,no_tumor,coronal,0.022336897,0.022249814,0.022173895,0.9332394,0.9332394,True,True,1.0,1.0,0.0,0.0,False
d:\Research\Multi-View Fusion Network\datasets\brisc2025\classification_task\test\no_tumor\brisc2025_test_00620_no_co_t1.jpg,no_tumor,no_tumor,coronal,0.021691117,0.021989712,0.022205507,0.9341137,0.9341137,True,True,1.0,1.0,0.0,0.0,False
d:\Research\Multi-View Fusion Network\datasets\brisc2025\classification_task\test\no_tumor\brisc2025_test_00621_no_co_t1.jpg,no_tumor,no_tumor,coronal,0.02171984,0.0223765,0.02192228,0.93398136,0.93398136,True,True,1.0,1.0,0.0,0.0,False
d:\Research\Multi-View Fusion Network\datasets\brisc2025\classification_task\test\no_tumor\brisc2025_test_00622_no_co_t1.jpg,no_tumor,no_tumor,coronal,0.022118842,0.022445235,0.022237968,0.933198,0.933198,True,True,1.0,1.0,0.0,0.0,False
d:\Research\Multi-View Fusion Network\datasets\brisc2025\classification_task\test\no_tumor\brisc2025_test_00623_no_co_t1.jpg,no_tumor,no_tumor,coronal,0.022161135,0.022161135,0.022063963,0.9336137,0.9336137,True,True,1.0,1.0,0.0,0.0,False
d:\Research\Multi-View Fusion Network\datasets\brisc2025\classification_task\test\no_tumor\brisc2025_test_00624_no_co_t1.jpg,no_tumor,no_tumor,coronal,0.021660766,0.022066427,0.022098772,0.934174,0.934174,True,True,1.0,1.0,0.0,0.0,False
d:\Research\Multi-View Fusion Network\datasets\brisc2025\classification_task\test\no_tumor\brisc2025_test_00625_no_co_t1.jpg,no_tumor,no_tumor,coronal,0.021695795,0.021930112,0.022058984,0.9343151,0.9343151,True,True,1.0,1.0,0.0,0.0,False
d:\Research\Multi-View Fusion Network\datasets\brisc2025\classification_task\test\no_tumor\brisc2025_test_00626_no_co_t1.jpg,no_tumor,no_tumor,coronal,0.022652166,0.02225746,0.02289681,0.93219364,0.93219364,True,True,1.0,1.0,0.0,0.0,False
d:\Research\Multi-View Fusion Network\datasets\brisc2025\classification_task\test\no_tumor\brisc2025_test_00627_no_co_t1.jpg,no_tumor,no_tumor,coronal,0.021953348,0.022136338,0.022430105,0.93348014,0.93348014,True,True,1.0,1.0,0.0,0.0,False
d:\Research\Multi-View Fusion Network\datasets\brisc2025\classification_task\test\no_tumor\brisc2025_test_00628_no_co_t1.jpg,no_tumor,no_tumor,coronal,0.021270135,0.021499857,0.021353386,0.93587667,0.93587667,True,True,1.0,1.0,0.0,0.0,False
d:\Research\Multi-View Fusion Network\datasets\brisc2025\classification_task\test\no_tumor\brisc2025_test_00629_no_co_t1.jpg,no_tumor,no_tumor,coronal,0.021995815,0.02216833,0.022374952,0.9334609,0.9334609,True,True,1.0,1.0,0.0,0.0,False
d:\Research\Multi-View Fusion Network\datasets\brisc2025\classification_task\test\no_tumor\brisc2025_test_00630_no_co_t1.jpg,no_tumor,no_tumor,coronal,0.022111658,0.022176536,0.022361385,0.9333505,0.9333505,True,True,1.0,1.0,0.0,0.0,False
d:\Research\Multi-View Fusion Network\datasets\brisc2025\classification_task\test\no_tumor\brisc2025_test_00631_no_co_t1.jpg,no_tumor,no_tumor,coronal,0.021565624,0.021787891,0.022023205,0.93462324,0.93462324,True,True,1.0,1.0,0.0,0.0,False
d:\Research\Multi-View Fusion Network\datasets\brisc2025\classification_task\test\no_tumor\brisc2025_test_00632_no_co_t1.jpg,no_tumor,no_tumor,coronal,0.021984596,0.022189504,0.022385387,0.93344045,0.93344045,True,True,1.0,1.0,0.0,0.0,False
d:\Research\Multi-View Fusion Network\datasets\brisc2025\classification_task\test\no_tumor\brisc2025_test_00633_no_co_t1.jpg,no_tumor,no_tumor,coronal,0.021945268,0.022149809,0.022312634,0.9335922,0.9335922,True,True,1.0,1.0,0.0,0.0,False
d:\Research\Multi-View Fusion Network\datasets\brisc2025\classification_task\test\no_tumor\brisc2025_test_00634_no_co_t1.jpg,no_tumor,no_tumor,coronal,0.021725507,0.021960145,0.022089193,0.9342251,0.9342251,True,True,1.0,1.0,0.0,0.0,False
d:\Research\Multi-View Fusion Network\datasets\brisc2025\classification_task\test\no_tumor\brisc2025_test_00635_no_co_t1.jpg,no_tumor,no_tumor,coronal,0.021958603,0.022055313,0.022282628,0.9337035,0.9337035,True,True,1.0,1.0,0.0,0.0,False
d:\Research\Multi-View Fusion Network\datasets\brisc2025\classification_task\test\no_tumor\brisc2025_test_00636_no_co_t1.jpg,no_tumor,no_tumor,coronal,0.022130359,0.022162799,0.022478862,0.93322796,0.93322796,True,True,1.0,1.0,0.0,0.0,False
d:\Research\Multi-View Fusion Network\datasets\brisc2025\classification_task\test\no_tumor\brisc2025_test_00637_no_co_t1.jpg,no_tumor,no_tumor,coronal,0.02200036,0.022227108,0.022118842,0.9336537,0.9336537,True,True,1.0,1.0,0.0,0.0,False
d:\Research\Multi-View Fusion Network\datasets\brisc2025\classification_task\test\no_tumor\brisc2025_test_00638_no_co_t1.jpg,no_tumor,no_tumor,coronal,0.021960957,0.02193952,0.022295902,0.9338036,0.9338036,True,True,1.0,1.0,0.0,0.0,False
d:\Research\Multi-View Fusion Network\datasets\brisc2025\classification_task\test\no_tumor\brisc2025_test_00639_no_co_t1.jpg,no_tumor,no_tumor,coronal,0.022008149,0.021794273,0.022213276,0.9339843,0.9339843,True,True,1.0,1.0,0.0,0.0,False
d:\Research\Multi-View Fusion Network\datasets\brisc2025\classification_task\test\no_tumor\brisc2025_test_00640_no_co_t1.jpg,no_tumor,no_tumor,coronal,0.021759002,0.021918956,0.02202624,0.93429583,0.93429583,True,True,1.0,1.0,0.0,0.0,False
d:\Research\Multi-View Fusion Network\datasets\brisc2025\classification_task\test\no_tumor\brisc2025_test_00641_no_co_t1.jpg,no_tumor,no_tumor,coronal,0.021771114,0.022092374,0.022233054,0.9339035,0.9339035,True,True,1.0,1.0,0.0,0.0,False
d:\Research\Multi-View Fusion Network\datasets\brisc2025\classification_task\test\no_tumor\brisc2025_test_00642_no_co_t1.jpg,no_tumor,no_tumor,coronal,0.021976251,0.022148613,0.022333229,0.93354183,0.93354183,True,True,1.0,1.0,0.0,0.0,False
d:\Research\Multi-View Fusion Network\datasets\brisc2025\classification_task\test\no_tumor\brisc2025_test_00643_no_co_t1.jpg,no_tumor,no_tumor,coronal,0.021964775,0.022029221,0.022039978,0.933966,0.933966,True,True,1.0,1.0,0.0,0.0,False
d:\Research\Multi-View Fusion Network\datasets\brisc2025\classification_task\test\no_tumor\brisc2025_test_00644_no_co_t1.jpg,no_tumor,no_tumor,coronal,0.021725815,0.021694012,0.021885524,0.93469465,0.93469465,True,True,1.0,1.0,0.0,0.0,False
d:\Research\Multi-View Fusion Network\datasets\brisc2025\classification_task\test\no_tumor\brisc2025_test_00645_no_co_t1.jpg,no_tumor,no_tumor,coronal,0.0219717,0.022230696,0.02199317,0.93380445,0.93380445,True,True,1.0,1.0,0.0,0.0,False
d:\Research\Multi-View Fusion Network\datasets\brisc2025\classification_task\test\no_tumor\brisc2025_test_00646_no_co_t1.jpg,no_tumor,no_tumor,coronal,0.02220222,0.022094073,0.022640118,0.9330636,0.9330636,True,True,1.0,1.0,0.0,0.0,False
d:\Research\Multi-View Fusion Network\datasets\brisc2025\classification_task\test\no_tumor\brisc2025_test_00647_no_co_t1.jpg,no_tumor,no_tumor,coronal,0.021514434,0.021662008,0.021683175,0.93514043,0.93514043,True,True,1.0,1.0,0.0,0.0,False
d:\Research\Multi-View Fusion Network\datasets\brisc2025\classification_task\test\no_tumor\brisc2025_test_00648_no_co_t1.jpg,no_tumor,no_tumor,coronal,0.02209295,0.022114534,0.022320652,0.9334719,0.9334719,True,True,1.0,1.0,0.0,0.0,False
d:\Research\Multi-View Fusion Network\datasets\brisc2025\classification_task\test\no_tumor\brisc2025_test_00649_no_co_t1.jpg,no_tumor,no_tumor,coronal,0.022140458,0.02222711,0.022434281,0.9331981,0.9331981,True,True,1.0,1.0,0.0,0.0,False
d:\Research\Multi-View Fusion Network\datasets\brisc2025\classification_task\test\no_tumor\brisc2025_test_00650_no_co_t1.jpg,no_tumor,no_tumor,coronal,0.022541514,0.022148738,0.02267398,0.93263584,0.93263584,True,True,1.0,1.0,0.0,0.0,False
d:\Research\Multi-View Fusion Network\datasets\brisc2025\classification_task\test\no_tumor\brisc2025_test_00651_no_co_t1.jpg,no_tumor,no_tumor,coronal,0.021925505,0.022292541,0.022119058,0.9336629,0.9336629,True,True,1.0,1.0,0.0,0.0,False
d:\Research\Multi-View Fusion Network\datasets\brisc2025\classification_task\test\no_tumor\brisc2025_test_00652_no_co_t1.jpg,no_tumor,no_tumor,coronal,0.021311611,0.021689542,0.021583892,0.93541497,0.93541497,True,True,1.0,1.0,0.0,0.0,False
d:\Research\Multi-View Fusion Network\datasets\brisc2025\classification_task\test\no_tumor\brisc2025_test_00653_no_co_t1.jpg,no_tumor,no_tumor,coronal,0.021370994,0.02171814,0.02163347,0.9352774,0.9352774,True,True,1.0,1.0,0.0,0.0,False
d:\Research\Multi-View Fusion Network\datasets\brisc2025\classification_task\test\no_tumor\brisc2025_test_00654_no_co_t1.jpg,no_tumor,no_tumor,coronal,0.022013238,0.02226185,0.022436453,0.9332884,0.9332884,True,True,1.0,1.0,0.0,0.0,False
d:\Research\Multi-View Fusion Network\datasets\brisc2025\classification_task\test\no_tumor\brisc2025_test_00655_no_co_t1.jpg,no_tumor,no_tumor,coronal,0.021979585,0.02205484,0.02228215,0.93368345,0.93368345,True,True,1.0,1.0,0.0,0.0,False
d:\Research\Multi-View Fusion Network\datasets\brisc2025\classification_task\test\no_tumor\brisc2025_test_00656_no_co_t1.jpg,no_tumor,no_tumor,coronal,0.021976907,0.02132156,0.021763332,0.93493825,0.93493825,True,True,1.0,1.0,0.0,0.0,False
d:\Research\Multi-View Fusion Network\datasets\brisc2025\classification_task\test\no_tumor\brisc2025_test_00657_no_co_t1.jpg,no_tumor,no_tumor,coronal,0.022319311,0.022538343,0.022637606,0.9325047,0.9325047,True,True,1.0,1.0,0.0,0.0,False
d:\Research\Multi-View Fusion Network\datasets\brisc2025\classification_task\test\no_tumor\brisc2025_test_00658_no_co_t1.jpg,no_tumor,no_tumor,coronal,0.021307457,0.020551302,0.02153758,0.9366036,0.9366036,True,True,1.0,1.0,0.0,0.0,False
d:\Research\Multi-View Fusion Network\datasets\brisc2025\classification_task\test\no_tumor\brisc2025_test_00659_no_co_t1.jpg,no_tumor,no_tumor,coronal,0.021296233,0.02115115,0.021442313,0.9361103,0.9361103,True,True,1.0,1.0,0.0,0.0,False
d:\Research\Multi-View Fusion Network\datasets\brisc2025\classification_task\test\no_tumor\brisc2025_test_00660_no_co_t1.jpg,no_tumor,no_tumor,coronal,0.021296233,0.02115115,0.021442313,0.9361103,0.9361103,True,True,1.0,1.0,0.0,0.0,False
d:\Research\Multi-View Fusion Network\datasets\brisc2025\classification_task\test\no_tumor\brisc2025_test_00661_no_sa_t1.jpg,no_tumor,no_tumor,sagittal,0.022579633,0.022251286,0.02277896,0.93239015,0.93239015,True,True,1.0,1.0,0.0,0.0,False
d:\Research\Multi-View Fusion Network\datasets\brisc2025\classification_task\test\no_tumor\brisc2025_test_00662_no_sa_t1.jpg,no_tumor,no_tumor,sagittal,0.022089519,0.022003397,0.022580255,0.9333269,0.9333269,True,True,1.0,1.0,0.0,0.0,False
d:\Research\Multi-View Fusion Network\datasets\brisc2025\classification_task\test\no_tumor\brisc2025_test_00663_no_sa_t1.jpg,no_tumor,no_tumor,sagittal,0.021929258,0.02189716,0.022350859,0.93382275,0.93382275,True,True,1.0,1.0,0.0,0.0,False
d:\Research\Multi-View Fusion Network\datasets\brisc2025\classification_task\test\no_tumor\brisc2025_test_00664_no_sa_t1.jpg,no_tumor,no_tumor,sagittal,0.022003213,0.022295214,0.022382475,0.93331903,0.93331903,True,True,1.0,1.0,0.0,0.0,False
d:\Research\Multi-View Fusion Network\datasets\brisc2025\classification_task\test\no_tumor\brisc2025_test_00665_no_sa_t1.jpg,no_tumor,no_tumor,sagittal,0.022085758,0.022085758,0.022204703,0.9336238,0.9336238,True,True,1.0,1.0,0.0,0.0,False
d:\Research\Multi-View Fusion Network\datasets\brisc2025\classification_task\test\no_tumor\brisc2025_test_00666_no_sa_t1.jpg,no_tumor,no_tumor,sagittal,0.021522652,0.021606889,0.021829583,0.9350409,0.9350409,True,True,1.0,1.0,0.0,0.0,False
d:\Research\Multi-View Fusion Network\datasets\brisc2025\classification_task\test\no_tumor\brisc2025_test_00667_no_sa_t1.jpg,no_tumor,no_tumor,sagittal,0.022046108,0.021736132,0.022448024,0.9337697,0.9337697,True,True,1.0,1.0,0.0,0.0,False
d:\Research\Multi-View Fusion Network\datasets\brisc2025\classification_task\test\no_tumor\brisc2025_test_00668_no_sa_t1.jpg,no_tumor,no_tumor,sagittal,0.021521721,0.021563794,0.021914072,0.9350004,0.9350004,True,True,1.0,1.0,0.0,0.0,False
d:\Research\Multi-View Fusion Network\datasets\brisc2025\classification_task\test\no_tumor\brisc2025_test_00669_no_sa_t1.jpg,no_tumor,no_tumor,sagittal,0.021975974,0.021965247,0.022072762,0.93398607,0.93398607,True,True,1.0,1.0,0.0,0.0,False
d:\Research\Multi-View Fusion Network\datasets\brisc2025\classification_task\test\no_tumor\brisc2025_test_00670_no_sa_t1.jpg,no_tumor,no_tumor,sagittal,0.02264913,0.022070512,0.023666646,0.93161374,0.93161374,True,True,1.0,1.0,0.0,0.0,False
d:\Research\Multi-View Fusion Network\datasets\brisc2025\classification_task\test\no_tumor\brisc2025_test_00671_no_sa_t1.jpg,no_tumor,no_tumor,sagittal,0.022451328,0.022265734,0.023197964,0.932085,0.932085,True,True,1.0,1.0,0.0,0.0,False
d:\Research\Multi-View Fusion Network\datasets\brisc2025\classification_task\test\no_tumor\brisc2025_test_00672_no_sa_t1.jpg,no_tumor,no_tumor,sagittal,0.021815792,0.021582698,0.022607433,0.93399405,0.93399405,True,True,1.0,1.0,0.0,0.0,False
d:\Research\Multi-View Fusion Network\datasets\brisc2025\classification_task\test\no_tumor\brisc2025_test_00673_no_sa_t1.jpg,no_tumor,no_tumor,sagittal,0.022057366,0.021939212,0.022668818,0.9333346,0.9333346,True,True,1.0,1.0,0.0,0.0,False
d:\Research\Multi-View Fusion Network\datasets\brisc2025\classification_task\test\no_tumor\brisc2025_test_00674_no_sa_t1.jpg,no_tumor,no_tumor,sagittal,0.021803383,0.021718377,0.022103522,0.93437475,0.93437475,True,True,1.0,1.0,0.0,0.0,False
d:\Research\Multi-View Fusion Network\datasets\brisc2025\classification_task\test\no_tumor\brisc2025_test_00675_no_sa_t1.jpg,no_tumor,no_tumor,sagittal,0.021936372,0.021829523,0.02210842,0.93412566,0.93412566,True,True,1.0,1.0,0.0,0.0,False
d:\Research\Multi-View Fusion Network\datasets\brisc2025\classification_task\test\no_tumor\brisc2025_test_00676_no_sa_t1.jpg,no_tumor,no_tumor,sagittal,0.022242004,0.022198606,0.022647489,0.9329118,0.9329118,True,True,1.0,1.0,0.0,0.0,False
d:\Research\Multi-View Fusion Network\datasets\brisc2025\classification_task\test\no_tumor\brisc2025_test_00677_no_sa_t1.jpg,no_tumor,no_tumor,sagittal,0.02199314,0.021886012,0.022317676,0.9338032,0.9338032,True,True,1.0,1.0,0.0,0.0,False
d:\Research\Multi-View Fusion Network\datasets\brisc2025\classification_task\test\no_tumor\brisc2025_test_00678_no_sa_t1.jpg,no_tumor,no_tumor,sagittal,0.022595195,0.022342863,0.022939816,0.9321221,0.9321221,True,True,1.0,1.0,0.0,0.0,False
d:\Research\Multi-View Fusion Network\datasets\brisc2025\classification_task\test\no_tumor\brisc2025_test_00679_no_sa_t1.jpg,no_tumor,no_tumor,sagittal,0.02219566,0.022249913,0.022766434,0.93278795,0.93278795,True,True,1.0,1.0,0.0,0.0,False
d:\Research\Multi-View Fusion Network\datasets\brisc2025\classification_task\test\no_tumor\brisc2025_test_00680_no_sa_t1.jpg,no_tumor,no_tumor,sagittal,0.022049101,0.022092206,0.022418205,0.93344057,0.93344057,True,True,1.0,1.0,0.0,0.0,False
d:\Research\Multi-View Fusion Network\datasets\brisc2025\classification_task\test\no_tumor\brisc2025_test_00681_no_sa_t1.jpg,no_tumor,no_tumor,sagittal,0.022165429,0.022014424,0.022481527,0.93333864,0.93333864,True,True,1.0,1.0,0.0,0.0,False
d:\Research\Multi-View Fusion Network\datasets\brisc2025\classification_task\test\no_tumor\brisc2025_test_00682_no_sa_t1.jpg,no_tumor,no_tumor,sagittal,0.022369048,0.022033004,0.023294227,0.9323037,0.9323037,True,True,1.0,1.0,0.0,0.0,False
d:\Research\Multi-View Fusion Network\datasets\brisc2025\classification_task\test\no_tumor\brisc2025_test_00683_no_sa_t1.jpg,no_tumor,no_tumor,sagittal,0.022471154,0.022328967,0.02274714,0.9324527,0.9324527,True,True,1.0,1.0,0.0,0.0,False
d:\Research\Multi-View Fusion Network\datasets\brisc2025\classification_task\test\no_tumor\brisc2025_test_00684_no_sa_t1.jpg,no_tumor,no_tumor,sagittal,0.022322977,0.022454161,0.023020342,0.9322025,0.9322025,True,True,1.0,1.0,0.0,0.0,False
d:\Research\Multi-View Fusion Network\datasets\brisc2025\classification_task\test\no_tumor\brisc2025_test_00685_no_sa_t1.jpg,no_tumor,no_tumor,sagittal,0.022428036,0.022307895,0.022781223,0.93248284,0.93248284,True,True,1.0,1.0,0.0,0.0,False
d:\Research\Multi-View Fusion Network\datasets\brisc2025\classification_task\test\no_tumor\brisc2025_test_00686_no_sa_t1.jpg,no_tumor,no_tumor,sagittal,0.022201806,0.022018278,0.02227782,0.933502,0.933502,True,True,1.0,1.0,0.0,0.0,False
d:\Research\Multi-View Fusion Network\datasets\brisc2025\classification_task\test\no_tumor\brisc2025_test_00687_no_sa_t1.jpg,no_tumor,no_tumor,sagittal,0.02201754,0.022103714,0.022407988,0.9334708,0.9334708,True,True,1.0,1.0,0.0,0.0,False
d:\Research\Multi-View Fusion Network\datasets\brisc2025\classification_task\test\no_tumor\brisc2025_test_00688_no_sa_t1.jpg,no_tumor,no_tumor,sagittal,0.02244144,0.022343038,0.023086075,0.9321295,0.9321295,True,True,1.0,1.0,0.0,0.0,False
d:\Research\Multi-View Fusion Network\datasets\brisc2025\classification_task\test\no_tumor\brisc2025_test_00689_no_sa_t1.jpg,no_tumor,no_tumor,sagittal,0.022199797,0.022156479,0.022681905,0.9329618,0.9329618,True,True,1.0,1.0,0.0,0.0,False
d:\Research\Multi-View Fusion Network\datasets\brisc2025\classification_task\test\no_tumor\brisc2025_test_00690_no_sa_t1.jpg,no_tumor,no_tumor,sagittal,0.022341413,0.022113496,0.023028105,0.93251693,0.93251693,True,True,1.0,1.0,0.0,0.0,False
d:\Research\Multi-View Fusion Network\datasets\brisc2025\classification_task\test\no_tumor\brisc2025_test_00691_no_sa_t1.jpg,no_tumor,no_tumor,sagittal,0.02229371,0.022337297,0.023023862,0.9323451,0.9323451,True,True,1.0,1.0,0.0,0.0,False
d:\Research\Multi-View Fusion Network\datasets\brisc2025\classification_task\test\no_tumor\brisc2025_test_00692_no_sa_t1.jpg,no_tumor,no_tumor,sagittal,0.021520156,0.021300618,0.022246689,0.93493253,0.93493253,True,True,1.0,1.0,0.0,0.0,False
d:\Research\Multi-View Fusion Network\datasets\brisc2025\classification_task\test\no_tumor\brisc2025_test_00693_no_sa_t1.jpg,no_tumor,no_tumor,sagittal,0.021886362,0.021379363,0.02246015,0.9342741,0.9342741,True,True,1.0,1.0,0.0,0.0,False
d:\Research\Multi-View Fusion Network\datasets\brisc2025\classification_task\test\no_tumor\brisc2025_test_00694_no_sa_t1.jpg,no_tumor,no_tumor,sagittal,0.021976657,0.02194449,0.022519799,0.93355906,0.93355906,True,True,1.0,1.0,0.0,0.0,False
d:\Research\Multi-View Fusion Network\datasets\brisc2025\classification_task\test\no_tumor\brisc2025_test_00695_no_sa_t1.jpg,no_tumor,no_tumor,sagittal,0.021986911,0.02194401,0.022530308,0.93353873,0.93353873,True,True,1.0,1.0,0.0,0.0,False
d:\Research\Multi-View Fusion Network\datasets\brisc2025\classification_task\test\no_tumor\brisc2025_test_00696_no_sa_t1.jpg,no_tumor,no_tumor,sagittal,0.022828681,0.0227619,0.022717487,0.9316919,0.9316919,True,True,1.0,1.0,0.0,0.0,False
d:\Research\Multi-View Fusion Network\datasets\brisc2025\classification_task\test\no_tumor\brisc2025_test_00697_no_sa_t1.jpg,no_tumor,no_tumor,sagittal,0.022435715,0.02239194,0.022370081,0.9328022,0.9328022,True,True,1.0,1.0,0.0,0.0,False
d:\Research\Multi-View Fusion Network\datasets\brisc2025\classification_task\test\no_tumor\brisc2025_test_00698_no_sa_t1.jpg,no_tumor,no_tumor,sagittal,0.021658098,0.02194552,0.02188132,0.9345152,0.9345152,True,True,1.0,1.0,0.0,0.0,False
d:\Research\Multi-View Fusion Network\datasets\brisc2025\classification_task\test\no_tumor\brisc2025_test_00699_no_sa_t1.jpg,no_tumor,no_tumor,sagittal,0.022668581,0.02245925,0.022913406,0.93195873,0.93195873,True,True,1.0,1.0,0.0,0.0,False
d:\Research\Multi-View Fusion Network\datasets\brisc2025\classification_task\test\no_tumor\brisc2025_test_00700_no_sa_t1.jpg,no_tumor,no_tumor,sagittal,0.02227023,0.022302875,0.022698388,0.93272847,0.93272847,True,True,1.0,1.0,0.0,0.0,False
d:\Research\Multi-View Fusion Network\datasets\brisc2025\classification_task\test\pituitary\brisc2025_test_00701_pi_ax_t1.jpg,pituitary,pituitary,axial,0.02930623,0.028432325,0.9125808,0.029680653,0.9125808,True,True,0.9020537,0.8218391,344.0,288.0,False
d:\Research\Multi-View Fusion Network\datasets\brisc2025\classification_task\test\pituitary\brisc2025_test_00702_pi_ax_t1.jpg,pituitary,pituitary,axial,0.028505892,0.029410763,0.9131568,0.02892653,0.9131568,True,True,0.9569892,0.91764706,323.0,327.0,False
d:\Research\Multi-View Fusion Network\datasets\brisc2025\classification_task\test\pituitary\brisc2025_test_00703_pi_ax_t1.jpg,pituitary,pituitary,axial,0.029550085,0.03127213,0.909454,0.02972374,0.909454,True,True,0.9034483,0.825,67.0,77.0,False
d:\Research\Multi-View Fusion Network\datasets\brisc2025\classification_task\test\pituitary\brisc2025_test_00704_pi_ax_t1.jpg,pituitary,pituitary,axial,0.029343495,0.02877594,0.9119583,0.02992224,0.9119583,True,True,0.8649123,0.7623457,283.0,286.0,False
d:\Research\Multi-View Fusion Network\datasets\brisc2025\classification_task\test\pituitary\brisc2025_test_00705_pi_ax_t1.jpg,pituitary,pituitary,axial,0.029025208,0.032379955,0.90914136,0.02945351,0.90914136,True,True,0.714497,0.55632186,248.0,427.0,False
d:\Research\Multi-View Fusion Network\datasets\brisc2025\classification_task\test\pituitary\brisc2025_test_00706_pi_ax_t1.jpg,pituitary,pituitary,axial,0.028325241,0.029281514,0.9135939,0.02879941,0.9135939,True,True,0.85551333,0.74834436,131.0,131.0,False
d:\Research\Multi-View Fusion Network\datasets\brisc2025\classification_task\test\pituitary\brisc2025_test_00707_pi_ax_t1.jpg,pituitary,pituitary,axial,0.029002387,0.02863652,0.9128732,0.029487891,0.9128732,True,True,0.8228417,0.69923663,483.0,628.0,False
d:\Research\Multi-View Fusion Network\datasets\brisc2025\classification_task\test\pituitary\brisc2025_test_00708_pi_ax_t1.jpg,pituitary,pituitary,axial,0.029058592,0.029487388,0.9119666,0.029487388,0.9119666,True,True,0.9428105,0.8919753,303.0,308.0,False
d:\Research\Multi-View Fusion Network\datasets\brisc2025\classification_task\test\pituitary\brisc2025_test_00709_pi_ax_t1.jpg,pituitary,pituitary,axial,0.029243506,0.03243289,0.9088508,0.029472863,0.9088508,True,True,0.9509202,0.90651083,569.0,571.0,False
d:\Research\Multi-View Fusion Network\datasets\brisc2025\classification_task\test\pituitary\brisc2025_test_00710_pi_ax_t1.jpg,pituitary,pituitary,axial,0.029259676,0.03204146,0.9093533,0.029345522,0.9093533,True,True,0.8208641,0.6964286,400.0,548.0,False
d:\Research\Multi-View Fusion Network\datasets\brisc2025\classification_task\test\pituitary\brisc2025_test_00711_pi_ax_t1.jpg,pituitary,pituitary,axial,0.029156128,0.031834666,0.9096818,0.02932747,0.9096818,True,True,0.9272152,0.86470586,156.0,159.0,False
d:\Research\Multi-View Fusion Network\datasets\brisc2025\classification_task\test\pituitary\brisc2025_test_00712_pi_ax_t1.jpg,pituitary,pituitary,axial,0.029399281,0.03213152,0.9092417,0.029227527,0.9092417,True,True,0.7390625,0.5866337,236.0,403.0,False
d:\Research\Multi-View Fusion Network\datasets\brisc2025\classification_task\test\pituitary\brisc2025_test_00713_pi_ax_t1.jpg,pituitary,pituitary,axial,0.028831478,0.028136106,0.91371834,0.02931412,0.91371834,True,True,0.75626045,0.6085791,230.0,368.0,False
d:\Research\Multi-View Fusion Network\datasets\brisc2025\classification_task\test\pituitary\brisc2025_test_00714_pi_ax_t1.jpg,pituitary,pituitary,axial,0.028662588,0.030273728,0.91192126,0.029142406,0.91192126,True,True,0.9552469,0.9144543,313.0,334.0,False
d:\Research\Multi-View Fusion Network\datasets\brisc2025\classification_task\test\pituitary\brisc2025_test_00715_pi_ax_t1.jpg,pituitary,pituitary,axial,0.02865447,0.029077305,0.91344535,0.028822863,0.91344535,True,True,0.9355469,0.8791209,249.0,262.0,False
d:\Research\Multi-View Fusion Network\datasets\brisc2025\classification_task\test\pituitary\brisc2025_test_00716_pi_ax_t1.jpg,pituitary,pituitary,axial,0.028906072,0.028962582,0.91251093,0.029620472,0.91251093,True,True,0.6188811,0.44949496,88.0,197.0,False
d:\Research\Multi-View Fusion Network\datasets\brisc2025\classification_task\test\pituitary\brisc2025_test_00717_pi_ax_t1.jpg,pituitary,pituitary,axial,0.02911922,0.02794904,0.91386926,0.029062403,0.91386926,True,True,0.90025705,0.8186916,890.0,1054.0,False
d:\Research\Multi-View Fusion Network\datasets\brisc2025\classification_task\test\pituitary\brisc2025_test_00718_pi_ax_t1.jpg,pituitary,pituitary,axial,0.029249484,0.028128956,0.9134861,0.029135453,0.9134861,True,True,0.98275864,0.9661139,1371.0,1354.0,False
d:\Research\Multi-View Fusion Network\datasets\brisc2025\classification_task\test\pituitary\brisc2025_test_00719_pi_ax_t1.jpg,pituitary,pituitary,axial,0.0288921,0.028277993,0.91385305,0.028976867,0.91385305,True,True,0.86931455,0.7689694,680.0,880.0,False
d:\Research\Multi-View Fusion Network\datasets\brisc2025\classification_task\test\pituitary\brisc2025_test_00720_pi_ax_t1.jpg,pituitary,pituitary,axial,0.029121239,0.02957983,0.91214925,0.02914969,0.91214925,True,True,0.9464832,0.89855075,327.0,326.0,False
d:\Research\Multi-View Fusion Network\datasets\brisc2025\classification_task\test\pituitary\brisc2025_test_00721_pi_ax_t1.jpg,pituitary,pituitary,axial,0.028949255,0.028977543,0.9129823,0.029090956,0.9129823,True,True,0.89419085,0.80898875,221.0,260.0,False
d:\Research\Multi-View Fusion Network\datasets\brisc2025\classification_task\test\pituitary\brisc2025_test_00722_pi_ax_t1.jpg,pituitary,pituitary,axial,0.029375808,0.032675218,0.9085157,0.029433243,0.9085157,True,True,0.81397307,0.6865248,519.0,668.0,False
d:\Research\Multi-View Fusion Network\datasets\brisc2025\classification_task\test\pituitary\brisc2025_test_00723_pi_ax_t1.jpg,pituitary,pituitary,axial,0.028921962,0.02960783,0.9121215,0.029348746,0.9121215,True,True,0.54119545,0.37168142,168.0,450.0,False
d:\Research\Multi-View Fusion Network\datasets\brisc2025\classification_task\test\pituitary\brisc2025_test_00724_pi_ax_t1.jpg,pituitary,pituitary,axial,0.029084923,0.03093052,0.9101226,0.029862009,0.9101226,True,True,0.8980392,0.8151659,383.0,381.0,False
d:\Research\Multi-View Fusion Network\datasets\brisc2025\classification_task\test\pituitary\brisc2025_test_00725_pi_ax_t1.jpg,pituitary,pituitary,axial,0.028967666,0.029194862,0.9126711,0.029166365,0.9126711,True,True,0.931746,0.87240356,314.0,315.0,False
d:\Research\Multi-View Fusion Network\datasets\brisc2025\classification_task\test\pituitary\brisc2025_test_00726_pi_ax_t1.jpg,pituitary,pituitary,axial,0.029201005,0.028274959,0.91286314,0.029660854,0.91286314,True,True,0.92588234,0.8621444,430.0,419.0,False
d:\Research\Multi-View Fusion Network\datasets\brisc2025\classification_task\test\pituitary\brisc2025_test_00727_pi_ax_t1.jpg,pituitary,pituitary,axial,0.029260347,0.029779237,0.91115206,0.02980833,0.91115206,True,True,0.91314834,0.84035474,421.0,407.0,False
d:\Research\Multi-View Fusion Network\datasets\brisc2025\classification_task\test\pituitary\brisc2025_test_00728_pi_ax_t1.jpg,pituitary,pituitary,axial,0.029335706,0.030444786,0.9108264,0.029393058,0.9108264,True,True,0.9180791,0.8489583,173.0,180.0,False
d:\Research\Multi-View Fusion Network\datasets\brisc2025\classification_task\test\pituitary\brisc2025_test_00729_pi_ax_t1.jpg,pituitary,pituitary,axial,0.028955244,0.029382514,0.9122797,0.029382514,0.9122797,True,True,0.90929204,0.8340081,227.0,224.0,False
d:\Research\Multi-View Fusion Network\datasets\brisc2025\classification_task\test\pituitary\brisc2025_test_00730_pi_ax_t1.jpg,pituitary,pituitary,axial,0.028963435,0.028935162,0.9125378,0.029563548,0.9125378,True,True,0.7826923,0.6435331,246.0,273.0,False
d:\Research\Multi-View Fusion Network\datasets\brisc2025\classification_task\test\pituitary\brisc2025_test_00731_pi_ax_t1.jpg,pituitary,pituitary,axial,0.028484587,0.029046394,0.9133659,0.02910318,0.9133659,True,True,0.68121696,0.51703405,257.0,498.0,False
d:\Research\Multi-View Fusion Network\datasets\brisc2025\classification_task\test\pituitary\brisc2025_test_00732_pi_ax_t1.jpg,pituitary,pituitary,axial,0.028843945,0.02952796,0.9123299,0.029298171,0.9123299,True,True,0.92931396,0.86821705,225.0,255.0,False
d:\Research\Multi-View Fusion Network\datasets\brisc2025\classification_task\test\pituitary\brisc2025_test_00733_pi_ax_t1.jpg,pituitary,pituitary,axial,0.029031549,0.030217532,0.9111178,0.029633071,0.9111178,True,True,0.9494382,0.9039146,266.0,267.0,False
d:\Research\Multi-View Fusion Network\datasets\brisc2025\classification_task\test\pituitary\brisc2025_test_00734_pi_ax_t1.jpg,pituitary,pituitary,axial,0.029511806,0.030064497,0.9109407,0.029482998,0.9109407,True,True,0.95387995,0.9118881,689.0,676.0,False
d:\Research\Multi-View Fusion Network\datasets\brisc2025\classification_task\test\pituitary\brisc2025_test_00735_pi_ax_t1.jpg,pituitary,pituitary,axial,0.029039247,0.029873405,0.9113594,0.029727895,0.9113594,True,True,0.9327857,0.8741259,683.0,655.0,False
d:\Research\Multi-View Fusion Network\datasets\brisc2025\classification_task\test\pituitary\brisc2025_test_00736_pi_ax_t1.jpg,pituitary,pituitary,axial,0.02949632,0.03149079,0.9095741,0.029438768,0.9095741,True,True,0.95548487,0.9148936,306.0,322.0,False
d:\Research\Multi-View Fusion Network\datasets\brisc2025\classification_task\test\pituitary\brisc2025_test_00737_pi_ax_t1.jpg,pituitary,pituitary,axial,0.029125663,0.028312383,0.91317916,0.029382778,0.91317916,True,True,0.88443935,0.79303277,444.0,429.0,False
d:\Research\Multi-View Fusion Network\datasets\brisc2025\classification_task\test\pituitary\brisc2025_test_00738_pi_ax_t1.jpg,pituitary,pituitary,axial,0.029022679,0.029652959,0.91172934,0.029595101,0.91172934,True,True,0.91806334,0.8486239,770.0,840.0,False
d:\Research\Multi-View Fusion Network\datasets\brisc2025\classification_task\test\pituitary\brisc2025_test_00739_pi_ax_t1.jpg,pituitary,pituitary,axial,0.029340727,0.027806383,0.91365504,0.029197812,0.91365504,True,True,0.8053435,0.6744681,338.0,447.0,False
d:\Research\Multi-View Fusion Network\datasets\brisc2025\classification_task\test\pituitary\brisc2025_test_00740_pi_ax_t1.jpg,pituitary,pituitary,axial,0.029107869,0.02968197,0.91173047,0.029479755,0.91173047,True,True,0.945708,0.8970793,678.0,684.0,False
d:\Research\Multi-View Fusion Network\datasets\brisc2025\classification_task\test\pituitary\brisc2025_test_00741_pi_ax_t1.jpg,pituitary,pituitary,axial,0.029116077,0.02894597,0.91287863,0.029059265,0.91287863,True,True,0.7349769,0.5815085,248.0,400.0,False
d:\Research\Multi-View Fusion Network\datasets\brisc2025\classification_task\test\pituitary\brisc2025_test_00742_pi_ax_t1.jpg,pituitary,pituitary,axial,0.028925996,0.029785976,0.91224873,0.029039213,0.91224873,True,True,0.9340836,0.87650603,313.0,308.0,False
d:\Research\Multi-View Fusion Network\datasets\brisc2025\classification_task\test\pituitary\brisc2025_test_00743_pi_ax_t1.jpg,pituitary,pituitary,axial,0.028910063,0.03014991,0.91174626,0.029193774,0.91174626,True,True,0.9585034,0.9203655,712.0,757.0,False
d:\Research\Multi-View Fusion Network\datasets\brisc2025\classification_task\test\pituitary\brisc2025_test_00744_pi_ax_t1.jpg,pituitary,pituitary,axial,0.028899884,0.028451838,0.9132071,0.029441122,0.9132071,True,True,0.8708375,0.7714286,438.0,552.0,False
d:\Research\Multi-View Fusion Network\datasets\brisc2025\classification_task\test\pituitary\brisc2025_test_00745_pi_ax_t1.jpg,pituitary,pituitary,axial,0.028500518,0.028389405,0.9138767,0.029233428,0.9138767,True,True,0.9553429,0.91463417,313.0,313.0,False
d:\Research\Multi-View Fusion Network\datasets\brisc2025\classification_task\test\pituitary\brisc2025_test_00746_pi_ax_t1.jpg,pituitary,pituitary,axial,0.02939507,0.029945578,0.9108887,0.02977063,0.9108887,True,True,0.8866104,0.7965368,406.0,422.0,False
d:\Research\Multi-View Fusion Network\datasets\brisc2025\classification_task\test\pituitary\brisc2025_test_00747_pi_ax_t1.jpg,pituitary,pituitary,axial,0.029133711,0.029912101,0.9116492,0.029304918,0.9116492,True,True,0.47145876,0.30939227,111.0,361.0,False
d:\Research\Multi-View Fusion Network\datasets\brisc2025\classification_task\test\pituitary\brisc2025_test_00748_pi_ax_t1.jpg,pituitary,pituitary,axial,0.029088438,0.029953245,0.9111219,0.029836468,0.9111219,True,True,0.81641793,0.6901763,283.0,386.0,False
d:\Research\Multi-View Fusion Network\datasets\brisc2025\classification_task\test\pituitary\brisc2025_test_00749_pi_ax_t1.jpg,pituitary,pituitary,axial,0.02823946,0.028600255,0.91439193,0.028768325,0.91439193,True,True,0.9504814,0.90575916,367.0,359.0,False
d:\Research\Multi-View Fusion Network\datasets\brisc2025\classification_task\test\pituitary\brisc2025_test_00750_pi_ax_t1.jpg,pituitary,pituitary,axial,0.02930898,0.030150883,0.91088563,0.029654464,0.91088563,True,True,0.92823714,0.86627907,323.0,317.0,False
d:\Research\Multi-View Fusion Network\datasets\brisc2025\classification_task\test\pituitary\brisc2025_test_00751_pi_ax_t1.jpg,pituitary,pituitary,axial,0.02880545,0.030217348,0.9120025,0.028974725,0.9120025,True,True,0.9524854,0.9093445,683.0,684.0,False
d:\Research\Multi-View Fusion Network\datasets\brisc2025\classification_task\test\pituitary\brisc2025_test_00752_pi_ax_t1.jpg,pituitary,pituitary,axial,0.029131135,0.030026516,0.9115686,0.029273722,0.9115686,True,True,0.92679125,0.8637681,320.0,321.0,False
d:\Research\Multi-View Fusion Network\datasets\brisc2025\classification_task\test\pituitary\brisc2025_test_00753_pi_ax_t1.jpg,pituitary,pituitary,axial,0.028965134,0.028993433,0.91259134,0.029450016,0.91259134,True,True,0.9144385,0.84262294,267.0,293.0,False
d:\Research\Multi-View Fusion Network\datasets\brisc2025\classification_task\test\pituitary\brisc2025_test_00754_pi_ax_t1.jpg,pituitary,pituitary,axial,0.029175462,0.03139254,0.91028506,0.029146986,0.91028506,True,True,0.6584302,0.49134198,226.0,461.0,False
d:\Research\Multi-View Fusion Network\datasets\brisc2025\classification_task\test\pituitary\brisc2025_test_00755_pi_ax_t1.jpg,pituitary,pituitary,axial,0.028828166,0.029282143,0.9127217,0.029167984,0.9127217,True,True,0.9004215,0.8189655,941.0,956.0,False
d:\Research\Multi-View Fusion Network\datasets\brisc2025\classification_task\test\pituitary\brisc2025_test_00756_pi_ax_t1.jpg,pituitary,pituitary,axial,0.028953578,0.029352149,0.9122272,0.029467026,0.9122272,True,True,0.8969432,0.81329113,518.0,626.0,False
d:\Research\Multi-View Fusion Network\datasets\brisc2025\classification_task\test\pituitary\brisc2025_test_00757_pi_ax_t1.jpg,pituitary,pituitary,axial,0.02862481,0.028708793,0.91339135,0.02927502,0.91339135,True,True,0.97865015,0.958221,726.0,725.0,False
d:\Research\Multi-View Fusion Network\datasets\brisc2025\classification_task\test\pituitary\brisc2025_test_00758_pi_ax_t1.jpg,pituitary,pituitary,axial,0.028933205,0.028596124,0.91336745,0.02910323,0.91336745,True,True,0.78164923,0.6419048,344.0,516.0,False
d:\Research\Multi-View Fusion Network\datasets\brisc2025\classification_task\test\pituitary\brisc2025_test_00759_pi_ax_t1.jpg,pituitary,pituitary,axial,0.028288348,0.028818129,0.91418767,0.028705778,0.91418767,True,True,0.93849206,0.88432837,252.0,251.0,False
d:\Research\Multi-View Fusion Network\datasets\brisc2025\classification_task\test\pituitary\brisc2025_test_00760_pi_ax_t1.jpg,pituitary,pituitary,axial,0.029396921,0.030687599,0.9109461,0.02896944,0.9109461,True,True,0.9686667,0.93927646,746.0,753.0,False
d:\Research\Multi-View Fusion Network\datasets\brisc2025\classification_task\test\pituitary\brisc2025_test_00761_pi_ax_t1.jpg,pituitary,pituitary,axial,0.02890646,0.028402781,0.9134149,0.029275777,0.9134149,True,True,0.72318006,0.5667167,379.0,664.0,False
d:\Research\Multi-View Fusion Network\datasets\brisc2025\classification_task\test\pituitary\brisc2025_test_00762_pi_ax_t1.jpg,pituitary,pituitary,axial,0.029308135,0.030150011,0.9108593,0.029682579,0.9108593,True,True,0.9044321,0.82575756,351.0,370.0,False
d:\Research\Multi-View Fusion Network\datasets\brisc2025\classification_task\test\pituitary\brisc2025_test_00763_pi_ax_t1.jpg,pituitary,pituitary,axial,0.028595295,0.028875913,0.91334105,0.029187776,0.91334105,True,True,0.936,0.8798799,294.0,330.0,False
d:\Research\Multi-View Fusion Network\datasets\brisc2025\classification_task\test\pituitary\brisc2025_test_00764_pi_ax_t1.jpg,pituitary,pituitary,axial,0.029302534,0.029532356,0.911575,0.029590093,0.911575,True,True,0.9171895,0.8472222,391.0,405.0,False
d:\Research\Multi-View Fusion Network\datasets\brisc2025\classification_task\test\pituitary\brisc2025_test_00765_pi_ax_t1.jpg,pituitary,pituitary,axial,0.028850257,0.030234816,0.9116389,0.029275982,0.9116389,True,True,0.4587738,0.29863015,108.0,364.0,False
d:\Research\Multi-View Fusion Network\datasets\brisc2025\classification_task\test\pituitary\brisc2025_test_00766_pi_ax_t1.jpg,pituitary,pituitary,axial,0.02917633,0.030073103,0.9112015,0.029549092,0.9112015,True,True,0.8118609,0.6838488,208.0,280.0,False
d:\Research\Multi-View Fusion Network\datasets\brisc2025\classification_task\test\pituitary\brisc2025_test_00767_pi_ax_t1.jpg,pituitary,pituitary,axial,0.028541923,0.029019715,0.9134186,0.029019715,0.9134186,True,True,0.6613475,0.49470899,186.0,377.0,False
d:\Research\Multi-View Fusion Network\datasets\brisc2025\classification_task\test\pituitary\brisc2025_test_00768_pi_ax_t1.jpg,pituitary,pituitary,axial,0.029441684,0.031279355,0.9096643,0.029614702,0.9096643,True,True,0.8132353,0.68564355,276.0,403.0,False
d:\Research\Multi-View Fusion Network\datasets\brisc2025\classification_task\test\pituitary\brisc2025_test_00769_pi_ax_t1.jpg,pituitary,pituitary,axial,0.028846812,0.03037918,0.9115301,0.029243914,0.9115301,True,True,0.8647799,0.76199263,479.0,474.0,False
d:\Research\Multi-View Fusion Network\datasets\brisc2025\classification_task\test\pituitary\brisc2025_test_00770_pi_ax_t1.jpg,pituitary,pituitary,axial,0.028869398,0.030851593,0.91135323,0.028925836,0.91135323,True,True,0.89152545,0.80487806,136.0,158.0,False
d:\Research\Multi-View Fusion Network\datasets\brisc2025\classification_task\test\pituitary\brisc2025_test_00771_pi_ax_t1.jpg,pituitary,pituitary,axial,0.029331593,0.03029225,0.9106987,0.029677346,0.9106987,True,True,0.76666665,0.62222224,206.0,303.0,False
d:\Research\Multi-View Fusion Network\datasets\brisc2025\classification_task\test\pituitary\brisc2025_test_00772_pi_ax_t1.jpg,pituitary,pituitary,axial,0.029118309,0.028471572,0.9129486,0.029461544,0.9129486,True,True,0.91938776,0.8509434,498.0,481.0,False
d:\Research\Multi-View Fusion Network\datasets\brisc2025\classification_task\test\pituitary\brisc2025_test_00773_pi_ax_t1.jpg,pituitary,pituitary,axial,0.029219914,0.028710773,0.91256267,0.029506661,0.91256267,True,True,0.8636665,0.76018625,768.0,742.0,False
d:\Research\Multi-View Fusion Network\datasets\brisc2025\classification_task\test\pituitary\brisc2025_test_00774_pi_ax_t1.jpg,pituitary,pituitary,axial,0.028744742,0.028243877,0.91364235,0.029368985,0.91364235,True,True,0.9509632,0.9066667,287.0,283.0,False
d:\Research\Multi-View Fusion Network\datasets\brisc2025\classification_task\test\pituitary\brisc2025_test_00775_pi_ax_t1.jpg,pituitary,pituitary,axial,0.02921683,0.030708807,0.91068584,0.029388525,0.91068584,True,True,0.9309262,0.87096775,304.0,332.0,False
d:\Research\Multi-View Fusion Network\datasets\brisc2025\classification_task\test\pituitary\brisc2025_test_00776_pi_ax_t1.jpg,pituitary,pituitary,axial,0.029780637,0.035625357,0.90498734,0.02960665,0.90498734,True,True,0.9572345,0.91803277,700.0,702.0,False
d:\Research\Multi-View Fusion Network\datasets\brisc2025\classification_task\test\pituitary\brisc2025_test_00777_pi_ax_t1.jpg,pituitary,pituitary,axial,0.028849674,0.029591564,0.9125111,0.029047566,0.9125111,True,True,0.61053985,0.43992606,238.0,539.0,False
d:\Research\Multi-View Fusion Network\datasets\brisc2025\classification_task\test\pituitary\brisc2025_test_00778_pi_ax_t1.jpg,pituitary,pituitary,axial,0.029075988,0.029969677,0.9116217,0.029332666,0.9116217,True,True,0.5836653,0.41292134,298.0,203.0,False
d:\Research\Multi-View Fusion Network\datasets\brisc2025\classification_task\test\pituitary\brisc2025_test_00779_pi_ax_t1.jpg,pituitary,pituitary,axial,0.029075235,0.029764732,0.91159815,0.029561955,0.91159815,True,True,0.62676054,0.4569672,303.0,406.0,False
d:\Research\Multi-View Fusion Network\datasets\brisc2025\classification_task\test\pituitary\brisc2025_test_00780_pi_ax_t1.jpg,pituitary,pituitary,axial,0.02839047,0.029752959,0.91301906,0.028837558,0.91301906,True,True,0.89453125,0.80941176,389.0,378.0,False
d:\Research\Multi-View Fusion Network\datasets\brisc2025\classification_task\test\pituitary\brisc2025_test_00781_pi_ax_t1.jpg,pituitary,pituitary,axial,0.028890429,0.032785136,0.9093492,0.028975192,0.9093492,True,True,0.78125,0.64136624,347.0,516.0,False
d:\Research\Multi-View Fusion Network\datasets\brisc2025\classification_task\test\pituitary\brisc2025_test_00782_pi_ax_t1.jpg,pituitary,pituitary,axial,0.029029371,0.029630845,0.9119395,0.029400257,0.9119395,True,True,0.90553,0.8277311,205.0,228.0,False
d:\Research\Multi-View Fusion Network\datasets\brisc2025\classification_task\test\pituitary\brisc2025_test_00783_pi_ax_t1.jpg,pituitary,pituitary,axial,0.029081518,0.03035835,0.9109051,0.029655099,0.9109051,True,True,0.8735178,0.7762238,131.0,121.0,False
d:\Research\Multi-View Fusion Network\datasets\brisc2025\classification_task\test\pituitary\brisc2025_test_00784_pi_ax_t1.jpg,pituitary,pituitary,axial,0.02896435,0.029134562,0.9125666,0.029334407,0.9125666,True,True,0.79414374,0.65882355,469.0,657.0,False
d:\Research\Multi-View Fusion Network\datasets\brisc2025\classification_task\test\pituitary\brisc2025_test_00785_pi_ax_t1.jpg,pituitary,pituitary,axial,0.029225118,0.029772446,0.91183436,0.029168095,0.91183436,True,True,0.9699647,0.9417808,278.0,287.0,False
d:\Research\Multi-View Fusion Network\datasets\brisc2025\classification_task\test\pituitary\brisc2025_test_00786_pi_ax_t1.jpg,pituitary,pituitary,axial,0.028404934,0.031349413,0.9117017,0.02854397,0.9117017,True,True,0.932341,0.87341774,365.0,373.0,False
d:\Research\Multi-View Fusion Network\datasets\brisc2025\classification_task\test\pituitary\brisc2025_test_00787_pi_ax_t1.jpg,pituitary,pituitary,axial,0.028995935,0.030805787,0.9108892,0.029309096,0.9108892,True,True,0.8921371,0.80545455,453.0,538.0,False
d:\Research\Multi-View Fusion Network\datasets\brisc2025\classification_task\test\pituitary\brisc2025_test_00788_pi_ax_t1.jpg,pituitary,pituitary,axial,0.029060561,0.03154494,0.9102487,0.029145824,0.9102487,True,True,0.9213115,0.8545455,151.0,153.0,False
d:\Research\Multi-View Fusion Network\datasets\brisc2025\classification_task\test\pituitary\brisc2025_test_00789_pi_ax_t1.jpg,pituitary,pituitary,axial,0.029203111,0.030159557,0.9111477,0.029489698,0.9111477,True,True,0.8142857,0.688,86.0,123.0,False
d:\Research\Multi-View Fusion Network\datasets\brisc2025\classification_task\test\pituitary\brisc2025_test_00790_pi_ax_t1.jpg,pituitary,pituitary,axial,0.029685337,0.033294737,0.9073925,0.029627414,0.9073925,True,True,0.9140187,0.84192437,250.0,284.0,False
d:\Research\Multi-View Fusion Network\datasets\brisc2025\classification_task\test\pituitary\brisc2025_test_00791_pi_ax_t1.jpg,pituitary,pituitary,axial,0.028727219,0.029813297,0.9121942,0.02926522,0.9121942,True,True,0.93620414,0.88023955,302.0,324.0,False
d:\Research\Multi-View Fusion Network\datasets\brisc2025\classification_task\test\pituitary\brisc2025_test_00792_pi_ax_t1.jpg,pituitary,pituitary,axial,0.028382309,0.029083766,0.9136483,0.028885627,0.9136483,True,True,0.9478738,0.9010417,352.0,376.0,False
d:\Research\Multi-View Fusion Network\datasets\brisc2025\classification_task\test\pituitary\brisc2025_test_00793_pi_ax_t1.jpg,pituitary,pituitary,axial,0.02903272,0.029374946,0.9120447,0.029547572,0.9120447,True,True,0.40761635,0.25663716,195.0,513.0,False
d:\Research\Multi-View Fusion Network\datasets\brisc2025\classification_task\test\pituitary\brisc2025_test_00794_pi_ax_t1.jpg,pituitary,pituitary,axial,0.0291338,0.029650446,0.911652,0.029563705,0.911652,True,True,0.8621974,0.75816995,239.0,297.0,False
d:\Research\Multi-View Fusion Network\datasets\brisc2025\classification_task\test\pituitary\brisc2025_test_00795_pi_ax_t1.jpg,pituitary,pituitary,axial,0.029013533,0.02926966,0.9123326,0.029384216,0.9123326,True,True,0.908,0.8321168,121.0,128.0,False
d:\Research\Multi-View Fusion Network\datasets\brisc2025\classification_task\test\pituitary\brisc2025_test_00796_pi_ax_t1.jpg,pituitary,pituitary,axial,0.028835543,0.029232485,0.9129552,0.028976684,0.9129552,True,True,0.9149357,0.84335154,511.0,499.0,False
d:\Research\Multi-View Fusion Network\datasets\brisc2025\classification_task\test\pituitary\brisc2025_test_00797_pi_ax_t1.jpg,pituitary,pituitary,axial,0.029023858,0.027425619,0.91444147,0.029109014,0.91444147,True,True,0.91346157,0.8407821,912.0,1063.0,False
d:\Research\Multi-View Fusion Network\datasets\brisc2025\classification_task\test\pituitary\brisc2025_test_00798_pi_ax_t1.jpg,pituitary,pituitary,axial,0.02918474,0.02757764,0.91413826,0.029099362,0.91413826,True,True,0.98067105,0.9620887,1376.0,1365.0,False
d:\Research\Multi-View Fusion Network\datasets\brisc2025\classification_task\test\pituitary\brisc2025_test_00799_pi_ax_t1.jpg,pituitary,pituitary,axial,0.028747892,0.029115185,0.9128506,0.02928628,0.9128506,True,True,0.8479685,0.73636365,323.0,439.0,False
d:\Research\Multi-View Fusion Network\datasets\brisc2025\classification_task\test\pituitary\brisc2025_test_00800_pi_ax_t1.jpg,pituitary,pituitary,axial,0.029149741,0.029378364,0.91215086,0.029321043,0.91215086,True,True,0.8625402,0.7584746,556.0,687.0,False
d:\Research\Multi-View Fusion Network\datasets\brisc2025\classification_task\test\pituitary\brisc2025_test_00801_pi_ax_t1.jpg,pituitary,pituitary,axial,0.028983543,0.029325195,0.91228,0.029411234,0.91228,True,True,0.9220361,0.8554361,716.0,835.0,False
d:\Research\Multi-View Fusion Network\datasets\brisc2025\classification_task\test\pituitary\brisc2025_test_00802_pi_ax_t1.jpg,pituitary,pituitary,axial,0.028812207,0.02800768,0.9139998,0.02918032,0.9139998,True,True,0.76198936,0.61604583,223.0,339.0,False
d:\Research\Multi-View Fusion Network\datasets\brisc2025\classification_task\test\pituitary\brisc2025_test_00803_pi_ax_t1.jpg,pituitary,pituitary,axial,0.02894758,0.029924866,0.91203827,0.029089274,0.91203827,True,True,0.9267936,0.86376023,339.0,343.0,False
d:\Research\Multi-View Fusion Network\datasets\brisc2025\classification_task\test\pituitary\brisc2025_test_00804_pi_ax_t1.jpg,pituitary,pituitary,axial,0.029077085,0.031164706,0.91076624,0.028992021,0.91076624,True,True,0.90384614,0.8251748,137.0,122.0,False
d:\Research\Multi-View Fusion Network\datasets\brisc2025\classification_task\test\pituitary\brisc2025_test_00805_pi_ax_t1.jpg,pituitary,pituitary,axial,0.029426279,0.03450374,0.9065284,0.029541446,0.9065284,True,True,0.6884328,0.5255682,184.0,351.0,False
d:\Research\Multi-View Fusion Network\datasets\brisc2025\classification_task\test\pituitary\brisc2025_test_00806_pi_ax_t1.jpg,pituitary,pituitary,axial,0.029394735,0.031077366,0.9099893,0.029538618,0.9099893,True,True,0.88206387,0.7894737,184.0,222.0,False
d:\Research\Multi-View Fusion Network\datasets\brisc2025\classification_task\test\pituitary\brisc2025_test_00807_pi_ax_t1.jpg,pituitary,pituitary,axial,0.029220287,0.03116564,0.9099046,0.029709438,0.9099046,True,True,0.9055024,0.8275109,436.0,399.0,False
d:\Research\Multi-View Fusion Network\datasets\brisc2025\classification_task\test\pituitary\brisc2025_test_00808_pi_ax_t1.jpg,pituitary,pituitary,axial,0.02872637,0.02912181,0.9130584,0.029093381,0.9130584,True,True,0.9354354,0.8788732,331.0,334.0,False
d:\Research\Multi-View Fusion Network\datasets\brisc2025\classification_task\test\pituitary\brisc2025_test_00809_pi_ax_t1.jpg,pituitary,pituitary,axial,0.02934258,0.030303597,0.9110398,0.029313942,0.9110398,True,True,0.9253819,0.8612022,851.0,850.0,False
d:\Research\Multi-View Fusion Network\datasets\brisc2025\classification_task\test\pituitary\brisc2025_test_00810_pi_ax_t1.jpg,pituitary,pituitary,axial,0.029195407,0.028519098,0.91268814,0.029597305,0.91268814,True,True,0.9607843,0.924612,432.0,434.0,False
d:\Research\Multi-View Fusion Network\datasets\brisc2025\classification_task\test\pituitary\brisc2025_test_00811_pi_ax_t1.jpg,pituitary,pituitary,axial,0.02923172,0.030042054,0.91115,0.029576296,0.91115,True,True,0.8351293,0.7171904,413.0,514.0,False
d:\Research\Multi-View Fusion Network\datasets\brisc2025\classification_task\test\pituitary\brisc2025_test_00812_pi_ax_t1.jpg,pituitary,pituitary,axial,0.029412864,0.032940846,0.9078867,0.029759571,0.9078867,True,True,0.9260355,0.86263734,177.0,160.0,False
d:\Research\Multi-View Fusion Network\datasets\brisc2025\classification_task\test\pituitary\brisc2025_test_00813_pi_ax_t1.jpg,pituitary,pituitary,axial,0.029142339,0.030600619,0.91102916,0.029227844,0.91102916,True,True,0.3775,0.23384616,323.0,76.0,False
d:\Research\Multi-View Fusion Network\datasets\brisc2025\classification_task\test\pituitary\brisc2025_test_00814_pi_ax_t1.jpg,pituitary,pituitary,axial,0.028939381,0.029194854,0.91267085,0.029194854,0.91267085,True,True,0.91343963,0.8410042,207.0,231.0,False
d:\Research\Multi-View Fusion Network\datasets\brisc2025\classification_task\test\pituitary\brisc2025_test_00815_pi_ax_t1.jpg,pituitary,pituitary,axial,0.028969191,0.028799947,0.91271913,0.02951172,0.91271913,True,True,0.47126436,0.3093093,110.0,324.0,False
d:\Research\Multi-View Fusion Network\datasets\brisc2025\classification_task\test\pituitary\brisc2025_test_00816_pi_ax_t1.jpg,pituitary,pituitary,axial,0.029123576,0.030077416,0.91133213,0.029466873,0.91133213,True,True,0.8520642,0.74251497,391.0,480.0,False
d:\Research\Multi-View Fusion Network\datasets\brisc2025\classification_task\test\pituitary\brisc2025_test_00817_pi_ax_t1.jpg,pituitary,pituitary,axial,0.028895378,0.029609514,0.91217333,0.029321766,0.91217333,True,True,0.9385593,0.8844622,227.0,244.0,False
d:\Research\Multi-View Fusion Network\datasets\brisc2025\classification_task\test\pituitary\brisc2025_test_00818_pi_ax_t1.jpg,pituitary,pituitary,axial,0.029045984,0.029561073,0.9115709,0.029822031,0.9115709,True,True,0.948244,0.9017544,265.0,275.0,False
d:\Research\Multi-View Fusion Network\datasets\brisc2025\classification_task\test\pituitary\brisc2025_test_00819_pi_ax_t1.jpg,pituitary,pituitary,axial,0.029169824,0.029312605,0.91188836,0.029629184,0.91188836,True,True,0.8362772,0.7187865,633.0,838.0,False
d:\Research\Multi-View Fusion Network\datasets\brisc2025\classification_task\test\pituitary\brisc2025_test_00820_pi_ax_t1.jpg,pituitary,pituitary,axial,0.029510805,0.029195493,0.9126908,0.028602855,0.9126908,True,True,0.3989071,0.25170067,146.0,36.0,False
d:\Research\Multi-View Fusion Network\datasets\brisc2025\classification_task\test\pituitary\brisc2025_test_00821_pi_ax_t1.jpg,pituitary,pituitary,axial,0.028684394,0.029364629,0.91261506,0.029335964,0.91261506,True,True,0.9849483,0.97037035,526.0,536.0,False
d:\Research\Multi-View Fusion Network\datasets\brisc2025\classification_task\test\pituitary\brisc2025_test_00822_pi_ax_t1.jpg,pituitary,pituitary,axial,0.029475655,0.031223837,0.90982485,0.029475655,0.90982485,True,True,0.96875,0.9394737,362.0,373.0,False
d:\Research\Multi-View Fusion Network\datasets\brisc2025\classification_task\test\pituitary\brisc2025_test_00823_pi_ax_t1.jpg,pituitary,pituitary,axial,0.02885959,0.02808115,0.91371655,0.029342702,0.91371655,True,True,0.9607843,0.9246575,277.0,283.0,False
d:\Research\Multi-View Fusion Network\datasets\brisc2025\classification_task\test\pituitary\brisc2025_test_00824_pi_ax_t1.jpg,pituitary,pituitary,axial,0.028853862,0.029137019,0.91264355,0.029365545,0.91264355,True,True,0.8121739,0.68421054,292.0,282.0,False
d:\Research\Multi-View Fusion Network\datasets\brisc2025\classification_task\test\pituitary\brisc2025_test_00825_pi_co_t1.jpg,pituitary,pituitary,coronal,0.02903748,0.028867835,0.9130855,0.029009134,0.9130855,True,True,0.9622642,0.9273256,671.0,653.0,False
d:\Research\Multi-View Fusion Network\datasets\brisc2025\classification_task\test\pituitary\brisc2025_test_00826_pi_co_t1.jpg,pituitary,meningioma,coronal,0.025439214,0.91668546,0.032173883,0.025701405,0.91668546,False,True,0.9236181,0.85820895,475.0,519.0,False
d:\Research\Multi-View Fusion Network\datasets\brisc2025\classification_task\test\pituitary\brisc2025_test_00827_pi_co_t1.jpg,pituitary,pituitary,coronal,0.028897522,0.028588764,0.9131324,0.029381275,0.9131324,True,True,0.93097013,0.87108016,265.0,270.0,False
d:\Research\Multi-View Fusion Network\datasets\brisc2025\classification_task\test\pituitary\brisc2025_test_00828_pi_co_t1.jpg,pituitary,pituitary,coronal,0.029161869,0.030234838,0.91074985,0.029853422,0.91074985,True,True,0.9353596,0.87861735,1132.0,1203.0,False
d:\Research\Multi-View Fusion Network\datasets\brisc2025\classification_task\test\pituitary\brisc2025_test_00829_pi_co_t1.jpg,pituitary,pituitary,coronal,0.029140202,0.030153424,0.9109624,0.029743975,0.9109624,True,True,0.92724776,0.86445016,695.0,761.0,False
d:\Research\Multi-View Fusion Network\datasets\brisc2025\classification_task\test\pituitary\brisc2025_test_00830_pi_co_t1.jpg,pituitary,pituitary,coronal,0.02876765,0.029594004,0.91169554,0.029942844,0.91169554,True,True,0.8582474,0.7522523,212.0,175.0,False
d:\Research\Multi-View Fusion Network\datasets\brisc2025\classification_task\test\pituitary\brisc2025_test_00831_pi_co_t1.jpg,pituitary,pituitary,coronal,0.029302899,0.03095003,0.9098078,0.029939268,0.9098078,True,True,0.8817481,0.78899086,211.0,177.0,False
d:\Research\Multi-View Fusion Network\datasets\brisc2025\classification_task\test\pituitary\brisc2025_test_00832_pi_co_t1.jpg,pituitary,pituitary,coronal,0.028968373,0.028827272,0.9126934,0.02951089,0.9126934,True,True,0.91902834,0.85037404,353.0,387.0,False
d:\Research\Multi-View Fusion Network\datasets\brisc2025\classification_task\test\pituitary\brisc2025_test_00833_pi_co_t1.jpg,pituitary,pituitary,coronal,0.02861245,0.0286964,0.91299695,0.029694188,0.91299695,True,True,0.9215457,0.8546638,401.0,452.0,False
d:\Research\Multi-View Fusion Network\datasets\brisc2025\classification_task\test\pituitary\brisc2025_test_00834_pi_co_t1.jpg,pituitary,pituitary,coronal,0.029369863,0.030719295,0.91010755,0.029803252,0.91010755,True,True,0.9611747,0.92528737,994.0,1014.0,False
d:\Research\Multi-View Fusion Network\datasets\brisc2025\classification_task\test\pituitary\brisc2025_test_00835_pi_co_t1.jpg,pituitary,pituitary,coronal,0.028999524,0.031142347,0.9101128,0.029745271,0.9101128,True,True,0.7674632,0.6229508,461.0,626.0,False
d:\Research\Multi-View Fusion Network\datasets\brisc2025\classification_task\test\pituitary\brisc2025_test_00836_pi_co_t1.jpg,pituitary,pituitary,coronal,0.029570797,0.031539492,0.9092031,0.029686533,0.9092031,True,True,0.7320782,0.5776256,834.0,546.0,False
d:\Research\Multi-View Fusion Network\datasets\brisc2025\classification_task\test\pituitary\brisc2025_test_00837_pi_co_t1.jpg,pituitary,pituitary,coronal,0.029138332,0.031017598,0.91001475,0.029829327,0.91001475,True,True,0.7775489,0.6363636,583.0,387.0,False
d:\Research\Multi-View Fusion Network\datasets\brisc2025\classification_task\test\pituitary\brisc2025_test_00838_pi_co_t1.jpg,pituitary,pituitary,coronal,0.028930992,0.029849362,0.9115156,0.029703965,0.9115156,True,True,0.41538462,0.26451612,40.0,154.0,False
d:\Research\Multi-View Fusion Network\datasets\brisc2025\classification_task\test\pituitary\brisc2025_test_00839_pi_co_t1.jpg,pituitary,pituitary,coronal,0.0289618,0.029822841,0.91159564,0.029619671,0.91159564,True,True,0.8038633,0.67245656,401.0,271.0,False
d:\Research\Multi-View Fusion Network\datasets\brisc2025\classification_task\test\pituitary\brisc2025_test_00840_pi_co_t1.jpg,pituitary,pituitary,coronal,0.02887363,0.029645072,0.9114868,0.029994518,0.9114868,True,True,0.8843683,0.7928389,691.0,709.0,False
d:\Research\Multi-View Fusion Network\datasets\brisc2025\classification_task\test\pituitary\brisc2025_test_00841_pi_co_t1.jpg,pituitary,pituitary,coronal,0.029230919,0.029778354,0.91112506,0.029865721,0.91112506,True,True,0.8988053,0.81632656,770.0,652.0,False
d:\Research\Multi-View Fusion Network\datasets\brisc2025\classification_task\test\pituitary\brisc2025_test_00842_pi_co_t1.jpg,pituitary,pituitary,coronal,0.029509952,0.031321283,0.90910614,0.030062608,0.90910614,True,True,0.81551725,0.68895346,337.0,242.0,False
d:\Research\Multi-View Fusion Network\datasets\brisc2025\classification_task\test\pituitary\brisc2025_test_00843_pi_co_t1.jpg,pituitary,pituitary,coronal,0.02892328,0.028586315,0.9130542,0.029436193,0.9130542,True,True,0.56727576,0.396292,375.0,828.0,False
d:\Research\Multi-View Fusion Network\datasets\brisc2025\classification_task\test\pituitary\brisc2025_test_00844_pi_co_t1.jpg,pituitary,pituitary,coronal,0.028938556,0.029222548,0.91264486,0.029194022,0.91264486,True,True,0.8605128,0.7553957,432.0,542.0,False
d:\Research\Multi-View Fusion Network\datasets\brisc2025\classification_task\test\pituitary\brisc2025_test_00845_pi_co_t1.jpg,pituitary,pituitary,coronal,0.029140519,0.032923937,0.90830725,0.029628335,0.90830725,True,True,0.9146211,0.84282905,444.0,492.0,False
d:\Research\Multi-View Fusion Network\datasets\brisc2025\classification_task\test\pituitary\brisc2025_test_00846_pi_co_t1.jpg,pituitary,pituitary,coronal,0.029526094,0.034034144,0.90694255,0.029497275,0.90694255,True,True,0.78709054,0.64920634,410.0,627.0,False
d:\Research\Multi-View Fusion Network\datasets\brisc2025\classification_task\test\pituitary\brisc2025_test_00847_pi_co_t1.jpg,pituitary,pituitary,coronal,0.029106196,0.02962235,0.9116781,0.029593438,0.9116781,True,True,0.6998106,0.5385735,375.0,680.0,False
d:\Research\Multi-View Fusion Network\datasets\brisc2025\classification_task\test\pituitary\brisc2025_test_00848_pi_co_t1.jpg,pituitary,pituitary,coronal,0.028773397,0.030036697,0.9118777,0.02931226,0.9118777,True,True,0.8828366,0.79044116,475.0,497.0,False
d:\Research\Multi-View Fusion Network\datasets\brisc2025\classification_task\test\pituitary\brisc2025_test_00849_pi_co_t1.jpg,pituitary,pituitary,coronal,0.02930216,0.030173318,0.9106736,0.029850923,0.9106736,True,True,0.9052533,0.8270548,502.0,563.0,False
d:\Research\Multi-View Fusion Network\datasets\brisc2025\classification_task\test\pituitary\brisc2025_test_00850_pi_co_t1.jpg,pituitary,pituitary,coronal,0.028748646,0.02891759,0.9128746,0.029459156,0.9128746,True,True,0.9216966,0.8549849,301.0,311.0,False
d:\Research\Multi-View Fusion Network\datasets\brisc2025\classification_task\test\pituitary\brisc2025_test_00851_pi_co_t1.jpg,pituitary,pituitary,coronal,0.029086722,0.030068703,0.91106814,0.029776495,0.91106814,True,True,0.80373,0.6721068,629.0,496.0,False
d:\Research\Multi-View Fusion Network\datasets\brisc2025\classification_task\test\pituitary\brisc2025_test_00852_pi_co_t1.jpg,pituitary,pituitary,coronal,0.02839351,0.028644163,0.91400886,0.028953522,0.91400886,True,True,0.92596155,0.862254,533.0,506.0,False
d:\Research\Multi-View Fusion Network\datasets\brisc2025\classification_task\test\pituitary\brisc2025_test_00853_pi_co_t1.jpg,pituitary,pituitary,coronal,0.028884558,0.029598426,0.9118318,0.029685266,0.9118318,True,True,0.92121685,0.8540462,616.0,665.0,False
d:\Research\Multi-View Fusion Network\datasets\brisc2025\classification_task\test\pituitary\brisc2025_test_00854_pi_co_t1.jpg,pituitary,pituitary,coronal,0.029023502,0.029480552,0.91175514,0.029740803,0.91175514,True,True,0.74466825,0.59339625,631.0,1056.0,False
d:\Research\Multi-View Fusion Network\datasets\brisc2025\classification_task\test\pituitary\brisc2025_test_00855_pi_co_t1.jpg,pituitary,pituitary,coronal,0.029015942,0.029646076,0.9115177,0.029820291,0.9115177,True,True,0.7554348,0.60755813,297.0,254.0,False
d:\Research\Multi-View Fusion Network\datasets\brisc2025\classification_task\test\pituitary\brisc2025_test_00856_pi_co_t1.jpg,pituitary,pituitary,coronal,0.029325236,0.02964195,0.91139084,0.02964195,0.91139084,True,True,0.9734974,0.9483871,1040.0,1072.0,False
d:\Research\Multi-View Fusion Network\datasets\brisc2025\classification_task\test\pituitary\brisc2025_test_00857_pi_co_t1.jpg,pituitary,pituitary,coronal,0.029207466,0.03078904,0.910394,0.02960953,0.910394,True,True,0.9477977,0.9009288,302.0,310.0,False
d:\Research\Multi-View Fusion Network\datasets\brisc2025\classification_task\test\pituitary\brisc2025_test_00858_pi_co_t1.jpg,pituitary,pituitary,coronal,0.02890859,0.028993405,0.91259044,0.02950756,0.91259044,True,True,0.92975205,0.8688946,357.0,368.0,False
d:\Research\Multi-View Fusion Network\datasets\brisc2025\classification_task\test\pituitary\brisc2025_test_00859_pi_co_t1.jpg,pituitary,pituitary,coronal,0.029204234,0.030605774,0.9102932,0.029896788,0.9102932,True,True,0.89612556,0.8118572,1473.0,1520.0,False
d:\Research\Multi-View Fusion Network\datasets\brisc2025\classification_task\test\pituitary\brisc2025_test_00860_pi_co_t1.jpg,pituitary,pituitary,coronal,0.029231751,0.0299542,0.911151,0.029663103,0.911151,True,True,0.9674635,0.937018,754.0,751.0,False
d:\Research\Multi-View Fusion Network\datasets\brisc2025\classification_task\test\pituitary\brisc2025_test_00861_pi_co_t1.jpg,pituitary,pituitary,coronal,0.029312456,0.029919792,0.91099364,0.029774059,0.91099364,True,True,0.94143856,0.8894231,757.0,813.0,False
d:\Research\Multi-View Fusion Network\datasets\brisc2025\classification_task\test\pituitary\brisc2025_test_00862_pi_co_t1.jpg,pituitary,pituitary,coronal,0.028841471,0.02941032,0.91225165,0.029496605,0.91225165,True,True,0.7821869,0.642547,547.0,586.0,False
d:\Research\Multi-View Fusion Network\datasets\brisc2025\classification_task\test\pituitary\brisc2025_test_00863_pi_co_t1.jpg,pituitary,pituitary,coronal,0.029013395,0.029934376,0.9114377,0.029614538,0.9114377,True,True,0.78125,0.6415663,303.0,240.0,False
d:\Research\Multi-View Fusion Network\datasets\brisc2025\classification_task\test\pituitary\brisc2025_test_00864_pi_co_t1.jpg,pituitary,pituitary,coronal,0.02920261,0.031606402,0.9093542,0.029836798,0.9093542,True,True,0.78253424,0.64325845,336.0,247.0,False
d:\Research\Multi-View Fusion Network\datasets\brisc2025\classification_task\test\pituitary\brisc2025_test_00865_pi_co_t1.jpg,pituitary,pituitary,coronal,0.028984295,0.029069334,0.9123037,0.029642679,0.9123037,True,True,0.9221311,0.8556962,359.0,372.0,False
d:\Research\Multi-View Fusion Network\datasets\brisc2025\classification_task\test\pituitary\brisc2025_test_00866_pi_co_t1.jpg,pituitary,pituitary,coronal,0.028780974,0.029348629,0.91211784,0.029752633,0.91211784,True,True,0.92102206,0.85376346,423.0,437.0,False
d:\Research\Multi-View Fusion Network\datasets\brisc2025\classification_task\test\pituitary\brisc2025_test_00867_pi_co_t1.jpg,pituitary,pituitary,coronal,0.02894941,0.029578099,0.9120959,0.029376594,0.9120959,True,True,0.78937006,0.6525974,218.0,289.0,False
d:\Research\Multi-View Fusion Network\datasets\brisc2025\classification_task\test\pituitary\brisc2025_test_00868_pi_co_t1.jpg,pituitary,pituitary,coronal,0.02918316,0.02984606,0.9114148,0.029556012,0.9114148,True,True,0.9051186,0.82687926,410.0,390.0,False
d:\Research\Multi-View Fusion Network\datasets\brisc2025\classification_task\test\pituitary\brisc2025_test_00869_pi_co_t1.jpg,pituitary,pituitary,coronal,0.029166454,0.029337855,0.91178304,0.02971268,0.91178304,True,True,0.9044944,0.82576865,655.0,590.0,False
d:\Research\Multi-View Fusion Network\datasets\brisc2025\classification_task\test\pituitary\brisc2025_test_00870_pi_co_t1.jpg,pituitary,pituitary,coronal,0.02905608,0.029484836,0.9118877,0.029571347,0.9118877,True,True,0.9656554,0.9336283,862.0,884.0,False
d:\Research\Multi-View Fusion Network\datasets\brisc2025\classification_task\test\pituitary\brisc2025_test_00871_pi_co_t1.jpg,pituitary,pituitary,coronal,0.028972523,0.028803261,0.9128241,0.029400049,0.9128241,True,True,0.9670031,0.9361382,1287.0,1288.0,False
d:\Research\Multi-View Fusion Network\datasets\brisc2025\classification_task\test\pituitary\brisc2025_test_00872_pi_co_t1.jpg,pituitary,pituitary,coronal,0.029120518,0.031610027,0.9094584,0.02981109,0.9094584,True,True,0.8656331,0.7632058,873.0,1061.0,False
d:\Research\Multi-View Fusion Network\datasets\brisc2025\classification_task\test\pituitary\brisc2025_test_00873_pi_co_t1.jpg,pituitary,pituitary,coronal,0.028928611,0.029241042,0.9123312,0.029499177,0.9123312,True,True,0.7585617,0.6112132,1058.0,693.0,False
d:\Research\Multi-View Fusion Network\datasets\brisc2025\classification_task\test\pituitary\brisc2025_test_00874_pi_co_t1.jpg,pituitary,pituitary,coronal,0.029338742,0.029597739,0.9118106,0.029252913,0.9118106,True,True,0.94980186,0.9045226,379.0,377.0,False
d:\Research\Multi-View Fusion Network\datasets\brisc2025\classification_task\test\pituitary\brisc2025_test_00875_pi_co_t1.jpg,pituitary,pituitary,coronal,0.029030219,0.029487375,0.9119662,0.029516188,0.9119662,True,True,0.9593254,0.92190474,512.0,495.0,False
d:\Research\Multi-View Fusion Network\datasets\brisc2025\classification_task\test\pituitary\brisc2025_test_00876_pi_co_t1.jpg,pituitary,pituitary,coronal,0.028891988,0.029232554,0.91206634,0.02980912,0.91206634,True,True,0.64931506,0.48178136,165.0,199.0,False
d:\Research\Multi-View Fusion Network\datasets\brisc2025\classification_task\test\pituitary\brisc2025_test_00877_pi_co_t1.jpg,pituitary,pituitary,coronal,0.028959258,0.029588165,0.9115156,0.029936936,0.9115156,True,True,0.9363158,0.8803165,920.0,979.0,False
d:\Research\Multi-View Fusion Network\datasets\brisc2025\classification_task\test\pituitary\brisc2025_test_00878_pi_co_t1.jpg,pituitary,pituitary,coronal,0.029214062,0.030082606,0.91148937,0.029214062,0.91148937,True,True,0.8896044,0.8013245,581.0,505.0,False
d:\Research\Multi-View Fusion Network\datasets\brisc2025\classification_task\test\pituitary\brisc2025_test_00879_pi_co_t1.jpg,pituitary,pituitary,coronal,0.029418653,0.029852765,0.91072977,0.029998885,0.91072977,True,True,0.84035087,0.72507554,281.0,288.0,False
d:\Research\Multi-View Fusion Network\datasets\brisc2025\classification_task\test\pituitary\brisc2025_test_00880_pi_co_t1.jpg,pituitary,pituitary,coronal,0.029213367,0.029471256,0.9114677,0.029847791,0.9114677,True,True,0.53125,0.36211342,345.0,710.0,False
d:\Research\Multi-View Fusion Network\datasets\brisc2025\classification_task\test\pituitary\brisc2025_test_00881_pi_co_t1.jpg,pituitary,pituitary,coronal,0.029052032,0.028296022,0.9135431,0.029108828,0.9135431,True,True,0.9820347,0.9647107,2420.0,2366.0,False
d:\Research\Multi-View Fusion Network\datasets\brisc2025\classification_task\test\pituitary\brisc2025_test_00882_pi_co_t1.jpg,pituitary,pituitary,coronal,0.029224006,0.03024014,0.91090953,0.029626297,0.91090953,True,True,0.8657975,0.7635135,646.0,657.0,False
d:\Research\Multi-View Fusion Network\datasets\brisc2025\classification_task\test\pituitary\brisc2025_test_00883_pi_co_t1.jpg,pituitary,pituitary,coronal,0.028972844,0.031174518,0.91016376,0.029688893,0.91016376,True,True,0.8400688,0.72444445,666.0,496.0,False
d:\Research\Multi-View Fusion Network\datasets\brisc2025\classification_task\test\pituitary\brisc2025_test_00884_pi_co_t1.jpg,pituitary,pituitary,coronal,0.029189063,0.029793847,0.9115991,0.029417995,0.9115991,True,True,0.92785144,0.8654797,992.0,892.0,False
d:\Research\Multi-View Fusion Network\datasets\brisc2025\classification_task\test\pituitary\brisc2025_test_00885_pi_co_t1.jpg,pituitary,pituitary,coronal,0.029014256,0.029673317,0.9114647,0.029847695,0.9114647,True,True,0.9012987,0.8204724,612.0,542.0,False
d:\Research\Multi-View Fusion Network\datasets\brisc2025\classification_task\test\pituitary\brisc2025_test_00886_pi_co_t1.jpg,pituitary,pituitary,coronal,0.028990967,0.029765544,0.911623,0.02962056,0.911623,True,True,0.80921054,0.6813187,79.0,72.0,False
d:\Research\Multi-View Fusion Network\datasets\brisc2025\classification_task\test\pituitary\brisc2025_test_00887_pi_co_t1.jpg,pituitary,pituitary,coronal,0.029249553,0.02942144,0.9117058,0.029623251,0.9117058,True,True,0.8563218,0.74899596,387.0,482.0,False
d:\Research\Multi-View Fusion Network\datasets\brisc2025\classification_task\test\pituitary\brisc2025_test_00888_pi_co_t1.jpg,pituitary,pituitary,coronal,0.029066695,0.030136159,0.91133034,0.029466815,0.91133034,True,True,0.7462121,0.59638554,103.0,160.0,False
d:\Research\Multi-View Fusion Network\datasets\brisc2025\classification_task\test\pituitary\brisc2025_test_00889_pi_co_t1.jpg,pituitary,pituitary,coronal,0.029454157,0.03089785,0.9100496,0.02959833,0.9100496,True,True,0.87115383,0.77210885,233.0,286.0,False
d:\Research\Multi-View Fusion Network\datasets\brisc2025\classification_task\test\pituitary\brisc2025_test_00890_pi_co_t1.jpg,pituitary,pituitary,coronal,0.028671687,0.030135827,0.9113203,0.029872123,0.9113203,True,True,0.8730159,0.7752809,144.0,170.0,False
d:\Research\Multi-View Fusion Network\datasets\brisc2025\classification_task\test\pituitary\brisc2025_test_00891_pi_co_t1.jpg,pituitary,pituitary,coronal,0.02913969,0.029483177,0.9118363,0.029540822,0.9118363,True,True,0.9628805,0.92846924,684.0,662.0,False
d:\Research\Multi-View Fusion Network\datasets\brisc2025\classification_task\test\pituitary\brisc2025_test_00892_pi_co_t1.jpg,pituitary,pituitary,coronal,0.028949413,0.029549234,0.912096,0.029405301,0.912096,True,True,0.82857144,0.7076023,406.0,468.0,False
d:\Research\Multi-View Fusion Network\datasets\brisc2025\classification_task\test\pituitary\brisc2025_test_00893_pi_co_t1.jpg,pituitary,pituitary,coronal,0.02895576,0.030943885,0.91051584,0.029584587,0.91051584,True,True,0.92758185,0.8650235,761.0,826.0,False
d:\Research\Multi-View Fusion Network\datasets\brisc2025\classification_task\test\pituitary\brisc2025_test_00894_pi_co_t1.jpg,pituitary,pituitary,coronal,0.028871274,0.029183088,0.91230303,0.029642656,0.91230303,True,True,0.9201209,0.8521183,1248.0,1067.0,False
d:\Research\Multi-View Fusion Network\datasets\brisc2025\classification_task\test\pituitary\brisc2025_test_00895_pi_co_t1.jpg,pituitary,pituitary,coronal,0.028936038,0.02968015,0.9116746,0.029709147,0.9116746,True,True,0.920977,0.8537234,332.0,363.0,False
d:\Research\Multi-View Fusion Network\datasets\brisc2025\classification_task\test\pituitary\brisc2025_test_00896_pi_co_t1.jpg,pituitary,pituitary,coronal,0.028687622,0.029054143,0.91271776,0.029540513,0.91271776,True,True,0.93836856,0.88395905,829.0,825.0,False
d:\Research\Multi-View Fusion Network\datasets\brisc2025\classification_task\test\pituitary\brisc2025_test_00897_pi_co_t1.jpg,pituitary,pituitary,coronal,0.029086966,0.029286481,0.9119659,0.029660653,0.9119659,True,True,0.9044481,0.8258258,318.0,288.0,False
d:\Research\Multi-View Fusion Network\datasets\brisc2025\classification_task\test\pituitary\brisc2025_test_00898_pi_co_t1.jpg,pituitary,pituitary,coronal,0.029241737,0.028732214,0.9123528,0.02967324,0.9123528,True,True,0.9536232,0.9114391,522.0,512.0,False
d:\Research\Multi-View Fusion Network\datasets\brisc2025\classification_task\test\pituitary\brisc2025_test_00899_pi_co_t1.jpg,pituitary,pituitary,coronal,0.02887783,0.02896256,0.9125102,0.029649388,0.9125102,True,True,0.57875,0.40773287,238.0,561.0,False
d:\Research\Multi-View Fusion Network\datasets\brisc2025\classification_task\test\pituitary\brisc2025_test_00900_pi_co_t1.jpg,pituitary,pituitary,coronal,0.029245319,0.02944592,0.9115738,0.029734889,0.9115738,True,True,0.87940377,0.78502417,345.0,392.0,False
d:\Research\Multi-View Fusion Network\datasets\brisc2025\classification_task\test\pituitary\brisc2025_test_00901_pi_co_t1.jpg,pituitary,pituitary,coronal,0.029238397,0.028785102,0.9122487,0.029727854,0.9122487,True,True,0.9519084,0.90829694,678.0,631.0,False
d:\Research\Multi-View Fusion Network\datasets\brisc2025\classification_task\test\pituitary\brisc2025_test_00902_pi_co_t1.jpg,pituitary,pituitary,coronal,0.028752059,0.029664747,0.91209173,0.029491434,0.91209173,True,True,0.9692308,0.9404255,230.0,224.0,False
d:\Research\Multi-View Fusion Network\datasets\brisc2025\classification_task\test\pituitary\brisc2025_test_00903_pi_co_t1.jpg,pituitary,pituitary,coronal,0.02881737,0.02967412,0.9123799,0.029128602,0.9123799,True,True,0.6129707,0.44277108,153.0,324.0,False
d:\Research\Multi-View Fusion Network\datasets\brisc2025\classification_task\test\pituitary\brisc2025_test_00904_pi_co_t1.jpg,pituitary,pituitary,coronal,0.028896788,0.028727971,0.9131093,0.029265981,0.9131093,True,True,0.9602727,0.9236032,1678.0,1694.0,False
d:\Research\Multi-View Fusion Network\datasets\brisc2025\classification_task\test\pituitary\brisc2025_test_00905_pi_co_t1.jpg,pituitary,pituitary,coronal,0.028815772,0.029298153,0.9123293,0.029556792,0.9123293,True,True,0.7975048,0.6634769,591.0,450.0,False
d:\Research\Multi-View Fusion Network\datasets\brisc2025\classification_task\test\pituitary\brisc2025_test_00906_pi_co_t1.jpg,pituitary,pituitary,coronal,0.029130436,0.029102003,0.9124374,0.029330254,0.9124374,True,True,0.9688612,0.9396552,561.0,562.0,False
d:\Research\Multi-View Fusion Network\datasets\brisc2025\classification_task\test\pituitary\brisc2025_test_00907_pi_co_t1.jpg,pituitary,pituitary,coronal,0.029059423,0.029401971,0.91199267,0.029545886,0.91199267,True,True,0.9274128,0.86470145,1185.0,1280.0,False
d:\Research\Multi-View Fusion Network\datasets\brisc2025\classification_task\test\pituitary\brisc2025_test_00908_pi_co_t1.jpg,pituitary,pituitary,coronal,0.028941028,0.029111108,0.9127228,0.029225044,0.9127228,True,True,0.95969176,0.9225513,856.0,830.0,False
d:\Research\Multi-View Fusion Network\datasets\brisc2025\classification_task\test\pituitary\brisc2025_test_00909_pi_co_t1.jpg,pituitary,pituitary,coronal,0.028897613,0.029611807,0.9113536,0.030136928,0.9113536,True,True,0.93564355,0.87925696,292.0,313.0,False
d:\Research\Multi-View Fusion Network\datasets\brisc2025\classification_task\test\pituitary\brisc2025_test_00910_pi_co_t1.jpg,pituitary,pituitary,coronal,0.029154416,0.031400546,0.90962845,0.029816663,0.90962845,True,True,0.91866666,0.8497537,400.0,349.0,False
d:\Research\Multi-View Fusion Network\datasets\brisc2025\classification_task\test\pituitary\brisc2025_test_00911_pi_co_t1.jpg,pituitary,pituitary,coronal,0.028996004,0.029683625,0.9117813,0.02953904,0.9117813,True,True,0.8678862,0.7670251,271.0,220.0,False
d:\Research\Multi-View Fusion Network\datasets\brisc2025\classification_task\test\pituitary\brisc2025_test_00912_pi_co_t1.jpg,pituitary,pituitary,coronal,0.029168647,0.030241864,0.9109615,0.029627986,0.9109615,True,True,0.9443478,0.8947368,277.0,297.0,False
d:\Research\Multi-View Fusion Network\datasets\brisc2025\classification_task\test\pituitary\brisc2025_test_00913_pi_co_t1.jpg,pituitary,pituitary,coronal,0.029005677,0.028583888,0.9129767,0.029433696,0.9129767,True,True,0.95289624,0.9100851,780.0,790.0,False
d:\Research\Multi-View Fusion Network\datasets\brisc2025\classification_task\test\pituitary\brisc2025_test_00914_pi_co_t1.jpg,pituitary,pituitary,coronal,0.029119028,0.030486692,0.9111898,0.02920446,0.9111898,True,True,0.89076245,0.8031704,634.0,729.0,False
d:\Research\Multi-View Fusion Network\datasets\brisc2025\classification_task\test\pituitary\brisc2025_test_00915_pi_sa_t1.jpg,pituitary,pituitary,sagittal,0.02886551,0.02955004,0.9121209,0.029463591,0.9121209,True,True,0.90384614,0.8249027,239.0,228.0,False
d:\Research\Multi-View Fusion Network\datasets\brisc2025\classification_task\test\pituitary\brisc2025_test_00916_pi_sa_t1.jpg,pituitary,pituitary,sagittal,0.028951075,0.029349612,0.91214836,0.02955093,0.91214836,True,True,0.9136,0.84117645,335.0,289.0,False
d:\Research\Multi-View Fusion Network\datasets\brisc2025\classification_task\test\pituitary\brisc2025_test_00917_pi_sa_t1.jpg,pituitary,pituitary,sagittal,0.028438054,0.029570898,0.9127647,0.029226385,0.9127647,True,True,0.9352617,0.878553,377.0,348.0,False
d:\Research\Multi-View Fusion Network\datasets\brisc2025\classification_task\test\pituitary\brisc2025_test_00918_pi_sa_t1.jpg,pituitary,pituitary,sagittal,0.028608957,0.029116292,0.9137774,0.02849742,0.9137774,True,True,0.9255814,0.86206895,111.0,103.0,False
d:\Research\Multi-View Fusion Network\datasets\brisc2025\classification_task\test\pituitary\brisc2025_test_00919_pi_sa_t1.jpg,pituitary,pituitary,sagittal,0.028686974,0.030566964,0.91091627,0.029829735,0.91091627,True,True,0.8412969,0.7264706,253.0,332.0,False
d:\Research\Multi-View Fusion Network\datasets\brisc2025\classification_task\test\pituitary\brisc2025_test_00920_pi_sa_t1.jpg,pituitary,pituitary,sagittal,0.028458487,0.028237022,0.914313,0.028991451,0.914313,True,True,0.95348835,0.9111709,684.0,734.0,False
d:\Research\Multi-View Fusion Network\datasets\brisc2025\classification_task\test\pituitary\brisc2025_test_00921_pi_sa_t1.jpg,pituitary,pituitary,sagittal,0.029127069,0.0294992,0.9123319,0.02904186,0.9123319,True,True,0.94162613,0.8897638,729.0,709.0,False
d:\Research\Multi-View Fusion Network\datasets\brisc2025\classification_task\test\pituitary\brisc2025_test_00922_pi_sa_t1.jpg,pituitary,pituitary,sagittal,0.02868931,0.02936966,0.91277146,0.029169574,0.91277146,True,True,0.9712307,0.94409937,936.0,940.0,False
d:\Research\Multi-View Fusion Network\datasets\brisc2025\classification_task\test\pituitary\brisc2025_test_00923_pi_sa_t1.jpg,pituitary,pituitary,sagittal,0.028522072,0.028689684,0.9136752,0.029113034,0.9136752,True,True,0.9407159,0.8881857,455.0,438.0,False
d:\Research\Multi-View Fusion Network\datasets\brisc2025\classification_task\test\pituitary\brisc2025_test_00924_pi_sa_t1.jpg,pituitary,pituitary,sagittal,0.028574659,0.02879877,0.91357356,0.029052999,0.91357356,True,True,0.9425,0.8915094,200.0,199.0,False
d:\Research\Multi-View Fusion Network\datasets\brisc2025\classification_task\test\pituitary\brisc2025_test_00925_pi_sa_t1.jpg,pituitary,pituitary,sagittal,0.028745823,0.028577883,0.9136767,0.028999582,0.9136767,True,True,0.9794621,0.95977014,1015.0,1029.0,False
d:\Research\Multi-View Fusion Network\datasets\brisc2025\classification_task\test\pituitary\brisc2025_test_00926_pi_sa_t1.jpg,pituitary,pituitary,sagittal,0.028799977,0.029025855,0.91272,0.029454168,0.91272,True,True,0.8762136,0.7801724,226.0,185.0,False
d:\Research\Multi-View Fusion Network\datasets\brisc2025\classification_task\test\pituitary\brisc2025_test_00927_pi_sa_t1.jpg,pituitary,pituitary,sagittal,0.028734725,0.029531281,0.9124325,0.029301466,0.9124325,True,True,0.9311193,0.87126434,411.0,401.0,False
d:\Research\Multi-View Fusion Network\datasets\brisc2025\classification_task\test\pituitary\brisc2025_test_00928_pi_sa_t1.jpg,pituitary,pituitary,sagittal,0.02885632,0.029368047,0.91272134,0.029054256,0.91272134,True,True,0.9004975,0.8192771,302.0,300.0,False
d:\Research\Multi-View Fusion Network\datasets\brisc2025\classification_task\test\pituitary\brisc2025_test_00929_pi_sa_t1.jpg,pituitary,pituitary,sagittal,0.02862256,0.029733703,0.91242814,0.029215608,0.91242814,True,True,0.6970588,0.536036,118.0,221.0,False
d:\Research\Multi-View Fusion Network\datasets\brisc2025\classification_task\test\pituitary\brisc2025_test_00930_pi_sa_t1.jpg,pituitary,pituitary,sagittal,0.029051848,0.029798938,0.91175485,0.029394304,0.91175485,True,True,0.87529975,0.7787234,207.0,209.0,False
d:\Research\Multi-View Fusion Network\datasets\brisc2025\classification_task\test\pituitary\brisc2025_test_00931_pi_sa_t1.jpg,pituitary,pituitary,sagittal,0.028995382,0.028351378,0.91354436,0.029108865,0.91354436,True,True,0.85882354,0.75274724,572.0,702.0,False
d:\Research\Multi-View Fusion Network\datasets\brisc2025\classification_task\test\pituitary\brisc2025_test_00932_pi_sa_t1.jpg,pituitary,pituitary,sagittal,0.028991815,0.029076876,0.91254044,0.02939091,0.91254044,True,True,0.7765958,0.6351351,334.0,511.0,False
d:\Research\Multi-View Fusion Network\datasets\brisc2025\classification_task\test\pituitary\brisc2025_test_00933_pi_sa_t1.jpg,pituitary,pituitary,sagittal,0.028992502,0.03005924,0.9116712,0.02927702,0.9116712,True,True,0.8923358,0.8059211,259.0,288.0,False
d:\Research\Multi-View Fusion Network\datasets\brisc2025\classification_task\test\pituitary\brisc2025_test_00934_pi_sa_t1.jpg,pituitary,pituitary,sagittal,0.028570782,0.029679913,0.9125581,0.029191246,0.9125581,True,True,0.9524272,0.90925926,520.0,509.0,False
d:\Research\Multi-View Fusion Network\datasets\brisc2025\classification_task\test\pituitary\brisc2025_test_00935_pi_sa_t1.jpg,pituitary,pituitary,sagittal,0.02890352,0.030737605,0.91153985,0.028818969,0.91153985,True,True,0.92967033,0.86885244,238.0,216.0,False
d:\Research\Multi-View Fusion Network\datasets\brisc2025\classification_task\test\pituitary\brisc2025_test_00936_pi_sa_t1.jpg,pituitary,pituitary,sagittal,0.028876903,0.030115325,0.9115901,0.029417705,0.9115901,True,True,0.85531914,0.74814814,111.0,123.0,False
d:\Research\Multi-View Fusion Network\datasets\brisc2025\classification_task\test\pituitary\brisc2025_test_00937_pi_sa_t1.jpg,pituitary,pituitary,sagittal,0.029063316,0.028696679,0.91300595,0.029234108,0.91300595,True,True,0.9650078,0.9324324,632.0,653.0,False
d:\Research\Multi-View Fusion Network\datasets\brisc2025\classification_task\test\pituitary\brisc2025_test_00938_pi_sa_t1.jpg,pituitary,pituitary,sagittal,0.028859634,0.029114401,0.9128261,0.02919982,0.9128261,True,True,0.652725,0.4849624,275.0,513.0,False
d:\Research\Multi-View Fusion Network\datasets\brisc2025\classification_task\test\pituitary\brisc2025_test_00939_pi_sa_t1.jpg,pituitary,pituitary,sagittal,0.028217122,0.028801767,0.91366863,0.029312523,0.91366863,True,True,0.91201353,0.8385093,291.0,299.0,False
d:\Research\Multi-View Fusion Network\datasets\brisc2025\classification_task\test\pituitary\brisc2025_test_00940_pi_sa_t1.jpg,pituitary,pituitary,sagittal,0.02810636,0.02914049,0.9145368,0.028216364,0.9145368,True,True,0.8074434,0.6775068,249.0,368.0,False
d:\Research\Multi-View Fusion Network\datasets\brisc2025\classification_task\test\pituitary\brisc2025_test_00941_pi_sa_t1.jpg,pituitary,pituitary,sagittal,0.028474364,0.028474364,0.9139301,0.029121159,0.9139301,True,True,0.91084695,0.83651227,321.0,351.0,False
d:\Research\Multi-View Fusion Network\datasets\brisc2025\classification_task\test\pituitary\brisc2025_test_00942_pi_sa_t1.jpg,pituitary,pituitary,sagittal,0.028769404,0.02945165,0.91264194,0.029136969,0.91264194,True,True,0.9507546,0.90620273,640.0,618.0,False
d:\Research\Multi-View Fusion Network\datasets\brisc2025\classification_task\test\pituitary\brisc2025_test_00943_pi_sa_t1.jpg,pituitary,pituitary,sagittal,0.028186647,0.028435474,0.9144663,0.02891149,0.9144663,True,True,0.94460225,0.8951613,353.0,350.0,False
d:\Research\Multi-View Fusion Network\datasets\brisc2025\classification_task\test\pituitary\brisc2025_test_00944_pi_sa_t1.jpg,pituitary,pituitary,sagittal,0.028813131,0.028982451,0.9131369,0.029067487,0.9131369,True,True,0.9082569,0.8322148,261.0,283.0,False
d:\Research\Multi-View Fusion Network\datasets\brisc2025\classification_task\test\pituitary\brisc2025_test_00945_pi_sa_t1.jpg,pituitary,pituitary,sagittal,0.028970165,0.029773248,0.9118589,0.029397659,0.9118589,True,True,0.9116541,0.83793104,268.0,263.0,False
d:\Research\Multi-View Fusion Network\datasets\brisc2025\classification_task\test\pituitary\brisc2025_test_00946_pi_sa_t1.jpg,pituitary,pituitary,sagittal,0.028986864,0.029271329,0.91238457,0.029357212,0.91238457,True,True,0.9537445,0.9117647,225.0,228.0,False
d:\Research\Multi-View Fusion Network\datasets\brisc2025\classification_task\test\pituitary\brisc2025_test_00947_pi_sa_t1.jpg,pituitary,pituitary,sagittal,0.029069293,0.029700588,0.91230243,0.028927699,0.91230243,True,True,0.9093851,0.83431953,163.0,145.0,False
d:\Research\Multi-View Fusion Network\datasets\brisc2025\classification_task\test\pituitary\brisc2025_test_00948_pi_sa_t1.jpg,pituitary,pituitary,sagittal,0.028229872,0.028562635,0.91408145,0.029125981,0.91408145,True,True,0.82871974,0.7079646,248.0,329.0,False
d:\Research\Multi-View Fusion Network\datasets\brisc2025\classification_task\test\pituitary\brisc2025_test_00949_pi_sa_t1.jpg,pituitary,pituitary,sagittal,0.0284473,0.027951619,0.9148466,0.028754534,0.9148466,True,True,0.9616498,0.9261838,670.0,711.0,False
d:\Research\Multi-View Fusion Network\datasets\brisc2025\classification_task\test\pituitary\brisc2025_test_00950_pi_sa_t1.jpg,pituitary,pituitary,sagittal,0.029188242,0.029734876,0.91157347,0.029503478,0.91157347,True,True,0.89252627,0.8060201,732.0,886.0,False
d:\Research\Multi-View Fusion Network\datasets\brisc2025\classification_task\test\pituitary\brisc2025_test_00951_pi_sa_t1.jpg,pituitary,pituitary,sagittal,0.029021002,0.029163053,0.91256744,0.029248614,0.91256744,True,True,0.9202658,0.852459,422.0,480.0,False
d:\Research\Multi-View Fusion Network\datasets\brisc2025\classification_task\test\pituitary\brisc2025_test_00952_pi_sa_t1.jpg,pituitary,pituitary,sagittal,0.029353037,0.029728059,0.9113645,0.02955438,0.9113645,True,True,0.77076924,0.6275,253.0,396.0,False
d:\Research\Multi-View Fusion Network\datasets\brisc2025\classification_task\test\pituitary\brisc2025_test_00953_pi_sa_t1.jpg,pituitary,pituitary,sagittal,0.029245328,0.029705875,0.9115741,0.0294747,0.9115741,True,True,0.9629172,0.9285714,405.0,403.0,False
d:\Research\Multi-View Fusion Network\datasets\brisc2025\classification_task\test\pituitary\brisc2025_test_00954_pi_sa_t1.jpg,pituitary,pituitary,sagittal,0.028803308,0.029171305,0.9128256,0.029199803,0.9128256,True,True,0.83859646,0.72289157,140.0,144.0,False
d:\Research\Multi-View Fusion Network\datasets\brisc2025\classification_task\test\pituitary\brisc2025_test_00955_pi_sa_t1.jpg,pituitary,pituitary,sagittal,0.028262747,0.029245457,0.9133603,0.02913144,0.9133603,True,True,0.8745875,0.7777778,140.0,162.0,False
d:\Research\Multi-View Fusion Network\datasets\brisc2025\classification_task\test\pituitary\brisc2025_test_00956_pi_sa_t1.jpg,pituitary,pituitary,sagittal,0.02876594,0.029795228,0.9125321,0.02890674,0.9125321,True,True,0.9195804,0.8516129,134.0,151.0,False
d:\Research\Multi-View Fusion Network\datasets\brisc2025\classification_task\test\pituitary\brisc2025_test_00957_pi_sa_t1.jpg,pituitary,pituitary,sagittal,0.028346065,0.028708221,0.9142655,0.028680198,0.9142655,True,True,0.9202658,0.85276073,147.0,153.0,False
d:\Research\Multi-View Fusion Network\datasets\brisc2025\classification_task\test\pituitary\brisc2025_test_00958_pi_sa_t1.jpg,pituitary,pituitary,sagittal,0.028239438,0.028516565,0.9143913,0.02885271,0.9143913,True,True,0.9494382,0.9039146,271.0,262.0,False
d:\Research\Multi-View Fusion Network\datasets\brisc2025\classification_task\test\pituitary\brisc2025_test_00959_pi_sa_t1.jpg,pituitary,pituitary,sagittal,0.02904504,0.030054955,0.9115413,0.02935873,0.9115413,True,True,0.9024823,0.82258064,281.0,282.0,False
d:\Research\Multi-View Fusion Network\datasets\brisc2025\classification_task\test\pituitary\brisc2025_test_00960_pi_sa_t1.jpg,pituitary,pituitary,sagittal,0.028897021,0.029237647,0.91222525,0.029640129,0.91222525,True,True,0.8357771,0.71859294,152.0,188.0,False
d:\Research\Multi-View Fusion Network\datasets\brisc2025\classification_task\test\pituitary\brisc2025_test_00961_pi_sa_t1.jpg,pituitary,pituitary,sagittal,0.028662032,0.028971583,0.91279453,0.029571863,0.91279453,True,True,0.9495192,0.9039634,612.0,635.0,False
d:\Research\Multi-View Fusion Network\datasets\brisc2025\classification_task\test\pituitary\brisc2025_test_00962_pi_sa_t1.jpg,pituitary,pituitary,sagittal,0.028710755,0.029564332,0.9125621,0.029162882,0.9125621,True,True,0.9456282,0.89693594,665.0,695.0,False
d:\Research\Multi-View Fusion Network\datasets\brisc2025\classification_task\test\pituitary\brisc2025_test_00963_pi_sa_t1.jpg,pituitary,pituitary,sagittal,0.029189859,0.029882075,0.91162395,0.029304106,0.91162395,True,True,0.9489796,0.9029851,619.0,654.0,False
d:\Research\Multi-View Fusion Network\datasets\brisc2025\classification_task\test\pituitary\brisc2025_test_00964_pi_sa_t1.jpg,pituitary,pituitary,sagittal,0.028671922,0.029038241,0.9131095,0.029180376,0.9131095,True,True,0.90275955,0.8229665,350.0,410.0,False
d:\Research\Multi-View Fusion Network\datasets\brisc2025\classification_task\test\pituitary\brisc2025_test_00965_pi_sa_t1.jpg,pituitary,pituitary,sagittal,0.029050127,0.029913794,0.91170084,0.029335212,0.91170084,True,True,0.9475983,0.9005525,335.0,351.0,False
d:\Research\Multi-View Fusion Network\datasets\brisc2025\classification_task\test\pituitary\brisc2025_test_00966_pi_sa_t1.jpg,pituitary,pituitary,sagittal,0.028464027,0.028997097,0.91359836,0.028940517,0.91359836,True,True,0.92467046,0.86013985,263.0,267.0,False
d:\Research\Multi-View Fusion Network\datasets\brisc2025\classification_task\test\pituitary\brisc2025_test_00967_pi_sa_t1.jpg,pituitary,pituitary,sagittal,0.028868573,0.028727958,0.9131089,0.029294565,0.9131089,True,True,0.93779343,0.8830022,410.0,441.0,False
d:\Research\Multi-View Fusion Network\datasets\brisc2025\classification_task\test\pituitary\brisc2025_test_00968_pi_sa_t1.jpg,pituitary,pituitary,sagittal,0.028269192,0.028131494,0.91446126,0.02913808,0.91446126,True,True,0.6941946,0.5319149,773.0,449.0,False
d:\Research\Multi-View Fusion Network\datasets\brisc2025\classification_task\test\pituitary\brisc2025_test_00969_pi_sa_t1.jpg,pituitary,pituitary,sagittal,0.028458163,0.027934998,0.91430265,0.02930423,0.91430265,True,True,0.9055666,0.82758623,541.0,464.0,False
d:\Research\Multi-View Fusion Network\datasets\brisc2025\classification_task\test\pituitary\brisc2025_test_00970_pi_sa_t1.jpg,pituitary,pituitary,sagittal,0.028705614,0.02993669,0.9123987,0.02895902,0.9123987,True,True,0.78506786,0.646402,778.0,547.0,False
d:\Research\Multi-View Fusion Network\datasets\brisc2025\classification_task\test\pituitary\brisc2025_test_00971_pi_sa_t1.jpg,pituitary,pituitary,sagittal,0.028958563,0.029299917,0.9123843,0.029357202,0.9123843,True,True,0.84418607,0.7309237,228.0,201.0,False
d:\Research\Multi-View Fusion Network\datasets\brisc2025\classification_task\test\pituitary\brisc2025_test_00972_pi_sa_t1.jpg,pituitary,pituitary,sagittal,0.029182104,0.027954744,0.91316354,0.029699607,0.91316354,True,True,0.8754925,0.7787115,600.0,668.0,False
d:\Research\Multi-View Fusion Network\datasets\brisc2025\classification_task\test\pituitary\brisc2025_test_00973_pi_sa_t1.jpg,pituitary,pituitary,sagittal,0.02891509,0.027998114,0.9136876,0.029399138,0.9136876,True,True,0.9739113,0.9491593,2443.0,2424.0,False
d:\Research\Multi-View Fusion Network\datasets\brisc2025\classification_task\test\pituitary\brisc2025_test_00974_pi_sa_t1.jpg,pituitary,pituitary,sagittal,0.029116277,0.026458943,0.9155633,0.028861493,0.9155633,True,True,0.9478714,0.9009901,580.0,570.0,False
d:\Research\Multi-View Fusion Network\datasets\brisc2025\classification_task\test\pituitary\brisc2025_test_00975_pi_sa_t1.jpg,pituitary,pituitary,sagittal,0.028366178,0.029181002,0.91312903,0.029323835,0.91312903,True,True,0.9400545,0.8869476,911.0,923.0,False
d:\Research\Multi-View Fusion Network\datasets\brisc2025\classification_task\test\pituitary\brisc2025_test_00976_pi_sa_t1.jpg,pituitary,pituitary,sagittal,0.028853614,0.028741123,0.91263574,0.029769525,0.91263574,True,True,0.8497537,0.7393162,205.0,200.0,False
d:\Research\Multi-View Fusion Network\datasets\brisc2025\classification_task\test\pituitary\brisc2025_test_00977_pi_sa_t1.jpg,pituitary,pituitary,sagittal,0.028781554,0.028669344,0.9130274,0.029521687,0.9130274,True,True,0.89944905,0.8175,340.0,385.0,False
d:\Research\Multi-View Fusion Network\datasets\brisc2025\classification_task\test\pituitary\brisc2025_test_00978_pi_sa_t1.jpg,pituitary,pituitary,sagittal,0.028522119,0.028886525,0.9136767,0.028914744,0.9136767,True,True,0.9543269,0.91284406,213.0,202.0,False
d:\Research\Multi-View Fusion Network\datasets\brisc2025\classification_task\test\pituitary\brisc2025_test_00979_pi_sa_t1.jpg,pituitary,pituitary,sagittal,0.028712139,0.028824518,0.91349775,0.028965602,0.91349775,True,True,0.91843975,0.8496732,145.0,136.0,False
d:\Research\Multi-View Fusion Network\datasets\brisc2025\classification_task\test\pituitary\brisc2025_test_00980_pi_sa_t1.jpg,pituitary,pituitary,sagittal,0.029019289,0.02985287,0.9116228,0.029505074,0.9116228,True,True,0.8951965,0.8110236,104.0,124.0,False
d:\Research\Multi-View Fusion Network\datasets\brisc2025\classification_task\test\pituitary\brisc2025_test_00981_pi_sa_t1.jpg,pituitary,pituitary,sagittal,0.028893549,0.02886535,0.9130069,0.029234141,0.9130069,True,True,0.88928574,0.80128205,132.0,147.0,False
d:\Research\Multi-View Fusion Network\datasets\brisc2025\classification_task\test\pituitary\brisc2025_test_00982_pi_sa_t1.jpg,pituitary,pituitary,sagittal,0.028893568,0.028921802,0.9130075,0.029177118,0.9130075,True,True,0.7617021,0.6164383,89.0,145.0,False
d:\Research\Multi-View Fusion Network\datasets\brisc2025\classification_task\test\pituitary\brisc2025_test_00983_pi_sa_t1.jpg,pituitary,pituitary,sagittal,0.02893404,0.028624887,0.91339386,0.029047282,0.91339386,True,True,0.94591117,0.8974359,751.0,801.0,False
d:\Research\Multi-View Fusion Network\datasets\brisc2025\classification_task\test\pituitary\brisc2025_test_00984_pi_sa_t1.jpg,pituitary,pituitary,sagittal,0.02930337,0.0294468,0.9116011,0.02964879,0.9116011,True,True,0.8446602,0.73126614,653.0,685.0,False
d:\Research\Multi-View Fusion Network\datasets\brisc2025\classification_task\test\pituitary\brisc2025_test_00985_pi_sa_t1.jpg,pituitary,pituitary,sagittal,0.028674332,0.028871018,0.9131862,0.029268447,0.9131862,True,True,0.8244125,0.70144284,880.0,651.0,False
d:\Research\Multi-View Fusion Network\datasets\brisc2025\classification_task\test\pituitary\brisc2025_test_00986_pi_sa_t1.jpg,pituitary,pituitary,sagittal,0.0291572,0.029015178,0.9123843,0.029443333,0.9123843,True,True,0.7852564,0.64736843,129.0,182.0,False
d:\Research\Multi-View Fusion Network\datasets\brisc2025\classification_task\test\pituitary\brisc2025_test_00987_pi_sa_t1.jpg,pituitary,pituitary,sagittal,0.028636575,0.029172879,0.9128749,0.029315671,0.9128749,True,True,0.8912621,0.8041958,229.0,285.0,False
d:\Research\Multi-View Fusion Network\datasets\brisc2025\classification_task\test\pituitary\brisc2025_test_00988_pi_sa_t1.jpg,pituitary,pituitary,sagittal,0.02907608,0.029132929,0.9125154,0.029275525,0.9125154,True,True,0.88481677,0.7943925,96.0,94.0,False
d:\Research\Multi-View Fusion Network\datasets\brisc2025\classification_task\test\pituitary\brisc2025_test_00989_pi_sa_t1.jpg,pituitary,pituitary,sagittal,0.028750349,0.02926019,0.91292864,0.029060856,0.91292864,True,True,0.8869863,0.797546,156.0,135.0,False
d:\Research\Multi-View Fusion Network\datasets\brisc2025\classification_task\test\pituitary\brisc2025_test_00990_pi_sa_t1.jpg,pituitary,pituitary,sagittal,0.028745329,0.029978111,0.9118783,0.029398283,0.9118783,True,True,0.93798447,0.8833333,437.0,465.0,False
d:\Research\Multi-View Fusion Network\datasets\brisc2025\classification_task\test\pituitary\brisc2025_test_00991_pi_sa_t1.jpg,pituitary,pituitary,sagittal,0.028722078,0.029633814,0.91292197,0.028722078,0.91292197,True,True,0.8101695,0.6818182,121.0,173.0,False
d:\Research\Multi-View Fusion Network\datasets\brisc2025\classification_task\test\pituitary\brisc2025_test_00992_pi_sa_t1.jpg,pituitary,pituitary,sagittal,0.029366989,0.030358434,0.91090757,0.029366989,0.91090757,True,True,0.5138889,0.3478261,55.0,160.0,False
d:\Research\Multi-View Fusion Network\datasets\brisc2025\classification_task\test\pituitary\brisc2025_test_00993_pi_sa_t1.jpg,pituitary,pituitary,sagittal,0.029117692,0.029924862,0.9120382,0.02891932,0.9120382,True,True,0.9551122,0.91414946,618.0,584.0,False
d:\Research\Multi-View Fusion Network\datasets\brisc2025\classification_task\test\pituitary\brisc2025_test_00994_pi_sa_t1.jpg,pituitary,pituitary,sagittal,0.029116267,0.029430725,0.91199356,0.029459476,0.91199356,True,True,0.8968059,0.81333333,193.0,213.0,False
d:\Research\Multi-View Fusion Network\datasets\brisc2025\classification_task\test\pituitary\brisc2025_test_00995_pi_sa_t1.jpg,pituitary,pituitary,sagittal,0.028673554,0.029039893,0.91316146,0.029125098,0.91316146,True,True,0.94124424,0.8891304,430.0,437.0,False
d:\Research\Multi-View Fusion Network\datasets\brisc2025\classification_task\test\pituitary\brisc2025_test_00996_pi_sa_t1.jpg,pituitary,pituitary,sagittal,0.029142937,0.028163668,0.9137207,0.028972672,0.9137207,True,True,0.8631256,0.7594255,530.0,448.0,False
d:\Research\Multi-View Fusion Network\datasets\brisc2025\classification_task\test\pituitary\brisc2025_test_00997_pi_sa_t1.jpg,pituitary,pituitary,sagittal,0.02892181,0.02892181,0.9130078,0.02914865,0.9130078,True,True,0.96137875,0.9256595,1182.0,1225.0,False
d:\Research\Multi-View Fusion Network\datasets\brisc2025\classification_task\test\pituitary\brisc2025_test_00998_pi_sa_t1.jpg,pituitary,pituitary,sagittal,0.029201364,0.028608609,0.9128744,0.029315656,0.9128744,True,True,0.9031633,0.8235294,724.0,824.0,False
d:\Research\Multi-View Fusion Network\datasets\brisc2025\classification_task\test\pituitary\brisc2025_test_00999_pi_sa_t1.jpg,pituitary,pituitary,sagittal,0.028678425,0.028903348,0.91331655,0.029101608,0.91331655,True,True,0.96153843,0.9259724,746.0,787.0,False
d:\Research\Multi-View Fusion Network\datasets\brisc2025\classification_task\test\pituitary\brisc2025_test_01000_pi_sa_t1.jpg,pituitary,pituitary,sagittal,0.028477289,0.027736237,0.9149171,0.028869305,0.9149171,True,True,0.97372156,0.94882435,698.0,709.0,False
