abs_path,true_label,pred_label,plane,prob_0,prob_1,prob_2,prob_3,max_prob,correct,has_mask,dice,iou,sensitivity,specificity,precision_seg,hd95,gt_area,pred_area,fn_mask
d:\Research\Multi-View Fusion Network\datasets\brisc2025\classification_task\test\glioma\brisc2025_test_00001_gl_ax_t1.jpg,glioma,glioma,axial,0.92817736,0.023801312,0.023766546,0.024254778,0.9281773567199707,True,True,0.0007293946,0.0007293946,0.0,0.9770188573485653,0.0,63.70393406348165,222.0,1148.0,False
d:\Research\Multi-View Fusion Network\datasets\brisc2025\classification_task\test\glioma\brisc2025_test_00002_gl_ax_t1.jpg,glioma,glioma,axial,0.92857736,0.024023782,0.023843393,0.023555487,0.9285773634910583,True,True,0.001506024,0.001506024,0.0,0.9950961673732349,0.0,28.0,419.0,244.0,False
d:\Research\Multi-View Fusion Network\datasets\brisc2025\classification_task\test\glioma\brisc2025_test_00003_gl_ax_t1.jpg,glioma,glioma,axial,0.92954755,0.023278004,0.023340212,0.023834294,0.9295475482940674,True,True,0.6891771,0.52592087,0.6893464637359952,0.9929065003361274,0.6887298747702261,91.12956129527298,1117.0,1118.0,False
d:\Research\Multi-View Fusion Network\datasets\brisc2025\classification_task\test\glioma\brisc2025_test_00004_gl_ax_t1.jpg,glioma,glioma,axial,0.41141695,0.20346104,0.34558854,0.03953348,0.4114169478416443,True,True,0.6393714,0.47023088,0.5092348284893241,0.998704925330649,0.857777777758716,32.54688595203303,758.0,450.0,False
d:\Research\Multi-View Fusion Network\datasets\brisc2025\classification_task\test\glioma\brisc2025_test_00005_gl_ax_t1.jpg,glioma,glioma,axial,0.912552,0.0317693,0.029711135,0.025967557,0.912551999092102,True,True,0.0042918455,0.0042918455,0.0,0.9999399363323124,0.0,67.05892889812145,229.0,3.0,False
d:\Research\Multi-View Fusion Network\datasets\brisc2025\classification_task\test\glioma\brisc2025_test_00006_gl_ax_t1.jpg,glioma,glioma,axial,0.92754453,0.02393692,0.023865597,0.024652965,0.9275445342063904,True,True,0.96758765,0.9372428,0.9420289854974945,0.9998983946350336,0.9945355191148139,0.0,966.0,915.0,False
d:\Research\Multi-View Fusion Network\datasets\brisc2025\classification_task\test\glioma\brisc2025_test_00007_gl_ax_t1.jpg,glioma,glioma,axial,0.92662126,0.024816776,0.024513796,0.024048157,0.9266212582588196,True,True,0.0064935065,0.0064935065,0.0,0.9999999999998002,0.0,-1.0,153.0,0.0,True
d:\Research\Multi-View Fusion Network\datasets\brisc2025\classification_task\test\glioma\brisc2025_test_00008_gl_ax_t1.jpg,glioma,glioma,axial,0.9287096,0.023764504,0.02388226,0.023643533,0.9287096261978149,True,True,0.8271605,0.70554495,0.9999999999728261,0.9969081272082805,0.704980842898372,2.23606797749979,368.0,522.0,False
d:\Research\Multi-View Fusion Network\datasets\brisc2025\classification_task\test\glioma\brisc2025_test_00009_gl_ax_t1.jpg,glioma,glioma,axial,0.928166,0.023986926,0.023684323,0.024162807,0.9281659722328186,True,True,0.78896964,0.6515812,0.6662946428534248,0.9991526124336559,0.9668016194253701,5.0,1792.0,1235.0,False
d:\Research\Multi-View Fusion Network\datasets\brisc2025\classification_task\test\glioma\brisc2025_test_00010_gl_ax_t1.jpg,glioma,glioma,axial,0.9290084,0.023501717,0.02356968,0.023920083,0.929008424282074,True,True,0.0023364485,0.0023364485,0.0,0.994582167132948,0.0,48.032278679489444,156.0,271.0,False
d:\Research\Multi-View Fusion Network\datasets\brisc2025\classification_task\test\glioma\brisc2025_test_00011_gl_ax_t1.jpg,glioma,glioma,axial,0.9277255,0.024251128,0.023848917,0.024174493,0.9277254939079285,True,True,0.0038314175,0.0038314175,0.0,0.9960291329939148,0.0,97.86853031511802,61.0,199.0,False
d:\Research\Multi-View Fusion Network\datasets\brisc2025\classification_task\test\glioma\brisc2025_test_00012_gl_ax_t1.jpg,glioma,glioma,axial,0.929367,0.023567865,0.023343926,0.023721162,0.9293670058250427,True,True,0.001396648,0.001396648,0.0,0.992654584863429,0.0,21.213203435596427,349.0,366.0,False
d:\Research\Multi-View Fusion Network\datasets\brisc2025\classification_task\test\glioma\brisc2025_test_00013_gl_ax_t1.jpg,glioma,glioma,axial,0.9290534,0.023355031,0.02382341,0.02376821,0.9290534257888794,True,True,0.9726198,0.9467312,0.993638676832142,0.9992103664707432,0.9524390243786288,0.0,786.0,820.0,False
d:\Research\Multi-View Fusion Network\datasets\brisc2025\classification_task\test\glioma\brisc2025_test_00014_gl_ax_t1.jpg,glioma,glioma,axial,0.92948514,0.023550563,0.023411911,0.023552382,0.9294851422309875,True,True,0.96622175,0.93466806,0.9583783783731981,0.9990274386456568,0.9741758241704717,0.0,1850.0,1820.0,False
d:\Research\Multi-View Fusion Network\datasets\brisc2025\classification_task\test\glioma\brisc2025_test_00015_gl_ax_t1.jpg,glioma,glioma,axial,0.9287134,0.023734128,0.023770973,0.02378159,0.9287133812904358,True,True,0.7090328,0.54950494,0.7076677316180884,0.9963471241168524,0.7099358974245202,6.324555320336759,626.0,624.0,False
d:\Research\Multi-View Fusion Network\datasets\brisc2025\classification_task\test\glioma\brisc2025_test_00016_gl_ax_t1.jpg,glioma,glioma,axial,0.9280338,0.024011362,0.023983441,0.02397146,0.9280338287353516,True,True,0.6870398,0.5235426,0.8306595365270827,0.993348785649301,0.5854271356710373,11.772078844334175,561.0,796.0,False
d:\Research\Multi-View Fusion Network\datasets\brisc2025\classification_task\test\glioma\brisc2025_test_00017_gl_ax_t1.jpg,glioma,glioma,axial,0.9284596,0.023522705,0.023948643,0.02406916,0.9284595847129822,True,True,0.6902834,0.5277778,0.6273062730395828,0.998958020238253,0.7657657657312718,7.028427124746188,271.0,222.0,False
d:\Research\Multi-View Fusion Network\datasets\brisc2025\classification_task\test\glioma\brisc2025_test_00018_gl_ax_t1.jpg,glioma,glioma,axial,0.92971003,0.023432545,0.023405975,0.023451505,0.9297100305557251,True,True,0.7237154,0.56718266,0.5880462724897941,0.9988070752774582,0.9403905446974266,9.848857801796104,1556.0,973.0,False
d:\Research\Multi-View Fusion Network\datasets\brisc2025\classification_task\test\glioma\brisc2025_test_00019_gl_ax_t1.jpg,glioma,glioma,axial,0.92887264,0.023574429,0.02344077,0.024112051,0.9288726449012756,True,True,0.8546099,0.7461905,0.7594568380176554,0.9992309930579459,0.9769182782222277,5.0,2062.0,1603.0,False
d:\Research\Multi-View Fusion Network\datasets\brisc2025\classification_task\test\glioma\brisc2025_test_00020_gl_ax_t1.jpg,glioma,glioma,axial,0.93034154,0.023606831,0.023249747,0.022801826,0.9303415417671204,True,True,0.9549203,0.91377497,0.9243876464225305,0.999776590775027,0.9874857792834189,0.0,939.0,879.0,False
d:\Research\Multi-View Fusion Network\datasets\brisc2025\classification_task\test\glioma\brisc2025_test_00021_gl_ax_t1.jpg,glioma,glioma,axial,0.92800045,0.024127321,0.024166021,0.023706293,0.9280004501342773,True,True,0.88968825,0.80143887,0.9754385964741151,0.9975003023825753,0.8176470588115052,1.4142135623730951,570.0,680.0,False
d:\Research\Multi-View Fusion Network\datasets\brisc2025\classification_task\test\glioma\brisc2025_test_00022_gl_ax_t1.jpg,glioma,glioma,axial,0.92811584,0.023876859,0.024220873,0.02378646,0.9281158447265625,True,True,0.7791519,0.63837993,0.678644763853402,0.9987398886222107,0.9142461963912276,8.54400374531753,974.0,723.0,False
d:\Research\Multi-View Fusion Network\datasets\brisc2025\classification_task\test\glioma\brisc2025_test_00023_gl_ax_t1.jpg,glioma,glioma,axial,0.92806596,0.024103414,0.024021551,0.023809096,0.9280659556388855,True,True,0.90008056,0.818448,0.8651162790563548,0.9992529930748423,0.9378151260346586,1.4142135623730951,645.0,595.0,False
d:\Research\Multi-View Fusion Network\datasets\brisc2025\classification_task\test\glioma\brisc2025_test_00024_gl_ax_t1.jpg,glioma,glioma,axial,0.9289824,0.02380525,0.023591172,0.023621168,0.9289823770523071,True,True,0.9635071,0.9296161,0.9459962755964061,0.9996130503847095,0.9816425120678103,0.0,1074.0,1035.0,False
d:\Research\Multi-View Fusion Network\datasets\brisc2025\classification_task\test\glioma\brisc2025_test_00025_gl_ax_t1.jpg,glioma,glioma,axial,0.92927796,0.02331884,0.02351959,0.023883626,0.9292779564857483,True,True,0.7595993,0.61290324,0.965957446767406,0.997276786607998,0.6253443525998528,5.141941307624036,235.0,363.0,False
d:\Research\Multi-View Fusion Network\datasets\brisc2025\classification_task\test\glioma\brisc2025_test_00026_gl_ax_t1.jpg,glioma,glioma,axial,0.92939574,0.0233073,0.023508638,0.023788264,0.9293957352638245,True,True,0.73687214,0.58355916,0.5837104072345366,0.9999796213647573,0.998452012368445,7.0,1105.0,646.0,False
d:\Research\Multi-View Fusion Network\datasets\brisc2025\classification_task\test\glioma\brisc2025_test_00027_gl_ax_t1.jpg,glioma,glioma,axial,0.9287762,0.023890669,0.02376707,0.023566026,0.928776204586029,True,True,0.94995064,0.9047022,0.9437172774807349,0.9986433152439981,0.9562334217443221,0.25,1528.0,1508.0,False
d:\Research\Multi-View Fusion Network\datasets\brisc2025\classification_task\test\glioma\brisc2025_test_00028_gl_ax_t1.jpg,glioma,glioma,axial,0.9278855,0.02405043,0.024242163,0.023821931,0.9278854727745056,True,True,0.9665698,0.9353327,0.9614271938190799,0.9994098373998251,0.9717348927780534,0.0,1037.0,1026.0,False
d:\Research\Multi-View Fusion Network\datasets\brisc2025\classification_task\test\glioma\brisc2025_test_00029_gl_ax_t1.jpg,glioma,glioma,axial,0.9300122,0.02323235,0.023315612,0.023439834,0.9300122261047363,True,True,0.88735276,0.7976081,0.8992731048712432,0.9975006603944085,0.8756319514572737,1.4142135623730951,963.0,989.0,False
d:\Research\Multi-View Fusion Network\datasets\brisc2025\classification_task\test\glioma\brisc2025_test_00030_gl_ax_t1.jpg,glioma,glioma,axial,0.9281446,0.023969226,0.02407987,0.023806239,0.9281445741653442,True,True,0.9253472,0.86129034,0.8692810457232261,0.9999398435931423,0.9888475836063625,1.0,306.0,269.0,False
d:\Research\Multi-View Fusion Network\datasets\brisc2025\classification_task\test\glioma\brisc2025_test_00031_gl_ax_t1.jpg,glioma,glioma,axial,0.9301261,0.022841616,0.023450676,0.023581544,0.9301260709762573,True,True,0.8783186,0.7830986,0.9526748971128075,0.9935136910380161,0.8146627565934624,2.0,1458.0,1705.0,False
d:\Research\Multi-View Fusion Network\datasets\brisc2025\classification_task\test\glioma\brisc2025_test_00032_gl_ax_t1.jpg,glioma,glioma,axial,0.92980707,0.023028621,0.023448804,0.023715502,0.9298070669174194,True,True,0.8653024,0.762648,0.8519855595616608,0.9959805416990981,0.8789571694545069,2.8284271247461903,1662.0,1611.0,False
d:\Research\Multi-View Fusion Network\datasets\brisc2025\classification_task\test\glioma\brisc2025_test_00033_gl_ax_t1.jpg,glioma,glioma,axial,0.9309059,0.022794245,0.023186592,0.023113217,0.9309058785438538,True,True,0.9468938,0.89923954,0.936507936489355,0.9995772266063377,0.9574036510961987,1.0,504.0,493.0,False
d:\Research\Multi-View Fusion Network\datasets\brisc2025\classification_task\test\glioma\brisc2025_test_00034_gl_ax_t1.jpg,glioma,glioma,axial,0.9290733,0.023402711,0.023869999,0.023654126,0.9290732741355896,True,True,0.676397,0.511335,0.7879377431753319,0.9943820224717099,0.5921052631492382,55.596614777420136,514.0,684.0,False
d:\Research\Multi-View Fusion Network\datasets\brisc2025\classification_task\test\glioma\brisc2025_test_00035_gl_ax_t1.jpg,glioma,glioma,axial,0.92850643,0.023677228,0.023930285,0.02388596,0.9285064339637756,True,True,0.9376392,0.88268155,0.9575113808655916,0.9988690752668783,0.9184861717479114,1.0,659.0,687.0,False
d:\Research\Multi-View Fusion Network\datasets\brisc2025\classification_task\test\glioma\brisc2025_test_00036_gl_ax_t1.jpg,glioma,glioma,axial,0.9311598,0.023037998,0.022982633,0.022819607,0.9311597943305969,True,True,0.92939484,0.8682796,0.9938271604631534,0.999057209339445,0.8726287262636144,1.0,324.0,369.0,False
d:\Research\Multi-View Fusion Network\datasets\brisc2025\classification_task\test\glioma\brisc2025_test_00037_gl_ax_t1.jpg,glioma,glioma,axial,0.92963594,0.023397459,0.02377631,0.023190342,0.9296359419822693,True,True,0.9620556,0.92689854,0.9361778415169015,0.9994091206446918,0.9893899204206541,0.0,2789.0,2639.0,False
d:\Research\Multi-View Fusion Network\datasets\brisc2025\classification_task\test\glioma\brisc2025_test_00038_gl_ax_t1.jpg,glioma,glioma,axial,0.92904824,0.023806099,0.023682527,0.023463134,0.9290482401847839,True,True,0.9456601,0.8969571,0.9700598802322601,0.9977682227680186,0.9224199288190575,1.0,1336.0,1405.0,False
d:\Research\Multi-View Fusion Network\datasets\brisc2025\classification_task\test\glioma\brisc2025_test_00039_gl_ax_t1.jpg,glioma,glioma,axial,0.92964643,0.023337081,0.02339847,0.023617966,0.9296464323997498,True,True,0.89231604,0.80566406,0.8215353938103536,0.999593272730767,0.9763033175239775,2.0,1003.0,844.0,False
d:\Research\Multi-View Fusion Network\datasets\brisc2025\classification_task\test\glioma\brisc2025_test_00040_gl_ax_t1.jpg,glioma,glioma,axial,0.93055594,0.02317456,0.023359228,0.022910252,0.9305559396743774,True,True,0.6530236,0.484948,0.6339541547232526,0.9911849118489153,0.673003802276251,12.206555615733702,1396.0,1315.0,False
d:\Research\Multi-View Fusion Network\datasets\brisc2025\classification_task\test\glioma\brisc2025_test_00041_gl_ax_t1.jpg,glioma,glioma,axial,0.9301852,0.023366941,0.023479914,0.022967916,0.9301851987838745,True,True,0.009733939,0.0052151238,0.005843071786261744,0.993160194372781,0.020467836256711468,31.891221179648134,1198.0,342.0,False
d:\Research\Multi-View Fusion Network\datasets\brisc2025\classification_task\test\glioma\brisc2025_test_00042_gl_ax_t1.jpg,glioma,glioma,axial,0.9277847,0.02428875,0.024164142,0.023762388,0.9277846813201904,True,True,0.65563244,0.48787656,0.5199999999959216,0.9982617942371326,0.8863636363517866,15.208391590555005,1275.0,748.0,False
d:\Research\Multi-View Fusion Network\datasets\brisc2025\classification_task\test\glioma\brisc2025_test_00043_gl_ax_t1.jpg,glioma,glioma,axial,0.93013453,0.023454476,0.023515292,0.022895757,0.9301345348358154,True,True,0.6430732,0.47399703,0.7648752399195544,0.9733843466686823,0.5546276965881886,14.78000991329613,2084.0,2874.0,False
d:\Research\Multi-View Fusion Network\datasets\brisc2025\classification_task\test\glioma\brisc2025_test_00044_gl_ax_t1.jpg,glioma,glioma,axial,0.92982906,0.023265239,0.023515804,0.023389837,0.9298290610313416,True,True,0.9233871,0.85778445,0.95174708817052,0.9986686838122041,0.8965517241238785,1.0,601.0,638.0,False
d:\Research\Multi-View Fusion Network\datasets\brisc2025\classification_task\test\glioma\brisc2025_test_00045_gl_ax_t1.jpg,glioma,glioma,axial,0.926184,0.024956692,0.024223275,0.02463605,0.9261839985847473,True,True,0.1901673,0.1052433,0.11492352211610202,0.9951630127518489,0.5461689587319024,22.360679774997898,2419.0,509.0,False
d:\Research\Multi-View Fusion Network\datasets\brisc2025\classification_task\test\glioma\brisc2025_test_00046_gl_ax_t1.jpg,glioma,glioma,axial,0.92841864,0.023974804,0.023819003,0.02378746,0.9284186363220215,True,True,0.7620885,0.6157042,0.6194061062291116,0.9996860939623314,0.9899732620254682,7.211102550927978,2391.0,1496.0,False
d:\Research\Multi-View Fusion Network\datasets\brisc2025\classification_task\test\glioma\brisc2025_test_00047_gl_ax_t1.jpg,glioma,glioma,axial,0.92756927,0.02425721,0.02408652,0.024086997,0.9275692701339722,True,True,0.8391194,0.72303206,0.9537572254151492,0.9966570674827323,0.7488653555106072,2.0,519.0,661.0,False
d:\Research\Multi-View Fusion Network\datasets\brisc2025\classification_task\test\glioma\brisc2025_test_00048_gl_ax_t1.jpg,glioma,glioma,axial,0.92778975,0.02401684,0.023733629,0.024459807,0.9277897477149963,True,True,0.72761476,0.57210404,0.8186440677827348,0.9948574194327039,0.654471544706579,29.01120356711098,590.0,738.0,False
d:\Research\Multi-View Fusion Network\datasets\brisc2025\classification_task\test\glioma\brisc2025_test_00049_gl_ax_t1.jpg,glioma,glioma,axial,0.92647994,0.02482483,0.024422279,0.024272986,0.9264799356460571,True,True,0.8920135,0.80527383,0.9565217391073304,0.9984325388848925,0.8354430379570581,2.0,414.0,474.0,False
d:\Research\Multi-View Fusion Network\datasets\brisc2025\classification_task\test\glioma\brisc2025_test_00050_gl_ax_t1.jpg,glioma,glioma,axial,0.92513716,0.024866004,0.025254134,0.024742682,0.9251371622085571,True,True,0.6365546,0.46769232,0.9741935483242455,0.9966214190038192,0.4718749999852539,7.0,155.0,320.0,False
d:\Research\Multi-View Fusion Network\datasets\brisc2025\classification_task\test\glioma\brisc2025_test_00051_gl_ax_t1.jpg,glioma,glioma,axial,0.92853796,0.024071882,0.023827476,0.02356269,0.9285379648208618,True,True,0.7202563,0.5629081,0.6865037194437487,0.9914275065223441,0.7573270808865339,8.06225774829855,1882.0,1706.0,False
d:\Research\Multi-View Fusion Network\datasets\brisc2025\classification_task\test\glioma\brisc2025_test_00052_gl_ax_t1.jpg,glioma,glioma,axial,0.9279773,0.024177777,0.024129966,0.023714868,0.9279773235321045,True,True,0.9421864,0.8907285,0.9767441860394133,0.9972745901637301,0.9099526066289103,1.0,1376.0,1477.0,False
d:\Research\Multi-View Fusion Network\datasets\brisc2025\classification_task\test\glioma\brisc2025_test_00053_gl_ax_t1.jpg,glioma,glioma,axial,0.9298575,0.023311896,0.023218963,0.023611706,0.9298574924468994,True,True,0.0651341,0.03557312,0.16666666663194443,0.9959304181293896,0.03773584905482378,14.00178344238091,48.0,212.0,False
d:\Research\Multi-View Fusion Network\datasets\brisc2025\classification_task\test\glioma\brisc2025_test_00054_gl_ax_t1.jpg,glioma,glioma,axial,0.9269668,0.024501825,0.02428697,0.024244418,0.9269667863845825,True,True,0.5001946,0.3336793,0.44521497919247427,0.9900685353139513,0.5701598578990217,17.622173398007767,1442.0,1126.0,False
d:\Research\Multi-View Fusion Network\datasets\brisc2025\classification_task\test\glioma\brisc2025_test_00055_gl_ax_t1.jpg,glioma,glioma,axial,0.9277026,0.024178965,0.024153715,0.023964744,0.9277026057243347,True,True,0.92747176,0.8647959,0.9475524475458214,0.9971895129854763,0.908176943693645,1.0,1430.0,1492.0,False
d:\Research\Multi-View Fusion Network\datasets\brisc2025\classification_task\test\glioma\brisc2025_test_00056_gl_ax_t1.jpg,glioma,glioma,axial,0.9239625,0.025731303,0.02529964,0.02500666,0.9239624738693237,True,True,0.8633218,0.7598784,0.8675958187851012,0.9991781755495202,0.8586206896255648,2.0,287.0,290.0,False
d:\Research\Multi-View Fusion Network\datasets\brisc2025\classification_task\test\glioma\brisc2025_test_00057_gl_ax_t1.jpg,glioma,glioma,axial,0.9288967,0.023476535,0.023598582,0.024028212,0.9288967251777649,True,True,0.007936508,0.007936508,0.0,0.9999999999998003,0.0,-1.0,125.0,0.0,True
d:\Research\Multi-View Fusion Network\datasets\brisc2025\classification_task\test\glioma\brisc2025_test_00058_gl_ax_t1.jpg,glioma,glioma,axial,0.9273763,0.024214935,0.024124525,0.024284331,0.9273762702941895,True,True,0.7757937,0.6343042,0.7499999999711539,0.9990383844857362,0.8024691357694457,3.0,260.0,243.0,False
d:\Research\Multi-View Fusion Network\datasets\brisc2025\classification_task\test\glioma\brisc2025_test_00059_gl_ax_t1.jpg,glioma,glioma,axial,0.9297287,0.023673484,0.023390796,0.023206992,0.9297286868095398,True,True,0.80954826,0.68017244,0.7163636363571241,0.9987977830301984,0.9303423848768555,3.605551275463989,1100.0,847.0,False
d:\Research\Multi-View Fusion Network\datasets\brisc2025\classification_task\test\glioma\brisc2025_test_00060_gl_ax_t1.jpg,glioma,glioma,axial,0.9227231,0.025677262,0.027862988,0.023736676,0.922723114490509,True,True,0.6694153,0.5033784,0.7907801418299507,0.9934894783518115,0.5799739921901174,8.06225774829855,564.0,769.0,False
d:\Research\Multi-View Fusion Network\datasets\brisc2025\classification_task\test\glioma\brisc2025_test_00061_gl_ax_t1.jpg,glioma,glioma,axial,0.92754066,0.02431683,0.024238428,0.023903998,0.92754065990448,True,True,0.4386852,0.2815534,0.3117117117060953,0.9987505290096937,0.736170212734631,13.152946437965905,555.0,235.0,False
d:\Research\Multi-View Fusion Network\datasets\brisc2025\classification_task\test\glioma\brisc2025_test_00062_gl_ax_t1.jpg,glioma,glioma,axial,0.9295255,0.023654584,0.02340085,0.023419023,0.9295254945755005,True,True,0.7453443,0.5942029,0.6471030850214665,0.9975638217288683,0.8784473952923549,8.602325267042627,1329.0,979.0,False
d:\Research\Multi-View Fusion Network\datasets\brisc2025\classification_task\test\glioma\brisc2025_test_00063_gl_ax_t1.jpg,glioma,glioma,axial,0.9270978,0.02443027,0.024106476,0.02436552,0.9270977973937988,True,True,0.8825837,0.7898924,0.82817869415401,0.9979434554101668,0.9445688689756744,3.605551275463989,2037.0,1786.0,False
d:\Research\Multi-View Fusion Network\datasets\brisc2025\classification_task\test\glioma\brisc2025_test_00064_gl_ax_t1.jpg,glioma,meningioma,axial,0.059421077,0.8743041,0.03653594,0.029738897,0.8743041157722473,False,True,0.9678346,0.93770856,0.965596330264156,0.9994726594189114,0.9700460829381331,0.0,872.0,868.0,False
d:\Research\Multi-View Fusion Network\datasets\brisc2025\classification_task\test\glioma\brisc2025_test_00065_gl_ax_t1.jpg,glioma,glioma,axial,0.9271414,0.024706198,0.024312312,0.023840135,0.9271414279937744,True,True,0.7548387,0.6068966,0.6363636363404959,0.9997194444999099,0.9259259258769351,3.605551275463989,275.0,189.0,False
d:\Research\Multi-View Fusion Network\datasets\brisc2025\classification_task\test\glioma\brisc2025_test_00066_gl_ax_t1.jpg,glioma,glioma,axial,0.92851144,0.023699721,0.02405099,0.023737837,0.9285114407539368,True,True,0.92572063,0.8617607,0.9601226993791402,0.9969512195119912,0.89364739471168,1.0,1304.0,1401.0,False
d:\Research\Multi-View Fusion Network\datasets\brisc2025\classification_task\test\glioma\brisc2025_test_00067_gl_ax_t1.jpg,glioma,glioma,axial,0.9290175,0.023421178,0.023796208,0.02376516,0.9290174841880798,True,True,0.1539735,0.08422939,0.9999999997826087,0.9898065030917635,0.08258527827499847,13.863346641378362,46.0,557.0,False
d:\Research\Multi-View Fusion Network\datasets\brisc2025\classification_task\test\glioma\brisc2025_test_00068_gl_ax_t1.jpg,glioma,glioma,axial,0.9317754,0.022926535,0.022867523,0.022430625,0.9317753911018372,True,True,0.9231884,0.8575269,0.9906542055766151,0.9989970915653398,0.8641304347591269,1.0,321.0,368.0,False
d:\Research\Multi-View Fusion Network\datasets\brisc2025\classification_task\test\glioma\brisc2025_test_00069_gl_ax_t1.jpg,glioma,glioma,axial,0.9305388,0.022984395,0.02304055,0.02343623,0.9305387735366821,True,True,0.6652098,0.4986911,0.7465618860364133,0.9948859403626161,0.5993690851640477,10.0,509.0,634.0,False
d:\Research\Multi-View Fusion Network\datasets\brisc2025\classification_task\test\glioma\brisc2025_test_00070_gl_ax_t1.jpg,glioma,glioma,axial,0.9299414,0.023173682,0.023350408,0.023534542,0.9299414157867432,True,True,0.64914775,0.48109242,0.8056537102188814,0.9961517647764224,0.5428571428442177,5.089117562233504,283.0,420.0,False
d:\Research\Multi-View Fusion Network\datasets\brisc2025\classification_task\test\glioma\brisc2025_test_00071_gl_ax_t1.jpg,glioma,glioma,axial,0.92882854,0.023626864,0.023649553,0.02389508,0.9288285374641418,True,True,0.9600347,0.9232053,0.9550173010215395,0.9995967579335862,0.9650349650180938,0.0,578.0,572.0,False
d:\Research\Multi-View Fusion Network\datasets\brisc2025\classification_task\test\glioma\brisc2025_test_00072_gl_ax_t1.jpg,glioma,glioma,axial,0.9266191,0.024099795,0.025113404,0.024167659,0.9266191124916077,True,True,0.8225967,0.69868535,0.9853425067275342,0.9707044178248307,0.7059579939976298,7.280109889280518,3343.0,4666.0,False
d:\Research\Multi-View Fusion Network\datasets\brisc2025\classification_task\test\glioma\brisc2025_test_00073_gl_ax_t1.jpg,glioma,glioma,axial,0.926201,0.024135245,0.02502786,0.024635922,0.9262009859085083,True,True,0.9489159,0.9028078,0.980985915490655,0.9919635856779789,0.9188654353541802,1.0,4260.0,4548.0,False
d:\Research\Multi-View Fusion Network\datasets\brisc2025\classification_task\test\glioma\brisc2025_test_00074_gl_ax_t1.jpg,glioma,glioma,axial,0.930168,0.023156444,0.023401884,0.023273727,0.9301679730415344,True,True,0.9308712,0.87079644,0.9627450980203384,0.9989127370835181,0.90091743117613,1.0,510.0,545.0,False
d:\Research\Multi-View Fusion Network\datasets\brisc2025\classification_task\test\glioma\brisc2025_test_00075_gl_ax_t1.jpg,glioma,glioma,axial,0.92987365,0.023238495,0.023598995,0.023288848,0.9298736453056335,True,True,0.9685714,0.9391144,0.9769230769042899,0.9995770903816257,0.9603024574487655,0.0,520.0,529.0,False
d:\Research\Multi-View Fusion Network\datasets\brisc2025\classification_task\test\glioma\brisc2025_test_00076_gl_ax_t1.jpg,glioma,glioma,axial,0.93064964,0.022923699,0.023418304,0.023008343,0.9306496381759644,True,True,0.89713544,0.8136792,0.826923076903199,0.9998593247586416,0.9800569800290582,1.4142135623730951,416.0,351.0,False
d:\Research\Multi-View Fusion Network\datasets\brisc2025\classification_task\test\glioma\brisc2025_test_00077_gl_ax_t1.jpg,glioma,glioma,axial,0.9297058,0.02305835,0.023154376,0.024081472,0.929705798625946,True,True,0.812249,0.6841216,0.8669527896809667,0.9974854154091738,0.7637051039553174,3.0,466.0,529.0,False
d:\Research\Multi-View Fusion Network\datasets\brisc2025\classification_task\test\glioma\brisc2025_test_00078_gl_ax_t1.jpg,glioma,glioma,axial,0.92969495,0.022952607,0.023704471,0.023647856,0.9296949505805969,True,True,0.96119195,0.9253333,0.9352226720521563,0.9998381713358957,0.9885877317975951,0.0,741.0,701.0,False
d:\Research\Multi-View Fusion Network\datasets\brisc2025\classification_task\test\glioma\brisc2025_test_00079_gl_ax_t1.jpg,glioma,glioma,axial,0.9291923,0.02330901,0.02308883,0.024409886,0.929192304611206,True,True,0.930478,0.8700696,0.871944121060862,0.9999594460326054,0.9973368841411806,1.0,859.0,751.0,False
d:\Research\Multi-View Fusion Network\datasets\brisc2025\classification_task\test\glioma\brisc2025_test_00080_gl_ax_t1.jpg,glioma,glioma,axial,0.9272622,0.024221044,0.024296012,0.024220852,0.9272621870040894,True,True,0.8695976,0.7693322,0.769230769227388,0.9999999999997913,0.9999999999942858,3.0,2275.0,1750.0,False
d:\Research\Multi-View Fusion Network\datasets\brisc2025\classification_task\test\glioma\brisc2025_test_00081_gl_ax_t1.jpg,glioma,glioma,axial,0.928691,0.023856696,0.02374493,0.023707425,0.928691029548645,True,True,0.93974173,0.8864865,0.9342857142590204,0.9996186729817768,0.9450867051749975,1.0,350.0,346.0,False
d:\Research\Multi-View Fusion Network\datasets\brisc2025\classification_task\test\glioma\brisc2025_test_00082_gl_ax_t1.jpg,glioma,glioma,axial,0.92826045,0.02357902,0.023682252,0.024478298,0.9282604455947876,True,True,0.808978,0.67948717,0.9906323184779712,0.9960602223158262,0.6833602584703818,5.0,427.0,619.0,False
d:\Research\Multi-View Fusion Network\datasets\brisc2025\classification_task\test\glioma\brisc2025_test_00083_gl_ax_t1.jpg,glioma,glioma,axial,0.92845297,0.023824586,0.023801511,0.023920888,0.9284529685974121,True,True,0.7267637,0.5711775,0.6365422396731524,0.9988120885092721,0.8459530025888785,4.0,509.0,383.0,False
d:\Research\Multi-View Fusion Network\datasets\brisc2025\classification_task\test\glioma\brisc2025_test_00084_gl_ax_t1.jpg,glioma,glioma,axial,0.9284433,0.02366643,0.024017837,0.023872461,0.9284433126449585,True,True,0.70646405,0.54623413,0.554335478983134,0.999158514778374,0.9734042553126769,13.985677655436804,2641.0,1504.0,False
d:\Research\Multi-View Fusion Network\datasets\brisc2025\classification_task\test\glioma\brisc2025_test_00085_gl_ax_t1.jpg,glioma,glioma,axial,0.9298887,0.023278898,0.023457967,0.023374457,0.9298887252807617,True,True,0.86885244,0.7692308,0.9518072288009871,0.9996007426185297,0.797979797899194,1.0,83.0,99.0,False
d:\Research\Multi-View Fusion Network\datasets\brisc2025\classification_task\test\glioma\brisc2025_test_00086_gl_co_t1.jpg,glioma,glioma,coronal,0.92751133,0.024277534,0.024378447,0.02383264,0.9275113344192505,True,True,0.9640344,0.9306184,0.9855999999842304,0.9992532945851751,0.9433384379641142,0.0,625.0,653.0,False
d:\Research\Multi-View Fusion Network\datasets\brisc2025\classification_task\test\glioma\brisc2025_test_00087_gl_co_t1.jpg,glioma,glioma,coronal,0.9290034,0.02325566,0.024130236,0.023610773,0.9290034174919128,True,True,0.80756843,0.6774629,0.6779431664319628,0.9999797722351681,0.9980079681076094,2.8284271247461903,739.0,502.0,False
d:\Research\Multi-View Fusion Network\datasets\brisc2025\classification_task\test\glioma\brisc2025_test_00088_gl_co_t1.jpg,glioma,glioma,coronal,0.92855686,0.02403819,0.024028558,0.023376297,0.9285568594932556,True,True,0.74260044,0.5907563,0.6046511627854897,0.9994287463019486,0.9616438356032652,10.44030650891055,1161.0,730.0,False
d:\Research\Multi-View Fusion Network\datasets\brisc2025\classification_task\test\glioma\brisc2025_test_00089_gl_co_t1.jpg,glioma,glioma,coronal,0.9281234,0.023985501,0.02403573,0.023855317,0.928123414516449,True,True,0.9189383,0.85013264,0.9624060150231217,0.998222617195977,0.8791208791088033,1.0,665.0,728.0,False
d:\Research\Multi-View Fusion Network\datasets\brisc2025\classification_task\test\glioma\brisc2025_test_00090_gl_co_t1.jpg,glioma,glioma,coronal,0.928122,0.023891725,0.024136204,0.023850106,0.9281219840049744,True,True,0.9313725,0.87166667,0.9886363636176394,0.9985699323233568,0.8802698144876852,1.0,528.0,593.0,False
d:\Research\Multi-View Fusion Network\datasets\brisc2025\classification_task\test\glioma\brisc2025_test_00091_gl_co_t1.jpg,glioma,glioma,coronal,0.9282247,0.023614196,0.023861295,0.024299722,0.9282246828079224,True,True,0.9748235,0.95089823,0.9748157248097371,0.9991554749936148,0.9748157248097371,0.0,1628.0,1628.0,False
d:\Research\Multi-View Fusion Network\datasets\brisc2025\classification_task\test\glioma\brisc2025_test_00092_gl_co_t1.jpg,glioma,glioma,coronal,0.9291844,0.023721386,0.023410551,0.023683587,0.9291843771934509,True,True,0.9253472,0.86129034,0.8692810457232261,0.9999398435931423,0.9888475836063625,1.0,306.0,269.0,False
d:\Research\Multi-View Fusion Network\datasets\brisc2025\classification_task\test\glioma\brisc2025_test_00093_gl_co_t1.jpg,glioma,glioma,coronal,0.9276942,0.024307698,0.02363817,0.024359988,0.9276942014694214,True,True,0.82894737,0.7081174,0.8702127659389316,0.9978272240773755,0.7911025144914681,3.0,470.0,517.0,False
d:\Research\Multi-View Fusion Network\datasets\brisc2025\classification_task\test\glioma\brisc2025_test_00094_gl_co_t1.jpg,glioma,glioma,coronal,0.9281486,0.023929266,0.023748402,0.024173716,0.928148627281189,True,True,0.8326923,0.7138158,0.9310344827184899,0.9985784078165549,0.752613240391895,1.4142135623730951,232.0,287.0,False
d:\Research\Multi-View Fusion Network\datasets\brisc2025\classification_task\test\glioma\brisc2025_test_00095_gl_co_t1.jpg,glioma,glioma,coronal,0.92967993,0.023077672,0.023164913,0.024077414,0.9296799302101135,True,True,0.9025788,0.8226087,0.8773234200580423,0.9992747491838916,0.9291338582494265,1.0,538.0,508.0,False
d:\Research\Multi-View Fusion Network\datasets\brisc2025\classification_task\test\glioma\brisc2025_test_00096_gl_co_t1.jpg,glioma,glioma,coronal,0.927496,0.023991676,0.024155622,0.02435666,0.9274960160255432,True,True,0.4099617,0.2596154,0.25603864733062615,0.9999999999997999,0.9999999998113207,10.63014581273465,207.0,53.0,False
d:\Research\Multi-View Fusion Network\datasets\brisc2025\classification_task\test\glioma\brisc2025_test_00097_gl_co_t1.jpg,glioma,glioma,coronal,0.9290963,0.023023315,0.023710568,0.02416971,0.9290962815284729,True,True,0.9014262,0.82056504,0.9391025640998278,0.9893890124933704,0.8666308147328136,2.0,3432.0,3719.0,False
d:\Research\Multi-View Fusion Network\datasets\brisc2025\classification_task\test\glioma\brisc2025_test_00098_gl_co_t1.jpg,glioma,glioma,coronal,0.929971,0.023322746,0.023540437,0.023165729,0.9299709796905518,True,True,0.9348837,0.877907,0.9093655588849134,0.9997592536862274,0.9616613418223111,1.0,331.0,313.0,False
d:\Research\Multi-View Fusion Network\datasets\brisc2025\classification_task\test\glioma\brisc2025_test_00099_gl_co_t1.jpg,glioma,glioma,coronal,0.9291487,0.023743425,0.023300802,0.023807036,0.9291486740112305,True,True,0.030487806,0.01608911,0.239999999952,0.9848980568964241,0.015604681404218404,84.09756208778833,50.0,769.0,False
d:\Research\Multi-View Fusion Network\datasets\brisc2025\classification_task\test\glioma\brisc2025_test_00100_gl_co_t1.jpg,glioma,glioma,coronal,0.927655,0.024331067,0.02408313,0.023930836,0.9276549816131592,True,True,0.6795953,0.5153061,0.5567867035856846,0.9993977717552948,0.8701298700922021,7.703287562383131,361.0,231.0,False
d:\Research\Multi-View Fusion Network\datasets\brisc2025\classification_task\test\glioma\brisc2025_test_00101_gl_co_t1.jpg,glioma,glioma,coronal,0.92832786,0.023766335,0.024050212,0.023855593,0.9283278584480286,True,True,0.9219969,0.85549134,0.9485530546318793,0.999318159029179,0.8966565349271532,1.0,311.0,329.0,False
d:\Research\Multi-View Fusion Network\datasets\brisc2025\classification_task\test\glioma\brisc2025_test_00102_gl_co_t1.jpg,glioma,glioma,coronal,0.9295398,0.023383051,0.023553029,0.023524059,0.9295397996902466,True,True,0.95669746,0.9170354,0.9517241379200951,0.9993307102581838,0.9616724738564265,0.0,870.0,861.0,False
d:\Research\Multi-View Fusion Network\datasets\brisc2025\classification_task\test\glioma\brisc2025_test_00103_gl_co_t1.jpg,glioma,glioma,coronal,0.92794734,0.024054447,0.023950392,0.02404775,0.9279473423957825,True,True,0.9111853,0.8369099,0.9646393210681427,0.9955703211515123,0.8632911392350425,2.0,1414.0,1580.0,False
d:\Research\Multi-View Fusion Network\datasets\brisc2025\classification_task\test\glioma\brisc2025_test_00104_gl_co_t1.jpg,glioma,glioma,coronal,0.9293869,0.023387233,0.023608996,0.023616867,0.9293869137763977,True,True,0.8767049,0.78058255,0.7998007968047829,0.9994915805741074,0.9698067632733115,2.0,1004.0,828.0,False
d:\Research\Multi-View Fusion Network\datasets\brisc2025\classification_task\test\glioma\brisc2025_test_00105_gl_co_t1.jpg,glioma,glioma,coronal,0.9290872,0.02329943,0.023710337,0.023902886,0.929087221622467,True,True,0.60855263,0.43779528,0.9928315411830526,0.992885343808046,0.4382911392335713,9.137464797715152,279.0,632.0,False
d:\Research\Multi-View Fusion Network\datasets\brisc2025\classification_task\test\glioma\brisc2025_test_00106_gl_co_t1.jpg,glioma,glioma,coronal,0.9280954,0.02404278,0.023864979,0.023996841,0.9280954003334045,True,True,0.8589143,0.75277644,0.8626799556984348,0.9945420715317357,0.8551042810051861,4.391812611241393,1806.0,1822.0,False
d:\Research\Multi-View Fusion Network\datasets\brisc2025\classification_task\test\glioma\brisc2025_test_00107_gl_co_t1.jpg,glioma,glioma,coronal,0.9286668,0.023739304,0.023801783,0.023792136,0.9286667704582214,True,True,0.87147254,0.7722727,0.8418443232481813,0.9962208517616653,0.903191489356898,2.8284271247461903,2017.0,1880.0,False
d:\Research\Multi-View Fusion Network\datasets\brisc2025\classification_task\test\glioma\brisc2025_test_00108_gl_co_t1.jpg,glioma,glioma,coronal,0.9264863,0.02467846,0.024501564,0.024333695,0.9264863133430481,True,True,0.94396263,0.8939394,0.9314888010417458,0.9993524495616894,0.9566982408530893,1.0,759.0,739.0,False
d:\Research\Multi-View Fusion Network\datasets\brisc2025\classification_task\test\glioma\brisc2025_test_00109_gl_co_t1.jpg,glioma,glioma,coronal,0.928865,0.023793733,0.024044704,0.023296598,0.9288650155067444,True,True,0.95479345,0.9135618,0.976076555008356,0.9991321721929809,0.934351145023903,0.0,627.0,655.0,False
d:\Research\Multi-View Fusion Network\datasets\brisc2025\classification_task\test\glioma\brisc2025_test_00110_gl_co_t1.jpg,glioma,glioma,coronal,0.9297758,0.023219291,0.023421066,0.023583893,0.9297757744789124,True,True,0.9611607,0.92525774,0.9935364727516757,0.9983704397773617,0.9307958477428133,0.0,1083.0,1156.0,False
d:\Research\Multi-View Fusion Network\datasets\brisc2025\classification_task\test\glioma\brisc2025_test_00111_gl_co_t1.jpg,glioma,glioma,coronal,0.9284424,0.023906259,0.024194507,0.023456808,0.9284424185752869,True,True,0.87967914,0.78571427,0.982035928084908,0.9991601511725892,0.7961165048157225,1.0,167.0,206.0,False
d:\Research\Multi-View Fusion Network\datasets\brisc2025\classification_task\test\glioma\brisc2025_test_00112_gl_co_t1.jpg,glioma,glioma,coronal,0.9294365,0.023736289,0.023227815,0.023599373,0.9294365048408508,True,True,0.2317167,0.13141863,0.7281553397704779,0.9811486892133319,0.13736263736137946,19.872018255087305,206.0,1092.0,False
d:\Research\Multi-View Fusion Network\datasets\brisc2025\classification_task\test\glioma\brisc2025_test_00113_gl_co_t1.jpg,glioma,glioma,coronal,0.9288732,0.023624428,0.023882536,0.023619894,0.9288731813430786,True,True,0.6513903,0.4832061,0.9890453833961026,0.9864747562426093,0.4854070660484992,14.866068747318506,639.0,1302.0,False
d:\Research\Multi-View Fusion Network\datasets\brisc2025\classification_task\test\glioma\brisc2025_test_00114_gl_co_t1.jpg,glioma,glioma,coronal,0.92815495,0.023874393,0.023720372,0.024250302,0.9281549453735352,True,True,0.8494375,0.7383554,0.818761965534022,0.9964821329381398,0.8823933975180028,4.123105625617661,1567.0,1454.0,False
d:\Research\Multi-View Fusion Network\datasets\brisc2025\classification_task\test\glioma\brisc2025_test_00115_gl_co_t1.jpg,glioma,glioma,coronal,0.92983824,0.02328188,0.02349847,0.023381414,0.929838240146637,True,True,0.78984237,0.65317917,0.6578947368228686,0.9999398001362524,0.9868421052198754,4.762461179749787,342.0,228.0,False
d:\Research\Multi-View Fusion Network\datasets\brisc2025\classification_task\test\glioma\brisc2025_test_00116_gl_co_t1.jpg,glioma,glioma,coronal,0.9293099,0.023353731,0.023755744,0.023580646,0.9293099045753479,True,True,0.78931296,0.6523929,0.9280575539234511,0.9976351757583476,0.6861702127477082,3.1622776601683795,278.0,376.0,False
d:\Research\Multi-View Fusion Network\datasets\brisc2025\classification_task\test\glioma\brisc2025_test_00117_gl_co_t1.jpg,glioma,glioma,coronal,0.928937,0.023556275,0.023558566,0.023948098,0.9289370179176331,True,True,0.8967742,0.8130217,0.8772563176736957,0.9991132965215028,0.9169811320581701,1.0,554.0,530.0,False
d:\Research\Multi-View Fusion Network\datasets\brisc2025\classification_task\test\glioma\brisc2025_test_00118_gl_co_t1.jpg,glioma,glioma,coronal,0.9283056,0.023927929,0.023558535,0.024207834,0.9283056259155273,True,True,0.9432356,0.89266545,0.9413988657667032,0.99941587608496,0.9449715369839664,1.0,529.0,527.0,False
d:\Research\Multi-View Fusion Network\datasets\brisc2025\classification_task\test\glioma\brisc2025_test_00119_gl_co_t1.jpg,glioma,glioma,coronal,0.9282514,0.023945672,0.024025092,0.023777794,0.9282513856887817,True,True,0.765233,0.61992264,0.7776427703429205,0.9957449395171528,0.7529411764617301,4.47213595499958,823.0,850.0,False
d:\Research\Multi-View Fusion Network\datasets\brisc2025\classification_task\test\glioma\brisc2025_test_00120_gl_co_t1.jpg,glioma,glioma,coronal,0.928828,0.023652326,0.023783885,0.023735706,0.9288280010223389,True,True,0.9404353,0.887689,0.9490740740521048,0.9993969121902141,0.9318181817970042,1.0,432.0,440.0,False
d:\Research\Multi-View Fusion Network\datasets\brisc2025\classification_task\test\glioma\brisc2025_test_00121_gl_co_t1.jpg,glioma,glioma,coronal,0.9275101,0.024103986,0.024366401,0.024019547,0.9275100827217102,True,True,0.96341866,0.9294419,0.9433224755638873,0.9995271478791556,0.9843643779674754,0.0,1535.0,1471.0,False
d:\Research\Multi-View Fusion Network\datasets\brisc2025\classification_task\test\glioma\brisc2025_test_00122_gl_co_t1.jpg,glioma,glioma,coronal,0.9295868,0.02359648,0.023180632,0.023636086,0.9295868277549744,True,True,0.8330357,0.7140673,0.8336314847793626,0.9981054880381729,0.8321428571279974,2.0,559.0,560.0,False
d:\Research\Multi-View Fusion Network\datasets\brisc2025\classification_task\test\glioma\brisc2025_test_00123_gl_co_t1.jpg,glioma,glioma,coronal,0.9290219,0.023510795,0.02390027,0.023567,0.9290218949317932,True,True,0.6165739,0.44593388,0.8369747899018996,0.9894516044450516,0.4877571008767115,7.280109889280518,595.0,1021.0,False
d:\Research\Multi-View Fusion Network\datasets\brisc2025\classification_task\test\glioma\brisc2025_test_00124_gl_co_t1.jpg,glioma,glioma,coronal,0.9289495,0.023516232,0.023588818,0.023945471,0.9289494752883911,True,True,0.8340381,0.7155797,0.730983302398312,0.9997582448574653,0.9704433497297921,2.23606797749979,539.0,406.0,False
d:\Research\Multi-View Fusion Network\datasets\brisc2025\classification_task\test\glioma\brisc2025_test_00125_gl_co_t1.jpg,glioma,glioma,coronal,0.928091,0.023912143,0.02400142,0.02399549,0.9280909895896912,True,True,0.810842,0.68217057,0.8731343283364892,0.9977297384174474,0.7564655172250762,2.8284271247461903,402.0,464.0,False
d:\Research\Multi-View Fusion Network\datasets\brisc2025\classification_task\test\glioma\brisc2025_test_00126_gl_co_t1.jpg,glioma,glioma,coronal,0.9294982,0.023703756,0.023662655,0.023135297,0.9294981956481934,True,True,0.87070936,0.7712551,0.8050847457456549,0.9995774987926527,0.9476309226696351,2.0,472.0,401.0,False
d:\Research\Multi-View Fusion Network\datasets\brisc2025\classification_task\test\glioma\brisc2025_test_00127_gl_co_t1.jpg,glioma,glioma,coronal,0.92913204,0.023564916,0.023823531,0.023479536,0.9291320443153381,True,True,0.95307916,0.9104478,0.9365384615204512,0.9996979217011037,0.9701195218930255,0.0,520.0,502.0,False
d:\Research\Multi-View Fusion Network\datasets\brisc2025\classification_task\test\glioma\brisc2025_test_00128_gl_co_t1.jpg,glioma,glioma,coronal,0.9296676,0.02321173,0.023602298,0.023518438,0.929667592048645,True,True,0.8243452,0.7015707,0.7739130434558286,0.9992775581463348,0.881188118782799,2.23606797749979,345.0,303.0,False
d:\Research\Multi-View Fusion Network\datasets\brisc2025\classification_task\test\glioma\brisc2025_test_00129_gl_co_t1.jpg,glioma,glioma,coronal,0.9283837,0.023794703,0.023858463,0.023963137,0.9283837080001831,True,True,0.9264973,0.8631757,0.9409594095767351,0.9990127735018337,0.9123434704666844,1.0,542.0,559.0,False
d:\Research\Multi-View Fusion Network\datasets\brisc2025\classification_task\test\glioma\brisc2025_test_00130_gl_co_t1.jpg,glioma,glioma,coronal,0.9294198,0.023416381,0.023652313,0.023511486,0.9294198155403137,True,True,0.8369565,0.7197309,0.7222222222168002,0.9998976332812629,0.9948293691727526,5.656854249492381,1332.0,967.0,False
d:\Research\Multi-View Fusion Network\datasets\brisc2025\classification_task\test\glioma\brisc2025_test_00131_gl_co_t1.jpg,glioma,glioma,coronal,0.9299636,0.023360947,0.023431936,0.023243519,0.9299635887145996,True,True,0.0023980816,0.0023980816,0.0,0.999999999999799,0.0,-1.0,416.0,0.0,True
d:\Research\Multi-View Fusion Network\datasets\brisc2025\classification_task\test\glioma\brisc2025_test_00132_gl_co_t1.jpg,glioma,glioma,coronal,0.9286199,0.023926364,0.023914605,0.023539094,0.928619921207428,True,True,0.6816451,0.517321,0.8713450292227808,0.9929122284193479,0.5594493116325475,25.0,513.0,799.0,False
d:\Research\Multi-View Fusion Network\datasets\brisc2025\classification_task\test\glioma\brisc2025_test_00133_gl_co_t1.jpg,glioma,glioma,coronal,0.9288213,0.023555318,0.023989704,0.023633666,0.928821325302124,True,True,0.9601942,0.92350745,0.9782178217628076,0.9993960258498925,0.942748091585062,0.0,505.0,524.0,False
d:\Research\Multi-View Fusion Network\datasets\brisc2025\classification_task\test\glioma\brisc2025_test_00134_gl_co_t1.jpg,glioma,glioma,coronal,0.9293322,0.02388502,0.023696704,0.02308612,0.9293321967124939,True,True,0.9373626,0.882134,0.8890742285200622,0.999602327430826,0.991166899112082,1.0,2398.0,2151.0,False
d:\Research\Multi-View Fusion Network\datasets\brisc2025\classification_task\test\glioma\brisc2025_test_00135_gl_co_t1.jpg,glioma,glioma,coronal,0.9292973,0.023111047,0.023652297,0.0239394,0.9292973279953003,True,True,0.43887776,0.28143713,0.7717647058641938,0.9850656268213734,0.30625583566474085,31.681480105770415,425.0,1071.0,False
d:\Research\Multi-View Fusion Network\datasets\brisc2025\classification_task\test\glioma\brisc2025_test_00136_gl_co_t1.jpg,glioma,glioma,coronal,0.92958826,0.02356462,0.023372754,0.023474403,0.929588258266449,True,True,0.769573,0.6257225,0.6260869565126654,0.9999797922642768,0.9976905311547877,3.1460498941515196,690.0,433.0,False
d:\Research\Multi-View Fusion Network\datasets\brisc2025\classification_task\test\glioma\brisc2025_test_00137_gl_co_t1.jpg,glioma,glioma,coronal,0.92781407,0.024168,0.02378959,0.024228403,0.9278140664100647,True,True,0.6847042,0.5208333,0.9011406843935145,0.9922457200400822,0.551804423742121,43.25042139712997,526.0,859.0,False
d:\Research\Multi-View Fusion Network\datasets\brisc2025\classification_task\test\glioma\brisc2025_test_00138_gl_co_t1.jpg,glioma,glioma,coronal,0.92882943,0.023703927,0.023561852,0.023904722,0.9288294315338135,True,True,0.92,0.85190725,0.8582202111549154,0.9997952917091096,0.991289198597637,1.0,1326.0,1148.0,False
d:\Research\Multi-View Fusion Network\datasets\brisc2025\classification_task\test\glioma\brisc2025_test_00139_gl_co_t1.jpg,glioma,glioma,coronal,0.92696536,0.0243697,0.024576992,0.024088044,0.9269653558731079,True,True,0.8346582,0.7166213,0.7178082191584162,0.999979924112947,0.9961977185933004,2.8284271247461903,365.0,263.0,False
d:\Research\Multi-View Fusion Network\datasets\brisc2025\classification_task\test\glioma\brisc2025_test_00140_gl_co_t1.jpg,glioma,glioma,coronal,0.92777073,0.024125295,0.023922855,0.024181109,0.927770733833313,True,True,0.0955414,0.053333335,0.048275862065636145,0.9999200495690672,0.6363636357851239,9.924621202458749,145.0,11.0,False
d:\Research\Multi-View Fusion Network\datasets\brisc2025\classification_task\test\glioma\brisc2025_test_00141_gl_co_t1.jpg,glioma,glioma,coronal,0.9296381,0.02351039,0.023440741,0.02341075,0.9296380877494812,True,True,0.4809076,0.31682447,0.7056910568990944,0.9847258933433578,0.3643996641447154,80.61947637605573,615.0,1191.0,False
d:\Research\Multi-View Fusion Network\datasets\brisc2025\classification_task\test\glioma\brisc2025_test_00142_gl_co_t1.jpg,glioma,glioma,coronal,0.92863655,0.023607207,0.023550553,0.024205688,0.9286365509033203,True,True,0.87083334,0.77205884,0.9629629628737998,0.999460733402373,0.7938931297103898,1.0,108.0,131.0,False
d:\Research\Multi-View Fusion Network\datasets\brisc2025\classification_task\test\glioma\brisc2025_test_00143_gl_co_t1.jpg,glioma,glioma,coronal,0.92972136,0.023053292,0.023326697,0.023898656,0.9297213554382324,True,True,0.58830696,0.41724136,0.5308370043935939,0.9974860222836979,0.6584699453372003,14.866068747318506,454.0,366.0,False
d:\Research\Multi-View Fusion Network\datasets\brisc2025\classification_task\test\glioma\brisc2025_test_00144_gl_co_t1.jpg,glioma,glioma,coronal,0.92986286,0.02351158,0.023216706,0.023408873,0.9298628568649292,True,True,0.28798187,0.16931216,0.8873239435369967,0.9938928250671603,0.1707317073124463,20.628782372574932,71.0,369.0,False
d:\Research\Multi-View Fusion Network\datasets\brisc2025\classification_task\test\glioma\brisc2025_test_00145_gl_co_t1.jpg,glioma,glioma,coronal,0.93026793,0.022703314,0.023043018,0.02398585,0.9302679300308228,True,True,0.751046,0.6015625,0.9259896729616869,0.9936687166042961,0.6314553990536214,3.605551275463989,581.0,852.0,False
d:\Research\Multi-View Fusion Network\datasets\brisc2025\classification_task\test\glioma\brisc2025_test_00146_gl_co_t1.jpg,glioma,glioma,coronal,0.92801523,0.024132011,0.023608923,0.024243899,0.9280152320861816,True,True,0.6738461,0.5092593,0.8449612402445766,0.9982816152814359,0.5589743589456936,6.28828640183097,129.0,195.0,False
d:\Research\Multi-View Fusion Network\datasets\brisc2025\classification_task\test\glioma\brisc2025_test_00147_gl_co_t1.jpg,glioma,glioma,coronal,0.92694575,0.024470888,0.024247851,0.024335558,0.9269457459449768,True,True,0.960968,0.9249249,0.9332321699403151,0.9998788294926996,0.9903381642352602,0.0,659.0,621.0,False
d:\Research\Multi-View Fusion Network\datasets\brisc2025\classification_task\test\glioma\brisc2025_test_00148_gl_co_t1.jpg,glioma,glioma,coronal,0.9289357,0.023856485,0.023392057,0.02381583,0.928935706615448,True,True,0.9667488,0.9357143,0.9751243780851959,0.9996584562219232,0.9584352078005273,0.0,402.0,409.0,False
d:\Research\Multi-View Fusion Network\datasets\brisc2025\classification_task\test\glioma\brisc2025_test_00149_gl_co_t1.jpg,glioma,glioma,coronal,0.93175685,0.02353479,0.022755299,0.021952992,0.931756854057312,True,True,0.83306056,0.71428573,0.875862068935315,0.998676983522231,0.7937499999751952,20.089248109213237,290.0,320.0,False
d:\Research\Multi-View Fusion Network\datasets\brisc2025\classification_task\test\glioma\brisc2025_test_00150_gl_co_t1.jpg,glioma,glioma,coronal,0.9299154,0.02335641,0.0229285,0.023799658,0.9299154281616211,True,True,0.787649,0.65,0.8918918918699781,0.9969458900116545,0.7048543689183523,3.605551275463989,407.0,515.0,False
d:\Research\Multi-View Fusion Network\datasets\brisc2025\classification_task\test\glioma\brisc2025_test_00151_gl_co_t1.jpg,glioma,glioma,coronal,0.9286842,0.023656864,0.023945184,0.023713795,0.9286841750144958,True,True,0.735687,0.58220214,0.5978260869472387,0.9996365985623437,0.9553349875693465,7.0710678118654755,644.0,403.0,False
d:\Research\Multi-View Fusion Network\datasets\brisc2025\classification_task\test\glioma\brisc2025_test_00152_gl_co_t1.jpg,glioma,glioma,coronal,0.92956704,0.023129513,0.023110645,0.024192875,0.9295670390129089,True,True,0.95259994,0.90952057,0.9379790940701187,0.9990767526310501,0.9676491732496935,0.0,1435.0,1391.0,False
d:\Research\Multi-View Fusion Network\datasets\brisc2025\classification_task\test\glioma\brisc2025_test_00153_gl_co_t1.jpg,glioma,glioma,coronal,0.92664737,0.024167566,0.024609575,0.024575464,0.9266473650932312,True,True,0.9245881,0.8598351,0.8741007194139796,0.999716266061165,0.9811574697041567,1.0,834.0,743.0,False
d:\Research\Multi-View Fusion Network\datasets\brisc2025\classification_task\test\glioma\brisc2025_test_00154_gl_co_t1.jpg,glioma,glioma,coronal,0.929108,0.023201477,0.023454001,0.024236536,0.9291080236434937,True,True,0.83245796,0.7131295,0.8148148148064319,0.9971750264204136,0.8506981739973072,4.947213595499886,972.0,931.0,False
d:\Research\Multi-View Fusion Network\datasets\brisc2025\classification_task\test\glioma\brisc2025_test_00155_gl_co_t1.jpg,glioma,glioma,coronal,0.9280481,0.023754291,0.023865564,0.024332121,0.9280480742454529,True,True,0.9518,0.90804595,0.9477947794751042,0.996883205601478,0.9558245083178342,0.0,3333.0,3305.0,False
d:\Research\Multi-View Fusion Network\datasets\brisc2025\classification_task\test\glioma\brisc2025_test_00156_gl_co_t1.jpg,glioma,glioma,coronal,0.9285699,0.023136728,0.02378783,0.024505528,0.9285699129104614,True,True,0.7534501,0.6045126,0.9854166666598235,0.9813690085355833,0.609798023203224,8.246211251235321,1440.0,2327.0,False
d:\Research\Multi-View Fusion Network\datasets\brisc2025\classification_task\test\glioma\brisc2025_test_00157_gl_co_t1.jpg,glioma,glioma,coronal,0.92967355,0.023288311,0.023296505,0.023741674,0.9296735525131226,True,True,0.7786458,0.6375782,0.7458416500307856,0.989166843332417,0.8143843080246481,9.439266316901428,3006.0,2753.0,False
d:\Research\Multi-View Fusion Network\datasets\brisc2025\classification_task\test\glioma\brisc2025_test_00158_gl_co_t1.jpg,glioma,glioma,coronal,0.92959523,0.023060808,0.023382735,0.023961283,0.9295952320098877,True,True,0.69665045,0.53460425,0.562882096067411,0.9974522825040728,0.9135364989304499,13.152946437965905,2290.0,1411.0,False
d:\Research\Multi-View Fusion Network\datasets\brisc2025\classification_task\test\glioma\brisc2025_test_00159_gl_co_t1.jpg,glioma,glioma,coronal,0.92746586,0.02414509,0.023935746,0.024453267,0.9274658560752869,True,True,0.9248401,0.8602577,0.9155227032638277,0.9987608929693883,0.9342672413692428,1.0,947.0,928.0,False
d:\Research\Multi-View Fusion Network\datasets\brisc2025\classification_task\test\glioma\brisc2025_test_00160_gl_co_t1.jpg,glioma,glioma,coronal,0.9283638,0.023834169,0.023701446,0.024100577,0.9283638000488281,True,True,0.7640404,0.6183007,0.692815249261783,0.9966196836841358,0.8513513513436816,13.95345238016967,1364.0,1110.0,False
d:\Research\Multi-View Fusion Network\datasets\brisc2025\classification_task\test\glioma\brisc2025_test_00161_gl_co_t1.jpg,glioma,glioma,coronal,0.92850685,0.023551475,0.023758842,0.0241828,0.9285068511962891,True,True,0.923057,0.85714287,0.9473404255268759,0.9959002815966135,0.8999494694244571,1.0,1880.0,1979.0,False
d:\Research\Multi-View Fusion Network\datasets\brisc2025\classification_task\test\glioma\brisc2025_test_00162_gl_co_t1.jpg,glioma,glioma,coronal,0.92794704,0.024011843,0.023948837,0.024092227,0.9279470443725586,True,True,0.83711165,0.7200577,0.7323529411657007,0.999757556165953,0.9764705882161476,2.0,680.0,510.0,False
d:\Research\Multi-View Fusion Network\datasets\brisc2025\classification_task\test\glioma\brisc2025_test_00163_gl_co_t1.jpg,glioma,glioma,coronal,0.92733085,0.02445422,0.02409234,0.024122506,0.9273308515548706,True,True,0.8989455,0.8165869,0.9410681399458367,0.9983277255050071,0.8602693602548777,1.0,543.0,594.0,False
d:\Research\Multi-View Fusion Network\datasets\brisc2025\classification_task\test\glioma\brisc2025_test_00164_gl_co_t1.jpg,glioma,glioma,coronal,0.9286483,0.023316432,0.023731576,0.024303671,0.9286482930183411,True,True,0.9240776,0.8589011,0.8869209809224028,0.9984991870594493,0.9644444444396818,1.0,2202.0,2025.0,False
d:\Research\Multi-View Fusion Network\datasets\brisc2025\classification_task\test\glioma\brisc2025_test_00165_gl_co_t1.jpg,glioma,glioma,coronal,0.9286846,0.02336939,0.02378285,0.024163237,0.9286845922470093,True,True,0.9488047,0.9026169,0.9280670785484199,0.9986641619701527,0.9704660821367307,1.0,2266.0,2167.0,False
d:\Research\Multi-View Fusion Network\datasets\brisc2025\classification_task\test\glioma\brisc2025_test_00166_gl_co_t1.jpg,glioma,glioma,coronal,0.9283844,0.02339846,0.023920251,0.024296861,0.9283844232559204,True,True,0.74358976,0.59198815,0.9398584905549545,0.9898840415178013,0.614969135797724,12.947366596100995,848.0,1296.0,False
d:\Research\Multi-View Fusion Network\datasets\brisc2025\classification_task\test\glioma\brisc2025_test_00167_gl_sa_t1.jpg,glioma,glioma,sagittal,0.92895573,0.023982588,0.023828758,0.023232888,0.9289557337760925,True,True,0.93434745,0.8768769,0.9268680445003677,0.9992734171592631,0.9418416801140251,1.0,629.0,619.0,False
d:\Research\Multi-View Fusion Network\datasets\brisc2025\classification_task\test\glioma\brisc2025_test_00168_gl_sa_t1.jpg,glioma,glioma,sagittal,0.92813754,0.024440518,0.023780642,0.02364137,0.9281375408172607,True,True,0.1274003,0.068217665,0.0706655710761271,0.9978844623180853,0.6300366300135517,59.05167114042805,2434.0,273.0,False
d:\Research\Multi-View Fusion Network\datasets\brisc2025\classification_task\test\glioma\brisc2025_test_00169_gl_sa_t1.jpg,glioma,glioma,sagittal,0.9304169,0.023030812,0.023255426,0.023296908,0.9304168820381165,True,True,0.8654079,0.7627986,0.7709232096601772,0.9994776212961262,0.9862030905022837,5.656854249492381,2318.0,1812.0,False
d:\Research\Multi-View Fusion Network\datasets\brisc2025\classification_task\test\glioma\brisc2025_test_00170_gl_sa_t1.jpg,glioma,glioma,sagittal,0.9304399,0.02328208,0.023041481,0.02323652,0.9304398894309998,True,True,0.8685862,0.7677756,0.7788079470147099,0.9995479390126578,0.9816360600919731,2.23606797749979,1510.0,1198.0,False
d:\Research\Multi-View Fusion Network\datasets\brisc2025\classification_task\test\glioma\brisc2025_test_00171_gl_sa_t1.jpg,glioma,glioma,sagittal,0.9288196,0.023603061,0.023779148,0.023798207,0.9288195967674255,True,True,0.8073654,0.6770692,0.7141833810837094,0.9984214842146375,0.9283054003637962,5.656854249492381,1396.0,1074.0,False
d:\Research\Multi-View Fusion Network\datasets\brisc2025\classification_task\test\glioma\brisc2025_test_00172_gl_sa_t1.jpg,glioma,glioma,sagittal,0.92876405,0.023682475,0.023889126,0.023664301,0.9287640452384949,True,True,0.7343018,0.5803109,0.5918367346894041,0.9994473215563018,0.9666666666547326,10.198039027185569,1323.0,810.0,False
d:\Research\Multi-View Fusion Network\datasets\brisc2025\classification_task\test\glioma\brisc2025_test_00173_gl_sa_t1.jpg,glioma,glioma,sagittal,0.93042296,0.02343827,0.023347383,0.022791304,0.9304229617118835,True,True,0.73443985,0.5816994,0.6111111110686728,0.9998401023343061,0.9166666665711806,4.498529157249592,144.0,96.0,False
d:\Research\Multi-View Fusion Network\datasets\brisc2025\classification_task\test\glioma\brisc2025_test_00174_gl_sa_t1.jpg,glioma,glioma,sagittal,0.92965263,0.024102198,0.023543628,0.022701522,0.9296526312828064,True,True,0.9662162,0.9347826,0.9553571428144929,0.9998999039075513,0.9771689497270699,0.0,224.0,219.0,False
d:\Research\Multi-View Fusion Network\datasets\brisc2025\classification_task\test\glioma\brisc2025_test_00175_gl_sa_t1.jpg,glioma,glioma,sagittal,0.9304702,0.023178857,0.023000631,0.023350233,0.9304702281951904,True,True,0.89437985,0.8091068,0.8968871595156247,0.9988723772701464,0.8916827852825593,1.4142135623730951,514.0,517.0,False
d:\Research\Multi-View Fusion Network\datasets\brisc2025\classification_task\test\glioma\brisc2025_test_00176_gl_sa_t1.jpg,glioma,glioma,sagittal,0.9282103,0.02404828,0.024755707,0.022985699,0.9282103180885315,True,True,0.0018348624,0.0018348624,0.0,0.9946292585168348,0.0,39.96248240537617,276.0,268.0,False
d:\Research\Multi-View Fusion Network\datasets\brisc2025\classification_task\test\glioma\brisc2025_test_00177_gl_sa_t1.jpg,glioma,glioma,sagittal,0.929353,0.023508644,0.0238643,0.023274016,0.9293529987335205,True,True,0.8839579,0.79210836,0.9977728285003878,0.9928321284480549,0.7933884297473827,3.1622776601683795,1347.0,1694.0,False
d:\Research\Multi-View Fusion Network\datasets\brisc2025\classification_task\test\glioma\brisc2025_test_00178_gl_sa_t1.jpg,glioma,glioma,sagittal,0.9299812,0.02320729,0.023455728,0.02335581,0.9299811720848083,True,True,0.7690041,0.6248804,0.6892177589779153,0.9980093438957958,0.8693333333217422,16.00780488547035,946.0,750.0,False
d:\Research\Multi-View Fusion Network\datasets\brisc2025\classification_task\test\glioma\brisc2025_test_00179_gl_sa_t1.jpg,glioma,glioma,sagittal,0.930847,0.02342021,0.022970278,0.022762477,0.9308469891548157,True,True,0.7316716,0.5773672,0.9999999999598393,0.9963346485867375,0.5763888888755465,7.211102550927978,249.0,432.0,False
d:\Research\Multi-View Fusion Network\datasets\brisc2025\classification_task\test\glioma\brisc2025_test_00180_gl_sa_t1.jpg,glioma,glioma,sagittal,0.9294564,0.02365039,0.023543553,0.023349734,0.9294564127922058,True,True,0.71585906,0.5582192,0.6864406779370152,0.9988986784138969,0.7465437787674404,2.0,236.0,217.0,False
d:\Research\Multi-View Fusion Network\datasets\brisc2025\classification_task\test\glioma\brisc2025_test_00181_gl_sa_t1.jpg,glioma,glioma,sagittal,0.9284358,0.024008693,0.024264257,0.0232912,0.9284358024597168,True,True,0.94746715,0.9003559,0.9618320610319911,0.9996393797329408,0.9333333332987654,1.0,262.0,270.0,False
d:\Research\Multi-View Fusion Network\datasets\brisc2025\classification_task\test\glioma\brisc2025_test_00182_gl_sa_t1.jpg,glioma,glioma,sagittal,0.92949986,0.023447046,0.023596205,0.023456916,0.9294998645782471,True,True,0.7434135,0.5919854,0.7380410022610925,0.997808472565495,0.7482678983660908,55.53148194041317,439.0,433.0,False
d:\Research\Multi-View Fusion Network\datasets\brisc2025\classification_task\test\glioma\brisc2025_test_00183_gl_sa_t1.jpg,glioma,glioma,sagittal,0.92909056,0.023682483,0.023551973,0.023675049,0.9290905594825745,True,True,0.49135527,0.32594234,0.40590405903684595,0.9945408620547148,0.6214689265448945,63.794982222403206,1084.0,708.0,False
d:\Research\Multi-View Fusion Network\datasets\brisc2025\classification_task\test\glioma\brisc2025_test_00184_gl_sa_t1.jpg,glioma,glioma,sagittal,0.9294949,0.023342775,0.023505751,0.023656556,0.9294949173927307,True,True,0.9787181,0.9583333,0.9731075697162694,0.9993564191992611,0.9843828715315649,0.0,2008.0,1985.0,False
d:\Research\Multi-View Fusion Network\datasets\brisc2025\classification_task\test\glioma\brisc2025_test_00185_gl_sa_t1.jpg,glioma,glioma,sagittal,0.92935354,0.023806775,0.023530515,0.023309184,0.9293535351753235,True,True,0.93064,0.87032086,0.9573215599635223,0.9972140852569807,0.9053583855190999,1.0,1359.0,1437.0,False
d:\Research\Multi-View Fusion Network\datasets\brisc2025\classification_task\test\glioma\brisc2025_test_00186_gl_sa_t1.jpg,glioma,glioma,sagittal,0.93132913,0.023042534,0.02262956,0.022998745,0.9313291311264038,True,True,0.65881675,0.49143836,0.5488505747073865,0.9974965399330381,0.8232758620571369,15.01157731058638,1044.0,696.0,False
d:\Research\Multi-View Fusion Network\datasets\brisc2025\classification_task\test\glioma\brisc2025_test_00187_gl_sa_t1.jpg,glioma,glioma,sagittal,0.92985463,0.0236748,0.023091553,0.023379005,0.9298546314239502,True,True,0.6772152,0.5121739,0.5198938991996473,0.9996329901109187,0.9702970296869587,8.06225774829855,1131.0,606.0,False
d:\Research\Multi-View Fusion Network\datasets\brisc2025\classification_task\test\glioma\brisc2025_test_00188_gl_sa_t1.jpg,glioma,glioma,sagittal,0.9298128,0.023601903,0.023233738,0.023351615,0.9298127889633179,True,True,0.5707763,0.4,0.49340369391837985,0.9981926622083663,0.6750902526832098,6.020690632574555,379.0,277.0,False
d:\Research\Multi-View Fusion Network\datasets\brisc2025\classification_task\test\glioma\brisc2025_test_00189_gl_sa_t1.jpg,glioma,glioma,sagittal,0.9302908,0.023201926,0.023583261,0.022924023,0.9302908182144165,True,True,0.96429324,0.93106246,0.9892241379267707,0.9969700768971504,0.9405737704879485,0.0,2320.0,2440.0,False
d:\Research\Multi-View Fusion Network\datasets\brisc2025\classification_task\test\glioma\brisc2025_test_00190_gl_sa_t1.jpg,glioma,glioma,sagittal,0.92874956,0.023898264,0.02428636,0.023065886,0.9287495613098145,True,True,0.9547888,0.9135053,0.934757281549768,0.998739522278734,0.9756789622984366,0.0,2575.0,2467.0,False
d:\Research\Multi-View Fusion Network\datasets\brisc2025\classification_task\test\glioma\brisc2025_test_00191_gl_sa_t1.jpg,glioma,glioma,sagittal,0.9303822,0.023260491,0.023309164,0.023048151,0.9303821921348572,True,True,0.43288592,0.2777778,0.9999999998437501,0.9966275542782175,0.27467811157619404,7.0710678118654755,64.0,233.0,False
d:\Research\Multi-View Fusion Network\datasets\brisc2025\classification_task\test\glioma\brisc2025_test_00192_gl_sa_t1.jpg,glioma,glioma,sagittal,0.9300612,0.02293614,0.023578485,0.023424225,0.9300612211227417,True,True,0.71338385,0.55461085,0.6209677419309314,0.9966401704496852,0.8377843719007143,7.674116076876679,1364.0,1011.0,False
d:\Research\Multi-View Fusion Network\datasets\brisc2025\classification_task\test\glioma\brisc2025_test_00193_gl_sa_t1.jpg,glioma,glioma,sagittal,0.9292512,0.023496533,0.023481274,0.023770956,0.9292511940002441,True,True,0.09823964,0.05175159,0.05284635788603786,0.9973053561565992,0.6797900262288769,53.85025499593736,4901.0,381.0,False
d:\Research\Multi-View Fusion Network\datasets\brisc2025\classification_task\test\glioma\brisc2025_test_00194_gl_sa_t1.jpg,glioma,glioma,sagittal,0.92867243,0.023882123,0.023930592,0.023514813,0.9286724328994751,True,True,0.9138943,0.8417266,0.924603174566484,0.9994992388428413,0.9031007751587945,1.0,252.0,258.0,False
d:\Research\Multi-View Fusion Network\datasets\brisc2025\classification_task\test\glioma\brisc2025_test_00195_gl_sa_t1.jpg,glioma,glioma,sagittal,0.92833275,0.023905773,0.024174744,0.02358666,0.9283327460289001,True,True,0.6832695,0.51937985,0.940140845037319,0.9953699991980688,0.5361445783024871,8.0,284.0,498.0,False
d:\Research\Multi-View Fusion Network\datasets\brisc2025\classification_task\test\glioma\brisc2025_test_00196_gl_sa_t1.jpg,glioma,glioma,sagittal,0.9300814,0.02321916,0.023196597,0.02350288,0.9300814270973206,True,True,0.94408387,0.8941399,0.9692307692208284,0.9983333672077808,0.9201557935645556,1.0,975.0,1027.0,False
d:\Research\Multi-View Fusion Network\datasets\brisc2025\classification_task\test\glioma\brisc2025_test_00197_gl_sa_t1.jpg,glioma,glioma,sagittal,0.9283793,0.024080085,0.02372803,0.02381256,0.9283792972564697,True,True,0.9364896,0.88069415,0.9484777517342277,0.9993366700836199,0.9246575342254644,1.0,427.0,438.0,False
d:\Research\Multi-View Fusion Network\datasets\brisc2025\classification_task\test\glioma\brisc2025_test_00198_gl_sa_t1.jpg,glioma,glioma,sagittal,0.9290141,0.023529748,0.023660703,0.02379553,0.9290140867233276,True,True,0.91746694,0.8475551,0.9038363171309267,0.9973040791354395,0.9314707432739512,2.0,1955.0,1897.0,False
d:\Research\Multi-View Fusion Network\datasets\brisc2025\classification_task\test\glioma\brisc2025_test_00199_gl_sa_t1.jpg,glioma,glioma,sagittal,0.9294011,0.023247594,0.023509836,0.023841456,0.9294010996818542,True,True,0.95138717,0.9073034,0.9837480954749429,0.9965565166882411,0.9210651450265285,0.0,1969.0,2103.0,False
d:\Research\Multi-View Fusion Network\datasets\brisc2025\classification_task\test\glioma\brisc2025_test_00200_gl_sa_t1.jpg,glioma,glioma,sagittal,0.93012196,0.023189824,0.0234901,0.023198133,0.9301219582557678,True,True,0.9206452,0.8530466,0.9320261437786663,0.9985630729997372,0.9094387754986041,1.0,765.0,784.0,False
d:\Research\Multi-View Fusion Network\datasets\brisc2025\classification_task\test\glioma\brisc2025_test_00201_gl_sa_t1.jpg,glioma,glioma,sagittal,0.9303138,0.023532504,0.023388026,0.022765707,0.9303138256072998,True,True,0.93485796,0.87776333,0.9642346208731869,0.9986054126157612,0.9071332435947895,1.0,699.0,743.0,False
d:\Research\Multi-View Fusion Network\datasets\brisc2025\classification_task\test\glioma\brisc2025_test_00202_gl_sa_t1.jpg,glioma,glioma,sagittal,0.9310281,0.023192843,0.022919863,0.02285923,0.9310281276702881,True,True,0.87628865,0.78004074,0.9160671462610056,0.9985329287162125,0.8395604395419877,1.4142135623730951,417.0,455.0,False
d:\Research\Multi-View Fusion Network\datasets\brisc2025\classification_task\test\glioma\brisc2025_test_00203_gl_sa_t1.jpg,glioma,glioma,sagittal,0.92973226,0.02338873,0.023361003,0.02351797,0.9297322630882263,True,True,0.9306891,0.870412,0.9185126582205815,0.9985688583576631,0.9431356620557017,1.0,1264.0,1231.0,False
d:\Research\Multi-View Fusion Network\datasets\brisc2025\classification_task\test\glioma\brisc2025_test_00204_gl_sa_t1.jpg,glioma,glioma,sagittal,0.92952406,0.023475222,0.023172535,0.023828253,0.9295240640640259,True,True,0.23737374,0.13549618,0.17412935322949927,0.997569011933741,0.36649214657767054,44.0,402.0,191.0,False
d:\Research\Multi-View Fusion Network\datasets\brisc2025\classification_task\test\glioma\brisc2025_test_00205_gl_sa_t1.jpg,glioma,glioma,sagittal,0.93077326,0.022981847,0.022988828,0.023256041,0.9307732582092285,True,True,0.91424346,0.84210527,0.9242273180366478,0.9980070363815513,0.9043902438936158,1.0,1003.0,1025.0,False
d:\Research\Multi-View Fusion Network\datasets\brisc2025\classification_task\test\glioma\brisc2025_test_00206_gl_sa_t1.jpg,glioma,glioma,sagittal,0.92908466,0.023785666,0.023764148,0.023365473,0.9290846586227417,True,True,0.8973129,0.8138051,0.8941326530555221,0.9968112244895909,0.9004495825247242,2.0,1568.0,1557.0,False
d:\Research\Multi-View Fusion Network\datasets\brisc2025\classification_task\test\glioma\brisc2025_test_00207_gl_sa_t1.jpg,glioma,glioma,sagittal,0.9292996,0.02367684,0.023525713,0.02349788,0.9292995929718018,True,True,0.0020449897,0.0020449897,0.0,0.9978912698570085,0.0,58.63440437991523,383.0,105.0,False
d:\Research\Multi-View Fusion Network\datasets\brisc2025\classification_task\test\glioma\brisc2025_test_00208_gl_sa_t1.jpg,glioma,glioma,sagittal,0.9294832,0.023198972,0.02350469,0.02381319,0.92948317527771,True,True,0.7870647,0.64898854,0.6655443322072641,0.9990494689422245,0.9626623376545239,16.97056274847714,1782.0,1232.0,False
d:\Research\Multi-View Fusion Network\datasets\brisc2025\classification_task\test\glioma\brisc2025_test_00209_gl_sa_t1.jpg,glioma,glioma,sagittal,0.9299026,0.022931816,0.023402765,0.023762817,0.9299026131629944,True,True,0.935917,0.8795872,0.9457125231280339,0.9974873854389873,0.926283987909811,1.0,1621.0,1655.0,False
d:\Research\Multi-View Fusion Network\datasets\brisc2025\classification_task\test\glioma\brisc2025_test_00210_gl_sa_t1.jpg,glioma,glioma,sagittal,0.93010515,0.023550991,0.023595901,0.022747973,0.9301051497459412,True,True,0.65625846,0.48848486,0.5446348061291947,0.9946619959128833,0.8251366120162218,22.20360331117452,2218.0,1464.0,False
d:\Research\Multi-View Fusion Network\datasets\brisc2025\classification_task\test\glioma\brisc2025_test_00211_gl_sa_t1.jpg,glioma,glioma,sagittal,0.92928654,0.02355405,0.023738353,0.02342098,0.929286539554596,True,True,0.45695654,0.29633802,0.30068728522164556,0.9994218459630396,0.9493670885904274,99.45853407325085,1746.0,553.0,False
d:\Research\Multi-View Fusion Network\datasets\brisc2025\classification_task\test\glioma\brisc2025_test_00212_gl_sa_t1.jpg,glioma,glioma,sagittal,0.93008244,0.0237277,0.02325838,0.022931525,0.9300824403762817,True,True,0.9478528,0.9011628,0.9565217390710234,0.9998000599818055,0.9390243901866449,0.8000000000000114,161.0,164.0,False
d:\Research\Multi-View Fusion Network\datasets\brisc2025\classification_task\test\glioma\brisc2025_test_00213_gl_sa_t1.jpg,glioma,glioma,sagittal,0.9303104,0.0236547,0.023330525,0.022704355,0.9303104281425476,True,True,0.8771499,0.78165936,0.8682926828844735,0.9995397330449662,0.8855721392594242,1.0,205.0,201.0,False
d:\Research\Multi-View Fusion Network\datasets\brisc2025\classification_task\test\glioma\brisc2025_test_00214_gl_sa_t1.jpg,glioma,glioma,sagittal,0.929394,0.023753693,0.023638094,0.023214197,0.929394006729126,True,True,0.95301485,0.9103139,0.9268292682785544,0.9997576736670033,0.9806451612745057,0.0,656.0,620.0,False
d:\Research\Multi-View Fusion Network\datasets\brisc2025\classification_task\test\glioma\brisc2025_test_00215_gl_sa_t1.jpg,glioma,glioma,sagittal,0.93044436,0.023361955,0.023376716,0.022817018,0.9304443597793579,True,True,0.9579901,0.91943127,0.9236883942619445,0.9999394514297536,0.9948630136815948,0.0,629.0,584.0,False
d:\Research\Multi-View Fusion Network\datasets\brisc2025\classification_task\test\glioma\brisc2025_test_00216_gl_sa_t1.jpg,glioma,glioma,sagittal,0.92866886,0.023427783,0.024096992,0.023806365,0.9286688566207886,True,True,0.79296744,0.65704954,0.6883561643796328,0.9982653229801343,0.9348837209229854,8.06225774829855,1752.0,1290.0,False
d:\Research\Multi-View Fusion Network\datasets\brisc2025\classification_task\test\glioma\brisc2025_test_00217_gl_sa_t1.jpg,glioma,glioma,sagittal,0.92955333,0.023588749,0.0232962,0.023561671,0.9295533299446106,True,True,0.4035277,0.25293058,0.6845965770087458,0.9716560638597651,0.2858601327193167,23.853720883753127,818.0,1959.0,False
d:\Research\Multi-View Fusion Network\datasets\brisc2025\classification_task\test\glioma\brisc2025_test_00218_gl_sa_t1.jpg,glioma,glioma,sagittal,0.9310563,0.023244143,0.023328809,0.022370787,0.9310563206672668,True,True,0.8592157,0.7532646,0.915551839457228,0.9947325438952646,0.8093126385749497,3.0,1196.0,1353.0,False
d:\Research\Multi-View Fusion Network\datasets\brisc2025\classification_task\test\glioma\brisc2025_test_00219_gl_sa_t1.jpg,glioma,glioma,sagittal,0.9285612,0.023763226,0.024275647,0.02339995,0.9285612106323242,True,True,0.91370106,0.84124386,0.9771428571242449,0.9982880505929391,0.8578595317582297,1.0,525.0,598.0,False
d:\Research\Multi-View Fusion Network\datasets\brisc2025\classification_task\test\glioma\brisc2025_test_00220_gl_sa_t1.jpg,glioma,glioma,sagittal,0.9303168,0.023183307,0.02319999,0.023299878,0.9303168058395386,True,True,0.9346129,0.87728935,0.93979057591008,0.997759414569767,0.9294498381816865,1.0,1528.0,1545.0,False
d:\Research\Multi-View Fusion Network\datasets\brisc2025\classification_task\test\glioma\brisc2025_test_00221_gl_sa_t1.jpg,glioma,glioma,sagittal,0.9300741,0.023033207,0.023373593,0.023519123,0.9300740957260132,True,True,0.9662096,0.93465906,0.99195171025159,0.9987597088363632,0.9417382998954945,0.0,994.0,1047.0,False
d:\Research\Multi-View Fusion Network\datasets\brisc2025\classification_task\test\glioma\brisc2025_test_00222_gl_sa_t1.jpg,glioma,glioma,sagittal,0.9274493,0.024646398,0.024443131,0.023461144,0.9274492859840393,True,True,0.91075015,0.83615124,0.8585412061861114,0.9981918356057355,0.9696861626213635,2.0,3167.0,2804.0,False
d:\Research\Multi-View Fusion Network\datasets\brisc2025\classification_task\test\glioma\brisc2025_test_00223_gl_sa_t1.jpg,glioma,glioma,sagittal,0.92810136,0.02392216,0.024226781,0.02374971,0.9281013607978821,True,True,0.9291237,0.86778843,0.878048780466389,0.9998995297992607,0.9863013698359917,1.0,410.0,365.0,False
d:\Research\Multi-View Fusion Network\datasets\brisc2025\classification_task\test\glioma\brisc2025_test_00224_gl_sa_t1.jpg,glioma,glioma,sagittal,0.9284236,0.024438586,0.023890803,0.023247007,0.9284235835075378,True,True,0.013513514,0.013513514,0.0,0.9999999999998005,0.0,-1.0,73.0,0.0,True
d:\Research\Multi-View Fusion Network\datasets\brisc2025\classification_task\test\glioma\brisc2025_test_00225_gl_sa_t1.jpg,glioma,glioma,sagittal,0.9314399,0.022664478,0.022556255,0.02333942,0.9314398765563965,True,True,0.9129353,0.84018266,0.9682539682027378,0.9994198491605819,0.863207547129094,1.0,189.0,212.0,False
d:\Research\Multi-View Fusion Network\datasets\brisc2025\classification_task\test\glioma\brisc2025_test_00226_gl_sa_t1.jpg,glioma,glioma,sagittal,0.9297902,0.023670273,0.023555603,0.022983933,0.929790198802948,True,True,0.9484444,0.902027,0.9301919720605552,0.9996371187224564,0.9673321233944223,1.0,573.0,551.0,False
d:\Research\Multi-View Fusion Network\datasets\brisc2025\classification_task\test\glioma\brisc2025_test_00227_gl_sa_t1.jpg,glioma,glioma,sagittal,0.9295494,0.02389338,0.02328171,0.023275541,0.9295493960380554,True,True,0.9188641,0.85018724,0.9955947136125288,0.9992192035874594,0.852830188647063,1.0,227.0,265.0,False
d:\Research\Multi-View Fusion Network\datasets\brisc2025\classification_task\test\glioma\brisc2025_test_00228_gl_sa_t1.jpg,glioma,glioma,sagittal,0.930429,0.023441281,0.023159793,0.022969939,0.9304289817810059,True,True,0.90631366,0.8289963,0.8505747126110891,0.9998597615945107,0.969432314368147,1.0,261.0,229.0,False
d:\Research\Multi-View Fusion Network\datasets\brisc2025\classification_task\test\glioma\brisc2025_test_00229_gl_sa_t1.jpg,glioma,meningioma,sagittal,0.02736504,0.91799754,0.028153606,0.026483916,0.9179975390434265,False,True,0.93677205,0.88125,0.9123376623080409,0.999779417662429,0.9623287670903312,1.0,308.0,292.0,False
d:\Research\Multi-View Fusion Network\datasets\brisc2025\classification_task\test\glioma\brisc2025_test_00230_gl_sa_t1.jpg,glioma,glioma,sagittal,0.9293929,0.023828935,0.023480032,0.023298182,0.9293928742408752,True,True,0.9219537,0.85527545,0.9601259181431256,0.9976230623893307,0.886627906968153,1.0,953.0,1032.0,False
d:\Research\Multi-View Fusion Network\datasets\brisc2025\classification_task\test\glioma\brisc2025_test_00231_gl_sa_t1.jpg,glioma,glioma,sagittal,0.92989916,0.023499819,0.023568116,0.023032939,0.9298991560935974,True,True,0.9449261,0.8956522,0.9809322033794393,0.9981719207017797,0.911417322825675,1.0,944.0,1016.0,False
d:\Research\Multi-View Fusion Network\datasets\brisc2025\classification_task\test\glioma\brisc2025_test_00232_gl_sa_t1.jpg,glioma,glioma,sagittal,0.9309604,0.023116127,0.022838645,0.023084832,0.9309604167938232,True,True,0.9063719,0.8289786,0.9354838709425946,0.9990362219900011,0.8787878787656872,1.0,372.0,396.0,False
d:\Research\Multi-View Fusion Network\datasets\brisc2025\classification_task\test\glioma\brisc2025_test_00233_gl_sa_t1.jpg,glioma,glioma,sagittal,0.93145156,0.022583991,0.022795588,0.023168873,0.9314515590667725,True,True,0.9532313,0.91071427,0.9572649572485937,0.999395051521244,0.949152542356794,0.0,585.0,590.0,False
d:\Research\Multi-View Fusion Network\datasets\brisc2025\classification_task\test\glioma\brisc2025_test_00234_gl_sa_t1.jpg,glioma,glioma,sagittal,0.9324329,0.02216275,0.022665478,0.022738948,0.9324328899383545,True,True,0.9409091,0.8885077,0.9754716980948024,0.9989525842966204,0.9086115992810437,1.0,530.0,569.0,False
d:\Research\Multi-View Fusion Network\datasets\brisc2025\classification_task\test\glioma\brisc2025_test_00235_gl_sa_t1.jpg,glioma,glioma,sagittal,0.92965645,0.02516418,0.023728294,0.021450978,0.929656445980072,True,True,0.7975048,0.6634769,0.949656750550351,0.996200164860372,0.6870860927038562,5.0,437.0,604.0,False
d:\Research\Multi-View Fusion Network\datasets\brisc2025\classification_task\test\glioma\brisc2025_test_00236_gl_sa_t1.jpg,glioma,glioma,sagittal,0.92905104,0.023517625,0.023644438,0.023786936,0.9290510416030884,True,True,0.9311076,0.87115955,0.9042224510720471,0.9992480438977748,0.9595628415195676,1.0,971.0,915.0,False
d:\Research\Multi-View Fusion Network\datasets\brisc2025\classification_task\test\glioma\brisc2025_test_00237_gl_sa_t1.jpg,glioma,glioma,sagittal,0.9290285,0.023856204,0.023725789,0.023389515,0.9290285110473633,True,True,0.8132734,0.68560606,0.9575596816722133,0.9969878913229188,0.7064579256221828,2.23606797749979,377.0,511.0,False
d:\Research\Multi-View Fusion Network\datasets\brisc2025\classification_task\test\glioma\brisc2025_test_00238_gl_sa_t1.jpg,glioma,glioma,sagittal,0.9305904,0.022695672,0.022983572,0.02373046,0.9305903911590576,True,True,0.80802846,0.6779324,0.6838014042109233,0.9992422274181608,0.9873280231680401,10.0,3988.0,2762.0,False
d:\Research\Multi-View Fusion Network\datasets\brisc2025\classification_task\test\glioma\brisc2025_test_00239_gl_sa_t1.jpg,glioma,glioma,sagittal,0.93095577,0.02280981,0.023103433,0.02313103,0.9309557676315308,True,True,0.5328467,0.36326134,0.3631067961156235,0.999999999999783,0.9999999999933156,24.438658759666183,4120.0,1496.0,False
d:\Research\Multi-View Fusion Network\datasets\brisc2025\classification_task\test\glioma\brisc2025_test_00240_gl_sa_t1.jpg,glioma,glioma,sagittal,0.9287009,0.02408962,0.023967866,0.023241598,0.9287009239196777,True,True,0.93898576,0.8850746,0.9411764705732723,0.9991926857325371,0.9367088607446723,1.0,629.0,632.0,False
d:\Research\Multi-View Fusion Network\datasets\brisc2025\classification_task\test\glioma\brisc2025_test_00241_gl_sa_t1.jpg,glioma,glioma,sagittal,0.92899764,0.024483016,0.024363855,0.02215554,0.9289976358413696,True,True,0.7799202,0.63943356,0.6467991169906534,0.9997767404097829,0.9815745393470423,9.812655319666957,906.0,597.0,False
d:\Research\Multi-View Fusion Network\datasets\brisc2025\classification_task\test\glioma\brisc2025_test_00242_gl_sa_t1.jpg,glioma,glioma,sagittal,0.9290597,0.023777988,0.023799002,0.02336338,0.9290596842765808,True,True,0.8026585,0.67064846,0.9095127609997793,0.9969042114783402,0.7179487179355687,9.848857801796104,431.0,546.0,False
d:\Research\Multi-View Fusion Network\datasets\brisc2025\classification_task\test\glioma\brisc2025_test_00243_gl_sa_t1.jpg,glioma,glioma,sagittal,0.92794955,0.024481896,0.023992868,0.023575753,0.9279495477676392,True,True,0.8943124,0.80890256,0.8716887417146384,0.9980803790228316,0.9180470793293981,1.0,1208.0,1147.0,False
d:\Research\Multi-View Fusion Network\datasets\brisc2025\classification_task\test\glioma\brisc2025_test_00244_gl_sa_t1.jpg,glioma,glioma,sagittal,0.9291423,0.02324099,0.023930328,0.023686416,0.9291422963142395,True,True,0.95481646,0.9135654,0.9578085642257066,0.998415246562732,0.9518147684546195,0.0,1588.0,1598.0,False
d:\Research\Multi-View Fusion Network\datasets\brisc2025\classification_task\test\glioma\brisc2025_test_00245_gl_sa_t1.jpg,glioma,glioma,sagittal,0.9291729,0.023246657,0.023822976,0.02375747,0.9291728734970093,True,True,0.94967574,0.9041975,0.9728867623552745,0.997039030955379,0.9275215407961099,1.0,1881.0,1973.0,False
d:\Research\Multi-View Fusion Network\datasets\brisc2025\classification_task\test\glioma\brisc2025_test_00246_gl_sa_t1.jpg,glioma,glioma,sagittal,0.9290076,0.02386042,0.023780875,0.023351133,0.9290075898170471,True,True,0.94359964,0.89324963,0.9045599151595729,0.9995030026918619,0.9861271676243577,1.0,1886.0,1730.0,False
d:\Research\Multi-View Fusion Network\datasets\brisc2025\classification_task\test\glioma\brisc2025_test_00247_gl_sa_t1.jpg,glioma,glioma,sagittal,0.92957133,0.023407368,0.0236667,0.02335461,0.9295713305473328,True,True,0.9545208,0.9130435,0.9196242171093985,0.999857775610346,0.9921171171059446,0.0,958.0,888.0,False
d:\Research\Multi-View Fusion Network\datasets\brisc2025\classification_task\test\glioma\brisc2025_test_00248_gl_sa_t1.jpg,glioma,glioma,sagittal,0.92949563,0.023676349,0.02387148,0.022956457,0.929495632648468,True,True,0.9583333,0.9201031,0.9295039164248171,0.999919667422931,0.9888888888614197,0.0,383.0,360.0,False
d:\Research\Multi-View Fusion Network\datasets\brisc2025\classification_task\test\glioma\brisc2025_test_00249_gl_sa_t1.jpg,glioma,glioma,sagittal,0.9305818,0.023178665,0.023689218,0.02255034,0.93058180809021,True,True,0.93051773,0.870229,0.9393939393680607,0.9994178226565357,0.9216216215967129,1.0,363.0,370.0,False
d:\Research\Multi-View Fusion Network\datasets\brisc2025\classification_task\test\glioma\brisc2025_test_00250_gl_sa_t1.jpg,glioma,glioma,sagittal,0.9290352,0.024012916,0.023906026,0.023045896,0.9290351867675781,True,True,0.959596,0.92239857,0.945652173895912,0.9997178784457119,0.973880596996756,0.0,552.0,536.0,False
d:\Research\Multi-View Fusion Network\datasets\brisc2025\classification_task\test\glioma\brisc2025_test_00251_gl_sa_t1.jpg,glioma,glioma,sagittal,0.931962,0.02295106,0.022670059,0.022416854,0.9319620132446289,True,True,0.75748503,0.60974306,0.6095340117803453,0.999999999999793,0.9999999999912127,7.266308421609991,1867.0,1138.0,False
d:\Research\Multi-View Fusion Network\datasets\brisc2025\classification_task\test\glioma\brisc2025_test_00252_gl_sa_t1.jpg,glioma,glioma,sagittal,0.93038243,0.022683427,0.023329144,0.023604969,0.9303824305534363,True,True,0.9389679,0.8849751,0.9786206896517979,0.9935062188000268,0.902384737675986,1.0,2900.0,3145.0,False
d:\Research\Multi-View Fusion Network\datasets\brisc2025\classification_task\test\glioma\brisc2025_test_00253_gl_sa_t1.jpg,glioma,glioma,sagittal,0.93126684,0.022970155,0.022830311,0.022932695,0.9312668442726135,True,True,0.46333045,0.30190796,0.31904761904382084,0.9989865412678371,0.8427672955709822,32.7566787083184,840.0,318.0,False
d:\Research\Multi-View Fusion Network\datasets\brisc2025\classification_task\test\glioma\brisc2025_test_00254_gl_sa_t1.jpg,glioma,glioma,sagittal,0.92994946,0.023573611,0.023215242,0.023261666,0.9299494624137878,True,True,0.9073432,0.8304498,0.8684369342132261,0.9984336033304483,0.9498349834920804,1.0,1657.0,1515.0,False
d:\Research\Multi-View Fusion Network\datasets\brisc2025\classification_task\test\meningioma\brisc2025_test_00255_me_ax_t1.jpg,meningioma,meningioma,axial,0.032129604,0.91651994,0.02652167,0.024828812,0.9165199398994446,True,True,0.96512955,0.9326215,0.9817758821210478,0.9971426770592691,0.9490254872528148,0.0,2579.0,2668.0,False
d:\Research\Multi-View Fusion Network\datasets\brisc2025\classification_task\test\meningioma\brisc2025_test_00256_me_ax_t1.jpg,meningioma,meningioma,axial,0.02620667,0.922081,0.025458567,0.026253762,0.9220809936523438,True,True,0.8306744,0.71047735,0.7133956386248387,0.9998558810810979,0.9939236111024834,5.43950269560603,1605.0,1152.0,False
d:\Research\Multi-View Fusion Network\datasets\brisc2025\classification_task\test\meningioma\brisc2025_test_00257_me_ax_t1.jpg,meningioma,meningioma,axial,0.026665524,0.919586,0.02688895,0.026859598,0.9195860028266907,True,True,0.97737646,0.9557625,0.9750495049466336,0.9989297181589056,0.9797055312336661,0.0,2525.0,2513.0,False
d:\Research\Multi-View Fusion Network\datasets\brisc2025\classification_task\test\meningioma\brisc2025_test_00258_me_ax_t1.jpg,meningioma,meningioma,axial,0.025362775,0.9223921,0.026019372,0.026225783,0.9223920702934265,True,True,0.96746486,0.936996,0.9567456230640745,0.999149977194303,0.978409689305011,0.0,1942.0,1899.0,False
d:\Research\Multi-View Fusion Network\datasets\brisc2025\classification_task\test\meningioma\brisc2025_test_00259_me_ax_t1.jpg,meningioma,meningioma,axial,0.02661872,0.921179,0.026254889,0.025947452,0.9211789965629578,True,True,0.9646208,0.93166786,0.9362383062507724,0.9995662922320772,0.9947685064059776,0.0,4062.0,3823.0,False
d:\Research\Multi-View Fusion Network\datasets\brisc2025\classification_task\test\meningioma\brisc2025_test_00260_me_ax_t1.jpg,meningioma,meningioma,axial,0.025910528,0.9205512,0.027168706,0.026369616,0.9205511808395386,True,True,0.9204417,0.85264814,0.8530183726989343,0.999979283627644,0.9993849938437923,1.0,1905.0,1626.0,False
d:\Research\Multi-View Fusion Network\datasets\brisc2025\classification_task\test\meningioma\brisc2025_test_00261_me_ax_t1.jpg,meningioma,meningioma,axial,0.024884105,0.92318,0.024895664,0.027040217,0.9231799840927124,True,True,0.8099159,0.6806015,0.9754204398405545,0.9789999373130412,0.6923783287398458,9.848857801796104,2319.0,3267.0,False
d:\Research\Multi-View Fusion Network\datasets\brisc2025\classification_task\test\meningioma\brisc2025_test_00262_me_ax_t1.jpg,meningioma,meningioma,axial,0.026983412,0.91756785,0.028413264,0.02703546,0.9175678491592407,True,True,0.97007483,0.94190425,0.9722222222168211,0.9988010583758479,0.9679203539769474,0.0,1800.0,1808.0,False
d:\Research\Multi-View Fusion Network\datasets\brisc2025\classification_task\test\meningioma\brisc2025_test_00263_me_ax_t1.jpg,meningioma,meningioma,axial,0.025830723,0.92307454,0.025791567,0.025303146,0.9230745434761047,True,True,0.93091387,0.8708095,0.884455527839697,0.9996120311189841,0.9824561403418056,1.0,1203.0,1083.0,False
d:\Research\Multi-View Fusion Network\datasets\brisc2025\classification_task\test\meningioma\brisc2025_test_00264_me_ax_t1.jpg,meningioma,meningioma,axial,0.026326852,0.920852,0.026384955,0.026436215,0.92085200548172,True,True,0.9626063,0.92791706,0.9319447808163431,0.9996090950548354,0.995344024829293,0.0,4129.0,3866.0,False
d:\Research\Multi-View Fusion Network\datasets\brisc2025\classification_task\test\meningioma\brisc2025_test_00265_me_ax_t1.jpg,meningioma,meningioma,axial,0.026304971,0.91998637,0.027380232,0.02632833,0.919986367225647,True,True,0.97396386,0.94925785,0.9645614035053875,0.9990280184251789,0.983542039352474,0.0,2850.0,2795.0,False
d:\Research\Multi-View Fusion Network\datasets\brisc2025\classification_task\test\meningioma\brisc2025_test_00266_me_ax_t1.jpg,meningioma,meningioma,axial,0.025070637,0.92152715,0.0269693,0.026432913,0.9215271472930908,True,True,0.9797375,0.9602888,0.9676979071839504,0.9996456709323024,0.992070895517761,0.0,2198.0,2144.0,False
d:\Research\Multi-View Fusion Network\datasets\brisc2025\classification_task\test\meningioma\brisc2025_test_00267_me_ax_t1.jpg,meningioma,meningioma,axial,0.026696341,0.9195107,0.02692692,0.026866024,0.9195107221603394,True,True,0.9728507,0.9471467,0.9633671083360742,0.9990758244064275,0.9825119236844893,0.0,2566.0,2516.0,False
d:\Research\Multi-View Fusion Network\datasets\brisc2025\classification_task\test\meningioma\brisc2025_test_00268_me_ax_t1.jpg,meningioma,meningioma,axial,0.025668345,0.92065454,0.028177321,0.02549979,0.9206545352935791,True,True,0.78240275,0.6426088,0.6637591927472828,0.9956461909808488,0.9526264113869597,13.0,5847.0,4074.0,False
d:\Research\Multi-View Fusion Network\datasets\brisc2025\classification_task\test\meningioma\brisc2025_test_00269_me_ax_t1.jpg,meningioma,meningioma,axial,0.026140265,0.9201843,0.027047506,0.02662795,0.920184314250946,True,True,0.96896785,0.93981683,0.9455662862118281,0.999707712221596,0.9935424354197715,0.0,2278.0,2168.0,False
d:\Research\Multi-View Fusion Network\datasets\brisc2025\classification_task\test\meningioma\brisc2025_test_00270_me_ax_t1.jpg,meningioma,meningioma,axial,0.024781339,0.9212341,0.02769607,0.026288493,0.9212340712547302,True,True,0.9511817,0.90694237,0.9570982839238916,0.9985478790851642,0.9453004622423321,0.0,1282.0,1298.0,False
d:\Research\Multi-View Fusion Network\datasets\brisc2025\classification_task\test\meningioma\brisc2025_test_00271_me_ax_t1.jpg,meningioma,meningioma,axial,0.026173782,0.9206088,0.026790146,0.026427262,0.9206088185310364,True,True,0.970384,0.9424779,0.9596566523584557,0.9981325248262154,0.9813473776585883,0.0,4660.0,4557.0,False
d:\Research\Multi-View Fusion Network\datasets\brisc2025\classification_task\test\meningioma\brisc2025_test_00272_me_ax_t1.jpg,meningioma,meningioma,axial,0.02585927,0.9212044,0.026630243,0.026306115,0.9212043881416321,True,True,0.98669946,0.9737505,0.9820457018480558,0.9989476512469216,0.991395093370576,0.0,5514.0,5462.0,False
d:\Research\Multi-View Fusion Network\datasets\brisc2025\classification_task\test\meningioma\brisc2025_test_00273_me_ax_t1.jpg,meningioma,meningioma,axial,0.025533974,0.92081076,0.026642941,0.02701233,0.9208107590675354,True,True,0.97163516,0.94484496,0.9576023391777866,0.9992200674534151,0.98607452013178,0.0,2736.0,2657.0,False
d:\Research\Multi-View Fusion Network\datasets\brisc2025\classification_task\test\meningioma\brisc2025_test_00274_me_ax_t1.jpg,meningioma,meningioma,axial,0.025684986,0.9209808,0.026938627,0.026395602,0.9209808111190796,True,True,0.9697791,0.94134307,0.9462978030880949,0.9997275661173982,0.9944420692561161,0.0,2458.0,2339.0,False
d:\Research\Multi-View Fusion Network\datasets\brisc2025\classification_task\test\meningioma\brisc2025_test_00275_me_ax_t1.jpg,meningioma,meningioma,axial,0.026983412,0.91756785,0.028413264,0.02703546,0.9175678491592407,True,True,0.97475994,0.9507758,0.9673202614326399,0.9993380223415393,0.9823008849503192,0.0,1836.0,1808.0,False
d:\Research\Multi-View Fusion Network\datasets\brisc2025\classification_task\test\meningioma\brisc2025_test_00276_me_ax_t1.jpg,meningioma,meningioma,axial,0.0269234,0.9158326,0.02988244,0.027361508,0.9158325791358948,True,True,0.87145555,0.77257526,0.9583333332934028,0.9988385132968203,0.7986111110833816,1.4142135623730951,240.0,288.0,False
d:\Research\Multi-View Fusion Network\datasets\brisc2025\classification_task\test\meningioma\brisc2025_test_00277_me_ax_t1.jpg,meningioma,meningioma,axial,0.025360402,0.9202904,0.027238412,0.02711078,0.9202904105186462,True,True,0.9560521,0.91583455,0.963213213205982,0.9985873392840475,0.9489644970344012,0.0,1332.0,1352.0,False
d:\Research\Multi-View Fusion Network\datasets\brisc2025\classification_task\test\meningioma\brisc2025_test_00278_me_ax_t1.jpg,meningioma,meningioma,axial,0.025399482,0.92220205,0.026075857,0.026322678,0.9222020506858826,True,True,0.9625774,0.9278742,0.9710391822772798,0.9983063100276778,0.9542410714232464,0.0,1761.0,1792.0,False
d:\Research\Multi-View Fusion Network\datasets\brisc2025\classification_task\test\meningioma\brisc2025_test_00279_me_ax_t1.jpg,meningioma,meningioma,axial,0.025663646,0.9221547,0.025786828,0.026394801,0.9221547245979309,True,True,0.97175217,0.9450635,0.9764327798581242,0.9973300030142981,0.9671087533130847,0.0,3734.0,3770.0,False
d:\Research\Multi-View Fusion Network\datasets\brisc2025\classification_task\test\meningioma\brisc2025_test_00280_me_ax_t1.jpg,meningioma,meningioma,axial,0.027555123,0.9194064,0.02681198,0.026226528,0.9194064140319824,True,True,0.9100651,0.83498096,0.9911013670350901,0.9658196218940726,0.8412698412689202,2.23606797749979,7754.0,9135.0,False
d:\Research\Multi-View Fusion Network\datasets\brisc2025\classification_task\test\meningioma\brisc2025_test_00281_me_ax_t1.jpg,meningioma,meningioma,axial,0.041365832,0.9000796,0.033118498,0.025436053,0.900079607963562,True,True,0.80306023,0.6710635,0.6707920792023863,0.9999999999997958,0.9999999999876998,4.123105625617661,1212.0,813.0,False
d:\Research\Multi-View Fusion Network\datasets\brisc2025\classification_task\test\meningioma\brisc2025_test_00282_me_ax_t1.jpg,meningioma,meningioma,axial,0.025877712,0.92048085,0.027164927,0.02647651,0.9204808473587036,True,True,0.9469208,0.89922047,0.9092957746427646,0.9995867853967895,0.9877600979131717,1.0,1775.0,1634.0,False
d:\Research\Multi-View Fusion Network\datasets\brisc2025\classification_task\test\meningioma\brisc2025_test_00283_me_ax_t1.jpg,meningioma,meningioma,axial,0.026477946,0.9217959,0.025748594,0.02597752,0.9217959046363831,True,True,0.9749752,0.95118415,0.9661100196416204,0.9993352721227672,0.9839919959930766,0.0,2036.0,1999.0,False
d:\Research\Multi-View Fusion Network\datasets\brisc2025\classification_task\test\meningioma\brisc2025_test_00284_me_ax_t1.jpg,meningioma,meningioma,axial,0.025024546,0.9215186,0.02795392,0.025502963,0.9215186238288879,True,True,0.9610927,0.9251592,0.9847198641598519,0.9992336701149497,0.9385113268456552,0.0,589.0,618.0,False
d:\Research\Multi-View Fusion Network\datasets\brisc2025\classification_task\test\meningioma\brisc2025_test_00285_me_ax_t1.jpg,meningioma,meningioma,axial,0.025336707,0.9241138,0.024990113,0.025559291,0.9241138100624084,True,True,0.95723915,0.9179993,0.9407045692328542,0.9984992284764003,0.9743497109791389,0.0,2867.0,2768.0,False
d:\Research\Multi-View Fusion Network\datasets\brisc2025\classification_task\test\meningioma\brisc2025_test_00286_me_ax_t1.jpg,meningioma,meningioma,axial,0.025197402,0.92167234,0.026752796,0.026377479,0.9216723442077637,True,True,0.94650364,0.89847714,0.9493865030602042,0.9984858405628994,0.9435975609684177,1.0,1304.0,1312.0,False
d:\Research\Multi-View Fusion Network\datasets\brisc2025\classification_task\test\meningioma\brisc2025_test_00287_me_ax_t1.jpg,meningioma,meningioma,axial,0.025892498,0.9210817,0.026700929,0.02632489,0.9210817217826843,True,True,0.9860752,0.9725355,0.9927576601652873,0.9974994976667194,0.9794796628783813,0.0,5385.0,5458.0,False
d:\Research\Multi-View Fusion Network\datasets\brisc2025\classification_task\test\meningioma\brisc2025_test_00288_me_ax_t1.jpg,meningioma,meningioma,axial,0.025687112,0.9206925,0.02718204,0.026438365,0.920692503452301,True,True,0.9811133,0.9629389,0.97368421051991,0.9996506083523102,0.9886439545692142,0.0,1520.0,1497.0,False
d:\Research\Multi-View Fusion Network\datasets\brisc2025\classification_task\test\meningioma\brisc2025_test_00289_me_ax_t1.jpg,meningioma,meningioma,axial,0.027584922,0.92068726,0.02600975,0.025718069,0.9206872582435608,True,True,0.9774414,0.9558909,0.9693757361544796,0.9995049300711665,0.9856287425090682,0.0,1698.0,1670.0,False
d:\Research\Multi-View Fusion Network\datasets\brisc2025\classification_task\test\meningioma\brisc2025_test_00290_me_ax_t1.jpg,meningioma,meningioma,axial,0.026129134,0.9208332,0.026518311,0.02651936,0.920833170413971,True,True,0.9651872,0.9327236,0.9546400332897323,0.9975093674231877,0.9759625611551246,0.0,4806.0,4701.0,False
d:\Research\Multi-View Fusion Network\datasets\brisc2025\classification_task\test\meningioma\brisc2025_test_00291_me_ax_t1.jpg,meningioma,meningioma,axial,0.025330005,0.9210771,0.026584089,0.027008837,0.9210770726203918,True,True,0.97719455,0.955414,0.9875594584669317,0.9980608308915967,0.9670369043318988,0.0,2733.0,2791.0,False
d:\Research\Multi-View Fusion Network\datasets\brisc2025\classification_task\test\meningioma\brisc2025_test_00292_me_ax_t1.jpg,meningioma,meningioma,axial,0.025529431,0.9223008,0.025960825,0.026208924,0.9223008155822754,True,True,0.9689912,0.93985546,0.9673133138427656,0.9976299743604168,0.9706666666640783,0.0,3763.0,3750.0,False
d:\Research\Multi-View Fusion Network\datasets\brisc2025\classification_task\test\meningioma\brisc2025_test_00293_me_ax_t1.jpg,meningioma,meningioma,axial,0.025707945,0.92132854,0.026730452,0.026233057,0.9213285446166992,True,True,0.91882294,0.8499062,0.9762675296550565,0.9971979126477701,0.8676893576139244,2.23606797749979,927.0,1043.0,False
d:\Research\Multi-View Fusion Network\datasets\brisc2025\classification_task\test\meningioma\brisc2025_test_00294_me_ax_t1.jpg,meningioma,meningioma,axial,0.02529426,0.91943777,0.029160693,0.026107302,0.9194377660751343,True,True,0.93935895,0.8856832,0.8963616317480907,0.9995450973903066,0.9866504854309063,1.0,1814.0,1648.0,False
d:\Research\Multi-View Fusion Network\datasets\brisc2025\classification_task\test\meningioma\brisc2025_test_00295_me_ax_t1.jpg,meningioma,meningioma,axial,0.024995573,0.92308545,0.025708744,0.026210258,0.9230854511260986,True,True,0.9684029,0.9387528,0.9619482496158221,0.9986329603766724,0.9749325106017165,0.0,2628.0,2593.0,False
d:\Research\Multi-View Fusion Network\datasets\brisc2025\classification_task\test\meningioma\brisc2025_test_00296_me_ax_t1.jpg,meningioma,meningioma,axial,0.025595276,0.9211839,0.026772147,0.026448762,0.9211838841438293,True,True,0.97070986,0.94310576,0.9663692518808075,0.9992610685767361,0.9750692520708099,0.0,1457.0,1444.0,False
d:\Research\Multi-View Fusion Network\datasets\brisc2025\classification_task\test\meningioma\brisc2025_test_00297_me_ax_t1.jpg,meningioma,meningioma,axial,0.025610276,0.921919,0.026292216,0.026178455,0.9219189882278442,True,True,0.9796773,0.96017027,0.9825708060971597,0.9984029981046786,0.9767945544524234,0.0,3213.0,3232.0,False
d:\Research\Multi-View Fusion Network\datasets\brisc2025\classification_task\test\meningioma\brisc2025_test_00298_me_ax_t1.jpg,meningioma,meningioma,axial,0.026314737,0.921645,0.026122754,0.025917534,0.9216449856758118,True,True,0.9610937,0.92511016,0.9844521224062576,0.9943630214203031,0.9388091315581577,0.0,4052.0,4249.0,False
d:\Research\Multi-View Fusion Network\datasets\brisc2025\classification_task\test\meningioma\brisc2025_test_00299_me_ax_t1.jpg,meningioma,meningioma,axial,0.026548875,0.9192708,0.027142286,0.02703811,0.9192708134651184,True,True,0.9807179,0.9621699,0.9822643343027642,0.9981328701691277,0.9791717122766308,0.0,4116.0,4129.0,False
d:\Research\Multi-View Fusion Network\datasets\brisc2025\classification_task\test\meningioma\brisc2025_test_00300_me_ax_t1.jpg,meningioma,meningioma,axial,0.02642417,0.9193931,0.027542686,0.026640104,0.9193931221961975,True,True,0.93855196,0.8842476,0.9042224510767033,0.9990877804036574,0.9755555555501358,1.0,1942.0,1800.0,False
d:\Research\Multi-View Fusion Network\datasets\brisc2025\classification_task\test\meningioma\brisc2025_test_00301_me_ax_t1.jpg,meningioma,meningioma,axial,0.026484482,0.91887295,0.028418627,0.02622396,0.9188729524612427,True,True,0.9580624,0.91952586,0.9400127632358647,0.999279968729865,0.9767904509219046,0.0,1567.0,1508.0,False
d:\Research\Multi-View Fusion Network\datasets\brisc2025\classification_task\test\meningioma\brisc2025_test_00302_me_ax_t1.jpg,meningioma,meningioma,axial,0.02652711,0.9169679,0.029221637,0.02728332,0.9169679284095764,True,True,0.9318182,0.872549,0.9815498154619354,0.9993187055403269,0.8866666666371111,1.0,271.0,300.0,False
d:\Research\Multi-View Fusion Network\datasets\brisc2025\classification_task\test\meningioma\brisc2025_test_00303_me_ax_t1.jpg,meningioma,meningioma,axial,0.026066989,0.920031,0.027455134,0.026446937,0.9200310111045837,True,True,0.88149077,0.7881737,0.958105646621511,0.9951709523613442,0.8161365399471208,7.810249675906654,1098.0,1289.0,False
d:\Research\Multi-View Fusion Network\datasets\brisc2025\classification_task\test\meningioma\brisc2025_test_00304_me_ax_t1.jpg,meningioma,meningioma,axial,0.025920112,0.92132074,0.026531821,0.026227245,0.9213207364082336,True,True,0.985671,0.97174937,0.9916820702384627,0.9975204396191312,0.9797297297279406,0.0,5410.0,5476.0,False
d:\Research\Multi-View Fusion Network\datasets\brisc2025\classification_task\test\meningioma\brisc2025_test_00305_me_ax_t1.jpg,meningioma,meningioma,axial,0.026814329,0.919636,0.026943734,0.026605861,0.9196360111236572,True,True,0.9782182,0.9573725,0.9671610169457374,0.9993874619801878,0.9895231213837085,0.0,2832.0,2768.0,False
d:\Research\Multi-View Fusion Network\datasets\brisc2025\classification_task\test\meningioma\brisc2025_test_00306_me_ax_t1.jpg,meningioma,meningioma,axial,0.02453344,0.9215711,0.028283864,0.025611639,0.9215710759162903,True,True,0.9764323,0.95395607,0.9669975851865656,0.9989020215718317,0.9860465116252092,0.0,3727.0,3655.0,False
d:\Research\Multi-View Fusion Network\datasets\brisc2025\classification_task\test\meningioma\brisc2025_test_00307_me_ax_t1.jpg,meningioma,meningioma,axial,0.026215395,0.9213178,0.026066916,0.026399892,0.9213178157806396,True,True,0.96336097,0.9293207,0.9337349397566924,0.9995886733631366,0.994918427384341,0.0,3984.0,3739.0,False
d:\Research\Multi-View Fusion Network\datasets\brisc2025\classification_task\test\meningioma\brisc2025_test_00308_me_ax_t1.jpg,meningioma,meningioma,axial,0.026889704,0.92010176,0.026711205,0.026297333,0.9201017618179321,True,True,0.91265416,0.83936286,0.9857278782081011,0.9883035961123305,0.8496446145411437,43.34737835447481,3153.0,3658.0,False
d:\Research\Multi-View Fusion Network\datasets\brisc2025\classification_task\test\meningioma\brisc2025_test_00309_me_ax_t1.jpg,meningioma,meningioma,axial,0.026617913,0.9177599,0.028467134,0.02715506,0.917759895324707,True,True,0.9431818,0.892562,0.9182282793710693,0.9996571820361372,0.9694244604142189,1.0,587.0,556.0,False
d:\Research\Multi-View Fusion Network\datasets\brisc2025\classification_task\test\meningioma\brisc2025_test_00310_me_ax_t1.jpg,meningioma,meningioma,axial,0.025685603,0.9218485,0.026193198,0.026272703,0.921848475933075,True,True,0.9748062,0.9508591,0.9818956336493366,0.9980573914143039,0.9678096570994829,0.0,2817.0,2858.0,False
d:\Research\Multi-View Fusion Network\datasets\brisc2025\classification_task\test\meningioma\brisc2025_test_00311_me_ax_t1.jpg,meningioma,meningioma,axial,0.025914261,0.9216276,0.02645359,0.026004514,0.9216275811195374,True,True,0.9126779,0.8394768,0.8618581906985103,0.9995542769153938,0.969738651981159,1.0,818.0,727.0,False
d:\Research\Multi-View Fusion Network\datasets\brisc2025\classification_task\test\meningioma\brisc2025_test_00312_me_ax_t1.jpg,meningioma,meningioma,axial,0.02752792,0.9208699,0.026045611,0.025556536,0.9208698868751526,True,True,0.96345425,0.9295039,0.9812465526697118,0.9979116266565354,0.9462765957396475,0.0,1813.0,1880.0,False
d:\Research\Multi-View Fusion Network\datasets\brisc2025\classification_task\test\meningioma\brisc2025_test_00313_me_ax_t1.jpg,meningioma,meningioma,axial,0.025945766,0.92093056,0.02673769,0.026386006,0.9209305644035339,True,True,0.9792858,0.9594166,0.966766084360957,0.9992084780790205,0.9921294271950325,0.0,4694.0,4574.0,False
d:\Research\Multi-View Fusion Network\datasets\brisc2025\classification_task\test\meningioma\brisc2025_test_00314_me_ax_t1.jpg,meningioma,meningioma,axial,0.02477285,0.9233873,0.024757052,0.02708276,0.9233872890472412,True,True,0.8012601,0.6684685,0.9858218874568639,0.977628915461304,0.6748559296309529,9.866580798981524,2257.0,3297.0,False
d:\Research\Multi-View Fusion Network\datasets\brisc2025\classification_task\test\meningioma\brisc2025_test_00315_me_ax_t1.jpg,meningioma,meningioma,axial,0.02593605,0.92123365,0.02607949,0.026750833,0.9212336540222168,True,True,0.9334898,0.87536657,0.8790560471846747,0.9999393914903634,0.9949916527379801,1.0,678.0,599.0,False
d:\Research\Multi-View Fusion Network\datasets\brisc2025\classification_task\test\meningioma\brisc2025_test_00316_me_ax_t1.jpg,meningioma,meningioma,axial,0.026739564,0.91967505,0.026771497,0.026813855,0.9196750521659851,True,True,0.9732231,0.9478528,0.9671232876674477,0.9989080447699548,0.9793896155331773,0.0,2555.0,2523.0,False
d:\Research\Multi-View Fusion Network\datasets\brisc2025\classification_task\test\meningioma\brisc2025_test_00317_me_ax_t1.jpg,meningioma,meningioma,axial,0.025089199,0.91931444,0.028520908,0.027075533,0.919314444065094,True,True,0.9514327,0.9074074,0.9404418827959613,0.9992266205350567,0.9626352015637892,0.0,1041.0,1017.0,False
d:\Research\Multi-View Fusion Network\datasets\brisc2025\classification_task\test\meningioma\brisc2025_test_00318_me_ax_t1.jpg,meningioma,meningioma,axial,0.025187554,0.9225178,0.026409147,0.025885643,0.9225177764892578,True,True,0.9770854,0.9552063,0.9870024370390456,0.998281426834682,0.9673566878942382,0.0,2462.0,2512.0,False
d:\Research\Multi-View Fusion Network\datasets\brisc2025\classification_task\test\meningioma\brisc2025_test_00319_me_ax_t1.jpg,meningioma,meningioma,axial,0.025398446,0.91803086,0.029077502,0.027493145,0.918030858039856,True,True,0.8974034,0.81400687,0.8271028037286553,0.9997161394969587,0.9806094182689666,4.0,856.0,722.0,False
d:\Research\Multi-View Fusion Network\datasets\brisc2025\classification_task\test\meningioma\brisc2025_test_00320_me_ax_t1.jpg,meningioma,meningioma,axial,0.026777169,0.92038035,0.026862996,0.025979452,0.9203803539276123,True,True,0.9640744,0.93066883,0.9507923269311861,0.9994691385750456,0.9777015437308946,0.0,1199.0,1166.0,False
d:\Research\Multi-View Fusion Network\datasets\brisc2025\classification_task\test\meningioma\brisc2025_test_00321_me_ax_t1.jpg,meningioma,meningioma,axial,0.026387626,0.9214685,0.025921054,0.026222782,0.9214684963226318,True,True,0.95238894,0.9091201,0.9586720867176197,0.9965907165845764,0.9461718488768099,0.0,2952.0,2991.0,False
d:\Research\Multi-View Fusion Network\datasets\brisc2025\classification_task\test\meningioma\brisc2025_test_00322_me_ax_t1.jpg,meningioma,meningioma,axial,0.025335917,0.9200334,0.027507572,0.027123095,0.9200333952903748,True,True,0.9631656,0.92897326,0.9670329670258826,0.9988527176249209,0.9593023255744237,0.0,1365.0,1376.0,False
d:\Research\Multi-View Fusion Network\datasets\brisc2025\classification_task\test\meningioma\brisc2025_test_00323_me_ax_t1.jpg,meningioma,meningioma,axial,0.026450219,0.92190063,0.025727827,0.025921311,0.9219006299972534,True,True,0.9810566,0.9628272,0.9844670594483961,0.9991305967830013,0.9776595744628849,0.0,1867.0,1880.0,False
d:\Research\Multi-View Fusion Network\datasets\brisc2025\classification_task\test\meningioma\brisc2025_test_00324_me_ax_t1.jpg,meningioma,meningioma,axial,0.025695182,0.920464,0.027588155,0.026252693,0.9204639792442322,True,True,0.8573316,0.7505774,0.9585798816284443,0.998113889000161,0.7751196172063368,2.871320343559643,338.0,418.0,False
d:\Research\Multi-View Fusion Network\datasets\brisc2025\classification_task\test\meningioma\brisc2025_test_00325_me_ax_t1.jpg,meningioma,meningioma,axial,0.025772175,0.91913444,0.029279307,0.025814071,0.9191344380378723,True,True,0.9391234,0.8853211,0.9429037520237699,0.9991929463509072,0.935275080891015,1.0,613.0,618.0,False
d:\Research\Multi-View Fusion Network\datasets\brisc2025\classification_task\test\meningioma\brisc2025_test_00326_me_ax_t1.jpg,meningioma,meningioma,axial,0.025703426,0.9203236,0.027971623,0.026001275,0.9203236103057861,True,True,0.9495635,0.904,0.9464861379693973,0.998498714652751,0.9526281635239934,1.0,1551.0,1541.0,False
d:\Research\Multi-View Fusion Network\datasets\brisc2025\classification_task\test\meningioma\brisc2025_test_00327_me_ax_t1.jpg,meningioma,meningioma,axial,0.026242828,0.919133,0.028731227,0.02589293,0.9191330075263977,True,True,0.89832866,0.81565654,0.9019607842884605,0.9992372388042716,0.8944444444195987,1.0,357.0,360.0,False
d:\Research\Multi-View Fusion Network\datasets\brisc2025\classification_task\test\meningioma\brisc2025_test_00328_me_ax_t1.jpg,meningioma,meningioma,axial,0.02635014,0.91689056,0.030657511,0.026101697,0.916890561580658,True,True,0.9681303,0.9382716,0.9525801952447339,0.9997775935621425,0.9841498558936002,0.0,717.0,694.0,False
d:\Research\Multi-View Fusion Network\datasets\brisc2025\classification_task\test\meningioma\brisc2025_test_00329_me_ax_t1.jpg,meningioma,meningioma,axial,0.025695616,0.91929156,0.027778769,0.027234057,0.9192915558815002,True,True,0.74216026,0.59116024,0.5888888888561729,0.9999999999998,0.9999999999056605,3.0,180.0,106.0,False
d:\Research\Multi-View Fusion Network\datasets\brisc2025\classification_task\test\meningioma\brisc2025_test_00330_me_ax_t1.jpg,meningioma,meningioma,axial,0.026605045,0.91615844,0.031484414,0.025752047,0.9161584377288818,True,True,0.93891937,0.88495576,0.9243827160351176,0.9994144726213456,0.9538216560357672,1.0,648.0,628.0,False
d:\Research\Multi-View Fusion Network\datasets\brisc2025\classification_task\test\meningioma\brisc2025_test_00331_me_ax_t1.jpg,meningioma,meningioma,axial,0.027588971,0.9092203,0.03639062,0.026800085,0.909220278263092,True,True,0.9243827,0.8595989,0.8666666666415459,0.9999397965120107,0.9900662251327792,1.0,345.0,302.0,False
d:\Research\Multi-View Fusion Network\datasets\brisc2025\classification_task\test\meningioma\brisc2025_test_00332_me_ax_t1.jpg,meningioma,meningioma,axial,0.025502753,0.9187389,0.02943737,0.026320899,0.9187389016151428,True,True,0.9670738,0.93627954,0.9558823529311357,0.9995936941327402,0.9784946236453925,0.0,952.0,930.0,False
d:\Research\Multi-View Fusion Network\datasets\brisc2025\classification_task\test\meningioma\brisc2025_test_00333_me_ax_t1.jpg,meningioma,meningioma,axial,0.031043995,0.9075987,0.034339547,0.027017694,0.9075986742973328,True,True,0.930992,0.87096775,0.914043583524043,0.9991691995945291,0.948492462299642,1.0,826.0,796.0,False
d:\Research\Multi-View Fusion Network\datasets\brisc2025\classification_task\test\meningioma\brisc2025_test_00334_me_ax_t1.jpg,meningioma,meningioma,axial,0.024364991,0.9226191,0.027112292,0.025903644,0.922619104385376,True,True,0.9577922,0.9190871,0.9671772428672389,0.9995172871536034,0.9484978540568991,0.0,457.0,466.0,False
d:\Research\Multi-View Fusion Network\datasets\brisc2025\classification_task\test\meningioma\brisc2025_test_00335_me_ax_t1.jpg,meningioma,meningioma,axial,0.02727014,0.92008954,0.02604786,0.026592428,0.9200895428657532,True,True,0.9804805,0.9617647,0.9760479041623937,0.999899682998074,0.9848942597889759,0.0,334.0,331.0,False
d:\Research\Multi-View Fusion Network\datasets\brisc2025\classification_task\test\meningioma\brisc2025_test_00336_me_ax_t1.jpg,meningioma,meningioma,axial,0.02588813,0.9200868,0.027700135,0.026324833,0.9200868010520935,True,True,0.9745435,0.95035946,0.9582182320408902,0.9994923857865907,0.9914255091068546,0.0,2896.0,2799.0,False
d:\Research\Multi-View Fusion Network\datasets\brisc2025\classification_task\test\meningioma\brisc2025_test_00337_me_ax_t1.jpg,meningioma,meningioma,axial,0.025059374,0.9219429,0.026799457,0.02619828,0.9219428896903992,True,True,0.93376267,0.87586206,0.9053571428409758,0.9996170590130201,0.963878326977873,1.0,560.0,526.0,False
d:\Research\Multi-View Fusion Network\datasets\brisc2025\classification_task\test\meningioma\brisc2025_test_00338_me_ax_t1.jpg,meningioma,meningioma,axial,0.026254274,0.91857904,0.029416177,0.025750494,0.9185790419578552,True,True,0.9771994,0.9554247,0.970512820508673,0.9992265239566438,0.9839688041551822,0.0,2340.0,2308.0,False
d:\Research\Multi-View Fusion Network\datasets\brisc2025\classification_task\test\meningioma\brisc2025_test_00339_me_ax_t1.jpg,meningioma,meningioma,axial,0.026128525,0.92088395,0.026684504,0.026302963,0.9208839535713196,True,True,0.9433321,0.89278054,0.9056603773519184,0.9995901471369729,0.9842271293297775,1.0,1378.0,1268.0,False
d:\Research\Multi-View Fusion Network\datasets\brisc2025\classification_task\test\meningioma\brisc2025_test_00340_me_ax_t1.jpg,meningioma,meningioma,axial,0.02611672,0.92208403,0.024805132,0.026994023,0.9220840334892273,True,True,0.92788464,0.8660714,0.8727272726479339,0.9999800263649983,0.9896907215474546,1.0,110.0,97.0,False
d:\Research\Multi-View Fusion Network\datasets\brisc2025\classification_task\test\meningioma\brisc2025_test_00341_me_ax_t1.jpg,meningioma,meningioma,axial,0.024766775,0.9200341,0.029046439,0.026152603,0.9200341105461121,True,True,0.96949327,0.9408225,0.9639917695374075,0.9995122347774573,0.9750260145580122,0.0,972.0,961.0,False
d:\Research\Multi-View Fusion Network\datasets\brisc2025\classification_task\test\meningioma\brisc2025_test_00342_me_ax_t1.jpg,meningioma,meningioma,axial,0.025788866,0.92060417,0.0273051,0.02630184,0.9206041693687439,True,True,0.98145473,0.96359336,0.979797979793267,0.9992723038856896,0.9831081081033635,0.0,2079.0,2072.0,False
d:\Research\Multi-View Fusion Network\datasets\brisc2025\classification_task\test\meningioma\brisc2025_test_00343_me_ax_t1.jpg,meningioma,meningioma,axial,0.026714958,0.9157449,0.031612925,0.025927175,0.9157449007034302,True,True,0.93421054,0.8767123,0.9327485379844226,0.9995585343337883,0.9354838709403084,1.0,342.0,341.0,False
d:\Research\Multi-View Fusion Network\datasets\brisc2025\classification_task\test\meningioma\brisc2025_test_00344_me_ax_t1.jpg,meningioma,meningioma,axial,0.025813099,0.9206749,0.027779846,0.025732126,0.9206749200820923,True,True,0.9607843,0.92456675,0.9437499999901693,0.9995936280882235,0.9784017278512052,0.0,960.0,926.0,False
d:\Research\Multi-View Fusion Network\datasets\brisc2025\classification_task\test\meningioma\brisc2025_test_00345_me_ax_t1.jpg,meningioma,meningioma,axial,0.025777116,0.91764295,0.030920561,0.025659446,0.9176429510116577,True,True,0.68906605,0.5260417,0.5345132743268227,0.9997984317991978,0.9679487179176939,13.35661282430081,565.0,312.0,False
d:\Research\Multi-View Fusion Network\datasets\brisc2025\classification_task\test\meningioma\brisc2025_test_00346_me_ax_t1.jpg,meningioma,meningioma,axial,0.02692774,0.9061209,0.041147258,0.025804108,0.9061208963394165,True,True,0.98445874,0.9694093,0.982869379004466,0.9997359977253159,0.9860365198605152,0.0,934.0,931.0,False
d:\Research\Multi-View Fusion Network\datasets\brisc2025\classification_task\test\meningioma\brisc2025_test_00347_me_ax_t1.jpg,meningioma,meningioma,axial,0.024849879,0.9210626,0.028660985,0.025426574,0.9210625886917114,True,True,0.96024024,0.9235424,0.9286109573827969,0.9997932560108749,0.9940758293779972,0.0,1807.0,1688.0,False
d:\Research\Multi-View Fusion Network\datasets\brisc2025\classification_task\test\meningioma\brisc2025_test_00348_me_ax_t1.jpg,meningioma,meningioma,axial,0.025148617,0.92293197,0.025557203,0.026362166,0.922931969165802,True,True,0.94798994,0.9011461,0.9411177644663618,0.9981524537073408,0.9549367088559244,1.0,2004.0,1975.0,False
d:\Research\Multi-View Fusion Network\datasets\brisc2025\classification_task\test\meningioma\brisc2025_test_00349_me_ax_t1.jpg,meningioma,meningioma,axial,0.02620667,0.922081,0.025458567,0.026253762,0.9220809936523438,True,True,0.90820587,0.8319185,0.9750996015839133,0.9964817375740267,0.849826388881512,23.706539182259394,1004.0,1152.0,False
d:\Research\Multi-View Fusion Network\datasets\brisc2025\classification_task\test\meningioma\brisc2025_test_00350_me_ax_t1.jpg,meningioma,meningioma,axial,0.02597814,0.92025787,0.027601186,0.026162837,0.9202578663825989,True,True,0.9089264,0.8331492,0.8576309794890931,0.9994725952369267,0.9666238767526749,2.0,878.0,779.0,False
d:\Research\Multi-View Fusion Network\datasets\brisc2025\classification_task\test\meningioma\brisc2025_test_00351_me_ax_t1.jpg,meningioma,meningioma,axial,0.026980432,0.91634774,0.030093519,0.026578387,0.9163477420806885,True,True,0.9148751,0.84314775,0.8897682306337492,0.997975499411036,0.9413875598029822,1.4142135623730951,1769.0,1672.0,False
d:\Research\Multi-View Fusion Network\datasets\brisc2025\classification_task\test\meningioma\brisc2025_test_00352_me_ax_t1.jpg,meningioma,meningioma,axial,0.02593605,0.92123365,0.02607949,0.026750833,0.9212336540222168,True,True,0.94919354,0.90337425,0.9187499999856445,0.999777939276284,0.981636060083779,1.0,640.0,599.0,False
d:\Research\Multi-View Fusion Network\datasets\brisc2025\classification_task\test\meningioma\brisc2025_test_00353_me_ax_t1.jpg,meningioma,meningioma,axial,0.026493564,0.9106447,0.036408164,0.026453525,0.9106447100639343,True,True,0.9594506,0.92211056,0.9325699745428426,0.9998177768777081,0.987870619932778,0.0,786.0,742.0,False
d:\Research\Multi-View Fusion Network\datasets\brisc2025\classification_task\test\meningioma\brisc2025_test_00354_me_ax_t1.jpg,meningioma,meningioma,axial,0.025398446,0.91803086,0.029077502,0.027493145,0.918030858039856,True,True,0.90299934,0.82325584,0.8376777251085583,0.9996959377278442,0.9792243767177392,2.23606797749979,844.0,722.0,False
d:\Research\Multi-View Fusion Network\datasets\brisc2025\classification_task\test\meningioma\brisc2025_test_00355_me_ax_t1.jpg,meningioma,meningioma,axial,0.027546963,0.8950803,0.050138302,0.027234428,0.8950803279876709,True,True,0.9244419,0.8595745,0.8752711496651272,0.99965485036728,0.9793689320269494,1.0,922.0,824.0,False
d:\Research\Multi-View Fusion Network\datasets\brisc2025\classification_task\test\meningioma\brisc2025_test_00356_me_ax_t1.jpg,meningioma,meningioma,axial,0.025156453,0.92178684,0.026850615,0.026206074,0.9217868447303772,True,True,0.9834329,0.9674119,0.9887640449399894,0.9988023952093711,0.9781525488655495,0.0,2581.0,2609.0,False
d:\Research\Multi-View Fusion Network\datasets\brisc2025\classification_task\test\meningioma\brisc2025_test_00357_me_ax_t1.jpg,meningioma,meningioma,axial,0.025964264,0.9202041,0.027984865,0.02584675,0.9202041029930115,True,True,0.9725877,0.9466951,0.9609544468338188,0.9998591974251233,0.9844444444225678,0.0,461.0,450.0,False
d:\Research\Multi-View Fusion Network\datasets\brisc2025\classification_task\test\meningioma\brisc2025_test_00358_me_ax_t1.jpg,meningioma,meningioma,axial,0.02574496,0.92244136,0.025499875,0.026313819,0.9224413633346558,True,True,0.9584296,0.92023635,0.9764521192939333,0.9992127414762109,0.94099848712646,0.0,637.0,661.0,False
d:\Research\Multi-View Fusion Network\datasets\brisc2025\classification_task\test\meningioma\brisc2025_test_00359_me_ax_t1.jpg,meningioma,meningioma,axial,0.02512886,0.91817284,0.030794023,0.025904356,0.9181728363037109,True,True,0.97063756,0.9429658,0.9719887955127621,0.9988634250168422,0.969273743011345,0.0,1785.0,1790.0,False
d:\Research\Multi-View Fusion Network\datasets\brisc2025\classification_task\test\meningioma\brisc2025_test_00360_me_ax_t1.jpg,meningioma,meningioma,axial,0.02608424,0.91464,0.032781,0.026494749,0.9146400094032288,True,True,0.94622225,0.8979764,0.9779411764616,0.9980239569750249,0.9164513350480926,1.0,1088.0,1161.0,False
d:\Research\Multi-View Fusion Network\datasets\brisc2025\classification_task\test\meningioma\brisc2025_test_00361_me_ax_t1.jpg,meningioma,meningioma,axial,0.025861885,0.91977406,0.027854376,0.026509639,0.919774055480957,True,True,0.9175824,0.84782606,0.8821752265727768,0.9994546996806966,0.9558101472838656,1.0,662.0,611.0,False
d:\Research\Multi-View Fusion Network\datasets\brisc2025\classification_task\test\meningioma\brisc2025_test_00362_me_ax_t1.jpg,meningioma,meningioma,axial,0.025489034,0.9206069,0.027499765,0.026404332,0.9206069111824036,True,True,0.9146982,0.84299517,0.9666666666398148,0.9989360847918343,0.867830423918508,1.0,360.0,401.0,False
d:\Research\Multi-View Fusion Network\datasets\brisc2025\classification_task\test\meningioma\brisc2025_test_00363_me_ax_t1.jpg,meningioma,meningioma,axial,0.02669325,0.9091458,0.037460625,0.026700392,0.9091457724571228,True,True,0.9275568,0.86507934,0.8739946380462735,0.9999196835529989,0.9878787878488521,1.0,373.0,330.0,False
d:\Research\Multi-View Fusion Network\datasets\brisc2025\classification_task\test\meningioma\brisc2025_test_00364_me_ax_t1.jpg,meningioma,meningioma,axial,0.025430806,0.9219351,0.026708508,0.025925634,0.9219350814819336,True,True,0.921748,0.8549906,0.9005964214532685,0.9994564451510883,0.9437499999803385,1.0,503.0,480.0,False
d:\Research\Multi-View Fusion Network\datasets\brisc2025\classification_task\test\meningioma\brisc2025_test_00365_me_ax_t1.jpg,meningioma,pituitary,axial,0.029277503,0.031026939,0.90976053,0.029935084,0.9097605347633362,False,True,0.93398875,0.8763158,0.9822485206809985,0.9991773345637869,0.8900804289305608,1.0,338.0,373.0,False
d:\Research\Multi-View Fusion Network\datasets\brisc2025\classification_task\test\meningioma\brisc2025_test_00366_me_ax_t1.jpg,meningioma,meningioma,axial,0.025479916,0.9204457,0.02810131,0.025973048,0.9204456806182861,True,True,0.968878,0.9396506,0.9709906951233116,0.9987383399861427,0.9667574931827425,0.0,1827.0,1835.0,False
d:\Research\Multi-View Fusion Network\datasets\brisc2025\classification_task\test\meningioma\brisc2025_test_00367_me_ax_t1.jpg,meningioma,meningioma,axial,0.0248786,0.919735,0.029126737,0.02625965,0.9197350144386292,True,True,0.9419831,0.89043826,0.9311064717968454,0.9995573173428981,0.9529914529710899,1.0,479.0,468.0,False
d:\Research\Multi-View Fusion Network\datasets\brisc2025\classification_task\test\meningioma\brisc2025_test_00368_me_ax_t1.jpg,meningioma,meningioma,axial,0.025692547,0.9204445,0.027247822,0.02661518,0.9204444885253906,True,True,0.95343137,0.9110487,0.9768844221007348,0.9985360200075236,0.9310344827497028,0.0,995.0,1044.0,False
d:\Research\Multi-View Fusion Network\datasets\brisc2025\classification_task\test\meningioma\brisc2025_test_00369_me_ax_t1.jpg,meningioma,meningioma,axial,0.025574608,0.91430944,0.03400941,0.026106525,0.9143094420433044,True,True,0.76526946,0.62015504,0.999999999968652,0.9960687566438021,0.6194174757161278,6.1673900068116865,319.0,515.0,False
d:\Research\Multi-View Fusion Network\datasets\brisc2025\classification_task\test\meningioma\brisc2025_test_00370_me_ax_t1.jpg,meningioma,meningioma,axial,0.027199779,0.91132545,0.035202015,0.026272697,0.9113254547119141,True,True,0.96757275,0.93721145,0.9892682926732755,0.9988403084370616,0.9467787114757538,0.0,1025.0,1071.0,False
d:\Research\Multi-View Fusion Network\datasets\brisc2025\classification_task\test\meningioma\brisc2025_test_00371_me_ax_t1.jpg,meningioma,meningioma,axial,0.02575897,0.92091495,0.027187603,0.026138421,0.9209149479866028,True,True,0.94026774,0.88737863,0.9913043478045368,0.9989138305573662,0.8941176470412918,1.0,460.0,510.0,False
d:\Research\Multi-View Fusion Network\datasets\brisc2025\classification_task\test\meningioma\brisc2025_test_00372_me_ax_t1.jpg,meningioma,meningioma,axial,0.023706064,0.9243396,0.02642074,0.025533682,0.9243395924568176,True,True,0.9310345,0.8712871,0.8838383837937455,0.9999399735881789,0.9831460673604974,1.0,198.0,178.0,False
d:\Research\Multi-View Fusion Network\datasets\brisc2025\classification_task\test\meningioma\brisc2025_test_00373_me_ax_t1.jpg,meningioma,meningioma,axial,0.027313594,0.918932,0.027353372,0.02640092,0.9189320206642151,True,True,0.965149,0.93268186,0.9662162162053354,0.9993507547474032,0.9640449438093928,0.0,888.0,890.0,False
d:\Research\Multi-View Fusion Network\datasets\brisc2025\classification_task\test\meningioma\brisc2025_test_00374_me_ax_t1.jpg,meningioma,meningioma,axial,0.026122361,0.9202287,0.027522944,0.026125982,0.9202287197113037,True,True,0.94411176,0.8942065,0.9739010988877211,0.9986854877849461,0.9160206718227905,1.0,728.0,774.0,False
d:\Research\Multi-View Fusion Network\datasets\brisc2025\classification_task\test\meningioma\brisc2025_test_00375_me_ax_t1.jpg,meningioma,meningioma,axial,0.026053522,0.91794455,0.030139886,0.025861971,0.9179445505142212,True,True,0.89606124,0.8118812,0.8381147540811862,0.9996779906615281,0.962352941153827,1.0,488.0,425.0,False
d:\Research\Multi-View Fusion Network\datasets\brisc2025\classification_task\test\meningioma\brisc2025_test_00376_me_ax_t1.jpg,meningioma,meningioma,axial,0.024145916,0.9166254,0.033152647,0.026075998,0.9166253805160522,True,True,0.9162162,0.84577113,0.894179894132583,0.9997799427849242,0.9388888888367284,1.0,189.0,180.0,False
d:\Research\Multi-View Fusion Network\datasets\brisc2025\classification_task\test\meningioma\brisc2025_test_00377_me_ax_t1.jpg,meningioma,meningioma,axial,0.026424928,0.920113,0.027332649,0.026129432,0.9201130270957947,True,True,0.9751006,0.951423,0.971915747236851,0.9991075505373378,0.9782937910097007,0.0,1994.0,1981.0,False
d:\Research\Multi-View Fusion Network\datasets\brisc2025\classification_task\test\meningioma\brisc2025_test_00378_me_ax_t1.jpg,meningioma,meningioma,axial,0.025501406,0.9098798,0.038919836,0.025698896,0.9098798036575317,True,True,0.7718397,0.62876254,0.6432246998174403,0.9997177020948522,0.9640102827515679,8.06225774829855,583.0,389.0,False
d:\Research\Multi-View Fusion Network\datasets\brisc2025\classification_task\test\meningioma\brisc2025_test_00379_me_ax_t1.jpg,meningioma,meningioma,axial,0.025536358,0.9207044,0.02745473,0.026304465,0.9207044243812561,True,True,0.94590616,0.8973822,0.9831675592923368,0.9947437029559324,0.9113475177272647,1.0,2614.0,2820.0,False
d:\Research\Multi-View Fusion Network\datasets\brisc2025\classification_task\test\meningioma\brisc2025_test_00380_me_ax_t1.jpg,meningioma,meningioma,axial,0.02529504,0.9209029,0.027645906,0.026156066,0.9209029078483582,True,True,0.95016795,0.9051173,0.9137931034384289,0.9998172514617854,0.9894982496967386,0.0,928.0,857.0,False
d:\Research\Multi-View Fusion Network\datasets\brisc2025\classification_task\test\meningioma\brisc2025_test_00381_me_ax_t1.jpg,meningioma,meningioma,axial,0.025318405,0.9191241,0.02949008,0.026067331,0.9191241264343262,True,True,0.9238653,0.85856754,0.9431704885249933,0.9979867000180999,0.9052631578860741,1.0,1003.0,1045.0,False
d:\Research\Multi-View Fusion Network\datasets\brisc2025\classification_task\test\meningioma\brisc2025_test_00382_me_ax_t1.jpg,meningioma,meningioma,axial,0.027662128,0.91966444,0.025973082,0.026700383,0.9196644425392151,True,True,0.96185285,0.92657346,0.9706422018170524,0.9994761338677441,0.9531531531359793,0.0,545.0,555.0,False
d:\Research\Multi-View Fusion Network\datasets\brisc2025\classification_task\test\meningioma\brisc2025_test_00383_me_ax_t1.jpg,meningioma,meningioma,axial,0.02587435,0.9185015,0.029343152,0.026280921,0.9185014963150024,True,True,0.94254446,0.8914729,0.9297297297046019,0.999678753563627,0.9555555555290123,1.0,370.0,360.0,False
d:\Research\Multi-View Fusion Network\datasets\brisc2025\classification_task\test\meningioma\brisc2025_test_00384_me_ax_t1.jpg,meningioma,meningioma,axial,0.02456795,0.91788894,0.031512916,0.026030261,0.9178889393806458,True,True,0.9581351,0.919708,0.9401869158702769,0.9997582643377451,0.9766990291072486,0.0,535.0,515.0,False
d:\Research\Multi-View Fusion Network\datasets\brisc2025\classification_task\test\meningioma\brisc2025_test_00385_me_ax_t1.jpg,meningioma,meningioma,axial,0.024954747,0.9206688,0.027992997,0.02638345,0.9206687808036804,True,True,0.9645477,0.93154997,0.9617886178783596,0.99918277285151,0.9672935404663345,0.0,1230.0,1223.0,False
d:\Research\Multi-View Fusion Network\datasets\brisc2025\classification_task\test\meningioma\brisc2025_test_00386_me_ax_t1.jpg,meningioma,meningioma,axial,0.025661489,0.90578824,0.042885613,0.025664719,0.905788242816925,True,True,0.94134617,0.8892922,0.9140186915717006,0.9996978304222317,0.9702380952188445,1.0,535.0,504.0,False
d:\Research\Multi-View Fusion Network\datasets\brisc2025\classification_task\test\meningioma\brisc2025_test_00387_me_ax_t1.jpg,meningioma,meningioma,axial,0.025408749,0.92127687,0.027430337,0.02588404,0.921276867389679,True,True,0.9742819,0.9498698,0.9662027832937959,0.9994657570836503,0.9824797843599564,0.0,1509.0,1484.0,False
d:\Research\Multi-View Fusion Network\datasets\brisc2025\classification_task\test\meningioma\brisc2025_test_00388_me_ax_t1.jpg,meningioma,meningioma,axial,0.025432047,0.92198765,0.026697757,0.025882505,0.9219876527786255,True,True,0.96587783,0.9340426,0.9820828667303239,0.9990666152626669,0.9501625135325009,0.0,893.0,923.0,False
d:\Research\Multi-View Fusion Network\datasets\brisc2025\classification_task\test\meningioma\brisc2025_test_00389_me_ax_t1.jpg,meningioma,meningioma,axial,0.025300378,0.9172441,0.031240828,0.026214715,0.9172440767288208,True,True,0.9813352,0.9633803,0.9771101573536894,0.9997978858861695,0.9855699855557638,0.0,699.0,693.0,False
d:\Research\Multi-View Fusion Network\datasets\brisc2025\classification_task\test\meningioma\brisc2025_test_00390_me_ax_t1.jpg,meningioma,meningioma,axial,0.026532672,0.9178045,0.029544473,0.026118401,0.917804479598999,True,True,0.90749604,0.83090377,0.8987341771867489,0.9994785399115526,0.9161290322285119,1.0,316.0,310.0,False
d:\Research\Multi-View Fusion Network\datasets\brisc2025\classification_task\test\meningioma\brisc2025_test_00391_me_ax_t1.jpg,meningioma,meningioma,axial,0.024910651,0.9169904,0.03235879,0.02574007,0.9169903993606567,True,True,0.9610482,0.92506814,0.9755395683312872,0.9992320284551648,0.9469273742884508,0.0,695.0,716.0,False
d:\Research\Multi-View Fusion Network\datasets\brisc2025\classification_task\test\meningioma\brisc2025_test_00392_me_co_t1.jpg,meningioma,meningioma,coronal,0.02620496,0.92311317,0.02456902,0.026112925,0.9231131672859192,True,True,0.86215484,0.7577566,0.891385767786089,0.9921523730222748,0.8347216133238285,3.605551275463989,2136.0,2281.0,False
d:\Research\Multi-View Fusion Network\datasets\brisc2025\classification_task\test\meningioma\brisc2025_test_00393_me_co_t1.jpg,meningioma,meningioma,coronal,0.026956538,0.92218065,0.024828447,0.026034318,0.9221806526184082,True,True,0.8523404,0.7427724,0.7789883268421869,0.9987114192794178,0.9407894736753686,8.602325267042627,1285.0,1064.0,False
d:\Research\Multi-View Fusion Network\datasets\brisc2025\classification_task\test\meningioma\brisc2025_test_00394_me_co_t1.jpg,meningioma,meningioma,coronal,0.026697868,0.92142385,0.025594803,0.026283378,0.9214238524436951,True,True,0.9714472,0.9444915,0.9771929824518545,0.9983505929511863,0.965756393580556,0.0,2280.0,2307.0,False
d:\Research\Multi-View Fusion Network\datasets\brisc2025\classification_task\test\meningioma\brisc2025_test_00395_me_co_t1.jpg,meningioma,meningioma,coronal,0.025198622,0.92324835,0.025097622,0.026455449,0.9232483506202698,True,True,0.96659917,0.9353786,0.9470899470836833,0.999609567647337,0.9869055823501937,0.0,1512.0,1451.0,False
d:\Research\Multi-View Fusion Network\datasets\brisc2025\classification_task\test\meningioma\brisc2025_test_00396_me_co_t1.jpg,meningioma,meningioma,coronal,0.026063925,0.9225529,0.02504482,0.026338309,0.9225528836250305,True,True,0.96954644,0.9409053,0.9476351351311333,0.9996444109770333,0.9924812030031293,0.0,2368.0,2261.0,False
d:\Research\Multi-View Fusion Network\datasets\brisc2025\classification_task\test\meningioma\brisc2025_test_00397_me_co_t1.jpg,meningioma,meningioma,coronal,0.02614906,0.91969275,0.027330626,0.026827585,0.9196927547454834,True,True,0.9504863,0.9056604,0.9176912568274669,0.9991745682354811,0.9856933235473746,0.0,2928.0,2726.0,False
d:\Research\Multi-View Fusion Network\datasets\brisc2025\classification_task\test\meningioma\brisc2025_test_00398_me_co_t1.jpg,meningioma,meningioma,coronal,0.025949491,0.92274535,0.025132433,0.026172714,0.9227453470230103,True,True,0.9723855,0.9462623,0.9595250944388573,0.9988809984934369,0.9855875831458271,0.0,3706.0,3608.0,False
d:\Research\Multi-View Fusion Network\datasets\brisc2025\classification_task\test\meningioma\brisc2025_test_00399_me_co_t1.jpg,meningioma,meningioma,coronal,0.027527342,0.92078227,0.025449969,0.026240427,0.9207822680473328,True,True,0.965294,0.9329231,0.958473861718047,0.9971385807358256,0.9722044045307415,0.0,4744.0,4677.0,False
d:\Research\Multi-View Fusion Network\datasets\brisc2025\classification_task\test\meningioma\brisc2025_test_00400_me_co_t1.jpg,meningioma,meningioma,coronal,0.025740037,0.9228093,0.025379844,0.026070775,0.9228093028068542,True,True,0.96856797,0.9390596,0.9472568248053346,0.9992888390834647,0.9908511228139982,0.0,3773.0,3607.0,False
d:\Research\Multi-View Fusion Network\datasets\brisc2025\classification_task\test\meningioma\brisc2025_test_00401_me_co_t1.jpg,meningioma,meningioma,coronal,0.026115948,0.9222857,0.025151087,0.026447248,0.9222856760025024,True,True,0.9679168,0.93784124,0.9386038687933617,0.9999581572448639,0.9991047448478106,0.0,2378.0,2234.0,False
d:\Research\Multi-View Fusion Network\datasets\brisc2025\classification_task\test\meningioma\brisc2025_test_00402_me_co_t1.jpg,meningioma,meningioma,coronal,0.025737409,0.92263657,0.025231505,0.026394539,0.9226365685462952,True,True,0.8942019,0.8086884,0.8130252100806176,0.9997280107119844,0.9933264887012664,2.0,2380.0,1948.0,False
d:\Research\Multi-View Fusion Network\datasets\brisc2025\classification_task\test\meningioma\brisc2025_test_00403_me_co_t1.jpg,meningioma,meningioma,coronal,0.025963377,0.92138,0.026156764,0.026499912,0.9213799834251404,True,True,0.94048285,0.8877119,0.9446952595830169,0.9988435788190305,0.9362416107277826,1.0,886.0,894.0,False
d:\Research\Multi-View Fusion Network\datasets\brisc2025\classification_task\test\meningioma\brisc2025_test_00404_me_co_t1.jpg,meningioma,meningioma,coronal,0.026421497,0.9209502,0.026064262,0.02656412,0.920950174331665,True,True,0.9473072,0.8999264,0.9092261904694254,0.9997133027520889,0.9886731391505772,1.0,1344.0,1236.0,False
d:\Research\Multi-View Fusion Network\datasets\brisc2025\classification_task\test\meningioma\brisc2025_test_00405_me_co_t1.jpg,meningioma,meningioma,coronal,0.026574487,0.9204665,0.025669951,0.027289042,0.9204664826393127,True,True,0.9038583,0.82468283,0.9821182943468759,0.9971890230336312,0.8370457209749467,2.011803398874979,727.0,853.0,False
d:\Research\Multi-View Fusion Network\datasets\brisc2025\classification_task\test\meningioma\brisc2025_test_00406_me_co_t1.jpg,meningioma,meningioma,coronal,0.025629994,0.9212128,0.0241104,0.029046804,0.9212127923965454,True,True,0.935743,0.87933636,0.928229665056966,0.999293628529133,0.9432739059814704,1.0,627.0,617.0,False
d:\Research\Multi-View Fusion Network\datasets\brisc2025\classification_task\test\meningioma\brisc2025_test_00407_me_co_t1.jpg,meningioma,meningioma,coronal,0.025379501,0.9205198,0.026915869,0.027184771,0.9205198287963867,True,True,0.9779082,0.956786,0.9725274725207932,0.9995073891623565,0.9833333333265047,0.0,1456.0,1440.0,False
d:\Research\Multi-View Fusion Network\datasets\brisc2025\classification_task\test\meningioma\brisc2025_test_00408_me_co_t1.jpg,meningioma,meningioma,coronal,0.025645537,0.9227072,0.025199011,0.026448222,0.922707200050354,True,True,0.9000707,0.8183376,0.8249783923905576,0.9996030253643811,0.9901452282106321,2.23606797749979,2314.0,1928.0,False
d:\Research\Multi-View Fusion Network\datasets\brisc2025\classification_task\test\meningioma\brisc2025_test_00409_me_co_t1.jpg,meningioma,meningioma,coronal,0.025837123,0.9224579,0.025593022,0.026111938,0.9224578738212585,True,True,0.9763044,0.95371604,0.9648648648605187,0.9994578363497791,0.9880073800692436,0.0,2220.0,2168.0,False
d:\Research\Multi-View Fusion Network\datasets\brisc2025\classification_task\test\meningioma\brisc2025_test_00410_me_co_t1.jpg,meningioma,meningioma,coronal,0.026401335,0.9222446,0.025037501,0.02631655,0.9222446084022522,True,True,0.9847741,0.9700079,0.9812337791954857,0.9987158766353758,0.9883370199055131,0.0,5009.0,4973.0,False
d:\Research\Multi-View Fusion Network\datasets\brisc2025\classification_task\test\meningioma\brisc2025_test_00411_me_co_t1.jpg,meningioma,meningioma,coronal,0.026720338,0.9219818,0.025330797,0.025967056,0.9219818115234375,True,True,0.9560878,0.91590214,0.9787408013002556,0.9982840683919274,0.9344262295009023,0.0,1223.0,1281.0,False
d:\Research\Multi-View Fusion Network\datasets\brisc2025\classification_task\test\meningioma\brisc2025_test_00412_me_co_t1.jpg,meningioma,meningioma,coronal,0.027726479,0.9194173,0.026834272,0.02602193,0.9194173216819763,True,True,0.8343722,0.71603054,0.7177914110319357,0.9999596155397383,0.9957446808298778,6.4031242374328485,652.0,470.0,False
d:\Research\Multi-View Fusion Network\datasets\brisc2025\classification_task\test\meningioma\brisc2025_test_00413_me_co_t1.jpg,meningioma,glioma,coronal,0.8811964,0.05469978,0.03706254,0.027041297,0.8811963796615601,False,True,0.9444854,0.8948288,0.9090909090876809,0.9990498310808702,0.9827255278273216,1.0,2816.0,2605.0,False
d:\Research\Multi-View Fusion Network\datasets\brisc2025\classification_task\test\meningioma\brisc2025_test_00414_me_co_t1.jpg,meningioma,meningioma,coronal,0.026120229,0.9211765,0.026358536,0.026344733,0.9211764931678772,True,True,0.95443803,0.9128579,0.9244467056705051,0.9989188020324362,0.9864277958713724,0.0,3931.0,3684.0,False
d:\Research\Multi-View Fusion Network\datasets\brisc2025\classification_task\test\meningioma\brisc2025_test_00415_me_co_t1.jpg,meningioma,meningioma,coronal,0.026086485,0.92201495,0.02563285,0.026265748,0.9220149517059326,True,True,0.97858596,0.9580773,0.9721203228137487,0.9991570073759749,0.9851301115205015,0.0,2726.0,2690.0,False
d:\Research\Multi-View Fusion Network\datasets\brisc2025\classification_task\test\meningioma\brisc2025_test_00416_me_co_t1.jpg,meningioma,meningioma,coronal,0.026086485,0.92201495,0.02563285,0.026265748,0.9220149517059326,True,True,0.9840534,0.96861315,0.9818652849704594,0.9992206260266675,0.986245353156185,0.0,2702.0,2690.0,False
d:\Research\Multi-View Fusion Network\datasets\brisc2025\classification_task\test\meningioma\brisc2025_test_00417_me_co_t1.jpg,meningioma,meningioma,coronal,0.025742475,0.92282456,0.025364857,0.02606809,0.9228245615959167,True,True,0.9766699,0.9544098,0.9723451327406738,0.9985395189001293,0.9810267857115486,0.0,3616.0,3584.0,False
d:\Research\Multi-View Fusion Network\datasets\brisc2025\classification_task\test\meningioma\brisc2025_test_00418_me_co_t1.jpg,meningioma,glioma,coronal,0.8750439,0.03926572,0.057025257,0.028664988,0.8750439286231995,False,True,0.45651388,0.29593268,0.531092436970327,0.9806475319477034,0.3999999999974684,15.0,1190.0,1580.0,False
d:\Research\Multi-View Fusion Network\datasets\brisc2025\classification_task\test\meningioma\brisc2025_test_00419_me_co_t1.jpg,meningioma,meningioma,coronal,0.02645407,0.9200524,0.026723348,0.026770173,0.9200524091720581,True,True,0.9685903,0.9391026,0.958358120163717,0.9985260819410864,0.9790337283470707,0.0,3362.0,3291.0,False
d:\Research\Multi-View Fusion Network\datasets\brisc2025\classification_task\test\meningioma\brisc2025_test_00420_me_co_t1.jpg,meningioma,meningioma,coronal,0.025869604,0.9232178,0.025179889,0.02573262,0.9232177734375,True,True,0.9785511,0.958012,0.9764089121844631,0.9990811702547667,0.9806932865248763,0.0,2289.0,2279.0,False
d:\Research\Multi-View Fusion Network\datasets\brisc2025\classification_task\test\meningioma\brisc2025_test_00421_me_co_t1.jpg,meningioma,meningioma,coronal,0.026261393,0.92142785,0.026190136,0.026120594,0.921427845954895,True,True,0.8915292,0.80433685,0.8095479939014244,0.9997303296199723,0.9919103920286751,5.170555836978214,1969.0,1607.0,False
d:\Research\Multi-View Fusion Network\datasets\brisc2025\classification_task\test\meningioma\brisc2025_test_00422_me_co_t1.jpg,meningioma,meningioma,coronal,0.026080996,0.9217983,0.026182527,0.025938135,0.9217982888221741,True,True,0.96188474,0.9265896,0.9870609981454895,0.9978168187339613,0.9379391100647663,0.0,1623.0,1708.0,False
d:\Research\Multi-View Fusion Network\datasets\brisc2025\classification_task\test\meningioma\brisc2025_test_00423_me_co_t1.jpg,meningioma,meningioma,coronal,0.025697183,0.92151546,0.026850032,0.025937367,0.9215154647827148,True,True,0.8394558,0.7236534,0.9808917197139844,0.9977538004891505,0.733333333315873,3.1622776601683795,314.0,420.0,False
d:\Research\Multi-View Fusion Network\datasets\brisc2025\classification_task\test\meningioma\brisc2025_test_00424_me_co_t1.jpg,meningioma,meningioma,coronal,0.025919449,0.92163557,0.026353402,0.026091522,0.9216355681419373,True,True,0.91385543,0.8414634,0.8732718893908609,0.9993307374054922,0.9582806573835868,1.0,868.0,791.0,False
d:\Research\Multi-View Fusion Network\datasets\brisc2025\classification_task\test\meningioma\brisc2025_test_00425_me_co_t1.jpg,meningioma,meningioma,coronal,0.026332987,0.9212058,0.026185099,0.026276119,0.9212058186531067,True,True,0.976494,0.9540856,0.9792166266908137,0.9993254982113441,0.9737678855248509,0.0,1251.0,1258.0,False
d:\Research\Multi-View Fusion Network\datasets\brisc2025\classification_task\test\meningioma\brisc2025_test_00426_me_co_t1.jpg,meningioma,meningioma,coronal,0.025238112,0.9189551,0.02936738,0.026439365,0.9189550876617432,True,True,0.913219,0.8404453,0.9617021276391127,0.9986319559004952,0.8692307692140533,1.0,470.0,520.0,False
d:\Research\Multi-View Fusion Network\datasets\brisc2025\classification_task\test\meningioma\brisc2025_test_00427_me_co_t1.jpg,meningioma,meningioma,coronal,0.02518907,0.92101526,0.02796001,0.025835603,0.9210152626037598,True,True,0.9591734,0.9215876,0.970408163255404,0.9989430034960162,0.9481555333903474,0.0,980.0,1003.0,False
d:\Research\Multi-View Fusion Network\datasets\brisc2025\classification_task\test\meningioma\brisc2025_test_00428_me_co_t1.jpg,meningioma,meningioma,coronal,0.026299654,0.9192681,0.02789276,0.026539525,0.9192680716514587,True,True,0.8430451,0.7288961,0.7593220338854352,0.999495825434397,0.9471458773584113,4.4491864282115445,590.0,473.0,False
d:\Research\Multi-View Fusion Network\datasets\brisc2025\classification_task\test\meningioma\brisc2025_test_00429_me_co_t1.jpg,meningioma,meningioma,coronal,0.02656252,0.9203438,0.026538149,0.026555553,0.920343816280365,True,True,0.9175824,0.84782606,0.8821752265727768,0.9994546996806966,0.9558101472838656,1.0,662.0,611.0,False
d:\Research\Multi-View Fusion Network\datasets\brisc2025\classification_task\test\meningioma\brisc2025_test_00430_me_co_t1.jpg,meningioma,meningioma,coronal,0.025851134,0.9165786,0.031241225,0.026329126,0.9165785908699036,True,True,0.972956,0.94736844,0.9674593241430856,0.9996557101482473,0.978481012645842,0.0,799.0,790.0,False
d:\Research\Multi-View Fusion Network\datasets\brisc2025\classification_task\test\meningioma\brisc2025_test_00431_me_co_t1.jpg,meningioma,meningioma,coronal,0.026208095,0.9210719,0.026457774,0.026262289,0.9210718870162964,True,True,0.9373178,0.8821918,0.9441176470310554,0.9995184204187737,0.9304347825817265,1.0,340.0,345.0,False
d:\Research\Multi-View Fusion Network\datasets\brisc2025\classification_task\test\meningioma\brisc2025_test_00432_me_co_t1.jpg,meningioma,meningioma,coronal,0.025422614,0.9223932,0.025410458,0.026773758,0.9223932027816772,True,True,0.94350284,0.89316237,0.9308035714077946,0.9996179214927206,0.9564220183266876,1.0,448.0,436.0,False
d:\Research\Multi-View Fusion Network\datasets\brisc2025\classification_task\test\meningioma\brisc2025_test_00433_me_co_t1.jpg,meningioma,meningioma,coronal,0.02940852,0.8797019,0.06316082,0.02772874,0.8797019124031067,True,True,0.93973637,0.8865248,0.9467680608005031,0.999639372507964,0.9325842696279931,1.0,263.0,267.0,False
d:\Research\Multi-View Fusion Network\datasets\brisc2025\classification_task\test\meningioma\brisc2025_test_00434_me_co_t1.jpg,meningioma,meningioma,coronal,0.025506832,0.922444,0.026011966,0.026037158,0.9224439859390259,True,True,0.94453377,0.89497715,0.918622848185937,0.9996568221731232,0.9718543046196713,1.0,639.0,604.0,False
d:\Research\Multi-View Fusion Network\datasets\brisc2025\classification_task\test\meningioma\brisc2025_test_00435_me_co_t1.jpg,meningioma,meningioma,coronal,0.026834277,0.9206839,0.02643974,0.0260421,0.9206839203834534,True,True,0.91243654,0.83916086,0.9158163265072495,0.9992768761045719,0.9088607594706617,1.0,392.0,395.0,False
d:\Research\Multi-View Fusion Network\datasets\brisc2025\classification_task\test\meningioma\brisc2025_test_00436_me_co_t1.jpg,meningioma,meningioma,coronal,0.026162012,0.9216166,0.025767708,0.026453717,0.9216166138648987,True,True,0.9488525,0.90274316,0.9463350785216448,0.999251194041731,0.9513157894611669,1.0,764.0,760.0,False
d:\Research\Multi-View Fusion Network\datasets\brisc2025\classification_task\test\meningioma\brisc2025_test_00437_me_co_t1.jpg,meningioma,meningioma,coronal,0.025591891,0.9215753,0.026459055,0.026373722,0.9215753078460693,True,True,0.87072647,0.7712665,0.9854721549398191,0.9976890460782113,0.7796934865751016,2.0,413.0,522.0,False
d:\Research\Multi-View Fusion Network\datasets\brisc2025\classification_task\test\meningioma\brisc2025_test_00438_me_co_t1.jpg,meningioma,meningioma,coronal,0.024955817,0.9224344,0.025795411,0.026814383,0.922434389591217,True,True,0.9618566,0.92654866,0.9877242681681991,0.9985748315245234,0.937275985654684,0.0,1059.0,1116.0,False
d:\Research\Multi-View Fusion Network\datasets\brisc2025\classification_task\test\meningioma\brisc2025_test_00439_me_co_t1.jpg,meningioma,meningioma,coronal,0.026016958,0.9212657,0.026554488,0.026162751,0.921265721321106,True,True,0.9636885,0.92995393,0.9655172413700622,0.9991858666447532,0.9618320610595246,0.0,1044.0,1048.0,False
d:\Research\Multi-View Fusion Network\datasets\brisc2025\classification_task\test\meningioma\brisc2025_test_00440_me_co_t1.jpg,meningioma,meningioma,coronal,0.02583768,0.91825044,0.029443944,0.026467903,0.9182504415512085,True,True,0.89215684,0.80588233,0.8343558281696714,0.9998800311916902,0.9577464788057924,1.0,163.0,142.0,False
d:\Research\Multi-View Fusion Network\datasets\brisc2025\classification_task\test\meningioma\brisc2025_test_00441_me_co_t1.jpg,meningioma,meningioma,coronal,0.025462218,0.921142,0.026471607,0.026924217,0.9211419820785522,True,True,0.97078156,0.9432624,0.992526158430605,0.9992930292683865,0.9499284692281841,0.0,669.0,699.0,False
d:\Research\Multi-View Fusion Network\datasets\brisc2025\classification_task\test\meningioma\brisc2025_test_00442_me_co_t1.jpg,meningioma,meningioma,coronal,0.026110478,0.9217164,0.025492076,0.026681036,0.9217163920402527,True,True,0.9359962,0.87974685,0.9126760563294586,0.9991855185190692,0.9604743082909044,1.0,1065.0,1012.0,False
d:\Research\Multi-View Fusion Network\datasets\brisc2025\classification_task\test\meningioma\brisc2025_test_00443_me_co_t1.jpg,meningioma,meningioma,coronal,0.026131827,0.9225928,0.025204882,0.026070481,0.92259281873703,True,True,0.9597315,0.92265195,0.9451795841031156,0.9997381513483192,0.9746588693767123,0.0,529.0,513.0,False
d:\Research\Multi-View Fusion Network\datasets\brisc2025\classification_task\test\meningioma\brisc2025_test_00444_me_co_t1.jpg,meningioma,meningioma,coronal,0.026416425,0.9217891,0.0252354,0.026559114,0.9217891097068787,True,True,0.8947368,0.80995476,0.8476190475786848,0.9997998639072571,0.9468085105879357,1.0,210.0,188.0,False
d:\Research\Multi-View Fusion Network\datasets\brisc2025\classification_task\test\meningioma\brisc2025_test_00445_me_co_t1.jpg,meningioma,meningioma,coronal,0.026347896,0.92167944,0.025767276,0.02620537,0.9216794371604919,True,True,0.9810762,0.9628635,0.9772830531532155,0.9993121417402816,0.9848901098856003,0.0,2201.0,2184.0,False
d:\Research\Multi-View Fusion Network\datasets\brisc2025\classification_task\test\meningioma\brisc2025_test_00446_me_co_t1.jpg,meningioma,meningioma,coronal,0.027905973,0.92286646,0.022869816,0.026357757,0.9228664636611938,True,True,0.94854134,0.9021572,0.9605911329970396,0.9983863719921161,0.9367493995121158,1.0,1218.0,1249.0,False
d:\Research\Multi-View Fusion Network\datasets\brisc2025\classification_task\test\meningioma\brisc2025_test_00447_me_co_t1.jpg,meningioma,meningioma,coronal,0.025422385,0.9223776,0.02600409,0.026195899,0.9223775863647461,True,True,0.97164536,0.9448758,0.9696969696892369,0.9993254568494748,0.9735788630826776,0.0,1254.0,1249.0,False
d:\Research\Multi-View Fusion Network\datasets\brisc2025\classification_task\test\meningioma\brisc2025_test_00448_me_co_t1.jpg,meningioma,meningioma,coronal,0.02652803,0.9213954,0.025659235,0.026417233,0.9213954210281372,True,True,0.94243544,0.8912134,0.9232995658332374,0.9994947964027485,0.9622926093369186,1.0,691.0,663.0,False
d:\Research\Multi-View Fusion Network\datasets\brisc2025\classification_task\test\meningioma\brisc2025_test_00449_me_co_t1.jpg,meningioma,meningioma,coronal,0.027262606,0.9194707,0.026591178,0.026675576,0.9194707274436951,True,True,0.87904763,0.7843803,0.9644351464233382,0.997786631252566,0.8073555166233388,2.1416407864998526,478.0,571.0,False
d:\Research\Multi-View Fusion Network\datasets\brisc2025\classification_task\test\meningioma\brisc2025_test_00450_me_co_t1.jpg,meningioma,meningioma,coronal,0.025718085,0.9229386,0.024671394,0.026671953,0.9229385852813721,True,True,0.9735391,0.948461,0.969253294282802,0.999385371849826,0.9778434268760869,0.0,1366.0,1354.0,False
d:\Research\Multi-View Fusion Network\datasets\brisc2025\classification_task\test\meningioma\brisc2025_test_00451_me_co_t1.jpg,meningioma,meningioma,coronal,0.02676146,0.92146516,0.024732662,0.027040627,0.9214651584625244,True,True,0.9225107,0.8562186,0.9746109746029926,0.996547850066184,0.8756438557698629,1.0,1221.0,1359.0,False
d:\Research\Multi-View Fusion Network\datasets\brisc2025\classification_task\test\meningioma\brisc2025_test_00452_me_co_t1.jpg,meningioma,meningioma,coronal,0.026241723,0.9194972,0.027965901,0.026295241,0.9194971919059753,True,True,0.95519716,0.9143836,0.946619217048163,0.9997995791159435,0.9637681159071099,0.0,281.0,276.0,False
d:\Research\Multi-View Fusion Network\datasets\brisc2025\classification_task\test\meningioma\brisc2025_test_00453_me_co_t1.jpg,meningioma,meningioma,coronal,0.02785506,0.9198489,0.026402557,0.025893545,0.9198489189147949,True,True,0.9622387,0.92727274,0.975376196977081,0.9992314693091315,0.9494007989221118,0.0,731.0,751.0,False
d:\Research\Multi-View Fusion Network\datasets\brisc2025\classification_task\test\meningioma\brisc2025_test_00454_me_co_t1.jpg,meningioma,meningioma,coronal,0.026244476,0.91909647,0.028146794,0.02651233,0.9190964698791504,True,True,0.856845,0.74969625,0.765217391294842,0.9996556683071035,0.9731437598582442,5.0,805.0,633.0,False
d:\Research\Multi-View Fusion Network\datasets\brisc2025\classification_task\test\meningioma\brisc2025_test_00455_me_co_t1.jpg,meningioma,meningioma,coronal,0.025921453,0.92156905,0.025788369,0.02672119,0.9215690493583679,True,True,0.5659193,0.395,0.544982698952509,0.9955441751681529,0.5876865671532148,10.0,578.0,536.0,False
d:\Research\Multi-View Fusion Network\datasets\brisc2025\classification_task\test\meningioma\brisc2025_test_00456_me_co_t1.jpg,meningioma,meningioma,coronal,0.027752278,0.92059106,0.02500862,0.026648067,0.9205910563468933,True,True,0.9460501,0.8978102,0.9459459459094229,0.9997195344269488,0.9459459459094229,1.0,259.0,259.0,False
d:\Research\Multi-View Fusion Network\datasets\brisc2025\classification_task\test\meningioma\brisc2025_test_00457_me_co_t1.jpg,meningioma,meningioma,coronal,0.02616776,0.92261994,0.02462236,0.026589893,0.9226199388504028,True,True,0.95284325,0.9100529,0.9295392953677631,0.9998393800066256,0.9772079771801365,0.0,369.0,351.0,False
d:\Research\Multi-View Fusion Network\datasets\brisc2025\classification_task\test\meningioma\brisc2025_test_00458_me_co_t1.jpg,meningioma,meningioma,coronal,0.025849247,0.9208812,0.027212746,0.026056845,0.9208812117576599,True,True,0.96909094,0.9400705,0.9779681762426197,0.9993314289185358,0.9603365384499959,0.0,817.0,832.0,False
d:\Research\Multi-View Fusion Network\datasets\brisc2025\classification_task\test\meningioma\brisc2025_test_00459_me_co_t1.jpg,meningioma,meningioma,coronal,0.02734992,0.919509,0.025992833,0.027148265,0.9195089936256409,True,True,0.9189655,0.8501594,0.9987499999875156,0.9971646143873548,0.850905218308297,1.0,800.0,939.0,False
d:\Research\Multi-View Fusion Network\datasets\brisc2025\classification_task\test\meningioma\brisc2025_test_00460_me_co_t1.jpg,meningioma,meningioma,coronal,0.026001865,0.91979957,0.027628032,0.026570512,0.9197995662689209,True,True,0.92899406,0.86764705,0.9179687499641418,0.999699519230569,0.9399999999624,1.0,256.0,250.0,False
d:\Research\Multi-View Fusion Network\datasets\brisc2025\classification_task\test\meningioma\brisc2025_test_00461_me_co_t1.jpg,meningioma,meningioma,coronal,0.026064198,0.9220092,0.025628062,0.026298465,0.9220092296600342,True,True,0.977608,0.95620817,0.974264705877236,0.999254226052163,0.9809624537229986,0.0,1904.0,1891.0,False
d:\Research\Multi-View Fusion Network\datasets\brisc2025\classification_task\test\meningioma\brisc2025_test_00462_me_co_t1.jpg,meningioma,meningioma,coronal,0.026264697,0.922359,0.02498333,0.026393002,0.9223589897155762,True,True,0.9523402,0.9090414,0.9339305711033935,0.9989873940894816,0.9714618520619018,0.0,1786.0,1717.0,False
d:\Research\Multi-View Fusion Network\datasets\brisc2025\classification_task\test\meningioma\brisc2025_test_00463_me_co_t1.jpg,meningioma,meningioma,coronal,0.025746908,0.9213841,0.026053563,0.02681543,0.9213840961456299,True,True,0.8992016,0.817029,0.8302583025677074,0.9998186726838458,0.9803921568413858,1.4142135623730951,542.0,459.0,False
d:\Research\Multi-View Fusion Network\datasets\brisc2025\classification_task\test\meningioma\brisc2025_test_00464_me_co_t1.jpg,meningioma,meningioma,coronal,0.025935724,0.9216302,0.026284639,0.02614943,0.9216302037239075,True,True,0.97947294,0.9597826,0.9735245449477468,0.9994623989411329,0.9854829704020912,0.0,1813.0,1791.0,False
d:\Research\Multi-View Fusion Network\datasets\brisc2025\classification_task\test\meningioma\brisc2025_test_00465_me_co_t1.jpg,meningioma,meningioma,coronal,0.02594364,0.9225639,0.02527954,0.026212813,0.922563910484314,True,True,0.97855824,0.95803183,0.9829123328307362,0.9992832275238585,0.9742268041165374,0.0,1346.0,1358.0,False
d:\Research\Multi-View Fusion Network\datasets\brisc2025\classification_task\test\meningioma\brisc2025_test_00466_me_co_t1.jpg,meningioma,meningioma,coronal,0.026099902,0.9014132,0.045341402,0.02714557,0.9014132022857666,True,True,0.94061303,0.8880866,0.9683794466020403,0.9995392905071812,0.9141791044435007,1.0,253.0,268.0,False
d:\Research\Multi-View Fusion Network\datasets\brisc2025\classification_task\test\meningioma\brisc2025_test_00467_me_co_t1.jpg,meningioma,meningioma,coronal,0.025539152,0.9215198,0.026286602,0.026654407,0.9215198159217834,True,True,0.91183823,0.8379958,0.8852603706933573,0.9973283239405141,0.9400187441380505,2.0,2266.0,2134.0,False
d:\Research\Multi-View Fusion Network\datasets\brisc2025\classification_task\test\meningioma\brisc2025_test_00468_me_co_t1.jpg,meningioma,meningioma,coronal,0.02592798,0.92083013,0.027253192,0.025988631,0.9208301305770874,True,True,0.97884613,0.9585799,0.9647887323891399,0.99975170701407,0.9933073061852019,0.0,1846.0,1793.0,False
d:\Research\Multi-View Fusion Network\datasets\brisc2025\classification_task\test\meningioma\brisc2025_test_00469_me_co_t1.jpg,meningioma,meningioma,coronal,0.025797412,0.92278355,0.025061367,0.026357654,0.9227835536003113,True,True,0.9825843,0.96578366,0.9743589743481119,0.9998376590432031,0.9909297052041844,0.0,897.0,882.0,False
d:\Research\Multi-View Fusion Network\datasets\brisc2025\classification_task\test\meningioma\brisc2025_test_00470_me_co_t1.jpg,meningioma,meningioma,coronal,0.026014505,0.9223519,0.024905555,0.026727961,0.9223518967628479,True,True,0.9401575,0.88724035,0.9283489096284003,0.9996991274694615,0.9520766772858761,1.0,321.0,313.0,False
d:\Research\Multi-View Fusion Network\datasets\brisc2025\classification_task\test\meningioma\brisc2025_test_00471_me_co_t1.jpg,meningioma,meningioma,coronal,0.026422966,0.9207942,0.02638422,0.026398677,0.9207941889762878,True,True,0.4784264,0.315,0.31810490693201177,0.9998386608851468,0.9591836734204497,19.834300230862443,591.0,196.0,False
d:\Research\Multi-View Fusion Network\datasets\brisc2025\classification_task\test\meningioma\brisc2025_test_00472_me_co_t1.jpg,meningioma,meningioma,coronal,0.025671465,0.9232143,0.024035221,0.02707894,0.923214316368103,True,True,0.9680069,0.93802345,0.9523404255238099,0.9996326605577438,0.9841688654267005,0.0,1175.0,1137.0,False
d:\Research\Multi-View Fusion Network\datasets\brisc2025\classification_task\test\meningioma\brisc2025_test_00473_me_co_t1.jpg,meningioma,meningioma,coronal,0.025359945,0.9226705,0.025654634,0.026315022,0.9226704835891724,True,True,0.9752802,0.95176667,0.9786497403290326,0.9989885019505401,0.9719197707680692,0.0,1733.0,1745.0,False
d:\Research\Multi-View Fusion Network\datasets\brisc2025\classification_task\test\meningioma\brisc2025_test_00474_me_co_t1.jpg,meningioma,meningioma,coronal,0.025633413,0.9223383,0.025615782,0.026412452,0.9223383069038391,True,True,0.97374606,0.948855,0.9818181818104205,0.999100406861238,0.9657853810189286,0.0,1265.0,1286.0,False
d:\Research\Multi-View Fusion Network\datasets\brisc2025\classification_task\test\meningioma\brisc2025_test_00475_me_co_t1.jpg,meningioma,meningioma,coronal,0.025207931,0.9215241,0.027071334,0.026196633,0.9215241074562073,True,True,0.96319795,0.9290953,0.9717948717699539,0.9996384525768289,0.9546599495981194,0.0,390.0,397.0,False
d:\Research\Multi-View Fusion Network\datasets\brisc2025\classification_task\test\meningioma\brisc2025_test_00476_me_co_t1.jpg,meningioma,meningioma,coronal,0.027469305,0.91971564,0.026424898,0.026390119,0.9197156429290771,True,True,0.97527474,0.95178574,0.974358974341129,0.9997380616560549,0.9761467889729147,0.0,546.0,545.0,False
d:\Research\Multi-View Fusion Network\datasets\brisc2025\classification_task\test\meningioma\brisc2025_test_00477_me_co_t1.jpg,meningioma,meningioma,coronal,0.026148666,0.92057085,0.026315697,0.026964823,0.9205708503723145,True,True,0.9767076,0.9544895,0.9904214559323729,0.9987862579714054,0.9633540372610973,0.0,1566.0,1610.0,False
d:\Research\Multi-View Fusion Network\datasets\brisc2025\classification_task\test\meningioma\brisc2025_test_00478_me_sa_t1.jpg,meningioma,meningioma,sagittal,0.025325136,0.9219061,0.026167227,0.026601609,0.9219061136245728,True,True,0.9732422,0.94789356,0.9584969153058974,0.9995867170869756,0.9884326200058506,0.0,1783.0,1729.0,False
d:\Research\Multi-View Fusion Network\datasets\brisc2025\classification_task\test\meningioma\brisc2025_test_00479_me_sa_t1.jpg,meningioma,meningioma,sagittal,0.025479253,0.92257154,0.025854202,0.026095102,0.9225715398788452,True,True,0.9760447,0.95322245,0.9823151125349286,0.9988201200577523,0.9698412698361385,0.0,1866.0,1890.0,False
d:\Research\Multi-View Fusion Network\datasets\brisc2025\classification_task\test\meningioma\brisc2025_test_00480_me_sa_t1.jpg,meningioma,meningioma,sagittal,0.025545908,0.9221634,0.026064267,0.02622639,0.9221634268760681,True,True,0.96641076,0.9350167,0.9398805078381632,0.9997052507471895,0.9944685894863909,0.0,2678.0,2531.0,False
d:\Research\Multi-View Fusion Network\datasets\brisc2025\classification_task\test\meningioma\brisc2025_test_00481_me_sa_t1.jpg,meningioma,meningioma,sagittal,0.026296264,0.92051256,0.026589792,0.02660137,0.9205125570297241,True,True,0.9522506,0.9088799,0.9690402476720184,0.9977965857373206,0.9360047846833972,0.0,1615.0,1672.0,False
d:\Research\Multi-View Fusion Network\datasets\brisc2025\classification_task\test\meningioma\brisc2025_test_00482_me_sa_t1.jpg,meningioma,meningioma,sagittal,0.025923481,0.9195104,0.027419673,0.027146356,0.9195104241371155,True,True,0.9473376,0.9,0.9120631341498077,0.9997565379697296,0.9853836784289235,1.0,887.0,821.0,False
d:\Research\Multi-View Fusion Network\datasets\brisc2025\classification_task\test\meningioma\brisc2025_test_00483_me_sa_t1.jpg,meningioma,meningioma,sagittal,0.026460432,0.9210568,0.025994884,0.026487872,0.9210568070411682,True,True,0.9011329,0.8202247,0.9864559819190416,0.9981903363961558,0.8292220113694645,1.0,443.0,527.0,False
d:\Research\Multi-View Fusion Network\datasets\brisc2025\classification_task\test\meningioma\brisc2025_test_00484_me_sa_t1.jpg,meningioma,meningioma,sagittal,0.026604515,0.92056197,0.026169917,0.026663661,0.9205619692802429,True,True,0.9628791,0.92844677,0.9525089605649417,0.9994088870768448,0.9734432234343092,0.0,1116.0,1092.0,False
d:\Research\Multi-View Fusion Network\datasets\brisc2025\classification_task\test\meningioma\brisc2025_test_00485_me_sa_t1.jpg,meningioma,meningioma,sagittal,0.026974928,0.918757,0.02775919,0.026508877,0.9187570214271545,True,True,0.96681666,0.9357998,0.9544444444338395,0.9996347106094245,0.979475484595445,0.0,900.0,877.0,False
d:\Research\Multi-View Fusion Network\datasets\brisc2025\classification_task\test\meningioma\brisc2025_test_00486_me_sa_t1.jpg,meningioma,meningioma,sagittal,0.026393902,0.9204477,0.02661306,0.026545348,0.9204477071762085,True,True,0.960303,0.9236597,0.9605821710069098,0.9986399324085564,0.9599999999941818,0.0,1649.0,1650.0,False
d:\Research\Multi-View Fusion Network\datasets\brisc2025\classification_task\test\meningioma\brisc2025_test_00487_me_sa_t1.jpg,meningioma,meningioma,sagittal,0.02674564,0.919963,0.02649626,0.026795154,0.919963002204895,True,True,0.9542824,0.9126106,0.9614935822524913,0.9990672965792091,0.9471264367707227,0.0,857.0,870.0,False
d:\Research\Multi-View Fusion Network\datasets\brisc2025\classification_task\test\meningioma\brisc2025_test_00488_me_sa_t1.jpg,meningioma,meningioma,sagittal,0.02659043,0.9195421,0.027308512,0.026558952,0.9195420742034912,True,True,0.98134327,0.96337783,0.9755565255304428,0.9993943823742301,0.9871908127164877,0.0,2291.0,2264.0,False
d:\Research\Multi-View Fusion Network\datasets\brisc2025\classification_task\test\meningioma\brisc2025_test_00489_me_sa_t1.jpg,meningioma,meningioma,sagittal,0.025323715,0.9224926,0.025911154,0.026272476,0.9224926233291626,True,True,0.97018,0.9421158,0.969167523114397,0.9994309290081907,0.9711637487026656,0.0,973.0,971.0,False
d:\Research\Multi-View Fusion Network\datasets\brisc2025\classification_task\test\meningioma\brisc2025_test_00490_me_sa_t1.jpg,meningioma,meningioma,sagittal,0.02796275,0.9203063,0.025499623,0.026231298,0.9203063249588013,True,True,0.9699248,0.9416283,0.9600313479548588,0.9994887525560329,0.97999999999216,0.0,1276.0,1250.0,False
d:\Research\Multi-View Fusion Network\datasets\brisc2025\classification_task\test\meningioma\brisc2025_test_00491_me_sa_t1.jpg,meningioma,meningioma,sagittal,0.025857601,0.9230894,0.0253096,0.02574341,0.9230893850326538,True,True,0.96135265,0.9256017,0.986581096843719,0.9976682761749417,0.9373614190635402,0.0,1714.0,1804.0,False
d:\Research\Multi-View Fusion Network\datasets\brisc2025\classification_task\test\meningioma\brisc2025_test_00492_me_sa_t1.jpg,meningioma,meningioma,sagittal,0.026122995,0.9217529,0.025866032,0.026258064,0.9217529296875,True,True,0.97202146,0.9455782,0.9625866050763854,0.999187686155048,0.9816297691899123,0.0,2165.0,2123.0,False
d:\Research\Multi-View Fusion Network\datasets\brisc2025\classification_task\test\meningioma\brisc2025_test_00493_me_sa_t1.jpg,meningioma,meningioma,sagittal,0.03269579,0.91607904,0.024581179,0.026643977,0.916079044342041,True,True,0.9078777,0.8313167,0.9051679586539918,0.9925711570852606,0.9105796724696892,2.0,3870.0,3847.0,False
d:\Research\Multi-View Fusion Network\datasets\brisc2025\classification_task\test\meningioma\brisc2025_test_00494_me_sa_t1.jpg,meningioma,meningioma,sagittal,0.026023595,0.92175406,0.025545795,0.026676565,0.9217540621757507,True,True,0.9772066,0.95545024,0.9757751937889946,0.9995523359919829,0.9786200194268356,0.0,1032.0,1029.0,False
d:\Research\Multi-View Fusion Network\datasets\brisc2025\classification_task\test\meningioma\brisc2025_test_00495_me_sa_t1.jpg,meningioma,meningioma,sagittal,0.026628055,0.92094886,0.02592828,0.026494794,0.92094886302948,True,True,0.942001,0.89041096,0.9502439024297538,0.9985961628449068,0.9338446788021684,1.0,1025.0,1043.0,False
d:\Research\Multi-View Fusion Network\datasets\brisc2025\classification_task\test\meningioma\brisc2025_test_00496_me_sa_t1.jpg,meningioma,meningioma,sagittal,0.027604125,0.9198131,0.025984243,0.026598532,0.9198130965232849,True,True,0.91890776,0.85003823,0.947098976101134,0.9972655293443399,0.8922829581921843,1.0,1172.0,1244.0,False
d:\Research\Multi-View Fusion Network\datasets\brisc2025\classification_task\test\meningioma\brisc2025_test_00497_me_sa_t1.jpg,meningioma,meningioma,sagittal,0.025612883,0.9208687,0.027140716,0.0263778,0.9208686947822571,True,True,0.9676332,0.9373368,0.945910290224988,0.9998583512078596,0.9903314916990286,0.0,758.0,724.0,False
d:\Research\Multi-View Fusion Network\datasets\brisc2025\classification_task\test\meningioma\brisc2025_test_00498_me_sa_t1.jpg,meningioma,meningioma,sagittal,0.026066808,0.9219653,0.025491921,0.026475975,0.9219653010368347,True,True,0.98243046,0.9654776,0.9676860934739314,0.9999174287304669,0.9976204640035835,0.0,1733.0,1681.0,False
d:\Research\Multi-View Fusion Network\datasets\brisc2025\classification_task\test\meningioma\brisc2025_test_00499_me_sa_t1.jpg,meningioma,meningioma,sagittal,0.026301896,0.92051935,0.026931517,0.026247242,0.9205193519592285,True,True,0.95152795,0.9076305,0.9260780287284173,0.9997987482136892,0.9783080260091473,0.0,487.0,461.0,False
d:\Research\Multi-View Fusion Network\datasets\brisc2025\classification_task\test\meningioma\brisc2025_test_00500_me_sa_t1.jpg,meningioma,meningioma,sagittal,0.027085846,0.91860306,0.028620008,0.025691109,0.9186030626296997,True,True,0.8383372,0.7222222,0.90049751239301,0.9989994997496751,0.7835497835158636,2.0,201.0,231.0,False
d:\Research\Multi-View Fusion Network\datasets\brisc2025\classification_task\test\meningioma\brisc2025_test_00501_me_sa_t1.jpg,meningioma,meningioma,sagittal,0.02628566,0.9209277,0.026768753,0.026017826,0.9209277033805847,True,True,0.97401845,0.94938135,0.9623287671123022,0.9997565922918865,0.98596491226917,0.0,876.0,855.0,False
d:\Research\Multi-View Fusion Network\datasets\brisc2025\classification_task\test\meningioma\brisc2025_test_00502_me_sa_t1.jpg,meningioma,meningioma,sagittal,0.02632673,0.9208998,0.026099412,0.026674043,0.9208998084068298,True,True,0.93214864,0.8731118,0.9350649350345758,0.9995588353250583,0.9290322580345474,1.0,308.0,310.0,False
d:\Research\Multi-View Fusion Network\datasets\brisc2025\classification_task\test\meningioma\brisc2025_test_00503_me_sa_t1.jpg,meningioma,meningioma,sagittal,0.027919188,0.9075594,0.03758656,0.026934844,0.9075593948364258,True,True,0.94233686,0.89111745,0.9687499999697265,0.9994383825415197,0.9171597632864745,1.0,320.0,338.0,False
d:\Research\Multi-View Fusion Network\datasets\brisc2025\classification_task\test\meningioma\brisc2025_test_00504_me_sa_t1.jpg,meningioma,meningioma,sagittal,0.026322847,0.9209798,0.02578809,0.02690923,0.9209797978401184,True,True,0.9285714,0.8669202,0.900793650757905,0.9997996955370163,0.957805907132582,1.0,252.0,237.0,False
d:\Research\Multi-View Fusion Network\datasets\brisc2025\classification_task\test\meningioma\brisc2025_test_00505_me_sa_t1.jpg,meningioma,meningioma,sagittal,0.025771637,0.9193291,0.028283587,0.026615672,0.9193291068077087,True,True,0.9645522,0.9315726,0.9639303482467173,0.9994328769340923,0.9651307596392885,0.0,804.0,803.0,False
d:\Research\Multi-View Fusion Network\datasets\brisc2025\classification_task\test\meningioma\brisc2025_test_00506_me_sa_t1.jpg,meningioma,meningioma,sagittal,0.0262848,0.9202706,0.027110744,0.026333923,0.9202706217765808,True,True,0.94292605,0.89209723,0.9559543229860367,0.999112240986018,0.9301587301439658,1.0,613.0,630.0,False
d:\Research\Multi-View Fusion Network\datasets\brisc2025\classification_task\test\meningioma\brisc2025_test_00507_me_sa_t1.jpg,meningioma,meningioma,sagittal,0.026982391,0.92191195,0.024259824,0.026845811,0.9219119548797607,True,True,0.9594937,0.9222042,0.9709401709235737,0.9993748865719588,0.9482470784482764,0.0,585.0,599.0,False
d:\Research\Multi-View Fusion Network\datasets\brisc2025\classification_task\test\meningioma\brisc2025_test_00508_me_sa_t1.jpg,meningioma,meningioma,sagittal,0.026064413,0.92050004,0.026799472,0.02663609,0.9205000400543213,True,True,0.9554688,0.9147982,0.974481658676643,0.999172536277019,0.937116564402805,0.0,627.0,652.0,False
d:\Research\Multi-View Fusion Network\datasets\brisc2025\classification_task\test\meningioma\brisc2025_test_00509_me_sa_t1.jpg,meningioma,meningioma,sagittal,0.028958296,0.91678095,0.027576514,0.026684241,0.916780948638916,True,True,0.96153843,0.92597765,0.935028248574364,0.9998584943800033,0.9895366218088261,0.0,708.0,669.0,False
d:\Research\Multi-View Fusion Network\datasets\brisc2025\classification_task\test\meningioma\brisc2025_test_00510_me_sa_t1.jpg,meningioma,meningioma,sagittal,0.025822885,0.92267257,0.025281182,0.02622328,0.9226725697517395,True,True,0.97694135,0.95493704,0.9762711864340593,0.9993223958438227,0.9775967413375588,0.0,1475.0,1473.0,False
d:\Research\Multi-View Fusion Network\datasets\brisc2025\classification_task\test\meningioma\brisc2025_test_00511_me_sa_t1.jpg,meningioma,meningioma,sagittal,0.026105199,0.9227969,0.024459224,0.02663861,0.922796905040741,True,True,0.97379124,0.9489437,0.9702702702615292,0.9994904822074351,0.9773139745827831,0.0,1110.0,1102.0,False
d:\Research\Multi-View Fusion Network\datasets\brisc2025\classification_task\test\meningioma\brisc2025_test_00512_me_sa_t1.jpg,meningioma,meningioma,sagittal,0.029632984,0.91898036,0.024994923,0.026391705,0.9189803600311279,True,True,0.9445983,0.8951049,0.9659735349533842,0.9991540274334806,0.9240506328946826,1.0,529.0,553.0,False
d:\Research\Multi-View Fusion Network\datasets\brisc2025\classification_task\test\meningioma\brisc2025_test_00513_me_sa_t1.jpg,meningioma,meningioma,sagittal,0.026531886,0.9186488,0.028532667,0.026286729,0.9186487793922424,True,True,0.9107612,0.83653843,0.9829545453986958,0.9993799999998002,0.848039215644704,1.0,176.0,204.0,False
d:\Research\Multi-View Fusion Network\datasets\brisc2025\classification_task\test\meningioma\brisc2025_test_00514_me_sa_t1.jpg,meningioma,meningioma,sagittal,0.026013412,0.9197497,0.027276201,0.026960649,0.9197496771812439,True,True,0.9782214,0.95739645,0.9817739975579372,0.999574493951533,0.9746682750183997,0.0,823.0,829.0,False
d:\Research\Multi-View Fusion Network\datasets\brisc2025\classification_task\test\meningioma\brisc2025_test_00515_me_sa_t1.jpg,meningioma,meningioma,sagittal,0.026528897,0.92066896,0.026070826,0.026731262,0.9206689596176147,True,True,0.9785684,0.9580537,0.9827734711370993,0.9993879424663881,0.9743808710420634,0.0,1161.0,1171.0,False
d:\Research\Multi-View Fusion Network\datasets\brisc2025\classification_task\test\meningioma\brisc2025_test_00516_me_sa_t1.jpg,meningioma,meningioma,sagittal,0.025540447,0.9216476,0.02611951,0.02669247,0.9216476082801819,True,True,0.96651644,0.93524283,0.9664948453483699,0.999473684210324,0.9664948453483699,0.0,776.0,776.0,False
d:\Research\Multi-View Fusion Network\datasets\brisc2025\classification_task\test\meningioma\brisc2025_test_00517_me_sa_t1.jpg,meningioma,meningioma,sagittal,0.026311215,0.92089504,0.026336936,0.026456783,0.9208950400352478,True,True,0.8720787,0.77342045,0.8634146341252825,0.9990354860746296,0.8805970149034678,2.0,410.0,402.0,False
d:\Research\Multi-View Fusion Network\datasets\brisc2025\classification_task\test\meningioma\brisc2025_test_00518_me_sa_t1.jpg,meningioma,meningioma,sagittal,0.02637618,0.9214022,0.025888426,0.026333164,0.9214022159576416,True,True,0.9777319,0.95644367,0.9829178208634215,0.9987502603622165,0.9725902238420622,0.0,2166.0,2189.0,False
d:\Research\Multi-View Fusion Network\datasets\brisc2025\classification_task\test\meningioma\brisc2025_test_00519_me_sa_t1.jpg,meningioma,meningioma,sagittal,0.025420722,0.92183954,0.025965184,0.02677465,0.9218395352363586,True,True,0.9653996,0.933145,0.9464627150961142,0.9996946875634033,0.9850746268558699,0.0,1046.0,1005.0,False
d:\Research\Multi-View Fusion Network\datasets\brisc2025\classification_task\test\meningioma\brisc2025_test_00520_me_sa_t1.jpg,meningioma,meningioma,sagittal,0.026179748,0.9214698,0.025896728,0.026453685,0.9214698076248169,True,True,0.95431834,0.9126876,0.9435028248454307,0.9995148378747879,0.9653179190611948,0.0,708.0,692.0,False
d:\Research\Multi-View Fusion Network\datasets\brisc2025\classification_task\test\meningioma\brisc2025_test_00521_me_sa_t1.jpg,meningioma,meningioma,sagittal,0.026344884,0.91982305,0.02729577,0.026536321,0.9198230504989624,True,True,0.872549,0.7745665,0.9708029196371676,0.9993005455742523,0.7916666666195437,1.3313708498984809,137.0,168.0,False
d:\Research\Multi-View Fusion Network\datasets\brisc2025\classification_task\test\meningioma\brisc2025_test_00522_me_sa_t1.jpg,meningioma,meningioma,sagittal,0.02745634,0.91884375,0.027246563,0.026453339,0.9188437461853027,True,True,0.9411085,0.8888889,0.9334862385106999,0.9995577000400082,0.948717948695834,1.0,436.0,429.0,False
d:\Research\Multi-View Fusion Network\datasets\brisc2025\classification_task\test\meningioma\brisc2025_test_00523_me_sa_t1.jpg,meningioma,meningioma,sagittal,0.026589759,0.91756564,0.02871867,0.02712593,0.917565643787384,True,True,0.90773404,0.8312655,0.9794721407337398,0.9987759606700113,0.8455696202317577,1.0,341.0,395.0,False
d:\Research\Multi-View Fusion Network\datasets\brisc2025\classification_task\test\meningioma\brisc2025_test_00524_me_sa_t1.jpg,meningioma,meningioma,sagittal,0.026653241,0.92072403,0.025586607,0.027036108,0.9207240343093872,True,True,0.94674724,0.8989071,0.9903614457771666,0.9965166130758932,0.9067843353507624,1.0,1660.0,1813.0,False
d:\Research\Multi-View Fusion Network\datasets\brisc2025\classification_task\test\meningioma\brisc2025_test_00525_me_sa_t1.jpg,meningioma,meningioma,sagittal,0.027211538,0.92168045,0.024291337,0.026816705,0.9216804504394531,True,True,0.95890784,0.92107993,0.9321766561465186,0.999523553051125,0.9871937639143252,0.0,1902.0,1796.0,False
d:\Research\Multi-View Fusion Network\datasets\brisc2025\classification_task\test\meningioma\brisc2025_test_00526_me_sa_t1.jpg,meningioma,meningioma,sagittal,0.025712749,0.9202162,0.027076304,0.026994836,0.9202162027359009,True,True,0.8360465,0.7185629,0.9624664879098535,0.9974499528138873,0.7386831275568172,2.0236067977499577,373.0,486.0,False
d:\Research\Multi-View Fusion Network\datasets\brisc2025\classification_task\test\meningioma\brisc2025_test_00527_me_sa_t1.jpg,meningioma,meningioma,sagittal,0.025413603,0.920877,0.027876554,0.02583285,0.9208769798278809,True,True,0.91534394,0.84415585,0.8809523809224166,0.9997393849482781,0.9522058823179336,1.0,294.0,272.0,False
d:\Research\Multi-View Fusion Network\datasets\brisc2025\classification_task\test\meningioma\brisc2025_test_00528_me_sa_t1.jpg,meningioma,meningioma,sagittal,0.05697056,0.886719,0.026944198,0.029366251,0.8867189884185791,True,True,0.9334471,0.87526655,0.9050772626831669,0.9993708138824845,0.9635722679087712,1.0,906.0,851.0,False
d:\Research\Multi-View Fusion Network\datasets\brisc2025\classification_task\test\meningioma\brisc2025_test_00529_me_sa_t1.jpg,meningioma,meningioma,sagittal,0.025435435,0.92123675,0.026734857,0.026592856,0.9212367534637451,True,True,0.9579694,0.9193717,0.9379679144284709,0.9996141426857701,0.9787946428462188,0.0,935.0,896.0,False
d:\Research\Multi-View Fusion Network\datasets\brisc2025\classification_task\test\meningioma\brisc2025_test_00530_me_sa_t1.jpg,meningioma,meningioma,sagittal,0.026160017,0.92251015,0.024701202,0.026628662,0.9225101470947266,True,True,0.98170173,0.9640933,0.9798903107681921,0.9998186544155636,0.9834862385140645,0.0,547.0,545.0,False
d:\Research\Multi-View Fusion Network\datasets\brisc2025\classification_task\test\meningioma\brisc2025_test_00531_me_sa_t1.jpg,meningioma,meningioma,sagittal,0.026835214,0.9209252,0.025814243,0.026425434,0.9209251999855042,True,True,0.96714455,0.9364162,0.9630952380837726,0.9995135398084565,0.9711884753784972,0.0,840.0,833.0,False
d:\Research\Multi-View Fusion Network\datasets\brisc2025\classification_task\test\meningioma\brisc2025_test_00532_me_sa_t1.jpg,meningioma,meningioma,sagittal,0.02557874,0.9198255,0.027638327,0.026957491,0.9198254942893982,True,True,0.9683043,0.9385875,0.9734325185868923,0.9992891235907385,0.9631966351107971,0.0,941.0,951.0,False
d:\Research\Multi-View Fusion Network\datasets\brisc2025\classification_task\test\meningioma\brisc2025_test_00533_me_sa_t1.jpg,meningioma,meningioma,sagittal,0.033600736,0.9154287,0.023265244,0.027705356,0.9154286980628967,True,True,0.9592652,0.92177916,0.9661835748636686,0.9993946120470186,0.9523809523658352,0.0,621.0,630.0,False
d:\Research\Multi-View Fusion Network\datasets\brisc2025\classification_task\test\meningioma\brisc2025_test_00534_me_sa_t1.jpg,meningioma,meningioma,sagittal,0.026791595,0.92293245,0.023800977,0.02647494,0.9229324460029602,True,True,0.9661186,0.9344894,0.9817629179231837,0.9989835125737464,0.9509322865461145,0.0,987.0,1019.0,False
d:\Research\Multi-View Fusion Network\datasets\brisc2025\classification_task\test\meningioma\brisc2025_test_00535_me_sa_t1.jpg,meningioma,meningioma,sagittal,0.02636469,0.9193698,0.028173456,0.02609194,0.9193698167800903,True,True,0.9518443,0.9082031,0.9626556016397789,0.9994164285424801,0.9411764705691444,0.0,482.0,493.0,False
d:\Research\Multi-View Fusion Network\datasets\brisc2025\classification_task\test\meningioma\brisc2025_test_00536_me_sa_t1.jpg,meningioma,meningioma,sagittal,0.02624861,0.9202846,0.027200319,0.02626642,0.920284628868103,True,True,0.97038674,0.94248927,0.9690949227330283,0.9986641898518089,0.9716688800311126,0.0,2265.0,2259.0,False
d:\Research\Multi-View Fusion Network\datasets\brisc2025\classification_task\test\meningioma\brisc2025_test_00537_me_sa_t1.jpg,meningioma,meningioma,sagittal,0.025921967,0.92145395,0.026195936,0.026428128,0.9214539527893066,True,True,0.9764653,0.954023,0.9659650694090195,0.9994159731345558,0.9871853546865575,0.0,2233.0,2185.0,False
d:\Research\Multi-View Fusion Network\datasets\brisc2025\classification_task\test\meningioma\brisc2025_test_00538_me_sa_t1.jpg,meningioma,meningioma,sagittal,0.025927069,0.9226708,0.02469732,0.02670482,0.9226707816123962,True,True,0.8615717,0.756962,0.9598070739395529,0.9966299390561819,0.7814136125552171,6.383482008158826,622.0,764.0,False
d:\Research\Multi-View Fusion Network\datasets\brisc2025\classification_task\test\meningioma\brisc2025_test_00539_me_sa_t1.jpg,meningioma,meningioma,sagittal,0.027016709,0.92105025,0.025153771,0.026779253,0.9210502505302429,True,True,0.92831415,0.86626345,0.8988136775931695,0.9988921486160067,0.9597615499183327,1.0,1433.0,1342.0,False
d:\Research\Multi-View Fusion Network\datasets\brisc2025\classification_task\test\meningioma\brisc2025_test_00540_me_sa_t1.jpg,meningioma,meningioma,sagittal,0.026181877,0.92156714,0.025746398,0.026504556,0.9215671420097351,True,True,0.9816259,0.963921,0.9741913282829519,0.9993441929339963,0.9891684136932594,0.0,2906.0,2862.0,False
d:\Research\Multi-View Fusion Network\datasets\brisc2025\classification_task\test\meningioma\brisc2025_test_00541_me_sa_t1.jpg,meningioma,meningioma,sagittal,0.027114186,0.9198953,0.026314918,0.026675602,0.9198952913284302,True,True,0.9103594,0.8355314,0.8936877076337735,0.998284734133587,0.9275862068885554,1.4142135623730951,1204.0,1160.0,False
d:\Research\Multi-View Fusion Network\datasets\brisc2025\classification_task\test\meningioma\brisc2025_test_00542_me_sa_t1.jpg,meningioma,meningioma,sagittal,0.026803344,0.9197464,0.027199544,0.026250685,0.9197463989257812,True,True,0.9248252,0.8603896,0.8684210526030124,0.9999398460055743,0.9887640449067878,1.0,304.0,267.0,False
d:\Research\Multi-View Fusion Network\datasets\brisc2025\classification_task\test\meningioma\brisc2025_test_00543_me_sa_t1.jpg,meningioma,meningioma,sagittal,0.028046157,0.92082894,0.025104906,0.02601998,0.9208289384841919,True,True,0.9033522,0.8238095,0.9990366088535739,0.9955024624524818,0.8243243243177717,2.0,1038.0,1258.0,False
d:\Research\Multi-View Fusion Network\datasets\brisc2025\classification_task\test\meningioma\brisc2025_test_00544_me_sa_t1.jpg,meningioma,meningioma,sagittal,0.02686043,0.9207595,0.025654403,0.026725663,0.9207594990730286,True,True,0.93263155,0.87401575,0.9567099566685406,0.9995595154668137,0.9094650205387051,1.0,231.0,243.0,False
d:\Research\Multi-View Fusion Network\datasets\brisc2025\classification_task\test\meningioma\brisc2025_test_00545_me_sa_t1.jpg,meningioma,meningioma,sagittal,0.025944186,0.92010224,0.027285518,0.02666804,0.9201022386550903,True,True,0.9585826,0.9204947,0.9876660341462272,0.998432474247588,0.931127012514033,0.0,1054.0,1118.0,False
d:\Research\Multi-View Fusion Network\datasets\brisc2025\classification_task\test\meningioma\brisc2025_test_00546_me_sa_t1.jpg,meningioma,meningioma,sagittal,0.026108477,0.9234056,0.02437865,0.02610732,0.9234055876731873,True,True,0.9692716,0.9403973,0.9876256767131661,0.9986702943761638,0.9515648286069184,0.0,1293.0,1342.0,False
d:\Research\Multi-View Fusion Network\datasets\brisc2025\classification_task\test\meningioma\brisc2025_test_00547_me_sa_t1.jpg,meningioma,meningioma,sagittal,0.025829103,0.92168206,0.026248368,0.026240481,0.9216820597648621,True,True,0.9825638,0.96573603,0.9800257731895617,0.9995269825598472,0.985103626936625,0.0,1552.0,1544.0,False
d:\Research\Multi-View Fusion Network\datasets\brisc2025\classification_task\test\meningioma\brisc2025_test_00548_me_sa_t1.jpg,meningioma,meningioma,sagittal,0.026609328,0.92179114,0.025293559,0.026306,0.921791136264801,True,True,0.9562757,0.9162561,0.9768664563514525,0.9987201625188423,0.9364919354744305,0.0,951.0,992.0,False
d:\Research\Multi-View Fusion Network\datasets\brisc2025\classification_task\test\meningioma\brisc2025_test_00549_me_sa_t1.jpg,meningioma,meningioma,sagittal,0.02575065,0.9205451,0.027491914,0.026212381,0.9205451011657715,True,True,0.97242737,0.9463602,0.9919597989850054,0.9990240133382813,0.9536231883965834,0.0,995.0,1035.0,False
d:\Research\Multi-View Fusion Network\datasets\brisc2025\classification_task\test\meningioma\brisc2025_test_00550_me_sa_t1.jpg,meningioma,meningioma,sagittal,0.02719894,0.9195761,0.027078122,0.026146827,0.919576108455658,True,True,0.92511415,0.860781,0.9166666666500604,0.9992745445750042,0.9335793357761332,1.0,552.0,542.0,False
d:\Research\Multi-View Fusion Network\datasets\brisc2025\classification_task\test\meningioma\brisc2025_test_00551_me_sa_t1.jpg,meningioma,meningioma,sagittal,0.02668877,0.9208172,0.025417244,0.027076708,0.9208171963691711,True,True,0.9849162,0.97029704,0.9910011248482452,0.9996145028098689,0.9788888888780123,0.0,889.0,900.0,False
d:\Research\Multi-View Fusion Network\datasets\brisc2025\classification_task\test\meningioma\brisc2025_test_00552_me_sa_t1.jpg,meningioma,meningioma,sagittal,0.026585314,0.9183224,0.029101485,0.025990749,0.9183223843574524,True,True,0.92941177,0.8683386,0.9261744966132156,0.9995990216125347,0.9324324324009313,1.0,298.0,296.0,False
d:\Research\Multi-View Fusion Network\datasets\brisc2025\classification_task\test\meningioma\brisc2025_test_00553_me_sa_t1.jpg,meningioma,meningioma,sagittal,0.025670255,0.92129964,0.026355417,0.026674695,0.9212996363639832,True,True,0.9629014,0.92849517,0.9518072289052376,0.9995331181615007,0.9742152466258496,0.0,913.0,892.0,False
d:\Research\Multi-View Fusion Network\datasets\brisc2025\classification_task\test\meningioma\brisc2025_test_00554_me_sa_t1.jpg,meningioma,meningioma,sagittal,0.025740651,0.9220241,0.025741303,0.026493961,0.9220240712165833,True,True,0.98544204,0.97130936,0.9930629669103893,0.9991304707877523,0.9779295848608622,0.0,1874.0,1903.0,False
d:\Research\Multi-View Fusion Network\datasets\brisc2025\classification_task\test\meningioma\brisc2025_test_00555_me_sa_t1.jpg,meningioma,meningioma,sagittal,0.026577722,0.92008287,0.02687514,0.026464233,0.9200828671455383,True,True,0.9670646,0.936255,0.967051070832232,0.9991830399082965,0.967051070832232,0.0,1214.0,1214.0,False
d:\Research\Multi-View Fusion Network\datasets\brisc2025\classification_task\test\meningioma\brisc2025_test_00556_me_sa_t1.jpg,meningioma,meningioma,sagittal,0.025821334,0.9196793,0.028240955,0.026258407,0.9196792840957642,True,True,0.9472318,0.8998358,0.9855855855678273,0.9989319038308381,0.9116666666514722,1.0,555.0,600.0,False
d:\Research\Multi-View Fusion Network\datasets\brisc2025\classification_task\test\meningioma\brisc2025_test_00557_me_sa_t1.jpg,meningioma,meningioma,sagittal,0.026368612,0.9191705,0.02847422,0.0259867,0.9191704988479614,True,True,0.9640565,0.9306931,0.994694960185817,0.9994779011624733,0.9351620947397715,0.0,377.0,401.0,False
d:\Research\Multi-View Fusion Network\datasets\brisc2025\classification_task\test\meningioma\brisc2025_test_00558_me_sa_t1.jpg,meningioma,meningioma,sagittal,0.028278984,0.9171472,0.028427152,0.026146596,0.9171472191810608,True,True,0.8903509,0.8031496,0.9999999999009902,0.9995007488764854,0.8015873015236836,1.0,101.0,126.0,False
d:\Research\Multi-View Fusion Network\datasets\brisc2025\classification_task\test\meningioma\brisc2025_test_00559_me_sa_t1.jpg,meningioma,meningioma,sagittal,0.02738299,0.91969144,0.026595144,0.026330346,0.9196914434432983,True,True,0.8278596,0.7065637,0.9999999999726027,0.9969484651982501,0.7059961315143908,3.5833875946991784,365.0,517.0,False
d:\Research\Multi-View Fusion Network\datasets\brisc2025\classification_task\test\meningioma\brisc2025_test_00560_me_sa_t1.jpg,meningioma,meningioma,sagittal,0.025836375,0.92201227,0.025793428,0.026357887,0.9220122694969177,True,True,0.9782845,0.9575071,0.9698492462241936,0.9996310190023165,0.9868517165742379,0.0,1393.0,1369.0,False
d:\Research\Multi-View Fusion Network\datasets\brisc2025\classification_task\test\no_tumor\brisc2025_test_00561_no_ax_t1.jpg,no_tumor,no_tumor,axial,0.021159545,0.022900889,0.022461228,0.93347824,0.9334782361984253,True,True,1.0,1.0,0.0,0.9999999999998007,0.0,0.0,0.0,0.0,False
d:\Research\Multi-View Fusion Network\datasets\brisc2025\classification_task\test\no_tumor\brisc2025_test_00562_no_ax_t1.jpg,no_tumor,no_tumor,axial,0.021262217,0.022367276,0.022158941,0.9342117,0.9342116713523865,True,True,1.0,1.0,0.0,0.9999999999998007,0.0,0.0,0.0,0.0,False
d:\Research\Multi-View Fusion Network\datasets\brisc2025\classification_task\test\no_tumor\brisc2025_test_00563_no_ax_t1.jpg,no_tumor,no_tumor,axial,0.024859717,0.081668794,0.032381542,0.86108994,0.8610899448394775,True,True,1.0,1.0,0.0,0.9999999999998007,0.0,0.0,0.0,0.0,False
d:\Research\Multi-View Fusion Network\datasets\brisc2025\classification_task\test\no_tumor\brisc2025_test_00564_no_ax_t1.jpg,no_tumor,no_tumor,axial,0.021282442,0.022700476,0.022282394,0.9337348,0.9337347745895386,True,True,1.0,1.0,0.0,0.9999999999998007,0.0,0.0,0.0,0.0,False
d:\Research\Multi-View Fusion Network\datasets\brisc2025\classification_task\test\no_tumor\brisc2025_test_00565_no_ax_t1.jpg,no_tumor,no_tumor,axial,0.021309009,0.0220219,0.021977777,0.9346913,0.934691309928894,True,True,1.0,1.0,0.0,0.9999999999998007,0.0,0.0,0.0,0.0,False
d:\Research\Multi-View Fusion Network\datasets\brisc2025\classification_task\test\no_tumor\brisc2025_test_00566_no_ax_t1.jpg,no_tumor,no_tumor,axial,0.021205636,0.021906877,0.022166949,0.9347206,0.9347205758094788,True,True,1.0,1.0,0.0,0.9999999999998007,0.0,0.0,0.0,0.0,False
d:\Research\Multi-View Fusion Network\datasets\brisc2025\classification_task\test\no_tumor\brisc2025_test_00567_no_ax_t1.jpg,no_tumor,no_tumor,axial,0.021534482,0.022185698,0.022122068,0.93415767,0.93415766954422,True,True,1.0,1.0,0.0,0.9999999999998007,0.0,0.0,0.0,0.0,False
d:\Research\Multi-View Fusion Network\datasets\brisc2025\classification_task\test\no_tumor\brisc2025_test_00568_no_ax_t1.jpg,no_tumor,no_tumor,axial,0.021429235,0.02198943,0.022146493,0.9344349,0.9344348907470703,True,True,1.0,1.0,0.0,0.9999999999998007,0.0,0.0,0.0,0.0,False
d:\Research\Multi-View Fusion Network\datasets\brisc2025\classification_task\test\no_tumor\brisc2025_test_00569_no_ax_t1.jpg,no_tumor,no_tumor,axial,0.021673268,0.021751098,0.02177081,0.9348048,0.9348047971725464,True,True,1.0,1.0,0.0,0.9999999999998007,0.0,0.0,0.0,0.0,False
d:\Research\Multi-View Fusion Network\datasets\brisc2025\classification_task\test\no_tumor\brisc2025_test_00570_no_ax_t1.jpg,no_tumor,no_tumor,axial,0.021569991,0.021646697,0.021562917,0.9352205,0.93522047996521,True,True,1.0,1.0,0.0,0.9999999999998007,0.0,0.0,0.0,0.0,False
d:\Research\Multi-View Fusion Network\datasets\brisc2025\classification_task\test\no_tumor\brisc2025_test_00571_no_ax_t1.jpg,no_tumor,no_tumor,axial,0.021827156,0.02183882,0.021915669,0.9344183,0.9344183206558228,True,True,1.0,1.0,0.0,0.9999999999998007,0.0,0.0,0.0,0.0,False
d:\Research\Multi-View Fusion Network\datasets\brisc2025\classification_task\test\no_tumor\brisc2025_test_00572_no_ax_t1.jpg,no_tumor,no_tumor,axial,0.021589,0.021863181,0.021737799,0.9348101,0.9348101019859314,True,True,1.0,1.0,0.0,0.9999999999998007,0.0,0.0,0.0,0.0,False
d:\Research\Multi-View Fusion Network\datasets\brisc2025\classification_task\test\no_tumor\brisc2025_test_00573_no_ax_t1.jpg,no_tumor,no_tumor,axial,0.021943513,0.021960244,0.021940373,0.93415594,0.9341559410095215,True,True,1.0,1.0,0.0,0.9999999999998007,0.0,0.0,0.0,0.0,False
d:\Research\Multi-View Fusion Network\datasets\brisc2025\classification_task\test\no_tumor\brisc2025_test_00574_no_ax_t1.jpg,no_tumor,no_tumor,axial,0.021528713,0.021737617,0.021954406,0.9347792,0.9347792267799377,True,True,1.0,1.0,0.0,0.9999999999998007,0.0,0.0,0.0,0.0,False
d:\Research\Multi-View Fusion Network\datasets\brisc2025\classification_task\test\no_tumor\brisc2025_test_00575_no_ax_t1.jpg,no_tumor,no_tumor,axial,0.021578956,0.021558106,0.021405388,0.9354575,0.9354575276374817,True,True,1.0,1.0,0.0,0.9999999999998007,0.0,0.0,0.0,0.0,False
d:\Research\Multi-View Fusion Network\datasets\brisc2025\classification_task\test\no_tumor\brisc2025_test_00576_no_ax_t1.jpg,no_tumor,no_tumor,axial,0.021626608,0.021507666,0.021391908,0.9354738,0.9354737997055054,True,True,1.0,1.0,0.0,0.9999999999998007,0.0,0.0,0.0,0.0,False
d:\Research\Multi-View Fusion Network\datasets\brisc2025\classification_task\test\no_tumor\brisc2025_test_00577_no_ax_t1.jpg,no_tumor,no_tumor,axial,0.021716781,0.021692356,0.021587625,0.9350033,0.9350032806396484,True,True,1.0,1.0,0.0,0.9999999999998007,0.0,0.0,0.0,0.0,False
d:\Research\Multi-View Fusion Network\datasets\brisc2025\classification_task\test\no_tumor\brisc2025_test_00578_no_ax_t1.jpg,no_tumor,no_tumor,axial,0.021581555,0.021655604,0.02173586,0.93502694,0.9350269436836243,True,True,1.0,1.0,0.0,0.9999999999998007,0.0,0.0,0.0,0.0,False
d:\Research\Multi-View Fusion Network\datasets\brisc2025\classification_task\test\no_tumor\brisc2025_test_00579_no_ax_t1.jpg,no_tumor,no_tumor,axial,0.021678412,0.021366669,0.021370549,0.9355844,0.9355844259262085,True,True,1.0,1.0,0.0,0.9999999999998007,0.0,0.0,0.0,0.0,False
d:\Research\Multi-View Fusion Network\datasets\brisc2025\classification_task\test\no_tumor\brisc2025_test_00580_no_ax_t1.jpg,no_tumor,no_tumor,axial,0.021560732,0.021446355,0.021448778,0.93554413,0.9355441331863403,True,True,1.0,1.0,0.0,0.9999999999998007,0.0,0.0,0.0,0.0,False
d:\Research\Multi-View Fusion Network\datasets\brisc2025\classification_task\test\no_tumor\brisc2025_test_00581_no_ax_t1.jpg,no_tumor,no_tumor,axial,0.021622581,0.021485364,0.02154631,0.9353457,0.9353457093238831,True,True,1.0,1.0,0.0,0.9999999999998007,0.0,0.0,0.0,0.0,False
d:\Research\Multi-View Fusion Network\datasets\brisc2025\classification_task\test\no_tumor\brisc2025_test_00582_no_ax_t1.jpg,no_tumor,no_tumor,axial,0.021545839,0.021726482,0.021589953,0.9351377,0.9351376891136169,True,True,1.0,1.0,0.0,0.9999999999998007,0.0,0.0,0.0,0.0,False
d:\Research\Multi-View Fusion Network\datasets\brisc2025\classification_task\test\no_tumor\brisc2025_test_00583_no_ax_t1.jpg,no_tumor,no_tumor,axial,0.021389335,0.021620827,0.021721765,0.93526804,0.9352680444717407,True,True,1.0,1.0,0.0,0.9999999999998007,0.0,0.0,0.0,0.0,False
d:\Research\Multi-View Fusion Network\datasets\brisc2025\classification_task\test\no_tumor\brisc2025_test_00584_no_ax_t1.jpg,no_tumor,no_tumor,axial,0.021420304,0.022063658,0.022138242,0.93437773,0.9343777298927307,True,True,1.0,1.0,0.0,0.9999999999998007,0.0,0.0,0.0,0.0,False
d:\Research\Multi-View Fusion Network\datasets\brisc2025\classification_task\test\no_tumor\brisc2025_test_00585_no_ax_t1.jpg,no_tumor,no_tumor,axial,0.02157121,0.021620147,0.021691637,0.93511695,0.9351169466972351,True,True,1.0,1.0,0.0,0.9999999999998007,0.0,0.0,0.0,0.0,False
d:\Research\Multi-View Fusion Network\datasets\brisc2025\classification_task\test\no_tumor\brisc2025_test_00586_no_ax_t1.jpg,no_tumor,no_tumor,axial,0.02122802,0.02175417,0.022205858,0.93481195,0.9348119497299194,True,True,1.0,1.0,0.0,0.9999999999998007,0.0,0.0,0.0,0.0,False
d:\Research\Multi-View Fusion Network\datasets\brisc2025\classification_task\test\no_tumor\brisc2025_test_00587_no_ax_t1.jpg,no_tumor,no_tumor,axial,0.021506129,0.021715986,0.022018572,0.9347594,0.9347593784332275,True,True,1.0,1.0,0.0,0.9999999999998007,0.0,0.0,0.0,0.0,False
d:\Research\Multi-View Fusion Network\datasets\brisc2025\classification_task\test\no_tumor\brisc2025_test_00588_no_ax_t1.jpg,no_tumor,no_tumor,axial,0.021872729,0.022058269,0.022423796,0.9336452,0.9336451888084412,True,True,1.0,1.0,0.0,0.9999999999998007,0.0,0.0,0.0,0.0,False
d:\Research\Multi-View Fusion Network\datasets\brisc2025\classification_task\test\no_tumor\brisc2025_test_00589_no_ax_t1.jpg,no_tumor,no_tumor,axial,0.021413544,0.022885693,0.02411851,0.9315822,0.9315822124481201,True,True,1.0,1.0,0.0,0.9999999999998007,0.0,0.0,0.0,0.0,False
d:\Research\Multi-View Fusion Network\datasets\brisc2025\classification_task\test\no_tumor\brisc2025_test_00590_no_ax_t1.jpg,no_tumor,no_tumor,axial,0.021463484,0.021894334,0.02172641,0.9349157,0.9349157214164734,True,True,1.0,1.0,0.0,0.9999999999998007,0.0,0.0,0.0,0.0,False
d:\Research\Multi-View Fusion Network\datasets\brisc2025\classification_task\test\no_tumor\brisc2025_test_00591_no_ax_t1.jpg,no_tumor,no_tumor,axial,0.021310328,0.021919336,0.021985961,0.93478435,0.9347843527793884,True,True,1.0,1.0,0.0,0.9999999999998007,0.0,0.0,0.0,0.0,False
d:\Research\Multi-View Fusion Network\datasets\brisc2025\classification_task\test\no_tumor\brisc2025_test_00592_no_ax_t1.jpg,no_tumor,no_tumor,axial,0.021856572,0.021363677,0.021654053,0.9351257,0.9351257085800171,True,True,1.0,1.0,0.0,0.9999999999998007,0.0,0.0,0.0,0.0,False
d:\Research\Multi-View Fusion Network\datasets\brisc2025\classification_task\test\no_tumor\brisc2025_test_00593_no_ax_t1.jpg,no_tumor,no_tumor,axial,0.021441912,0.021642651,0.021223048,0.9356924,0.9356924295425415,True,True,1.0,1.0,0.0,0.9999999999998007,0.0,0.0,0.0,0.0,False
d:\Research\Multi-View Fusion Network\datasets\brisc2025\classification_task\test\no_tumor\brisc2025_test_00594_no_ax_t1.jpg,no_tumor,no_tumor,axial,0.021566946,0.024149038,0.023349026,0.9309349,0.9309349060058594,True,True,1.0,1.0,0.0,0.9999999999998007,0.0,0.0,0.0,0.0,False
d:\Research\Multi-View Fusion Network\datasets\brisc2025\classification_task\test\no_tumor\brisc2025_test_00595_no_ax_t1.jpg,no_tumor,no_tumor,axial,0.021076836,0.021538429,0.021595433,0.9357893,0.9357892870903015,True,True,1.0,1.0,0.0,0.9999999999998007,0.0,0.0,0.0,0.0,False
d:\Research\Multi-View Fusion Network\datasets\brisc2025\classification_task\test\no_tumor\brisc2025_test_00596_no_ax_t1.jpg,no_tumor,no_tumor,axial,0.02151694,0.020985337,0.020616736,0.93688095,0.9368809461593628,True,True,1.0,1.0,0.0,0.9999999999998007,0.0,0.0,0.0,0.0,False
d:\Research\Multi-View Fusion Network\datasets\brisc2025\classification_task\test\no_tumor\brisc2025_test_00597_no_ax_t1.jpg,no_tumor,no_tumor,axial,0.020862333,0.021810018,0.021132618,0.936195,0.9361950159072876,True,True,1.0,1.0,0.0,0.9999999999998007,0.0,0.0,0.0,0.0,False
d:\Research\Multi-View Fusion Network\datasets\brisc2025\classification_task\test\no_tumor\brisc2025_test_00598_no_ax_t1.jpg,no_tumor,no_tumor,axial,0.02148397,0.021669216,0.021558125,0.93528867,0.935288667678833,True,True,1.0,1.0,0.0,0.9999999999998007,0.0,0.0,0.0,0.0,False
d:\Research\Multi-View Fusion Network\datasets\brisc2025\classification_task\test\no_tumor\brisc2025_test_00599_no_ax_t1.jpg,no_tumor,no_tumor,axial,0.021113947,0.021554021,0.020924393,0.9364077,0.9364076852798462,True,True,1.0,1.0,0.0,0.9999999999998007,0.0,0.0,0.0,0.0,False
d:\Research\Multi-View Fusion Network\datasets\brisc2025\classification_task\test\no_tumor\brisc2025_test_00600_no_ax_t1.jpg,no_tumor,no_tumor,axial,0.021465627,0.021469714,0.021123858,0.9359408,0.9359408020973206,True,True,1.0,1.0,0.0,0.9999999999998007,0.0,0.0,0.0,0.0,False
d:\Research\Multi-View Fusion Network\datasets\brisc2025\classification_task\test\no_tumor\brisc2025_test_00601_no_ax_t1.jpg,no_tumor,no_tumor,axial,0.022087911,0.021571565,0.021264926,0.9350756,0.935075581073761,True,True,1.0,1.0,0.0,0.9999999999998007,0.0,0.0,0.0,0.0,False
d:\Research\Multi-View Fusion Network\datasets\brisc2025\classification_task\test\no_tumor\brisc2025_test_00602_no_ax_t1.jpg,no_tumor,no_tumor,axial,0.021958597,0.021340718,0.021196222,0.9355044,0.9355043768882751,True,True,1.0,1.0,0.0,0.9999999999998007,0.0,0.0,0.0,0.0,False
d:\Research\Multi-View Fusion Network\datasets\brisc2025\classification_task\test\no_tumor\brisc2025_test_00603_no_ax_t1.jpg,no_tumor,no_tumor,axial,0.02159665,0.021452704,0.02161236,0.9353383,0.9353383183479309,True,True,1.0,1.0,0.0,0.9999999999998007,0.0,0.0,0.0,0.0,False
d:\Research\Multi-View Fusion Network\datasets\brisc2025\classification_task\test\no_tumor\brisc2025_test_00604_no_ax_t1.jpg,no_tumor,no_tumor,axial,0.021266203,0.020904938,0.021371465,0.93645746,0.9364574551582336,True,True,1.0,1.0,0.0,0.9999999999998007,0.0,0.0,0.0,0.0,False
d:\Research\Multi-View Fusion Network\datasets\brisc2025\classification_task\test\no_tumor\brisc2025_test_00605_no_ax_t1.jpg,no_tumor,no_tumor,axial,0.021951359,0.021104,0.02114345,0.9358012,0.9358012080192566,True,True,1.0,1.0,0.0,0.9999999999998007,0.0,0.0,0.0,0.0,False
d:\Research\Multi-View Fusion Network\datasets\brisc2025\classification_task\test\no_tumor\brisc2025_test_00606_no_ax_t1.jpg,no_tumor,no_tumor,axial,0.021618798,0.021806426,0.022775581,0.9337992,0.9337992072105408,True,True,1.0,1.0,0.0,0.9999999999998007,0.0,0.0,0.0,0.0,False
d:\Research\Multi-View Fusion Network\datasets\brisc2025\classification_task\test\no_tumor\brisc2025_test_00607_no_ax_t1.jpg,no_tumor,no_tumor,axial,0.021519188,0.021728916,0.021070184,0.9356817,0.9356817007064819,True,True,1.0,1.0,0.0,0.9999999999998007,0.0,0.0,0.0,0.0,False
d:\Research\Multi-View Fusion Network\datasets\brisc2025\classification_task\test\no_tumor\brisc2025_test_00608_no_ax_t1.jpg,no_tumor,no_tumor,axial,0.021638174,0.021759484,0.02192217,0.9346802,0.9346802234649658,True,True,1.0,1.0,0.0,0.9999999999998007,0.0,0.0,0.0,0.0,False
d:\Research\Multi-View Fusion Network\datasets\brisc2025\classification_task\test\no_tumor\brisc2025_test_00609_no_ax_t1.jpg,no_tumor,no_tumor,axial,0.02217043,0.022012819,0.022525106,0.9332916,0.9332916140556335,True,True,1.0,1.0,0.0,0.9999999999998007,0.0,0.0,0.0,0.0,False
d:\Research\Multi-View Fusion Network\datasets\brisc2025\classification_task\test\no_tumor\brisc2025_test_00610_no_ax_t1.jpg,no_tumor,no_tumor,axial,0.021362307,0.02134462,0.020817315,0.93647575,0.9364757537841797,True,True,1.0,1.0,0.0,0.9999999999998007,0.0,0.0,0.0,0.0,False
d:\Research\Multi-View Fusion Network\datasets\brisc2025\classification_task\test\no_tumor\brisc2025_test_00611_no_ax_t1.jpg,no_tumor,no_tumor,axial,0.021939632,0.02175174,0.02141228,0.93489635,0.9348963499069214,True,True,1.0,1.0,0.0,0.9999999999998007,0.0,0.0,0.0,0.0,False
d:\Research\Multi-View Fusion Network\datasets\brisc2025\classification_task\test\no_tumor\brisc2025_test_00612_no_ax_t1.jpg,no_tumor,no_tumor,axial,0.021606188,0.021743793,0.022084313,0.9345658,0.9345657825469971,True,True,1.0,1.0,0.0,0.9999999999998007,0.0,0.0,0.0,0.0,False
d:\Research\Multi-View Fusion Network\datasets\brisc2025\classification_task\test\no_tumor\brisc2025_test_00613_no_co_t1.jpg,no_tumor,no_tumor,coronal,0.020760668,0.022226099,0.022026908,0.93498635,0.9349863529205322,True,True,1.0,1.0,0.0,0.9999999999998007,0.0,0.0,0.0,0.0,False
d:\Research\Multi-View Fusion Network\datasets\brisc2025\classification_task\test\no_tumor\brisc2025_test_00614_no_co_t1.jpg,no_tumor,no_tumor,coronal,0.021517614,0.022876833,0.0230011,0.93260443,0.9326044321060181,True,True,1.0,1.0,0.0,0.9999999999998007,0.0,0.0,0.0,0.0,False
d:\Research\Multi-View Fusion Network\datasets\brisc2025\classification_task\test\no_tumor\brisc2025_test_00615_no_co_t1.jpg,no_tumor,no_tumor,coronal,0.021406401,0.021782292,0.021928744,0.9348826,0.9348825812339783,True,True,1.0,1.0,0.0,0.9999999999998007,0.0,0.0,0.0,0.0,False
d:\Research\Multi-View Fusion Network\datasets\brisc2025\classification_task\test\no_tumor\brisc2025_test_00616_no_co_t1.jpg,no_tumor,no_tumor,coronal,0.021054957,0.022447795,0.021530058,0.9349672,0.9349672198295593,True,True,1.0,1.0,0.0,0.9999999999998007,0.0,0.0,0.0,0.0,False
d:\Research\Multi-View Fusion Network\datasets\brisc2025\classification_task\test\no_tumor\brisc2025_test_00617_no_co_t1.jpg,no_tumor,no_tumor,coronal,0.021337118,0.021951376,0.021634083,0.9350775,0.9350774884223938,True,True,1.0,1.0,0.0,0.9999999999998007,0.0,0.0,0.0,0.0,False
d:\Research\Multi-View Fusion Network\datasets\brisc2025\classification_task\test\no_tumor\brisc2025_test_00618_no_co_t1.jpg,no_tumor,no_tumor,coronal,0.02128671,0.021845648,0.021813229,0.9350544,0.9350544214248657,True,True,1.0,1.0,0.0,0.9999999999998007,0.0,0.0,0.0,0.0,False
d:\Research\Multi-View Fusion Network\datasets\brisc2025\classification_task\test\no_tumor\brisc2025_test_00619_no_co_t1.jpg,no_tumor,no_tumor,coronal,0.021815186,0.021787738,0.021780396,0.9346167,0.9346166849136353,True,True,1.0,1.0,0.0,0.9999999999998007,0.0,0.0,0.0,0.0,False
d:\Research\Multi-View Fusion Network\datasets\brisc2025\classification_task\test\no_tumor\brisc2025_test_00620_no_co_t1.jpg,no_tumor,no_tumor,coronal,0.021429399,0.021585997,0.02125045,0.93573415,0.9357341527938843,True,True,1.0,1.0,0.0,0.9999999999998007,0.0,0.0,0.0,0.0,False
d:\Research\Multi-View Fusion Network\datasets\brisc2025\classification_task\test\no_tumor\brisc2025_test_00621_no_co_t1.jpg,no_tumor,no_tumor,coronal,0.021573992,0.02169043,0.021508405,0.93522716,0.9352271556854248,True,True,1.0,1.0,0.0,0.9999999999998007,0.0,0.0,0.0,0.0,False
d:\Research\Multi-View Fusion Network\datasets\brisc2025\classification_task\test\no_tumor\brisc2025_test_00622_no_co_t1.jpg,no_tumor,no_tumor,coronal,0.021475205,0.021813879,0.021372745,0.9353382,0.9353381991386414,True,True,1.0,1.0,0.0,0.9999999999998007,0.0,0.0,0.0,0.0,False
d:\Research\Multi-View Fusion Network\datasets\brisc2025\classification_task\test\no_tumor\brisc2025_test_00623_no_co_t1.jpg,no_tumor,no_tumor,coronal,0.02158842,0.021517841,0.021201186,0.9356926,0.9356926083564758,True,True,1.0,1.0,0.0,0.9999999999998007,0.0,0.0,0.0,0.0,False
d:\Research\Multi-View Fusion Network\datasets\brisc2025\classification_task\test\no_tumor\brisc2025_test_00624_no_co_t1.jpg,no_tumor,no_tumor,coronal,0.021623375,0.021720406,0.021423357,0.9352329,0.9352328777313232,True,True,1.0,1.0,0.0,0.9999999999998007,0.0,0.0,0.0,0.0,False
d:\Research\Multi-View Fusion Network\datasets\brisc2025\classification_task\test\no_tumor\brisc2025_test_00625_no_co_t1.jpg,no_tumor,no_tumor,coronal,0.021436775,0.02152926,0.020895699,0.9361382,0.9361382126808167,True,True,1.0,1.0,0.0,0.9999999999998007,0.0,0.0,0.0,0.0,False
d:\Research\Multi-View Fusion Network\datasets\brisc2025\classification_task\test\no_tumor\brisc2025_test_00626_no_co_t1.jpg,no_tumor,no_tumor,coronal,0.021923384,0.021689998,0.021688892,0.9346977,0.934697687625885,True,True,1.0,1.0,0.0,0.9999999999998007,0.0,0.0,0.0,0.0,False
d:\Research\Multi-View Fusion Network\datasets\brisc2025\classification_task\test\no_tumor\brisc2025_test_00627_no_co_t1.jpg,no_tumor,no_tumor,coronal,0.021383425,0.021494487,0.0210588,0.9360633,0.936063289642334,True,True,1.0,1.0,0.0,0.9999999999998007,0.0,0.0,0.0,0.0,False
d:\Research\Multi-View Fusion Network\datasets\brisc2025\classification_task\test\no_tumor\brisc2025_test_00628_no_co_t1.jpg,no_tumor,no_tumor,coronal,0.02135521,0.02157916,0.02130714,0.9357585,0.9357584714889526,True,True,1.0,1.0,0.0,0.9999999999998007,0.0,0.0,0.0,0.0,False
d:\Research\Multi-View Fusion Network\datasets\brisc2025\classification_task\test\no_tumor\brisc2025_test_00629_no_co_t1.jpg,no_tumor,no_tumor,coronal,0.02171581,0.021600753,0.021137984,0.9355455,0.9355455040931702,True,True,1.0,1.0,0.0,0.9999999999998007,0.0,0.0,0.0,0.0,False
d:\Research\Multi-View Fusion Network\datasets\brisc2025\classification_task\test\no_tumor\brisc2025_test_00630_no_co_t1.jpg,no_tumor,no_tumor,coronal,0.02161909,0.021494884,0.021177875,0.93570817,0.9357081651687622,True,True,1.0,1.0,0.0,0.9999999999998007,0.0,0.0,0.0,0.0,False
d:\Research\Multi-View Fusion Network\datasets\brisc2025\classification_task\test\no_tumor\brisc2025_test_00631_no_co_t1.jpg,no_tumor,no_tumor,coronal,0.021831451,0.021725351,0.021574192,0.93486905,0.9348690509796143,True,True,1.0,1.0,0.0,0.9999999999998007,0.0,0.0,0.0,0.0,False
d:\Research\Multi-View Fusion Network\datasets\brisc2025\classification_task\test\no_tumor\brisc2025_test_00632_no_co_t1.jpg,no_tumor,no_tumor,coronal,0.021656899,0.021500833,0.021214712,0.93562764,0.9356276392936707,True,True,1.0,1.0,0.0,0.9999999999998007,0.0,0.0,0.0,0.0,False
d:\Research\Multi-View Fusion Network\datasets\brisc2025\classification_task\test\no_tumor\brisc2025_test_00633_no_co_t1.jpg,no_tumor,no_tumor,coronal,0.021426491,0.021521518,0.020888045,0.936164,0.9361640214920044,True,True,1.0,1.0,0.0,0.9999999999998007,0.0,0.0,0.0,0.0,False
d:\Research\Multi-View Fusion Network\datasets\brisc2025\classification_task\test\no_tumor\brisc2025_test_00634_no_co_t1.jpg,no_tumor,no_tumor,coronal,0.021490155,0.021405062,0.020967452,0.9361374,0.9361373782157898,True,True,1.0,1.0,0.0,0.9999999999998007,0.0,0.0,0.0,0.0,False
d:\Research\Multi-View Fusion Network\datasets\brisc2025\classification_task\test\no_tumor\brisc2025_test_00635_no_co_t1.jpg,no_tumor,no_tumor,coronal,0.021776168,0.021893842,0.021761931,0.93456805,0.9345680475234985,True,True,1.0,1.0,0.0,0.9999999999998007,0.0,0.0,0.0,0.0,False
d:\Research\Multi-View Fusion Network\datasets\brisc2025\classification_task\test\no_tumor\brisc2025_test_00636_no_co_t1.jpg,no_tumor,no_tumor,coronal,0.02194027,0.021737898,0.021334559,0.9349873,0.9349873065948486,True,True,1.0,1.0,0.0,0.9999999999998007,0.0,0.0,0.0,0.0,False
d:\Research\Multi-View Fusion Network\datasets\brisc2025\classification_task\test\no_tumor\brisc2025_test_00637_no_co_t1.jpg,no_tumor,no_tumor,coronal,0.02192724,0.021645859,0.021346493,0.9350804,0.9350804090499878,True,True,1.0,1.0,0.0,0.9999999999998007,0.0,0.0,0.0,0.0,False
d:\Research\Multi-View Fusion Network\datasets\brisc2025\classification_task\test\no_tumor\brisc2025_test_00638_no_co_t1.jpg,no_tumor,no_tumor,coronal,0.021483375,0.021278711,0.02105557,0.93618226,0.9361822605133057,True,True,1.0,1.0,0.0,0.9999999999998007,0.0,0.0,0.0,0.0,False
d:\Research\Multi-View Fusion Network\datasets\brisc2025\classification_task\test\no_tumor\brisc2025_test_00639_no_co_t1.jpg,no_tumor,no_tumor,coronal,0.021799222,0.021602986,0.021471616,0.9351261,0.9351261258125305,True,True,1.0,1.0,0.0,0.9999999999998007,0.0,0.0,0.0,0.0,False
d:\Research\Multi-View Fusion Network\datasets\brisc2025\classification_task\test\no_tumor\brisc2025_test_00640_no_co_t1.jpg,no_tumor,no_tumor,coronal,0.021678265,0.021654828,0.02120593,0.935461,0.9354609847068787,True,True,1.0,1.0,0.0,0.9999999999998007,0.0,0.0,0.0,0.0,False
d:\Research\Multi-View Fusion Network\datasets\brisc2025\classification_task\test\no_tumor\brisc2025_test_00641_no_co_t1.jpg,no_tumor,no_tumor,coronal,0.021805618,0.021618903,0.021349361,0.93522614,0.9352261424064636,True,True,1.0,1.0,0.0,0.9999999999998007,0.0,0.0,0.0,0.0,False
d:\Research\Multi-View Fusion Network\datasets\brisc2025\classification_task\test\no_tumor\brisc2025_test_00642_no_co_t1.jpg,no_tumor,no_tumor,coronal,0.021888345,0.021679312,0.021426307,0.93500596,0.9350059628486633,True,True,1.0,1.0,0.0,0.9999999999998007,0.0,0.0,0.0,0.0,False
d:\Research\Multi-View Fusion Network\datasets\brisc2025\classification_task\test\no_tumor\brisc2025_test_00643_no_co_t1.jpg,no_tumor,no_tumor,coronal,0.021741975,0.021343404,0.020908609,0.93600607,0.9360060691833496,True,True,1.0,1.0,0.0,0.9999999999998007,0.0,0.0,0.0,0.0,False
d:\Research\Multi-View Fusion Network\datasets\brisc2025\classification_task\test\no_tumor\brisc2025_test_00644_no_co_t1.jpg,no_tumor,no_tumor,coronal,0.02159884,0.021480517,0.02106297,0.93585765,0.9358576536178589,True,True,1.0,1.0,0.0,0.9999999999998007,0.0,0.0,0.0,0.0,False
d:\Research\Multi-View Fusion Network\datasets\brisc2025\classification_task\test\no_tumor\brisc2025_test_00645_no_co_t1.jpg,no_tumor,no_tumor,coronal,0.021835554,0.021435779,0.02096851,0.93576014,0.9357601404190063,True,True,1.0,1.0,0.0,0.9999999999998007,0.0,0.0,0.0,0.0,False
d:\Research\Multi-View Fusion Network\datasets\brisc2025\classification_task\test\no_tumor\brisc2025_test_00646_no_co_t1.jpg,no_tumor,no_tumor,coronal,0.02159599,0.021582847,0.021404633,0.9354166,0.935416579246521,True,True,1.0,1.0,0.0,0.9999999999998007,0.0,0.0,0.0,0.0,False
d:\Research\Multi-View Fusion Network\datasets\brisc2025\classification_task\test\no_tumor\brisc2025_test_00647_no_co_t1.jpg,no_tumor,no_tumor,coronal,0.02148258,0.021422137,0.020855376,0.93623996,0.9362399578094482,True,True,1.0,1.0,0.0,0.9999999999998007,0.0,0.0,0.0,0.0,False
d:\Research\Multi-View Fusion Network\datasets\brisc2025\classification_task\test\no_tumor\brisc2025_test_00648_no_co_t1.jpg,no_tumor,no_tumor,coronal,0.021681467,0.02148208,0.021174926,0.93566155,0.9356615543365479,True,True,1.0,1.0,0.0,0.9999999999998007,0.0,0.0,0.0,0.0,False
d:\Research\Multi-View Fusion Network\datasets\brisc2025\classification_task\test\no_tumor\brisc2025_test_00649_no_co_t1.jpg,no_tumor,no_tumor,coronal,0.021654492,0.021346005,0.020909622,0.9360898,0.936089813709259,True,True,1.0,1.0,0.0,0.9999999999998007,0.0,0.0,0.0,0.0,False
d:\Research\Multi-View Fusion Network\datasets\brisc2025\classification_task\test\no_tumor\brisc2025_test_00650_no_co_t1.jpg,no_tumor,no_tumor,coronal,0.021653663,0.021434844,0.02141279,0.9354988,0.9354987740516663,True,True,1.0,1.0,0.0,0.9999999999998007,0.0,0.0,0.0,0.0,False
d:\Research\Multi-View Fusion Network\datasets\brisc2025\classification_task\test\no_tumor\brisc2025_test_00651_no_co_t1.jpg,no_tumor,no_tumor,coronal,0.021564135,0.021438178,0.020997327,0.9360003,0.9360002875328064,True,True,1.0,1.0,0.0,0.9999999999998007,0.0,0.0,0.0,0.0,False
d:\Research\Multi-View Fusion Network\datasets\brisc2025\classification_task\test\no_tumor\brisc2025_test_00652_no_co_t1.jpg,no_tumor,no_tumor,coronal,0.021394609,0.021312287,0.020716624,0.93657655,0.9365765452384949,True,True,1.0,1.0,0.0,0.9999999999998007,0.0,0.0,0.0,0.0,False
d:\Research\Multi-View Fusion Network\datasets\brisc2025\classification_task\test\no_tumor\brisc2025_test_00653_no_co_t1.jpg,no_tumor,no_tumor,coronal,0.0214249,0.021378,0.020765359,0.93643177,0.9364317655563354,True,True,1.0,1.0,0.0,0.9999999999998007,0.0,0.0,0.0,0.0,False
d:\Research\Multi-View Fusion Network\datasets\brisc2025\classification_task\test\no_tumor\brisc2025_test_00654_no_co_t1.jpg,no_tumor,no_tumor,coronal,0.021557257,0.021470325,0.020886458,0.93608594,0.9360859394073486,True,True,1.0,1.0,0.0,0.9999999999998007,0.0,0.0,0.0,0.0,False
d:\Research\Multi-View Fusion Network\datasets\brisc2025\classification_task\test\no_tumor\brisc2025_test_00655_no_co_t1.jpg,no_tumor,no_tumor,coronal,0.021576988,0.02142709,0.021271518,0.9357244,0.9357243776321411,True,True,1.0,1.0,0.0,0.9999999999998007,0.0,0.0,0.0,0.0,False
d:\Research\Multi-View Fusion Network\datasets\brisc2025\classification_task\test\no_tumor\brisc2025_test_00656_no_co_t1.jpg,no_tumor,no_tumor,coronal,0.021768695,0.021707775,0.021981267,0.93454224,0.9345422387123108,True,True,1.0,1.0,0.0,0.9999999999998007,0.0,0.0,0.0,0.0,False
d:\Research\Multi-View Fusion Network\datasets\brisc2025\classification_task\test\no_tumor\brisc2025_test_00657_no_co_t1.jpg,no_tumor,no_tumor,coronal,0.021735,0.021694504,0.021270594,0.9352999,0.9352998733520508,True,True,1.0,1.0,0.0,0.9999999999998007,0.0,0.0,0.0,0.0,False
d:\Research\Multi-View Fusion Network\datasets\brisc2025\classification_task\test\no_tumor\brisc2025_test_00658_no_co_t1.jpg,no_tumor,no_tumor,coronal,0.02151741,0.021666903,0.021423634,0.935392,0.9353920221328735,True,True,1.0,1.0,0.0,0.9999999999998007,0.0,0.0,0.0,0.0,False
d:\Research\Multi-View Fusion Network\datasets\brisc2025\classification_task\test\no_tumor\brisc2025_test_00659_no_co_t1.jpg,no_tumor,no_tumor,coronal,0.02155109,0.021587513,0.021487538,0.9353739,0.9353739023208618,True,True,1.0,1.0,0.0,0.9999999999998007,0.0,0.0,0.0,0.0,False
d:\Research\Multi-View Fusion Network\datasets\brisc2025\classification_task\test\no_tumor\brisc2025_test_00660_no_co_t1.jpg,no_tumor,no_tumor,coronal,0.02155109,0.021587513,0.021487538,0.9353739,0.9353739023208618,True,True,1.0,1.0,0.0,0.9999999999998007,0.0,0.0,0.0,0.0,False
d:\Research\Multi-View Fusion Network\datasets\brisc2025\classification_task\test\no_tumor\brisc2025_test_00661_no_sa_t1.jpg,no_tumor,no_tumor,sagittal,0.021319792,0.02160457,0.021897973,0.93517774,0.935177743434906,True,True,1.0,1.0,0.0,0.9999999999998007,0.0,0.0,0.0,0.0,False
d:\Research\Multi-View Fusion Network\datasets\brisc2025\classification_task\test\no_tumor\brisc2025_test_00662_no_sa_t1.jpg,no_tumor,no_tumor,sagittal,0.021442477,0.02168977,0.021701507,0.9351663,0.9351662993431091,True,True,1.0,1.0,0.0,0.9999999999998007,0.0,0.0,0.0,0.0,False
d:\Research\Multi-View Fusion Network\datasets\brisc2025\classification_task\test\no_tumor\brisc2025_test_00663_no_sa_t1.jpg,no_tumor,no_tumor,sagittal,0.021145308,0.021587737,0.021944158,0.9353229,0.9353228807449341,True,True,1.0,1.0,0.0,0.9999999999998007,0.0,0.0,0.0,0.0,False
d:\Research\Multi-View Fusion Network\datasets\brisc2025\classification_task\test\no_tumor\brisc2025_test_00664_no_sa_t1.jpg,no_tumor,no_tumor,sagittal,0.021416176,0.021901049,0.022038141,0.9346446,0.9346445798873901,True,True,1.0,1.0,0.0,0.9999999999998007,0.0,0.0,0.0,0.0,False
d:\Research\Multi-View Fusion Network\datasets\brisc2025\classification_task\test\no_tumor\brisc2025_test_00665_no_sa_t1.jpg,no_tumor,no_tumor,sagittal,0.021683015,0.021627605,0.021875054,0.93481433,0.9348143339157104,True,True,1.0,1.0,0.0,0.9999999999998007,0.0,0.0,0.0,0.0,False
d:\Research\Multi-View Fusion Network\datasets\brisc2025\classification_task\test\no_tumor\brisc2025_test_00666_no_sa_t1.jpg,no_tumor,no_tumor,sagittal,0.021282138,0.021668099,0.021350672,0.9356991,0.9356991052627563,True,True,1.0,1.0,0.0,0.9999999999998007,0.0,0.0,0.0,0.0,False
d:\Research\Multi-View Fusion Network\datasets\brisc2025\classification_task\test\no_tumor\brisc2025_test_00667_no_sa_t1.jpg,no_tumor,no_tumor,sagittal,0.021479316,0.021594837,0.02158307,0.9353428,0.9353427886962891,True,True,1.0,1.0,0.0,0.9999999999998007,0.0,0.0,0.0,0.0,False
d:\Research\Multi-View Fusion Network\datasets\brisc2025\classification_task\test\no_tumor\brisc2025_test_00668_no_sa_t1.jpg,no_tumor,no_tumor,sagittal,0.021477439,0.021831105,0.021713175,0.93497837,0.9349783658981323,True,True,1.0,1.0,0.0,0.9999999999998007,0.0,0.0,0.0,0.0,False
d:\Research\Multi-View Fusion Network\datasets\brisc2025\classification_task\test\no_tumor\brisc2025_test_00669_no_sa_t1.jpg,no_tumor,no_tumor,sagittal,0.02197147,0.02180893,0.022114137,0.93410546,0.9341054558753967,True,True,1.0,1.0,0.0,0.9999999999998007,0.0,0.0,0.0,0.0,False
d:\Research\Multi-View Fusion Network\datasets\brisc2025\classification_task\test\no_tumor\brisc2025_test_00670_no_sa_t1.jpg,no_tumor,no_tumor,sagittal,0.021447292,0.021483546,0.021906575,0.9351626,0.9351626038551331,True,True,1.0,1.0,0.0,0.9999999999998007,0.0,0.0,0.0,0.0,False
d:\Research\Multi-View Fusion Network\datasets\brisc2025\classification_task\test\no_tumor\brisc2025_test_00671_no_sa_t1.jpg,no_tumor,no_tumor,sagittal,0.021561384,0.021435997,0.021499395,0.93550324,0.9355032444000244,True,True,1.0,1.0,0.0,0.9999999999998007,0.0,0.0,0.0,0.0,False
d:\Research\Multi-View Fusion Network\datasets\brisc2025\classification_task\test\no_tumor\brisc2025_test_00672_no_sa_t1.jpg,no_tumor,no_tumor,sagittal,0.021692358,0.021493314,0.021525744,0.9352886,0.9352886080741882,True,True,1.0,1.0,0.0,0.9999999999998007,0.0,0.0,0.0,0.0,False
d:\Research\Multi-View Fusion Network\datasets\brisc2025\classification_task\test\no_tumor\brisc2025_test_00673_no_sa_t1.jpg,no_tumor,no_tumor,sagittal,0.021938778,0.021632312,0.022396343,0.93403256,0.9340325593948364,True,True,1.0,1.0,0.0,0.9999999999998007,0.0,0.0,0.0,0.0,False
d:\Research\Multi-View Fusion Network\datasets\brisc2025\classification_task\test\no_tumor\brisc2025_test_00674_no_sa_t1.jpg,no_tumor,no_tumor,sagittal,0.021186356,0.021586528,0.021279668,0.9359475,0.9359474778175354,True,True,1.0,1.0,0.0,0.9999999999998007,0.0,0.0,0.0,0.0,False
d:\Research\Multi-View Fusion Network\datasets\brisc2025\classification_task\test\no_tumor\brisc2025_test_00675_no_sa_t1.jpg,no_tumor,no_tumor,sagittal,0.021552164,0.02161547,0.021405745,0.9354266,0.9354265928268433,True,True,1.0,1.0,0.0,0.9999999999998007,0.0,0.0,0.0,0.0,False
d:\Research\Multi-View Fusion Network\datasets\brisc2025\classification_task\test\no_tumor\brisc2025_test_00676_no_sa_t1.jpg,no_tumor,no_tumor,sagittal,0.021490457,0.02149529,0.021796457,0.9352178,0.9352177977561951,True,True,1.0,1.0,0.0,0.9999999999998007,0.0,0.0,0.0,0.0,False
d:\Research\Multi-View Fusion Network\datasets\brisc2025\classification_task\test\no_tumor\brisc2025_test_00677_no_sa_t1.jpg,no_tumor,no_tumor,sagittal,0.021806162,0.021543328,0.02188976,0.9347608,0.9347608089447021,True,True,1.0,1.0,0.0,0.9999999999998007,0.0,0.0,0.0,0.0,False
d:\Research\Multi-View Fusion Network\datasets\brisc2025\classification_task\test\no_tumor\brisc2025_test_00678_no_sa_t1.jpg,no_tumor,no_tumor,sagittal,0.021887459,0.021589546,0.02184658,0.93467635,0.9346763491630554,True,True,1.0,1.0,0.0,0.9999999999998007,0.0,0.0,0.0,0.0,False
d:\Research\Multi-View Fusion Network\datasets\brisc2025\classification_task\test\no_tumor\brisc2025_test_00679_no_sa_t1.jpg,no_tumor,no_tumor,sagittal,0.021822412,0.021560578,0.021738656,0.9348783,0.9348782896995544,True,True,1.0,1.0,0.0,0.9999999999998007,0.0,0.0,0.0,0.0,False
d:\Research\Multi-View Fusion Network\datasets\brisc2025\classification_task\test\no_tumor\brisc2025_test_00680_no_sa_t1.jpg,no_tumor,no_tumor,sagittal,0.021754628,0.021728521,0.021699399,0.9348175,0.9348174929618835,True,True,1.0,1.0,0.0,0.9999999999998007,0.0,0.0,0.0,0.0,False
d:\Research\Multi-View Fusion Network\datasets\brisc2025\classification_task\test\no_tumor\brisc2025_test_00681_no_sa_t1.jpg,no_tumor,no_tumor,sagittal,0.021804608,0.02199923,0.021418745,0.9347774,0.9347773790359497,True,True,1.0,1.0,0.0,0.9999999999998007,0.0,0.0,0.0,0.0,False
d:\Research\Multi-View Fusion Network\datasets\brisc2025\classification_task\test\no_tumor\brisc2025_test_00682_no_sa_t1.jpg,no_tumor,no_tumor,sagittal,0.021645077,0.022187764,0.021279374,0.9348877,0.934887707233429,True,True,1.0,1.0,0.0,0.9999999999998007,0.0,0.0,0.0,0.0,False
d:\Research\Multi-View Fusion Network\datasets\brisc2025\classification_task\test\no_tumor\brisc2025_test_00683_no_sa_t1.jpg,no_tumor,no_tumor,sagittal,0.021750877,0.021868594,0.021487597,0.9348929,0.9348928928375244,True,True,1.0,1.0,0.0,0.9999999999998007,0.0,0.0,0.0,0.0,False
d:\Research\Multi-View Fusion Network\datasets\brisc2025\classification_task\test\no_tumor\brisc2025_test_00684_no_sa_t1.jpg,no_tumor,no_tumor,sagittal,0.022338592,0.021835078,0.022026857,0.93379945,0.9337994456291199,True,True,1.0,1.0,0.0,0.9999999999998007,0.0,0.0,0.0,0.0,False
d:\Research\Multi-View Fusion Network\datasets\brisc2025\classification_task\test\no_tumor\brisc2025_test_00685_no_sa_t1.jpg,no_tumor,no_tumor,sagittal,0.022038965,0.021745695,0.02162143,0.934594,0.9345939755439758,True,True,1.0,1.0,0.0,0.9999999999998007,0.0,0.0,0.0,0.0,False
d:\Research\Multi-View Fusion Network\datasets\brisc2025\classification_task\test\no_tumor\brisc2025_test_00686_no_sa_t1.jpg,no_tumor,no_tumor,sagittal,0.021735169,0.021740051,0.021292606,0.93523216,0.9352321624755859,True,True,1.0,1.0,0.0,0.9999999999998007,0.0,0.0,0.0,0.0,False
d:\Research\Multi-View Fusion Network\datasets\brisc2025\classification_task\test\no_tumor\brisc2025_test_00687_no_sa_t1.jpg,no_tumor,no_tumor,sagittal,0.021958156,0.021630587,0.022009114,0.9344021,0.9344021081924438,True,True,1.0,1.0,0.0,0.9999999999998007,0.0,0.0,0.0,0.0,False
d:\Research\Multi-View Fusion Network\datasets\brisc2025\classification_task\test\no_tumor\brisc2025_test_00688_no_sa_t1.jpg,no_tumor,no_tumor,sagittal,0.021992913,0.021539899,0.021829667,0.9346375,0.9346374869346619,True,True,1.0,1.0,0.0,0.9999999999998007,0.0,0.0,0.0,0.0,False
d:\Research\Multi-View Fusion Network\datasets\brisc2025\classification_task\test\no_tumor\brisc2025_test_00689_no_sa_t1.jpg,no_tumor,no_tumor,sagittal,0.021825368,0.021803545,0.021808041,0.93456304,0.9345630407333374,True,True,1.0,1.0,0.0,0.9999999999998007,0.0,0.0,0.0,0.0,False
d:\Research\Multi-View Fusion Network\datasets\brisc2025\classification_task\test\no_tumor\brisc2025_test_00690_no_sa_t1.jpg,no_tumor,no_tumor,sagittal,0.021448394,0.021420393,0.021603225,0.9355281,0.9355280995368958,True,True,1.0,1.0,0.0,0.9999999999998007,0.0,0.0,0.0,0.0,False
d:\Research\Multi-View Fusion Network\datasets\brisc2025\classification_task\test\no_tumor\brisc2025_test_00691_no_sa_t1.jpg,no_tumor,no_tumor,sagittal,0.021547345,0.021422796,0.021595791,0.9354341,0.935434103012085,True,True,1.0,1.0,0.0,0.9999999999998007,0.0,0.0,0.0,0.0,False
d:\Research\Multi-View Fusion Network\datasets\brisc2025\classification_task\test\no_tumor\brisc2025_test_00692_no_sa_t1.jpg,no_tumor,no_tumor,sagittal,0.022182979,0.021589635,0.022248022,0.93397933,0.933979332447052,True,True,1.0,1.0,0.0,0.9999999999998007,0.0,0.0,0.0,0.0,False
d:\Research\Multi-View Fusion Network\datasets\brisc2025\classification_task\test\no_tumor\brisc2025_test_00693_no_sa_t1.jpg,no_tumor,no_tumor,sagittal,0.022025948,0.021534357,0.02225229,0.9341874,0.9341874122619629,True,True,1.0,1.0,0.0,0.9999999999998007,0.0,0.0,0.0,0.0,False
d:\Research\Multi-View Fusion Network\datasets\brisc2025\classification_task\test\no_tumor\brisc2025_test_00694_no_sa_t1.jpg,no_tumor,no_tumor,sagittal,0.021547979,0.021394981,0.021630993,0.93542594,0.9354259371757507,True,True,1.0,1.0,0.0,0.9999999999998007,0.0,0.0,0.0,0.0,False
d:\Research\Multi-View Fusion Network\datasets\brisc2025\classification_task\test\no_tumor\brisc2025_test_00695_no_sa_t1.jpg,no_tumor,no_tumor,sagittal,0.021578738,0.021949545,0.021934083,0.93453765,0.9345376491546631,True,True,1.0,1.0,0.0,0.9999999999998007,0.0,0.0,0.0,0.0,False
d:\Research\Multi-View Fusion Network\datasets\brisc2025\classification_task\test\no_tumor\brisc2025_test_00696_no_sa_t1.jpg,no_tumor,no_tumor,sagittal,0.021651326,0.021987412,0.021926086,0.9344352,0.9344351887702942,True,True,1.0,1.0,0.0,0.9999999999998007,0.0,0.0,0.0,0.0,False
d:\Research\Multi-View Fusion Network\datasets\brisc2025\classification_task\test\no_tumor\brisc2025_test_00697_no_sa_t1.jpg,no_tumor,no_tumor,sagittal,0.021801637,0.021826658,0.022099381,0.93427235,0.9342723488807678,True,True,1.0,1.0,0.0,0.9999999999998007,0.0,0.0,0.0,0.0,False
d:\Research\Multi-View Fusion Network\datasets\brisc2025\classification_task\test\no_tumor\brisc2025_test_00698_no_sa_t1.jpg,no_tumor,no_tumor,sagittal,0.021364361,0.021609262,0.021359665,0.93566674,0.9356667399406433,True,True,1.0,1.0,0.0,0.9999999999998007,0.0,0.0,0.0,0.0,False
d:\Research\Multi-View Fusion Network\datasets\brisc2025\classification_task\test\no_tumor\brisc2025_test_00699_no_sa_t1.jpg,no_tumor,no_tumor,sagittal,0.021847095,0.021754146,0.021881295,0.93451744,0.9345174431800842,True,True,1.0,1.0,0.0,0.9999999999998007,0.0,0.0,0.0,0.0,False
d:\Research\Multi-View Fusion Network\datasets\brisc2025\classification_task\test\no_tumor\brisc2025_test_00700_no_sa_t1.jpg,no_tumor,no_tumor,sagittal,0.021472896,0.021292927,0.02141236,0.9358218,0.9358217716217041,True,True,1.0,1.0,0.0,0.9999999999998007,0.0,0.0,0.0,0.0,False
d:\Research\Multi-View Fusion Network\datasets\brisc2025\classification_task\test\pituitary\brisc2025_test_00701_pi_ax_t1.jpg,pituitary,pituitary,axial,0.029634994,0.029921034,0.9106653,0.02977866,0.9106652736663818,True,True,0.8851675,0.7942857,0.8052325581161269,0.9998996628670334,0.982269503511267,1.3106601717798214,344.0,282.0,False
d:\Research\Multi-View Fusion Network\datasets\brisc2025\classification_task\test\pituitary\brisc2025_test_00702_pi_ax_t1.jpg,pituitary,pituitary,axial,0.030052532,0.031437267,0.907916,0.030594151,0.9079160094261169,True,True,0.9546142,0.9132948,0.9752321981122218,0.9995587025854012,0.9347181008624712,0.0,323.0,337.0,False
d:\Research\Multi-View Fusion Network\datasets\brisc2025\classification_task\test\pituitary\brisc2025_test_00703_pi_ax_t1.jpg,pituitary,pituitary,axial,0.028980942,0.032768052,0.9088086,0.02944237,0.9088085889816284,True,True,0.92907804,0.8684211,0.970149253586545,0.9998403480410706,0.8904109587821356,1.0,67.0,73.0,False
d:\Research\Multi-View Fusion Network\datasets\brisc2025\classification_task\test\pituitary\brisc2025_test_00704_pi_ax_t1.jpg,pituitary,pituitary,axial,0.029970784,0.03154167,0.9078523,0.030635245,0.907852292060852,True,True,0.87157536,0.77272725,0.8975265017350698,0.9990780269775321,0.8466666666384445,1.3727922061357762,283.0,300.0,False
d:\Research\Multi-View Fusion Network\datasets\brisc2025\classification_task\test\pituitary\brisc2025_test_00705_pi_ax_t1.jpg,pituitary,pituitary,axial,0.028858434,0.035123218,0.9063236,0.029694753,0.9063236117362976,True,True,0.75714284,0.6096939,0.959677419316142,0.9971358756607521,0.6246719159941031,5.0,248.0,381.0,False
d:\Research\Multi-View Fusion Network\datasets\brisc2025\classification_task\test\pituitary\brisc2025_test_00706_pi_ax_t1.jpg,pituitary,pituitary,axial,0.0296093,0.030040098,0.9105044,0.029846152,0.9105044007301331,True,True,0.8666667,0.76551723,0.8396946564244507,0.9997402337893897,0.8943089430167229,1.0,131.0,123.0,False
d:\Research\Multi-View Fusion Network\datasets\brisc2025\classification_task\test\pituitary\brisc2025_test_00707_pi_ax_t1.jpg,pituitary,pituitary,axial,0.029214263,0.030480275,0.9109689,0.029336525,0.9109688997268677,True,True,0.81478184,0.6876877,0.9461697722371393,0.9963375123254792,0.7151799686899033,5.830951894845301,483.0,639.0,False
d:\Research\Multi-View Fusion Network\datasets\brisc2025\classification_task\test\pituitary\brisc2025_test_00708_pi_ax_t1.jpg,pituitary,pituitary,axial,0.029217552,0.030715976,0.9105186,0.029547866,0.9105185866355896,True,True,0.9448947,0.8957055,0.9603960395722642,0.999558879553867,0.9297124600341945,1.0,303.0,313.0,False
d:\Research\Multi-View Fusion Network\datasets\brisc2025\classification_task\test\pituitary\brisc2025_test_00709_pi_ax_t1.jpg,pituitary,pituitary,axial,0.02931701,0.03330909,0.90660733,0.030766565,0.9066073298454285,True,True,0.95610183,0.9159664,0.9560632688759918,0.9994960388652813,0.9560632688759918,0.0,569.0,569.0,False
d:\Research\Multi-View Fusion Network\datasets\brisc2025\classification_task\test\pituitary\brisc2025_test_00710_pi_ax_t1.jpg,pituitary,pituitary,axial,0.030095173,0.032729004,0.90610236,0.0310735,0.9061023592948914,True,True,0.8247096,0.70197487,0.974999999975625,0.9968659594983533,0.7142857142726321,3.0,400.0,546.0,False
d:\Research\Multi-View Fusion Network\datasets\brisc2025\classification_task\test\pituitary\brisc2025_test_00711_pi_ax_t1.jpg,pituitary,pituitary,axial,0.029111363,0.032286078,0.9080231,0.030579407,0.9080231189727783,True,True,0.9143731,0.8426966,0.9551282050669789,0.999580167932627,0.876470588183737,1.0,156.0,170.0,False
d:\Research\Multi-View Fusion Network\datasets\brisc2025\classification_task\test\pituitary\brisc2025_test_00712_pi_ax_t1.jpg,pituitary,pituitary,axial,0.02956712,0.03251002,0.906888,0.03103488,0.9068880081176758,True,True,0.7145015,0.556338,0.9999999999576271,0.9962154585500609,0.5552941176339931,4.47213595499958,236.0,425.0,False
d:\Research\Multi-View Fusion Network\datasets\brisc2025\classification_task\test\pituitary\brisc2025_test_00713_pi_ax_t1.jpg,pituitary,pituitary,axial,0.029729247,0.031055704,0.90921277,0.030002216,0.9092127680778503,True,True,0.8251366,0.7027864,0.9826086956094517,0.9981580106513038,0.7106918238770222,2.23606797749979,230.0,318.0,False
d:\Research\Multi-View Fusion Network\datasets\brisc2025\classification_task\test\pituitary\brisc2025_test_00714_pi_ax_t1.jpg,pituitary,pituitary,axial,0.029639771,0.030970434,0.9090613,0.030328497,0.9090613126754761,True,True,0.9447005,0.89534885,0.9808306708951811,0.9993983514828633,0.9109792284596149,1.0,313.0,337.0,False
d:\Research\Multi-View Fusion Network\datasets\brisc2025\classification_task\test\pituitary\brisc2025_test_00715_pi_ax_t1.jpg,pituitary,pituitary,axial,0.02930214,0.030044071,0.9105287,0.030125018,0.9105287194252014,True,True,0.9429134,0.8921933,0.9598393573911711,0.9996194443886075,0.9263565891113815,1.0,249.0,258.0,False
d:\Research\Multi-View Fusion Network\datasets\brisc2025\classification_task\test\pituitary\brisc2025_test_00716_pi_ax_t1.jpg,pituitary,pituitary,axial,0.029221244,0.030404102,0.9103434,0.030031292,0.9103434085845947,True,True,0.6040956,0.43414634,0.9999999998863637,0.9976840760259947,0.4313725489984621,4.123105625617661,88.0,204.0,False
d:\Research\Multi-View Fusion Network\datasets\brisc2025\classification_task\test\pituitary\brisc2025_test_00717_pi_ax_t1.jpg,pituitary,pituitary,axial,0.02975706,0.031101821,0.90905505,0.030086072,0.9090550541877747,True,True,0.8861336,0.79564035,0.9831460674046837,0.9957391551351306,0.8064516128957931,2.0,890.0,1085.0,False
d:\Research\Multi-View Fusion Network\datasets\brisc2025\classification_task\test\pituitary\brisc2025_test_00718_pi_ax_t1.jpg,pituitary,pituitary,axial,0.029812224,0.030130863,0.90967596,0.030380944,0.9096759557723999,True,True,0.982424,0.96546763,0.9781181619184675,0.9996311853291673,0.9867549668801564,0.0,1371.0,1359.0,False
d:\Research\Multi-View Fusion Network\datasets\brisc2025\classification_task\test\pituitary\brisc2025_test_00719_pi_ax_t1.jpg,pituitary,pituitary,axial,0.029439256,0.03025696,0.91086704,0.029436814,0.9108670353889465,True,True,0.87250483,0.77397263,0.9955882352794766,0.996060287699815,0.7763761467800874,2.0,680.0,872.0,False
d:\Research\Multi-View Fusion Network\datasets\brisc2025\classification_task\test\pituitary\brisc2025_test_00720_pi_ax_t1.jpg,pituitary,pituitary,axial,0.029260233,0.03043311,0.91040075,0.02990601,0.9104007482528687,True,True,0.9525994,0.909621,0.9510703363623526,0.9996990912553914,0.9539877300320863,0.0,327.0,326.0,False
d:\Research\Multi-View Fusion Network\datasets\brisc2025\classification_task\test\pituitary\brisc2025_test_00721_pi_ax_t1.jpg,pituitary,pituitary,axial,0.02928058,0.03130444,0.909085,0.030330028,0.9090849757194519,True,True,0.8877551,0.7985348,0.9819004524442578,0.9989790811728558,0.8097014925071007,1.0,221.0,268.0,False
d:\Research\Multi-View Fusion Network\datasets\brisc2025\classification_task\test\pituitary\brisc2025_test_00722_pi_ax_t1.jpg,pituitary,pituitary,axial,0.030252662,0.03494156,0.9046283,0.030177446,0.9046282768249512,True,True,0.7364991,0.5832106,0.7610789980585534,0.9967980345165844,0.7129963898788267,5.0,519.0,554.0,False
d:\Research\Multi-View Fusion Network\datasets\brisc2025\classification_task\test\pituitary\brisc2025_test_00723_pi_ax_t1.jpg,pituitary,pituitary,axial,0.029460894,0.03116654,0.9096098,0.02976285,0.9096097946166992,True,True,0.5785838,0.407767,0.9940476189884495,0.995140777475405,0.4073170731607971,9.486832980505138,168.0,410.0,False
d:\Research\Multi-View Fusion Network\datasets\brisc2025\classification_task\test\pituitary\brisc2025_test_00724_pi_ax_t1.jpg,pituitary,pituitary,axial,0.029524663,0.03216924,0.9077431,0.030563131,0.9077430963516235,True,True,0.89730424,0.81395346,0.9112271540232055,0.9990761753658147,0.8835443037751002,1.0,383.0,395.0,False
d:\Research\Multi-View Fusion Network\datasets\brisc2025\classification_task\test\pituitary\brisc2025_test_00725_pi_ax_t1.jpg,pituitary,pituitary,axial,0.029322587,0.030948013,0.90997154,0.029757874,0.9099715352058411,True,True,0.9292453,0.8680352,0.9394904458299526,0.9994785608276846,0.9190031152361681,1.0,314.0,321.0,False
d:\Research\Multi-View Fusion Network\datasets\brisc2025\classification_task\test\pituitary\brisc2025_test_00726_pi_ax_t1.jpg,pituitary,pituitary,axial,0.029513583,0.029922903,0.9105787,0.029984774,0.910578727722168,True,True,0.9170455,0.8469602,0.9372093023037859,0.9990753025366866,0.8975501113385846,1.0,430.0,449.0,False
d:\Research\Multi-View Fusion Network\datasets\brisc2025\classification_task\test\pituitary\brisc2025_test_00727_pi_ax_t1.jpg,pituitary,pituitary,axial,0.029830901,0.031999566,0.9077501,0.030419393,0.907750129699707,True,True,0.9215457,0.8546638,0.9334916864386343,0.9992161591797811,0.9097222222011638,1.0,421.0,432.0,False
d:\Research\Multi-View Fusion Network\datasets\brisc2025\classification_task\test\pituitary\brisc2025_test_00728_pi_ax_t1.jpg,pituitary,pituitary,axial,0.029864682,0.030857915,0.90868056,0.03059679,0.9086805582046509,True,True,0.907357,0.8308458,0.9595375721988706,0.9994600323978563,0.8601036268984402,1.0,173.0,193.0,False
d:\Research\Multi-View Fusion Network\datasets\brisc2025\classification_task\test\pituitary\brisc2025_test_00729_pi_ax_t1.jpg,pituitary,pituitary,axial,0.029514968,0.032119706,0.90784365,0.030521639,0.9078436493873596,True,True,0.90809625,0.832,0.9118942730875818,0.9995595507415566,0.9039301309648938,1.0,227.0,229.0,False
d:\Research\Multi-View Fusion Network\datasets\brisc2025\classification_task\test\pituitary\brisc2025_test_00730_pi_ax_t1.jpg,pituitary,pituitary,axial,0.028785532,0.03180108,0.9091026,0.03031084,0.9091026186943054,True,True,0.7581818,0.6111111,0.8455284552501817,0.9980973362705793,0.6864686468420307,3.1622776601683795,246.0,303.0,False
d:\Research\Multi-View Fusion Network\datasets\brisc2025\classification_task\test\pituitary\brisc2025_test_00731_pi_ax_t1.jpg,pituitary,pituitary,axial,0.029974,0.030960115,0.90892196,0.030143926,0.9089219570159912,True,True,0.6585678,0.49142858,0.9999999999610895,0.9946513351627648,0.4904580152578157,4.242640687119285,257.0,524.0,False
d:\Research\Multi-View Fusion Network\datasets\brisc2025\classification_task\test\pituitary\brisc2025_test_00732_pi_ax_t1.jpg,pituitary,pituitary,axial,0.029570455,0.029747825,0.9105849,0.03009679,0.9105849266052246,True,True,0.9412998,0.88932806,0.9955555555113086,0.9994594702806753,0.8924302788489071,1.0,225.0,251.0,False
d:\Research\Multi-View Fusion Network\datasets\brisc2025\classification_task\test\pituitary\brisc2025_test_00733_pi_ax_t1.jpg,pituitary,pituitary,axial,0.0291193,0.03144034,0.9093761,0.030064238,0.9093760848045349,True,True,0.9528302,0.91007197,0.9473684210170162,0.9997796032857144,0.9581749049065332,0.0,266.0,263.0,False
d:\Research\Multi-View Fusion Network\datasets\brisc2025\classification_task\test\pituitary\brisc2025_test_00734_pi_ax_t1.jpg,pituitary,pituitary,axial,0.028803315,0.031074502,0.9103252,0.02979702,0.9103252291679382,True,True,0.95150626,0.90756303,0.9390420899718571,0.9995150241475541,0.9642324888082827,0.0,689.0,671.0,False
d:\Research\Multi-View Fusion Network\datasets\brisc2025\classification_task\test\pituitary\brisc2025_test_00735_pi_ax_t1.jpg,pituitary,pituitary,axial,0.029591328,0.030954124,0.9096708,0.029783675,0.9096708297729492,True,True,0.9246575,0.8599717,0.8887262078932836,0.9995352878182775,0.96349206347677,1.0,683.0,630.0,False
d:\Research\Multi-View Fusion Network\datasets\brisc2025\classification_task\test\pituitary\brisc2025_test_00736_pi_ax_t1.jpg,pituitary,pituitary,axial,0.030403515,0.033352736,0.905001,0.031242741,0.9050009846687317,True,True,0.95741326,0.918429,0.9901960783990131,0.9995187487465411,0.9266055045588194,0.0,306.0,327.0,False
d:\Research\Multi-View Fusion Network\datasets\brisc2025\classification_task\test\pituitary\brisc2025_test_00737_pi_ax_t1.jpg,pituitary,pituitary,axial,0.029930053,0.029706873,0.9100032,0.030359847,0.9100031852722168,True,True,0.8880179,0.7987928,0.8918918918718042,0.9989543955600019,0.8839285714088408,1.4142135623730951,444.0,448.0,False
d:\Research\Multi-View Fusion Network\datasets\brisc2025\classification_task\test\pituitary\brisc2025_test_00738_pi_ax_t1.jpg,pituitary,pituitary,axial,0.029147338,0.031155651,0.9098745,0.029822404,0.9098744988441467,True,True,0.93204486,0.87281215,0.970129870117271,0.9982593207300737,0.8967587034706271,1.0,770.0,833.0,False
d:\Research\Multi-View Fusion Network\datasets\brisc2025\classification_task\test\pituitary\brisc2025_test_00739_pi_ax_t1.jpg,pituitary,pituitary,axial,0.02915551,0.03127517,0.9099514,0.029617975,0.909951388835907,True,True,0.875,0.778043,0.9615384615100137,0.9983947991490433,0.8024691357826551,1.4142135623730951,338.0,405.0,False
d:\Research\Multi-View Fusion Network\datasets\brisc2025\classification_task\test\pituitary\brisc2025_test_00740_pi_ax_t1.jpg,pituitary,pituitary,axial,0.029919837,0.031228801,0.9084715,0.030379789,0.9084715247154236,True,True,0.93051577,0.8701472,0.9572271386289495,0.9986262071192779,0.9051603905034148,1.0,678.0,717.0,False
d:\Research\Multi-View Fusion Network\datasets\brisc2025\classification_task\test\pituitary\brisc2025_test_00741_pi_ax_t1.jpg,pituitary,pituitary,axial,0.029174862,0.029831572,0.9119372,0.029056452,0.9119371771812439,True,True,0.7809984,0.64116096,0.9758064515735562,0.9973962506006655,0.6505376343911146,3.605551275463989,248.0,372.0,False
d:\Research\Multi-View Fusion Network\datasets\brisc2025\classification_task\test\pituitary\brisc2025_test_00742_pi_ax_t1.jpg,pituitary,pituitary,axial,0.029446714,0.030923836,0.90946263,0.0301667,0.9094626307487488,True,True,0.93108976,0.8712575,0.9265175718553827,0.9995989009885087,0.935483870937565,1.0,313.0,310.0,False
d:\Research\Multi-View Fusion Network\datasets\brisc2025\classification_task\test\pituitary\brisc2025_test_00743_pi_ax_t1.jpg,pituitary,pituitary,axial,0.029660152,0.030937724,0.9089783,0.030423809,0.908978283405304,True,True,0.9563736,0.91644907,0.9845505617839249,0.9989285136663031,0.9297082227993407,0.0,712.0,754.0,False
d:\Research\Multi-View Fusion Network\datasets\brisc2025\classification_task\test\pituitary\brisc2025_test_00744_pi_ax_t1.jpg,pituitary,pituitary,axial,0.030114919,0.030855529,0.908677,0.030352587,0.9086769819259644,True,True,0.8770325,0.7811935,0.9840182648177165,0.9977079898667021,0.7908256880588839,2.0,438.0,545.0,False
d:\Research\Multi-View Fusion Network\datasets\brisc2025\classification_task\test\pituitary\brisc2025_test_00745_pi_ax_t1.jpg,pituitary,pituitary,axial,0.029145623,0.0313949,0.90876216,0.030697307,0.9087621569633484,True,True,0.9517134,0.90801185,0.9744408945375578,0.999538736136815,0.9298780487521379,0.0,313.0,328.0,False
d:\Research\Multi-View Fusion Network\datasets\brisc2025\classification_task\test\pituitary\brisc2025_test_00746_pi_ax_t1.jpg,pituitary,pituitary,axial,0.029465495,0.031176735,0.9097121,0.029645681,0.9097120761871338,True,True,0.9044665,0.82579184,0.8965517241158485,0.9992967651193492,0.9122807017315218,1.0,406.0,399.0,False
d:\Research\Multi-View Fusion Network\datasets\brisc2025\classification_task\test\pituitary\brisc2025_test_00747_pi_ax_t1.jpg,pituitary,pituitary,axial,0.029256608,0.031255923,0.9095355,0.029951999,0.9095355272293091,True,True,0.45417514,0.29473683,0.99999999990991,0.994646958953162,0.29287598943818266,6.0,111.0,379.0,False
d:\Research\Multi-View Fusion Network\datasets\brisc2025\classification_task\test\pituitary\brisc2025_test_00748_pi_ax_t1.jpg,pituitary,pituitary,axial,0.029339382,0.030678546,0.91056675,0.029415416,0.9105667471885681,True,True,0.79160637,0.6555024,0.9646643109199765,0.9973142525001509,0.6707616707451901,2.5618655084852833,283.0,407.0,False
d:\Research\Multi-View Fusion Network\datasets\brisc2025\classification_task\test\pituitary\brisc2025_test_00749_pi_ax_t1.jpg,pituitary,pituitary,axial,0.029817317,0.03056988,0.90928745,0.030325329,0.9092874526977539,True,True,0.9484396,0.9020619,0.9509536784482029,0.9995984661404567,0.9457994579689485,1.0,367.0,369.0,False
d:\Research\Multi-View Fusion Network\datasets\brisc2025\classification_task\test\pituitary\brisc2025_test_00750_pi_ax_t1.jpg,pituitary,pituitary,axial,0.029550636,0.03201756,0.9081128,0.03031902,0.9081128239631653,True,True,0.92156863,0.8547486,0.944272445791199,0.9993179949048203,0.8997050147227226,1.0,323.0,339.0,False
d:\Research\Multi-View Fusion Network\datasets\brisc2025\classification_task\test\pituitary\brisc2025_test_00751_pi_ax_t1.jpg,pituitary,pituitary,axial,0.028532218,0.03182693,0.9102794,0.029361488,0.910279393196106,True,True,0.95150626,0.90756303,0.9472913616259547,0.9993938536760756,0.955686853752501,0.0,683.0,677.0,False
d:\Research\Multi-View Fusion Network\datasets\brisc2025\classification_task\test\pituitary\brisc2025_test_00752_pi_ax_t1.jpg,pituitary,pituitary,axial,0.029597888,0.031386174,0.90851355,0.03050244,0.9085135459899902,True,True,0.9311424,0.87134504,0.9281249999709961,0.9995787869060897,0.9339622641215735,1.0,320.0,318.0,False
d:\Research\Multi-View Fusion Network\datasets\brisc2025\classification_task\test\pituitary\brisc2025_test_00753_pi_ax_t1.jpg,pituitary,pituitary,axial,0.029266229,0.031315666,0.9096464,0.029771807,0.9096463918685913,True,True,0.91528547,0.8440678,0.9288389512760734,0.9994590154078424,0.9018181817853884,1.0,267.0,275.0,False
d:\Research\Multi-View Fusion Network\datasets\brisc2025\classification_task\test\pituitary\brisc2025_test_00754_pi_ax_t1.jpg,pituitary,pituitary,axial,0.029465927,0.03231406,0.9077609,0.030459074,0.9077609181404114,True,True,0.696124,0.5344418,0.9911504424340198,0.9961161161159168,0.5358851674512946,5.084166586553869,226.0,418.0,False
d:\Research\Multi-View Fusion Network\datasets\brisc2025\classification_task\test\pituitary\brisc2025_test_00755_pi_ax_t1.jpg,pituitary,pituitary,axial,0.029770011,0.030014856,0.9103045,0.02991061,0.9103044867515564,True,True,0.915903,0.8449304,0.9022316684282441,0.9987001117089472,0.9299014238671424,1.0,941.0,913.0,False
d:\Research\Multi-View Fusion Network\datasets\brisc2025\classification_task\test\pituitary\brisc2025_test_00756_pi_ax_t1.jpg,pituitary,pituitary,axial,0.029617982,0.030986318,0.9094695,0.029926307,0.909469485282898,True,True,0.89869,0.8161648,0.9922779922588363,0.997744572878288,0.8210862619677143,1.0,518.0,626.0,False
d:\Research\Multi-View Fusion Network\datasets\brisc2025\classification_task\test\pituitary\brisc2025_test_00757_pi_ax_t1.jpg,pituitary,pituitary,axial,0.02950711,0.030948013,0.90955365,0.02999125,0.9095536470413208,True,True,0.97865015,0.958221,0.9779614324934165,0.9996966632960568,0.9793103448140784,0.0,726.0,725.0,False
d:\Research\Multi-View Fusion Network\datasets\brisc2025\classification_task\test\pituitary\brisc2025_test_00758_pi_ax_t1.jpg,pituitary,pituitary,axial,0.028993888,0.029925523,0.9121518,0.028928801,0.9121518135070801,True,True,0.7784223,0.63757116,0.9738372092740163,0.9963477283671143,0.6479690522118381,4.0,344.0,517.0,False
d:\Research\Multi-View Fusion Network\datasets\brisc2025\classification_task\test\pituitary\brisc2025_test_00759_pi_ax_t1.jpg,pituitary,pituitary,axial,0.02949234,0.030624978,0.90967125,0.030211478,0.9096712470054626,True,True,0.9405941,0.8880597,0.94047619043887,0.9996995433056247,0.94047619043887,1.0,252.0,252.0,False
d:\Research\Multi-View Fusion Network\datasets\brisc2025\classification_task\test\pituitary\brisc2025_test_00760_pi_ax_t1.jpg,pituitary,pituitary,axial,0.029633312,0.030603964,0.9095387,0.03022406,0.9095386862754822,True,True,0.9623016,0.92738855,0.9745308310861323,0.9992312360912403,0.9503267973731984,0.0,746.0,765.0,False
d:\Research\Multi-View Fusion Network\datasets\brisc2025\classification_task\test\pituitary\brisc2025_test_00761_pi_ax_t1.jpg,pituitary,pituitary,axial,0.029916458,0.030869879,0.9087912,0.03042251,0.908791184425354,True,True,0.77442825,0.6322034,0.9815303429820177,0.9957828784864559,0.6391752577209764,5.0,379.0,582.0,False
d:\Research\Multi-View Fusion Network\datasets\brisc2025\classification_task\test\pituitary\brisc2025_test_00762_pi_ax_t1.jpg,pituitary,pituitary,axial,0.029328516,0.030704733,0.91048026,0.029486509,0.910480260848999,True,True,0.89509535,0.8103448,0.9344729344463113,0.9989162067233319,0.8586387434330199,1.0,351.0,382.0,False
d:\Research\Multi-View Fusion Network\datasets\brisc2025\classification_task\test\pituitary\brisc2025_test_00763_pi_ax_t1.jpg,pituitary,pituitary,axial,0.02908251,0.031538624,0.9089224,0.030456498,0.9089223742485046,True,True,0.9448947,0.8957055,0.9897959183336804,0.999378533338479,0.903726708046468,1.0,294.0,322.0,False
d:\Research\Multi-View Fusion Network\datasets\brisc2025\classification_task\test\pituitary\brisc2025_test_00764_pi_ax_t1.jpg,pituitary,pituitary,axial,0.029472435,0.03113521,0.90956885,0.029823476,0.9095688462257385,True,True,0.89927185,0.81718063,0.9462915600780999,0.998754644973185,0.8564814814616555,1.0,391.0,432.0,False
d:\Research\Multi-View Fusion Network\datasets\brisc2025\classification_task\test\pituitary\brisc2025_test_00765_pi_ax_t1.jpg,pituitary,pituitary,axial,0.029165654,0.031528894,0.90942323,0.029882262,0.9094232320785522,True,True,0.46566522,0.3044693,0.9999999999074075,0.9950267636013033,0.3025210083948874,5.656854249492381,108.0,357.0,False
d:\Research\Multi-View Fusion Network\datasets\brisc2025\classification_task\test\pituitary\brisc2025_test_00766_pi_ax_t1.jpg,pituitary,pituitary,axial,0.029026177,0.030931186,0.9105114,0.029531294,0.9105113744735718,True,True,0.8440171,0.7306273,0.9471153845698502,0.9987592058915709,0.7606177605883931,2.0,208.0,259.0,False
d:\Research\Multi-View Fusion Network\datasets\brisc2025\classification_task\test\pituitary\brisc2025_test_00767_pi_ax_t1.jpg,pituitary,pituitary,axial,0.029613078,0.030923825,0.90920156,0.030261597,0.9092015624046326,True,True,0.64421415,0.47582698,0.9999999999462366,0.9958791758349679,0.474489795906263,3.605551275463989,186.0,392.0,False
d:\Research\Multi-View Fusion Network\datasets\brisc2025\classification_task\test\pituitary\brisc2025_test_00768_pi_ax_t1.jpg,pituitary,pituitary,axial,0.029402232,0.03175114,0.909156,0.029690573,0.9091560244560242,True,True,0.8181818,0.6926952,0.9927536231524364,0.9975951903805617,0.6954314720635677,2.0,276.0,394.0,False
d:\Research\Multi-View Fusion Network\datasets\brisc2025\classification_task\test\pituitary\brisc2025_test_00769_pi_ax_t1.jpg,pituitary,pituitary,axial,0.029136846,0.031198468,0.9107913,0.028873438,0.910791277885437,True,True,0.8472064,0.7351779,0.7745302713825777,0.9994768295870979,0.9345088160973675,2.23606797749979,479.0,397.0,False
d:\Research\Multi-View Fusion Network\datasets\brisc2025\classification_task\test\pituitary\brisc2025_test_00770_pi_ax_t1.jpg,pituitary,pituitary,axial,0.028812923,0.030743964,0.91088146,0.029561615,0.9108814597129822,True,True,0.8877551,0.7987805,0.955882352870891,0.9994604316544766,0.8280254776542658,1.0,136.0,157.0,False
d:\Research\Multi-View Fusion Network\datasets\brisc2025\classification_task\test\pituitary\brisc2025_test_00771_pi_ax_t1.jpg,pituitary,pituitary,axial,0.029058836,0.03149791,0.9096285,0.029814763,0.9096285104751587,True,True,0.75490195,0.6069182,0.9320388349062116,0.9977786672001205,0.6336633663157206,4.0,206.0,303.0,False
d:\Research\Multi-View Fusion Network\datasets\brisc2025\classification_task\test\pituitary\brisc2025_test_00772_pi_ax_t1.jpg,pituitary,pituitary,axial,0.029885776,0.030278936,0.9097313,0.030103931,0.9097313284873962,True,True,0.92611337,0.86252356,0.9176706827124965,0.9993558516846494,0.9345603271792523,1.0,498.0,489.0,False
d:\Research\Multi-View Fusion Network\datasets\brisc2025\classification_task\test\pituitary\brisc2025_test_00773_pi_ax_t1.jpg,pituitary,pituitary,axial,0.03005605,0.030415172,0.9096462,0.029882543,0.909646213054657,True,True,0.8513871,0.7413793,0.8385416666557481,0.9979557966319225,0.8644295301897392,2.23606797749979,768.0,745.0,False
d:\Research\Multi-View Fusion Network\datasets\brisc2025\classification_task\test\pituitary\brisc2025_test_00774_pi_ax_t1.jpg,pituitary,pituitary,axial,0.029446473,0.030463226,0.91012734,0.029962994,0.9101273417472839,True,True,0.9463668,0.89836067,0.9512195121619784,0.9996592435204155,0.9413793103123662,1.0,287.0,290.0,False
d:\Research\Multi-View Fusion Network\datasets\brisc2025\classification_task\test\pituitary\brisc2025_test_00775_pi_ax_t1.jpg,pituitary,pituitary,axial,0.02935599,0.029908346,0.91105765,0.029677989,0.9110576510429382,True,True,0.9375975,0.88269794,0.9868421052306959,0.9992781520690971,0.8928571428305697,1.0,304.0,336.0,False
d:\Research\Multi-View Fusion Network\datasets\brisc2025\classification_task\test\pituitary\brisc2025_test_00776_pi_ax_t1.jpg,pituitary,pituitary,axial,0.03011139,0.03217061,0.9066629,0.031055134,0.9066628813743591,True,True,0.9637269,0.93004113,0.9671428571290408,0.9994340690433747,0.9602836879296414,0.0,700.0,705.0,False
d:\Research\Multi-View Fusion Network\datasets\brisc2025\classification_task\test\pituitary\brisc2025_test_00777_pi_ax_t1.jpg,pituitary,pituitary,axial,0.03011866,0.031042662,0.90823793,0.030600777,0.9082379341125488,True,True,0.68443805,0.5207878,0.9957983192858908,0.9956345868875415,0.520879120867673,6.17947964631363,238.0,455.0,False
d:\Research\Multi-View Fusion Network\datasets\brisc2025\classification_task\test\pituitary\brisc2025_test_00778_pi_ax_t1.jpg,pituitary,pituitary,axial,0.030131226,0.03168671,0.9080536,0.030128492,0.9080535769462585,True,True,0.6845238,0.5210843,0.5771812080343227,0.9993383856608126,0.8390243902029744,3.0,298.0,205.0,False
d:\Research\Multi-View Fusion Network\datasets\brisc2025\classification_task\test\pituitary\brisc2025_test_00779_pi_ax_t1.jpg,pituitary,pituitary,axial,0.030343471,0.032469366,0.9062733,0.030913835,0.9062733054161072,True,True,0.7380952,0.58542717,0.7656765676314958,0.9981152126399058,0.7116564416959614,6.2278382043213485,303.0,326.0,False
d:\Research\Multi-View Fusion Network\datasets\brisc2025\classification_task\test\pituitary\brisc2025_test_00780_pi_ax_t1.jpg,pituitary,pituitary,axial,0.029422354,0.03146702,0.90883726,0.030273298,0.9088372588157654,True,True,0.9010025,0.82004553,0.9228791773541676,0.9990158073390647,0.8799019607627475,1.0,389.0,408.0,False
d:\Research\Multi-View Fusion Network\datasets\brisc2025\classification_task\test\pituitary\brisc2025_test_00781_pi_ax_t1.jpg,pituitary,pituitary,axial,0.03022668,0.032291956,0.90663916,0.030842252,0.9066391587257385,True,True,0.78265893,0.64326376,0.9740634005482979,0.9964077143829906,0.6537717601420934,3.1622776601683795,347.0,517.0,False
d:\Research\Multi-View Fusion Network\datasets\brisc2025\classification_task\test\pituitary\brisc2025_test_00782_pi_ax_t1.jpg,pituitary,pituitary,axial,0.029465204,0.02997011,0.91097325,0.029591491,0.9109732508659363,True,True,0.90553,0.8277311,0.9560975609289708,0.9993596285843791,0.8596491227693136,1.0,205.0,228.0,False
d:\Research\Multi-View Fusion Network\datasets\brisc2025\classification_task\test\pituitary\brisc2025_test_00783_pi_ax_t1.jpg,pituitary,pituitary,axial,0.029274473,0.030306693,0.91081893,0.029599834,0.9108189344406128,True,True,0.87109375,0.7724138,0.8473282442101275,0.9997402337893897,0.8951612902503903,1.0,131.0,124.0,False
d:\Research\Multi-View Fusion Network\datasets\brisc2025\classification_task\test\pituitary\brisc2025_test_00784_pi_ax_t1.jpg,pituitary,pituitary,axial,0.029695516,0.03097643,0.909323,0.030005032,0.90932297706604,True,True,0.7924693,0.65652174,0.9637526652246534,0.9955740640149284,0.6726190476090383,5.830951894845301,469.0,672.0,False
d:\Research\Multi-View Fusion Network\datasets\brisc2025\classification_task\test\pituitary\brisc2025_test_00785_pi_ax_t1.jpg,pituitary,pituitary,axial,0.029543389,0.030975364,0.90933764,0.030143518,0.9093376398086548,True,True,0.9752212,0.9517241,0.9892086330579422,0.9997795502823762,0.9615384615048412,0.0,278.0,286.0,False
d:\Research\Multi-View Fusion Network\datasets\brisc2025\classification_task\test\pituitary\brisc2025_test_00786_pi_ax_t1.jpg,pituitary,pituitary,axial,0.02932781,0.03202892,0.907838,0.030805275,0.907837986946106,True,True,0.9308943,0.8708861,0.9397260273715143,0.9994177992810827,0.9220430107279021,1.0,365.0,372.0,False
d:\Research\Multi-View Fusion Network\datasets\brisc2025\classification_task\test\pituitary\brisc2025_test_00787_pi_ax_t1.jpg,pituitary,pituitary,axial,0.03003122,0.0313924,0.9080024,0.030574083,0.9080023765563965,True,True,0.8737769,0.7760417,0.9845474613469195,0.9975464070951074,0.7852112675918097,2.23606797749979,453.0,568.0,False
d:\Research\Multi-View Fusion Network\datasets\brisc2025\classification_task\test\pituitary\brisc2025_test_00788_pi_ax_t1.jpg,pituitary,pituitary,axial,0.029160745,0.032424692,0.907358,0.031056559,0.9073579907417297,True,True,0.9387097,0.8848485,0.9602649005986579,0.9997401299348327,0.9177215189292581,1.0,151.0,158.0,False
d:\Research\Multi-View Fusion Network\datasets\brisc2025\classification_task\test\pituitary\brisc2025_test_00789_pi_ax_t1.jpg,pituitary,pituitary,axial,0.029627476,0.030510196,0.909688,0.030174283,0.9096879959106445,True,True,0.855,0.7478261,0.988372092908329,0.9994410061886606,0.7522123893139635,1.0,86.0,113.0,False
d:\Research\Multi-View Fusion Network\datasets\brisc2025\classification_task\test\pituitary\brisc2025_test_00790_pi_ax_t1.jpg,pituitary,pituitary,axial,0.028719917,0.031152926,0.90965545,0.030471645,0.9096554517745972,True,True,0.91132075,0.8373702,0.9639999999614399,0.9992388735326285,0.8637992831231613,1.0,250.0,279.0,False
d:\Research\Multi-View Fusion Network\datasets\brisc2025\classification_task\test\pituitary\brisc2025_test_00791_pi_ax_t1.jpg,pituitary,pituitary,axial,0.029122569,0.030984178,0.9101513,0.029742034,0.9101513028144836,True,True,0.9376997,0.8828829,0.970198675464563,0.9993984841799336,0.9071207430059715,1.0,302.0,323.0,False
d:\Research\Multi-View Fusion Network\datasets\brisc2025\classification_task\test\pituitary\brisc2025_test_00792_pi_ax_t1.jpg,pituitary,pituitary,axial,0.029294498,0.029851105,0.9107894,0.030065008,0.9107893705368042,True,True,0.9285714,0.86683416,0.9772727272449638,0.999096820809048,0.8843187660441049,1.0,352.0,389.0,False
d:\Research\Multi-View Fusion Network\datasets\brisc2025\classification_task\test\pituitary\brisc2025_test_00793_pi_ax_t1.jpg,pituitary,pituitary,axial,0.02931904,0.030738682,0.91047525,0.029467106,0.9104752540588379,True,True,0.41374475,0.2614841,0.7538461538074951,0.9925971869308352,0.28433268858250804,14.364793880637167,195.0,517.0,False
d:\Research\Multi-View Fusion Network\datasets\brisc2025\classification_task\test\pituitary\brisc2025_test_00794_pi_ax_t1.jpg,pituitary,pituitary,axial,0.029369816,0.030853191,0.90990716,0.029869787,0.9099071621894836,True,True,0.8485401,0.73734176,0.9707112970305142,0.9984780823836037,0.7532467532222972,2.23606797749979,239.0,308.0,False
d:\Research\Multi-View Fusion Network\datasets\brisc2025\classification_task\test\pituitary\brisc2025_test_00795_pi_ax_t1.jpg,pituitary,pituitary,axial,0.029297411,0.030235574,0.91016304,0.030303966,0.9101630449295044,True,True,0.90438247,0.82608694,0.9338842974434807,0.9996803516130258,0.8759689921801573,1.0,121.0,129.0,False
d:\Research\Multi-View Fusion Network\datasets\brisc2025\classification_task\test\pituitary\brisc2025_test_00796_pi_ax_t1.jpg,pituitary,pituitary,axial,0.029756945,0.030543515,0.9096848,0.030014815,0.9096847772598267,True,True,0.9194175,0.85098743,0.9256360078096745,0.9990939293262864,0.9131274131097852,1.0,511.0,518.0,False
d:\Research\Multi-View Fusion Network\datasets\brisc2025\classification_task\test\pituitary\brisc2025_test_00797_pi_ax_t1.jpg,pituitary,pituitary,axial,0.029420774,0.030152084,0.91083944,0.029587686,0.9108394384384155,True,True,0.91915107,0.85046726,0.9967105263048606,0.9968130886649488,0.8527204502734267,1.0,912.0,1066.0,False
d:\Research\Multi-View Fusion Network\datasets\brisc2025\classification_task\test\pituitary\brisc2025_test_00798_pi_ax_t1.jpg,pituitary,pituitary,axial,0.029641582,0.030278243,0.90982723,0.030252948,0.9098272323608398,True,True,0.9827965,0.96618706,0.9752906976673308,0.9997336065571722,0.9904059040517313,0.0,1376.0,1355.0,False
d:\Research\Multi-View Fusion Network\datasets\brisc2025\classification_task\test\pituitary\brisc2025_test_00799_pi_ax_t1.jpg,pituitary,pituitary,axial,0.029808775,0.030699521,0.90905106,0.030440526,0.9090510606765747,True,True,0.8468586,0.7346939,0.9999999999690402,0.9976531001141361,0.7340909090742251,2.0,323.0,440.0,False
d:\Research\Multi-View Fusion Network\datasets\brisc2025\classification_task\test\pituitary\brisc2025_test_00800_pi_ax_t1.jpg,pituitary,pituitary,axial,0.029560806,0.03049208,0.9102338,0.029713359,0.9102337956428528,True,True,0.8632341,0.7595474,0.9640287769610786,0.9969770253927859,0.7813411078603303,2.0,556.0,686.0,False
d:\Research\Multi-View Fusion Network\datasets\brisc2025\classification_task\test\pituitary\brisc2025_test_00801_pi_ax_t1.jpg,pituitary,pituitary,axial,0.029063005,0.030676657,0.91057,0.029690407,0.9105700254440308,True,True,0.93774575,0.88286066,0.9986033519413603,0.9980994743224832,0.8838071693339455,1.0,716.0,809.0,False
d:\Research\Multi-View Fusion Network\datasets\brisc2025\classification_task\test\pituitary\brisc2025_test_00802_pi_ax_t1.jpg,pituitary,pituitary,axial,0.029050114,0.03108872,0.9103526,0.02950854,0.9103525876998901,True,True,0.7616488,0.61560696,0.9506726456972793,0.9975577042417878,0.6347305389031518,3.0,223.0,334.0,False
d:\Research\Multi-View Fusion Network\datasets\brisc2025\classification_task\test\pituitary\brisc2025_test_00803_pi_ax_t1.jpg,pituitary,pituitary,axial,0.02929697,0.03061187,0.9100914,0.029999783,0.9100914001464844,True,True,0.93093526,0.87096775,0.9528023598538996,0.9993579067758895,0.9098591549039476,1.0,339.0,355.0,False
d:\Research\Multi-View Fusion Network\datasets\brisc2025\classification_task\test\pituitary\brisc2025_test_00804_pi_ax_t1.jpg,pituitary,pituitary,axial,0.02932525,0.031461317,0.90842754,0.030785944,0.9084275364875793,True,True,0.9003831,0.8194444,0.8540145984778091,0.9998800935268491,0.9512195121177871,1.0,137.0,123.0,False
d:\Research\Multi-View Fusion Network\datasets\brisc2025\classification_task\test\pituitary\brisc2025_test_00805_pi_ax_t1.jpg,pituitary,pituitary,axial,0.029497415,0.03371902,0.90618217,0.030601429,0.9061821699142456,True,True,0.6480144,0.48,0.9728260869036507,0.9961993919025052,0.48509485093536325,5.0,184.0,369.0,False
d:\Research\Multi-View Fusion Network\datasets\brisc2025\classification_task\test\pituitary\brisc2025_test_00806_pi_ax_t1.jpg,pituitary,pituitary,axial,0.02878518,0.03139932,0.910466,0.029349491,0.9104660153388977,True,True,0.92727274,0.8647343,0.9673913042952504,0.9995599295885343,0.8899999999554999,1.0,184.0,200.0,False
d:\Research\Multi-View Fusion Network\datasets\brisc2025\classification_task\test\pituitary\brisc2025_test_00807_pi_ax_t1.jpg,pituitary,pituitary,axial,0.029471897,0.032593288,0.90699315,0.030941738,0.9069931507110596,True,True,0.91875744,0.84988964,0.8807339449339281,0.9996783273017693,0.9599999999759999,1.0,436.0,400.0,False
d:\Research\Multi-View Fusion Network\datasets\brisc2025\classification_task\test\pituitary\brisc2025_test_00808_pi_ax_t1.jpg,pituitary,pituitary,axial,0.029932039,0.031710457,0.9076244,0.030733122,0.9076244235038757,True,True,0.9375,0.8825215,0.9274924471018884,0.9996589427222391,0.947530864168286,1.0,331.0,324.0,False
d:\Research\Multi-View Fusion Network\datasets\brisc2025\classification_task\test\pituitary\brisc2025_test_00809_pi_ax_t1.jpg,pituitary,pituitary,axial,0.030247498,0.03135722,0.9077868,0.030608492,0.9077867865562439,True,True,0.93169564,0.87219733,0.9130434782501405,0.9991890522045618,0.9510403916652259,1.0,851.0,817.0,False
d:\Research\Multi-View Fusion Network\datasets\brisc2025\classification_task\test\pituitary\brisc2025_test_00810_pi_ax_t1.jpg,pituitary,pituitary,axial,0.029651372,0.030083638,0.9100744,0.030190611,0.9100744128227234,True,True,0.93939394,0.8858351,0.9675925925701946,0.9991958829203524,0.9126637554385881,1.0,432.0,458.0,False
d:\Research\Multi-View Fusion Network\datasets\brisc2025\classification_task\test\pituitary\brisc2025_test_00811_pi_ax_t1.jpg,pituitary,pituitary,axial,0.029498475,0.03147934,0.90892905,0.030093137,0.9089290499687195,True,True,0.88545245,0.79466116,0.9346246973139316,0.9985330466408782,0.8409586056461664,1.4142135623730951,413.0,459.0,False
d:\Research\Multi-View Fusion Network\datasets\brisc2025\classification_task\test\pituitary\brisc2025_test_00812_pi_ax_t1.jpg,pituitary,pituitary,axial,0.030097952,0.035184182,0.9033613,0.03135655,0.9033613204956055,True,True,0.9342857,0.87700534,0.9209039547502313,0.9998199963997281,0.9476744185495538,1.0,177.0,172.0,False
d:\Research\Multi-View Fusion Network\datasets\brisc2025\classification_task\test\pituitary\brisc2025_test_00813_pi_ax_t1.jpg,pituitary,pituitary,axial,0.02944138,0.034096405,0.9057016,0.030760692,0.9057015776634216,True,True,0.27925533,0.16358025,0.16099071206931917,0.9999999999997995,0.9999999998076923,12.36931687685298,323.0,52.0,False
d:\Research\Multi-View Fusion Network\datasets\brisc2025\classification_task\test\pituitary\brisc2025_test_00814_pi_ax_t1.jpg,pituitary,pituitary,axial,0.029335944,0.031229641,0.90920246,0.030232042,0.9092024564743042,True,True,0.9084668,0.832636,0.956521739084226,0.9993796153613242,0.8646288209229419,1.0,207.0,229.0,False
d:\Research\Multi-View Fusion Network\datasets\brisc2025\classification_task\test\pituitary\brisc2025_test_00815_pi_ax_t1.jpg,pituitary,pituitary,axial,0.029145662,0.031939827,0.90845174,0.03046272,0.9084517359733582,True,True,0.489842,0.32537314,0.9818181817289257,0.9955259058041395,0.3253012048094789,11.173590943983363,110.0,332.0,False
d:\Research\Multi-View Fusion Network\datasets\brisc2025\classification_task\test\pituitary\brisc2025_test_00816_pi_ax_t1.jpg,pituitary,pituitary,axial,0.030009689,0.030562423,0.90929174,0.030136231,0.9092917442321777,True,True,0.8187566,0.6934046,0.992327365703521,0.9966054032337057,0.6965888689282479,2.0,391.0,557.0,False
d:\Research\Multi-View Fusion Network\datasets\brisc2025\classification_task\test\pituitary\brisc2025_test_00817_pi_ax_t1.jpg,pituitary,pituitary,axial,0.029685944,0.029946193,0.9103857,0.029982066,0.9103857278823853,True,True,0.9402985,0.8875502,0.9691629955520192,0.9995795711623858,0.9128630705015409,1.0,227.0,241.0,False
d:\Research\Multi-View Fusion Network\datasets\brisc2025\classification_task\test\pituitary\brisc2025_test_00818_pi_ax_t1.jpg,pituitary,pituitary,axial,0.02908237,0.031341143,0.90952647,0.030050017,0.9095264673233032,True,True,0.9530075,0.91039425,0.9547169810960484,0.9997395363745468,0.9511278195131154,0.0,265.0,266.0,False
d:\Research\Multi-View Fusion Network\datasets\brisc2025\classification_task\test\pituitary\brisc2025_test_00819_pi_ax_t1.jpg,pituitary,pituitary,axial,0.02950269,0.030740684,0.9093711,0.030385533,0.9093710780143738,True,True,0.8297151,0.7091541,0.9652448657035506,0.9953777526591052,0.727380952372293,3.0,633.0,840.0,False
d:\Research\Multi-View Fusion Network\datasets\brisc2025\classification_task\test\pituitary\brisc2025_test_00820_pi_ax_t1.jpg,pituitary,pituitary,axial,0.029422665,0.031114027,0.9093836,0.03007975,0.9093835949897766,True,True,0.54146343,0.37333333,0.37671232874132105,0.9999400359782131,0.9482758619054696,5.0841665865538666,146.0,58.0,False
d:\Research\Multi-View Fusion Network\datasets\brisc2025\classification_task\test\pituitary\brisc2025_test_00821_pi_ax_t1.jpg,pituitary,pituitary,axial,0.02922078,0.03026365,0.91081905,0.029696546,0.9108190536499023,True,True,0.98210925,0.9648799,0.990494296559116,0.9997180261830817,0.973831775682732,0.0,526.0,535.0,False
d:\Research\Multi-View Fusion Network\datasets\brisc2025\classification_task\test\pituitary\brisc2025_test_00822_pi_ax_t1.jpg,pituitary,pituitary,axial,0.03019594,0.03238938,0.90637946,0.031035168,0.9063794612884521,True,True,0.97006804,0.9419525,0.9834254143374744,0.9996788051549766,0.9569892472861025,0.0,362.0,372.0,False
d:\Research\Multi-View Fusion Network\datasets\brisc2025\classification_task\test\pituitary\brisc2025_test_00823_pi_ax_t1.jpg,pituitary,pituitary,axial,0.02945501,0.030329522,0.910339,0.029876431,0.9103389978408813,True,True,0.9559859,0.9158249,0.9783393501451862,0.9996192308461093,0.9344827585884661,0.0,277.0,290.0,False
d:\Research\Multi-View Fusion Network\datasets\brisc2025\classification_task\test\pituitary\brisc2025_test_00824_pi_ax_t1.jpg,pituitary,pituitary,axial,0.029626194,0.031240398,0.908251,0.030882342,0.9082509875297546,True,True,0.83246076,0.71343285,0.8150684931227716,0.9991580466680702,0.8499999999696428,2.23606797749979,292.0,280.0,False
d:\Research\Multi-View Fusion Network\datasets\brisc2025\classification_task\test\pituitary\brisc2025_test_00825_pi_co_t1.jpg,pituitary,pituitary,coronal,0.029532507,0.029330803,0.9116395,0.029497176,0.9116395115852356,True,True,0.91466856,0.8428571,0.9657228017739833,0.9980204019793965,0.868632707763155,1.4142135623730951,671.0,746.0,False
d:\Research\Multi-View Fusion Network\datasets\brisc2025\classification_task\test\pituitary\brisc2025_test_00826_pi_co_t1.jpg,pituitary,meningioma,coronal,0.025065623,0.91941106,0.02947836,0.026045008,0.9194110631942749,False,True,0.9191617,0.8505535,0.9684210526111912,0.9986720589120947,0.8745247148122713,1.0,475.0,526.0,False
d:\Research\Multi-View Fusion Network\datasets\brisc2025\classification_task\test\pituitary\brisc2025_test_00827_pi_co_t1.jpg,pituitary,pituitary,coronal,0.029462347,0.028933773,0.91197157,0.029632403,0.9119715690612793,True,True,0.9412844,0.88927335,0.9660377358126023,0.9995391797397368,0.9175627239814493,1.0,265.0,279.0,False
d:\Research\Multi-View Fusion Network\datasets\brisc2025\classification_task\test\pituitary\brisc2025_test_00828_pi_co_t1.jpg,pituitary,pituitary,coronal,0.030072365,0.029357774,0.91043425,0.030135727,0.9104342460632324,True,True,0.9182993,0.8489985,0.9726148409808074,0.9966356740883704,0.8696682464386283,1.0,1132.0,1266.0,False
d:\Research\Multi-View Fusion Network\datasets\brisc2025\classification_task\test\pituitary\brisc2025_test_00829_pi_co_t1.jpg,pituitary,pituitary,coronal,0.028827885,0.029537914,0.91279024,0.028843997,0.9127902388572693,True,True,0.9168883,0.84662575,0.9913669064605558,0.9975950364784468,0.8527227722666743,1.0,695.0,808.0,False
d:\Research\Multi-View Fusion Network\datasets\brisc2025\classification_task\test\pituitary\brisc2025_test_00830_pi_co_t1.jpg,pituitary,pituitary,coronal,0.029423455,0.030609969,0.90972066,0.030245887,0.9097206592559814,True,True,0.8487179,0.73777777,0.7783018867557404,0.9997598270752943,0.9322033897778416,3.42824182934573,212.0,177.0,False
d:\Research\Multi-View Fusion Network\datasets\brisc2025\classification_task\test\pituitary\brisc2025_test_00831_pi_co_t1.jpg,pituitary,pituitary,coronal,0.029058428,0.030469486,0.91058564,0.029886443,0.9105856418609619,True,True,0.8982188,0.8156682,0.8341232227092832,0.9998999299507656,0.9723756905540123,1.0,211.0,181.0,False
d:\Research\Multi-View Fusion Network\datasets\brisc2025\classification_task\test\pituitary\brisc2025_test_00832_pi_co_t1.jpg,pituitary,pituitary,coronal,0.030320762,0.030116381,0.9082685,0.03129439,0.9082685112953186,True,True,0.93152636,0.872,0.9235127478491922,0.9995785079178292,0.939481267984453,1.0,353.0,347.0,False
d:\Research\Multi-View Fusion Network\datasets\brisc2025\classification_task\test\pituitary\brisc2025_test_00833_pi_co_t1.jpg,pituitary,pituitary,coronal,0.030815985,0.02986658,0.9081795,0.031137897,0.908179521560669,True,True,0.89830506,0.81557375,0.9900249376311714,0.998272225012356,0.8219461697552392,1.0,401.0,483.0,False
d:\Research\Multi-View Fusion Network\datasets\brisc2025\classification_task\test\pituitary\brisc2025_test_00834_pi_co_t1.jpg,pituitary,pituitary,coronal,0.02919532,0.029626818,0.91179305,0.029384756,0.911793053150177,True,True,0.96699506,0.9361296,0.9869215291651215,0.9989020373305277,0.9478260869473641,0.0,994.0,1035.0,False
d:\Research\Multi-View Fusion Network\datasets\brisc2025\classification_task\test\pituitary\brisc2025_test_00835_pi_co_t1.jpg,pituitary,pituitary,coronal,0.029547384,0.031260014,0.90886974,0.03032277,0.908869743347168,True,True,0.76140684,0.61503065,0.8676789587664278,0.996178215830032,0.6779661016834243,2.23606797749979,461.0,590.0,False
d:\Research\Multi-View Fusion Network\datasets\brisc2025\classification_task\test\pituitary\brisc2025_test_00836_pi_co_t1.jpg,pituitary,pituitary,coronal,0.029954644,0.033954743,0.9053053,0.030785354,0.9053053259849548,True,True,0.50575656,0.33883387,0.3681055155831162,0.9985002634670265,0.8057742781940741,10.816653826391969,834.0,381.0,False
d:\Research\Multi-View Fusion Network\datasets\brisc2025\classification_task\test\pituitary\brisc2025_test_00837_pi_co_t1.jpg,pituitary,pituitary,coronal,0.029971566,0.030261148,0.90996796,0.029799292,0.9099679589271545,True,True,0.9145147,0.84262294,0.8799313893502585,0.9994757324620411,0.9517625231734367,1.0,583.0,539.0,False
d:\Research\Multi-View Fusion Network\datasets\brisc2025\classification_task\test\pituitary\brisc2025_test_00838_pi_co_t1.jpg,pituitary,pituitary,coronal,0.029685866,0.03026778,0.9094317,0.030614674,0.9094316959381104,True,True,0.45251396,0.29496402,0.99999999975,0.9980453167382723,0.2898550724427641,10.318333173107739,40.0,138.0,False
d:\Research\Multi-View Fusion Network\datasets\brisc2025\classification_task\test\pituitary\brisc2025_test_00839_pi_co_t1.jpg,pituitary,pituitary,coronal,0.029171465,0.031009115,0.9102696,0.029549839,0.9102696180343628,True,True,0.85338867,0.7445783,0.768079800479599,0.9997388247109996,0.9595015576025078,2.0,401.0,321.0,False
d:\Research\Multi-View Fusion Network\datasets\brisc2025\classification_task\test\pituitary\brisc2025_test_00840_pi_co_t1.jpg,pituitary,pituitary,coronal,0.029492931,0.030357493,0.9104813,0.029668279,0.9104812741279602,True,True,0.8929078,0.80665815,0.9102749638073766,0.9982014751943017,0.8760445682329242,1.0,691.0,718.0,False
d:\Research\Multi-View Fusion Network\datasets\brisc2025\classification_task\test\pituitary\brisc2025_test_00841_pi_co_t1.jpg,pituitary,pituitary,coronal,0.03005869,0.030040773,0.90975755,0.030142967,0.9097575545310974,True,True,0.8940937,0.808589,0.8545454545343566,0.9991094199083109,0.9373219373085852,2.0,770.0,702.0,False
d:\Research\Multi-View Fusion Network\datasets\brisc2025\classification_task\test\pituitary\brisc2025_test_00842_pi_co_t1.jpg,pituitary,pituitary,coronal,0.030156523,0.03020405,0.90842104,0.031218331,0.9084210395812988,True,True,0.5923567,0.42118862,0.9643916913660417,0.9912518308952846,0.4270696451980674,13.181254081889945,337.0,761.0,False
d:\Research\Multi-View Fusion Network\datasets\brisc2025\classification_task\test\pituitary\brisc2025_test_00843_pi_co_t1.jpg,pituitary,pituitary,coronal,0.030581746,0.03065236,0.90766126,0.031104587,0.9076612591743469,True,True,0.5519685,0.38152173,0.9333333333084445,0.9890765245675812,0.39149888142738815,19.026297590440446,375.0,894.0,False
d:\Research\Multi-View Fusion Network\datasets\brisc2025\classification_task\test\pituitary\brisc2025_test_00844_pi_co_t1.jpg,pituitary,pituitary,coronal,0.029547906,0.029595753,0.9108951,0.029961243,0.9108951091766357,True,True,0.8716633,0.77272725,0.981481481458762,0.9976479575424178,0.7837338262332026,2.0,432.0,541.0,False
d:\Research\Multi-View Fusion Network\datasets\brisc2025\classification_task\test\pituitary\brisc2025_test_00845_pi_co_t1.jpg,pituitary,pituitary,coronal,0.030519083,0.032361608,0.90547967,0.031639688,0.9054796695709229,True,True,0.9268559,0.86382115,0.954954954933447,0.999054934448444,0.9002123142059403,1.0,444.0,471.0,False
d:\Research\Multi-View Fusion Network\datasets\brisc2025\classification_task\test\pituitary\brisc2025_test_00846_pi_co_t1.jpg,pituitary,pituitary,coronal,0.028524872,0.03225949,0.9098882,0.029327424,0.9098882079124451,True,True,0.7905405,0.6539075,0.9975609755854253,0.9956596873365359,0.6543999999895296,4.123105625617661,410.0,625.0,False
d:\Research\Multi-View Fusion Network\datasets\brisc2025\classification_task\test\pituitary\brisc2025_test_00847_pi_co_t1.jpg,pituitary,pituitary,coronal,0.030029526,0.029856926,0.9094501,0.030663405,0.909450113773346,True,True,0.721135,0.5642202,0.9813333333071644,0.9944177827752466,0.56965944271564,11.180339887498949,375.0,646.0,False
d:\Research\Multi-View Fusion Network\datasets\brisc2025\classification_task\test\pituitary\brisc2025_test_00848_pi_co_t1.jpg,pituitary,pituitary,coronal,0.030290619,0.030595627,0.9083504,0.03076325,0.90835040807724,True,True,0.8851626,0.7941712,0.9157894736649307,0.9985312166755199,0.8562992125815689,1.0,475.0,508.0,False
d:\Research\Multi-View Fusion Network\datasets\brisc2025\classification_task\test\pituitary\brisc2025_test_00849_pi_co_t1.jpg,pituitary,pituitary,coronal,0.029373066,0.029991256,0.91092026,0.029715462,0.910920262336731,True,True,0.892093,0.80536914,0.9541832669132633,0.9981277932115397,0.8374125873979473,1.0,502.0,572.0,False
d:\Research\Multi-View Fusion Network\datasets\brisc2025\classification_task\test\pituitary\brisc2025_test_00850_pi_co_t1.jpg,pituitary,pituitary,coronal,0.029547961,0.029610509,0.910494,0.030347519,0.9104940295219421,True,True,0.9086614,0.832853,0.9568106311974481,0.999097744360702,0.8648648648388929,1.0,301.0,333.0,False
d:\Research\Multi-View Fusion Network\datasets\brisc2025\classification_task\test\pituitary\brisc2025_test_00851_pi_co_t1.jpg,pituitary,pituitary,coronal,0.029635545,0.030049281,0.9094626,0.030852664,0.909462571144104,True,True,0.81721383,0.6911544,0.7313195548373399,0.9992532343025816,0.9255533199008943,5.0,629.0,497.0,False
d:\Research\Multi-View Fusion Network\datasets\brisc2025\classification_task\test\pituitary\brisc2025_test_00852_pi_co_t1.jpg,pituitary,pituitary,coronal,0.030080464,0.030378697,0.9091838,0.030357001,0.9091838002204895,True,True,0.9267117,0.8635548,0.9005628517654678,0.9995366919805412,0.9542743538577679,1.0,533.0,503.0,False
d:\Research\Multi-View Fusion Network\datasets\brisc2025\classification_task\test\pituitary\brisc2025_test_00853_pi_co_t1.jpg,pituitary,pituitary,coronal,0.029547365,0.030160546,0.9099277,0.030364377,0.9099277257919312,True,True,0.92868096,0.8669528,0.9821428571269133,0.9983454398706623,0.8806404657804856,1.0,616.0,687.0,False
d:\Research\Multi-View Fusion Network\datasets\brisc2025\classification_task\test\pituitary\brisc2025_test_00854_pi_co_t1.jpg,pituitary,pituitary,coronal,0.029194638,0.029939128,0.9108411,0.030025097,0.9108411073684692,True,True,0.74119717,0.5890028,0.9999999999841521,0.9910990009080652,0.5886194029795838,5.0,631.0,1072.0,False
d:\Research\Multi-View Fusion Network\datasets\brisc2025\classification_task\test\pituitary\brisc2025_test_00855_pi_co_t1.jpg,pituitary,pituitary,coronal,0.029497601,0.029624088,0.9112844,0.029593963,0.9112843871116638,True,True,0.85973597,0.7543353,0.8754208753913999,0.9990376711640172,0.8441558441284365,1.4142135623730951,297.0,308.0,False
d:\Research\Multi-View Fusion Network\datasets\brisc2025\classification_task\test\pituitary\brisc2025_test_00856_pi_co_t1.jpg,pituitary,pituitary,coronal,0.029762048,0.0305653,0.90949875,0.03017389,0.9094987511634827,True,True,0.97437114,0.95004624,0.9865384615289757,0.9991859329206694,0.9624765478333728,0.0,1040.0,1066.0,False
d:\Research\Multi-View Fusion Network\datasets\brisc2025\classification_task\test\pituitary\brisc2025_test_00857_pi_co_t1.jpg,pituitary,pituitary,coronal,0.030246392,0.030701492,0.90802634,0.031025752,0.9080263376235962,True,True,0.95941556,0.92211837,0.976821192020635,0.99963909050788,0.9424920127494412,0.0,302.0,313.0,False
d:\Research\Multi-View Fusion Network\datasets\brisc2025\classification_task\test\pituitary\brisc2025_test_00858_pi_co_t1.jpg,pituitary,pituitary,coronal,0.02962966,0.029502688,0.91103727,0.029830389,0.911037266254425,True,True,0.9373259,0.8821989,0.9411764705618718,0.9995182560868345,0.9333333333074074,1.0,357.0,360.0,False
d:\Research\Multi-View Fusion Network\datasets\brisc2025\classification_task\test\pituitary\brisc2025_test_00859_pi_co_t1.jpg,pituitary,pituitary,coronal,0.029746845,0.0295368,0.9106135,0.030102907,0.910613477230072,True,True,0.9236469,0.8581688,0.9728445349560568,0.995955074635855,0.8791411042890851,1.0,1473.0,1630.0,False
d:\Research\Multi-View Fusion Network\datasets\brisc2025\classification_task\test\pituitary\brisc2025_test_00860_pi_co_t1.jpg,pituitary,pituitary,coronal,0.029313317,0.02937942,0.9119088,0.029398482,0.9119088053703308,True,True,0.9649123,0.9322459,0.9840848806235533,0.9991501760347621,0.9464285714164996,0.0,754.0,784.0,False
d:\Research\Multi-View Fusion Network\datasets\brisc2025\classification_task\test\pituitary\brisc2025_test_00861_pi_co_t1.jpg,pituitary,pituitary,coronal,0.030160088,0.029867442,0.90972185,0.030250682,0.909721851348877,True,True,0.9343949,0.87694144,0.9682959048749235,0.9984014245531074,0.9027093595947943,1.0,757.0,812.0,False
d:\Research\Multi-View Fusion Network\datasets\brisc2025\classification_task\test\pituitary\brisc2025_test_00862_pi_co_t1.jpg,pituitary,pituitary,coronal,0.02921292,0.030253623,0.9108962,0.029637305,0.9108961820602417,True,True,0.7838078,0.6447368,0.8043875685410532,0.9972596667269144,0.7638888888756269,4.0,547.0,576.0,False
d:\Research\Multi-View Fusion Network\datasets\brisc2025\classification_task\test\pituitary\brisc2025_test_00863_pi_co_t1.jpg,pituitary,pituitary,coronal,0.029527616,0.030101081,0.9100066,0.030364677,0.910006582736969,True,True,0.81551725,0.68895346,0.7788778877630733,0.9991979628253767,0.8550724637371351,2.0,303.0,276.0,False
d:\Research\Multi-View Fusion Network\datasets\brisc2025\classification_task\test\pituitary\brisc2025_test_00864_pi_co_t1.jpg,pituitary,pituitary,coronal,0.029417131,0.03023733,0.9098153,0.030530162,0.9098153114318848,True,True,0.8176198,0.69190603,0.7857142856909013,0.9990770465487563,0.851612903198335,1.8535533905932737,336.0,310.0,False
d:\Research\Multi-View Fusion Network\datasets\brisc2025\classification_task\test\pituitary\brisc2025_test_00865_pi_co_t1.jpg,pituitary,pituitary,coronal,0.03032044,0.030818766,0.90748286,0.031377893,0.9074828624725342,True,True,0.9363762,0.8805195,0.9415041782467547,0.9994981632773954,0.9311294765583711,1.0,359.0,363.0,False
d:\Research\Multi-View Fusion Network\datasets\brisc2025\classification_task\test\pituitary\brisc2025_test_00866_pi_co_t1.jpg,pituitary,pituitary,coronal,0.03053378,0.030050827,0.908979,0.030436443,0.9089789986610413,True,True,0.9128959,0.8399168,0.9527186761004085,0.9988543404415817,0.8760869565026937,1.0,423.0,460.0,False
d:\Research\Multi-View Fusion Network\datasets\brisc2025\classification_task\test\pituitary\brisc2025_test_00867_pi_co_t1.jpg,pituitary,pituitary,coronal,0.028986411,0.029484257,0.9119454,0.029583974,0.9119454026222229,True,True,0.7948718,0.66013074,0.9220183485815587,0.9982585371710241,0.6979166666424335,3.0,218.0,288.0,False
d:\Research\Multi-View Fusion Network\datasets\brisc2025\classification_task\test\pituitary\brisc2025_test_00868_pi_co_t1.jpg,pituitary,pituitary,coronal,0.030380817,0.030410925,0.9085518,0.030656533,0.908551812171936,True,True,0.89834815,0.8156682,0.8609756097350981,0.999537837077322,0.9388297872090736,1.0,410.0,376.0,False
d:\Research\Multi-View Fusion Network\datasets\brisc2025\classification_task\test\pituitary\brisc2025_test_00869_pi_co_t1.jpg,pituitary,pituitary,coronal,0.030052481,0.030670308,0.9090118,0.030265447,0.9090117812156677,True,True,0.91673213,0.84637684,0.8900763358642736,0.9993134225881951,0.9448946515243939,1.0,655.0,617.0,False
d:\Research\Multi-View Fusion Network\datasets\brisc2025\classification_task\test\pituitary\brisc2025_test_00870_pi_co_t1.jpg,pituitary,pituitary,coronal,0.029402716,0.02990851,0.9109746,0.029714137,0.9109746217727661,True,True,0.96416384,0.9308452,0.9825986078772321,0.9990266455771183,0.946368715073225,0.0,862.0,895.0,False
d:\Research\Multi-View Fusion Network\datasets\brisc2025\classification_task\test\pituitary\brisc2025_test_00871_pi_co_t1.jpg,pituitary,pituitary,coronal,0.02900044,0.0293887,0.9123939,0.029216902,0.9123939275741577,True,True,0.97192305,0.9454002,0.9813519813443563,0.9989977295504103,0.962652439017053,0.0,1287.0,1312.0,False
d:\Research\Multi-View Fusion Network\datasets\brisc2025\classification_task\test\pituitary\brisc2025_test_00872_pi_co_t1.jpg,pituitary,pituitary,coronal,0.02907555,0.030518424,0.9109247,0.02948134,0.9109246730804443,True,True,0.856348,0.7488948,0.9690721649373532,0.9947873354560586,0.7669990933747326,14.899551560488879,873.0,1103.0,False
d:\Research\Multi-View Fusion Network\datasets\brisc2025\classification_task\test\pituitary\brisc2025_test_00873_pi_co_t1.jpg,pituitary,pituitary,coronal,0.02950183,0.031157183,0.9092565,0.030084405,0.9092565178871155,True,True,0.7436636,0.5921173,0.6096408317522719,0.9993485076751906,0.9527326440036524,11.180339887498949,1058.0,677.0,False
d:\Research\Multi-View Fusion Network\datasets\brisc2025\classification_task\test\pituitary\brisc2025_test_00874_pi_co_t1.jpg,pituitary,pituitary,coronal,0.029862676,0.030574685,0.9091565,0.030406134,0.9091565012931824,True,True,0.9417098,0.88997555,0.9577836411356785,0.9994176356003376,0.9260204081396424,1.0,379.0,392.0,False
d:\Research\Multi-View Fusion Network\datasets\brisc2025\classification_task\test\pituitary\brisc2025_test_00875_pi_co_t1.jpg,pituitary,pituitary,coronal,0.029730551,0.031246744,0.90846777,0.0305549,0.9084677696228027,True,True,0.9603568,0.9238095,0.9453124999815369,0.9997583762884585,0.9758064515932297,0.0,512.0,496.0,False
d:\Research\Multi-View Fusion Network\datasets\brisc2025\classification_task\test\pituitary\brisc2025_test_00876_pi_co_t1.jpg,pituitary,pituitary,coronal,0.029322779,0.030973677,0.90912724,0.030576376,0.9091272354125977,True,True,0.7109375,0.55241936,0.8242424241924701,0.9983603607204419,0.6238532109805571,5.385164807134504,165.0,218.0,False
d:\Research\Multi-View Fusion Network\datasets\brisc2025\classification_task\test\pituitary\brisc2025_test_00877_pi_co_t1.jpg,pituitary,pituitary,coronal,0.029511003,0.030313784,0.9096336,0.030541746,0.9096335768699646,True,True,0.9361814,0.88007927,0.964130434772129,0.9982134156242899,0.9097435897342591,1.0,920.0,975.0,False
d:\Research\Multi-View Fusion Network\datasets\brisc2025\classification_task\test\pituitary\brisc2025_test_00878_pi_co_t1.jpg,pituitary,pituitary,coronal,0.030415008,0.030152986,0.9089203,0.030511726,0.9089202880859375,True,True,0.85076046,0.74049586,0.7693631669402864,0.9995362435727393,0.9510638297669987,2.23606797749979,581.0,470.0,False
d:\Research\Multi-View Fusion Network\datasets\brisc2025\classification_task\test\pituitary\brisc2025_test_00879_pi_co_t1.jpg,pituitary,pituitary,coronal,0.029147772,0.029839339,0.911041,0.02997186,0.9110410213470459,True,True,0.8503521,0.74006116,0.85765124552108,0.9990981060224474,0.8426573426278791,1.4142135623730951,281.0,286.0,False
d:\Research\Multi-View Fusion Network\datasets\brisc2025\classification_task\test\pituitary\brisc2025_test_00880_pi_co_t1.jpg,pituitary,pituitary,coronal,0.029810986,0.029735062,0.9098829,0.030571071,0.9098829030990601,True,True,0.49778956,0.3317647,0.81449275359958,0.9898858140512955,0.3579617834349304,15.264337522473747,345.0,785.0,False
d:\Research\Multi-View Fusion Network\datasets\brisc2025\classification_task\test\pituitary\brisc2025_test_00881_pi_co_t1.jpg,pituitary,pituitary,coronal,0.03011322,0.029478556,0.9101305,0.030277835,0.910130500793457,True,True,0.9786477,0.9581967,0.9657024793348525,0.9996021442329761,0.9919354838667576,0.0,2420.0,2356.0,False
d:\Research\Multi-View Fusion Network\datasets\brisc2025\classification_task\test\pituitary\brisc2025_test_00882_pi_co_t1.jpg,pituitary,pituitary,coronal,0.029372975,0.030415293,0.90962076,0.030591005,0.9096207618713379,True,True,0.8920807,0.8053221,0.8885448916271123,0.9986472844738545,0.8954758190187914,1.0,646.0,641.0,False
d:\Research\Multi-View Fusion Network\datasets\brisc2025\classification_task\test\pituitary\brisc2025_test_00883_pi_co_t1.jpg,pituitary,pituitary,coronal,0.029633896,0.030542351,0.90944797,0.030375857,0.909447968006134,True,True,0.8524173,0.74298376,0.7537537537424361,0.9997980206016968,0.9804687499808502,7.22145365168085,666.0,512.0,False
d:\Research\Multi-View Fusion Network\datasets\brisc2025\classification_task\test\pituitary\brisc2025_test_00884_pi_co_t1.jpg,pituitary,pituitary,coronal,0.029767336,0.03019585,0.90976065,0.030276213,0.9097606539726257,True,True,0.9141791,0.842002,0.8639112903138718,0.9994713728039608,0.9705549263763243,1.0,992.0,883.0,False
d:\Research\Multi-View Fusion Network\datasets\brisc2025\classification_task\test\pituitary\brisc2025_test_00885_pi_co_t1.jpg,pituitary,pituitary,coronal,0.029369215,0.030951297,0.909645,0.030034535,0.9096450209617615,True,True,0.90665513,0.8293839,0.856209150312807,0.9995964813168834,0.9632352940999405,1.0,612.0,544.0,False
d:\Research\Multi-View Fusion Network\datasets\brisc2025\classification_task\test\pituitary\brisc2025_test_00886_pi_co_t1.jpg,pituitary,pituitary,coronal,0.030205825,0.030196229,0.9089516,0.030646356,0.9089515805244446,True,True,0.7803468,0.6415094,0.8481012657154303,0.9994810068465179,0.7204301074494162,2.8284271247461903,79.0,93.0,False
d:\Research\Multi-View Fusion Network\datasets\brisc2025\classification_task\test\pituitary\brisc2025_test_00887_pi_co_t1.jpg,pituitary,pituitary,coronal,0.029733539,0.029805789,0.91049045,0.029970217,0.9104904532432556,True,True,0.9637775,0.9301746,0.9612403100526811,0.9997388981499931,0.9662337662086692,0.0,387.0,385.0,False
d:\Research\Multi-View Fusion Network\datasets\brisc2025\classification_task\test\pituitary\brisc2025_test_00888_pi_co_t1.jpg,pituitary,pituitary,coronal,0.030087017,0.031117095,0.9072201,0.03157577,0.9072201251983643,True,True,0.72953737,0.575419,0.9902912620397776,0.998502186807062,0.5762711864081203,2.011803398874992,103.0,177.0,False
d:\Research\Multi-View Fusion Network\datasets\brisc2025\classification_task\test\pituitary\brisc2025_test_00889_pi_co_t1.jpg,pituitary,pituitary,coronal,0.029395748,0.029399997,0.9116076,0.0295966,0.9116076231002808,True,True,0.9310345,0.8712121,0.9828326179835694,0.99939931521915,0.8841698841357463,1.0,233.0,259.0,False
d:\Research\Multi-View Fusion Network\datasets\brisc2025\classification_task\test\pituitary\brisc2025_test_00890_pi_co_t1.jpg,pituitary,pituitary,coronal,0.02956254,0.032485295,0.9110262,0.026925946,0.9110261797904968,True,True,0.81845236,0.6934673,0.9513888888228201,0.9989206907577153,0.717277486873441,2.8284271247461903,144.0,191.0,False
d:\Research\Multi-View Fusion Network\datasets\brisc2025\classification_task\test\pituitary\brisc2025_test_00891_pi_co_t1.jpg,pituitary,pituitary,coronal,0.02972002,0.029947575,0.91077226,0.029560098,0.9107722640037537,True,True,0.9682891,0.93857145,0.9590643274713587,0.999696920714257,0.977645305499588,0.0,684.0,671.0,False
d:\Research\Multi-View Fusion Network\datasets\brisc2025\classification_task\test\pituitary\brisc2025_test_00892_pi_co_t1.jpg,pituitary,pituitary,coronal,0.029465377,0.030410774,0.9098322,0.030291751,0.9098321795463562,True,True,0.8634204,0.7599165,0.894088669928717,0.9985533453885879,0.8344827586015061,2.8284271247461903,406.0,435.0,False
d:\Research\Multi-View Fusion Network\datasets\brisc2025\classification_task\test\pituitary\brisc2025_test_00893_pi_co_t1.jpg,pituitary,pituitary,coronal,0.030140277,0.03145973,0.90730226,0.031097699,0.9073022603988647,True,True,0.92360675,0.8581395,0.9684625492645406,0.9980167965190736,0.8826347305283516,1.0,761.0,835.0,False
d:\Research\Multi-View Fusion Network\datasets\brisc2025\classification_task\test\pituitary\brisc2025_test_00894_pi_co_t1.jpg,pituitary,pituitary,coronal,0.029011892,0.029862516,0.91160566,0.029519968,0.9116056561470032,True,True,0.9181109,0.84867895,0.8485576923008931,0.9999999999997957,0.9999999999905572,1.0,1248.0,1059.0,False
d:\Research\Multi-View Fusion Network\datasets\brisc2025\classification_task\test\pituitary\brisc2025_test_00895_pi_co_t1.jpg,pituitary,pituitary,coronal,0.028990058,0.030822642,0.90994895,0.03023829,0.9099489450454712,True,True,0.92672414,0.8636364,0.9698795180430759,0.9991774335926091,0.8870523415733594,1.0,332.0,363.0,False
d:\Research\Multi-View Fusion Network\datasets\brisc2025\classification_task\test\pituitary\brisc2025_test_00896_pi_co_t1.jpg,pituitary,pituitary,coronal,0.028598784,0.030432558,0.91127986,0.029688906,0.9112798571586609,True,True,0.93886197,0.88483465,0.9348612786376976,0.9990475611483983,0.9428223844167539,1.0,829.0,822.0,False
d:\Research\Multi-View Fusion Network\datasets\brisc2025\classification_task\test\pituitary\brisc2025_test_00897_pi_co_t1.jpg,pituitary,pituitary,coronal,0.029684639,0.030173881,0.90988153,0.030259943,0.9098815321922302,True,True,0.9133226,0.84070796,0.8930817609782049,0.999598860764371,0.9342105262850589,1.0,318.0,304.0,False
d:\Research\Multi-View Fusion Network\datasets\brisc2025\classification_task\test\pituitary\brisc2025_test_00898_pi_co_t1.jpg,pituitary,pituitary,coronal,0.029816076,0.029923955,0.91006815,0.03019184,0.910068154335022,True,True,0.95096153,0.9065934,0.9463601532385755,0.9995367946185606,0.9555125725153673,0.0,522.0,517.0,False
d:\Research\Multi-View Fusion Network\datasets\brisc2025\classification_task\test\pituitary\brisc2025_test_00899_pi_co_t1.jpg,pituitary,pituitary,coronal,0.028922617,0.030667875,0.9102356,0.030173907,0.910235583782196,True,True,0.6031957,0.43238094,0.9495798318928748,0.9942728983938095,0.4414062499913788,12.0,238.0,512.0,False
d:\Research\Multi-View Fusion Network\datasets\brisc2025\classification_task\test\pituitary\brisc2025_test_00900_pi_co_t1.jpg,pituitary,pituitary,coronal,0.03018253,0.029638981,0.90987885,0.030299662,0.9098788499832153,True,True,0.8872077,0.7975309,0.9333333333062802,0.998815998073288,0.8451443569331983,1.0,345.0,381.0,False
d:\Research\Multi-View Fusion Network\datasets\brisc2025\classification_task\test\pituitary\brisc2025_test_00901_pi_co_t1.jpg,pituitary,pituitary,coronal,0.029603114,0.029624917,0.91104823,0.029723696,0.9110482335090637,True,True,0.95430315,0.91266376,0.9233038347946415,0.9998383773079721,0.9873817034544576,0.0,678.0,634.0,False
d:\Research\Multi-View Fusion Network\datasets\brisc2025\classification_task\test\pituitary\brisc2025_test_00902_pi_co_t1.jpg,pituitary,pituitary,coronal,0.03006849,0.030498369,0.9090383,0.030394886,0.9090383052825928,True,True,0.9558499,0.9156118,0.9391304347417769,0.9998798702596805,0.9729729729291453,0.0,230.0,222.0,False
d:\Research\Multi-View Fusion Network\datasets\brisc2025\classification_task\test\pituitary\brisc2025_test_00903_pi_co_t1.jpg,pituitary,pituitary,coronal,0.03082356,0.031501558,0.9067539,0.03092099,0.9067538976669312,True,True,0.61725664,0.44728434,0.9084967319667648,0.9968214621272222,0.46644295300448174,8.0,153.0,298.0,False
d:\Research\Multi-View Fusion Network\datasets\brisc2025\classification_task\test\pituitary\brisc2025_test_00904_pi_co_t1.jpg,pituitary,pituitary,coronal,0.029778084,0.030417623,0.90955496,0.030249385,0.9095549583435059,True,True,0.9688693,0.9396355,0.982717520852308,0.9984123056618833,0.9553881807592388,0.0,1678.0,1726.0,False
d:\Research\Multi-View Fusion Network\datasets\brisc2025\classification_task\test\pituitary\brisc2025_test_00905_pi_co_t1.jpg,pituitary,pituitary,coronal,0.029594451,0.03052066,0.90965843,0.030226424,0.9096584320068359,True,True,0.777451,0.63621795,0.6700507614099822,0.9993546435411921,0.9252336448381955,7.635220762868165,591.0,428.0,False
d:\Research\Multi-View Fusion Network\datasets\brisc2025\classification_task\test\pituitary\brisc2025_test_00906_pi_co_t1.jpg,pituitary,pituitary,coronal,0.029610354,0.029777134,0.91099125,0.029621184,0.9109912514686584,True,True,0.96530247,0.9329897,0.9661319072911563,0.9995968960997683,0.96441281137074,0.0,561.0,562.0,False
d:\Research\Multi-View Fusion Network\datasets\brisc2025\classification_task\test\pituitary\brisc2025_test_00907_pi_co_t1.jpg,pituitary,pituitary,coronal,0.029349985,0.030035723,0.9109773,0.029636966,0.910977303981781,True,True,0.91890776,0.85003823,0.936708860751589,0.9975301586003558,0.9017059301307742,1.0,1185.0,1231.0,False
d:\Research\Multi-View Fusion Network\datasets\brisc2025\classification_task\test\pituitary\brisc2025_test_00908_pi_co_t1.jpg,pituitary,pituitary,coronal,0.02964513,0.030338356,0.90994984,0.030066714,0.9099498391151428,True,True,0.9655377,0.93340987,0.9485981308300397,0.9997161394969587,0.9830508474457258,0.0,856.0,826.0,False
d:\Research\Multi-View Fusion Network\datasets\brisc2025\classification_task\test\pituitary\brisc2025_test_00909_pi_co_t1.jpg,pituitary,pituitary,coronal,0.029822016,0.031031847,0.90856636,0.03057969,0.9085663557052612,True,True,0.92096776,0.85373133,0.9760273972268484,0.9991580466680702,0.8715596330008697,1.0,292.0,327.0,False
d:\Research\Multi-View Fusion Network\datasets\brisc2025\classification_task\test\pituitary\brisc2025_test_00910_pi_co_t1.jpg,pituitary,pituitary,coronal,0.029126609,0.03055354,0.9102684,0.030051408,0.9102684259414673,True,True,0.63557106,0.4661558,0.90999999997725,0.9923256187718997,0.4879356568299204,20.0,400.0,746.0,False
d:\Research\Multi-View Fusion Network\datasets\brisc2025\classification_task\test\pituitary\brisc2025_test_00911_pi_co_t1.jpg,pituitary,pituitary,coronal,0.02986225,0.029273333,0.9108332,0.030031165,0.9108331799507141,True,True,0.9003906,0.81914896,0.8487084870535532,0.9997996192764254,0.9583333332934028,1.0,271.0,240.0,False
d:\Research\Multi-View Fusion Network\datasets\brisc2025\classification_task\test\pituitary\brisc2025_test_00912_pi_co_t1.jpg,pituitary,pituitary,coronal,0.029232234,0.03061887,0.90998584,0.030163039,0.9099858403205872,True,True,0.90737563,0.830721,0.9530685920233549,0.9991783402470994,0.8655737704634238,1.0,277.0,305.0,False
d:\Research\Multi-View Fusion Network\datasets\brisc2025\classification_task\test\pituitary\brisc2025_test_00913_pi_co_t1.jpg,pituitary,pituitary,coronal,0.0294086,0.029926213,0.9102687,0.03039642,0.9102687239646912,True,True,0.92719615,0.8643498,0.987179487166831,0.9977528544819424,0.8740068104327582,1.0,780.0,881.0,False
d:\Research\Multi-View Fusion Network\datasets\brisc2025\classification_task\test\pituitary\brisc2025_test_00914_pi_co_t1.jpg,pituitary,pituitary,coronal,0.030162368,0.029813956,0.909515,0.030508569,0.9095150232315063,True,True,0.88014185,0.78607595,0.9779179810571306,0.9968713414878292,0.7999999999896774,1.0,634.0,775.0,False
d:\Research\Multi-View Fusion Network\datasets\brisc2025\classification_task\test\pituitary\brisc2025_test_00915_pi_sa_t1.jpg,pituitary,pituitary,sagittal,0.029486032,0.030211378,0.91054666,0.02975599,0.9105466604232788,True,True,0.9135021,0.84108526,0.9037656903387545,0.9996395458275429,0.9230769230374753,1.0,239.0,234.0,False
d:\Research\Multi-View Fusion Network\datasets\brisc2025\classification_task\test\pituitary\brisc2025_test_00916_pi_sa_t1.jpg,pituitary,pituitary,sagittal,0.029878572,0.030103773,0.9096688,0.030348899,0.9096688032150269,True,True,0.9334365,0.87536234,0.898507462659746,0.9998194257737607,0.9709677419041624,1.0,335.0,310.0,False
d:\Research\Multi-View Fusion Network\datasets\brisc2025\classification_task\test\pituitary\brisc2025_test_00917_pi_sa_t1.jpg,pituitary,pituitary,sagittal,0.029500984,0.030163897,0.9102239,0.030111186,0.9102239012718201,True,True,0.9348711,0.8778626,0.9124668434771229,0.9996987891321112,0.9582172701682947,1.0,377.0,359.0,False
d:\Research\Multi-View Fusion Network\datasets\brisc2025\classification_task\test\pituitary\brisc2025_test_00918_pi_sa_t1.jpg,pituitary,pituitary,sagittal,0.028403765,0.030740932,0.91152245,0.02933284,0.9115224480628967,True,True,0.94570136,0.8974359,0.9369369368525282,0.9999001298310197,0.9541284402794378,1.0,111.0,109.0,False
d:\Research\Multi-View Fusion Network\datasets\brisc2025\classification_task\test\pituitary\brisc2025_test_00919_pi_sa_t1.jpg,pituitary,pituitary,sagittal,0.029293362,0.030762346,0.9105585,0.029385718,0.9105585217475891,True,True,0.839527,0.7238372,0.9802371541114531,0.998197223724336,0.7337278106291797,2.0,253.0,338.0,False
d:\Research\Multi-View Fusion Network\datasets\brisc2025\classification_task\test\pituitary\brisc2025_test_00920_pi_sa_t1.jpg,pituitary,pituitary,sagittal,0.028782025,0.029590769,0.912266,0.029361175,0.9122660160064697,True,True,0.9554455,0.9147497,0.9868421052487304,0.9989089145718503,0.9259259259132246,0.0,684.0,729.0,False
d:\Research\Multi-View Fusion Network\datasets\brisc2025\classification_task\test\pituitary\brisc2025_test_00921_pi_sa_t1.jpg,pituitary,pituitary,sagittal,0.030025491,0.029675867,0.9104271,0.029871529,0.9104270935058594,True,True,0.93935215,0.8857143,0.9341563785880088,0.9991910530464945,0.944521497906456,1.0,729.0,721.0,False
d:\Research\Multi-View Fusion Network\datasets\brisc2025\classification_task\test\pituitary\brisc2025_test_00922_pi_sa_t1.jpg,pituitary,pituitary,sagittal,0.029908437,0.030122321,0.91013473,0.02983451,0.9101347327232361,True,True,0.97292995,0.947314,0.9786324786220232,0.99937043054407,0.9672650475082654,0.0,936.0,947.0,False
d:\Research\Multi-View Fusion Network\datasets\brisc2025\classification_task\test\pituitary\brisc2025_test_00923_pi_sa_t1.jpg,pituitary,pituitary,sagittal,0.029658485,0.029891355,0.9103947,0.030055491,0.9103947281837463,True,True,0.9415011,0.88958335,0.9362637362431591,0.9995173065704633,0.9466666666456296,1.0,455.0,450.0,False
d:\Research\Multi-View Fusion Network\datasets\brisc2025\classification_task\test\pituitary\brisc2025_test_00924_pi_sa_t1.jpg,pituitary,pituitary,sagittal,0.029828273,0.029832896,0.91008455,0.03025425,0.9100845456123352,True,True,0.9401496,0.8873239,0.939999999953,0.9997598847444774,0.939999999953,1.0,200.0,200.0,False
d:\Research\Multi-View Fusion Network\datasets\brisc2025\classification_task\test\pituitary\brisc2025_test_00925_pi_sa_t1.jpg,pituitary,pituitary,sagittal,0.029358638,0.03000614,0.9111296,0.029505553,0.9111295938491821,True,True,0.9775061,0.9560229,0.9842364531922735,0.9993897601755458,0.9708454810401279,0.0,1015.0,1029.0,False
d:\Research\Multi-View Fusion Network\datasets\brisc2025\classification_task\test\pituitary\brisc2025_test_00926_pi_sa_t1.jpg,pituitary,pituitary,sagittal,0.030197019,0.029815448,0.9095358,0.03045165,0.909535825252533,True,True,0.9084507,0.832618,0.8539823008471689,0.9998798798796797,0.9698492461824196,1.0,226.0,199.0,False
d:\Research\Multi-View Fusion Network\datasets\brisc2025\classification_task\test\pituitary\brisc2025_test_00927_pi_sa_t1.jpg,pituitary,pituitary,sagittal,0.02976968,0.030395554,0.90987945,0.029955264,0.9098794460296631,True,True,0.92490613,0.8604651,0.8978102189562577,0.9996383000098464,0.9534883720683853,1.0,411.0,387.0,False
d:\Research\Multi-View Fusion Network\datasets\brisc2025\classification_task\test\pituitary\brisc2025_test_00928_pi_sa_t1.jpg,pituitary,pituitary,sagittal,0.029946031,0.030046333,0.90953857,0.030469025,0.9095385670661926,True,True,0.90413225,0.82530123,0.903973509903842,0.9994185347072625,0.903973509903842,1.0,302.0,302.0,False
d:\Research\Multi-View Fusion Network\datasets\brisc2025\classification_task\test\pituitary\brisc2025_test_00929_pi_sa_t1.jpg,pituitary,pituitary,sagittal,0.02954075,0.029784564,0.9112062,0.02946848,0.9112061858177185,True,True,0.67329544,0.508547,0.9999999999152543,0.9977026649085067,0.5064377682186078,2.8284271247461903,118.0,233.0,False
d:\Research\Multi-View Fusion Network\datasets\brisc2025\classification_task\test\pituitary\brisc2025_test_00930_pi_sa_t1.jpg,pituitary,pituitary,sagittal,0.030254481,0.030697374,0.9096975,0.02935071,0.9096974730491638,True,True,0.8827751,0.7905983,0.8888888888459474,0.999479677399788,0.8761904761487528,1.0,207.0,210.0,False
d:\Research\Multi-View Fusion Network\datasets\brisc2025\classification_task\test\pituitary\brisc2025_test_00931_pi_sa_t1.jpg,pituitary,pituitary,sagittal,0.0292375,0.030436927,0.9104528,0.0298727,0.9104527831077576,True,True,0.86108917,0.7562327,0.9527972027805455,0.996996209982865,0.7853025936486268,2.0,572.0,694.0,False
d:\Research\Multi-View Fusion Network\datasets\brisc2025\classification_task\test\pituitary\brisc2025_test_00932_pi_sa_t1.jpg,pituitary,pituitary,sagittal,0.029347748,0.030071152,0.9105564,0.030024713,0.9105563759803772,True,True,0.7537058,0.6051188,0.9880239520662268,0.9957465591266411,0.6088560885496521,11.045361017187261,334.0,542.0,False
d:\Research\Multi-View Fusion Network\datasets\brisc2025\classification_task\test\pituitary\brisc2025_test_00933_pi_sa_t1.jpg,pituitary,pituitary,sagittal,0.029667985,0.0312701,0.9088374,0.030224476,0.9088373780250549,True,True,0.8810811,0.78778136,0.9420849420485681,0.9989783039844143,0.8271186440397587,1.0,259.0,295.0,False
d:\Research\Multi-View Fusion Network\datasets\brisc2025\classification_task\test\pituitary\brisc2025_test_00934_pi_sa_t1.jpg,pituitary,pituitary,sagittal,0.02917876,0.031151906,0.90963405,0.030035278,0.9096340537071228,True,True,0.9532619,0.91078067,0.9403846153665311,0.999657644594611,0.9664031620362371,0.0,520.0,506.0,False
d:\Research\Multi-View Fusion Network\datasets\brisc2025\classification_task\test\pituitary\brisc2025_test_00935_pi_sa_t1.jpg,pituitary,pituitary,sagittal,0.030375758,0.031872462,0.90737,0.030381791,0.9073699712753296,True,True,0.9166667,0.84647304,0.8529411764347503,0.9999599503382195,0.9902439023907198,1.0,238.0,205.0,False
d:\Research\Multi-View Fusion Network\datasets\brisc2025\classification_task\test\pituitary\brisc2025_test_00936_pi_sa_t1.jpg,pituitary,pituitary,sagittal,0.030300168,0.030381296,0.90887487,0.030443728,0.9088748693466187,True,True,0.8305785,0.7112676,0.9009009008197387,0.9994007789871169,0.7692307691715976,2.0,111.0,130.0,False
d:\Research\Multi-View Fusion Network\datasets\brisc2025\classification_task\test\pituitary\brisc2025_test_00937_pi_sa_t1.jpg,pituitary,pituitary,sagittal,0.029235646,0.028935617,0.91253865,0.02929014,0.9125386476516724,True,True,0.95823663,0.9198813,0.9794303797313381,0.999172452769054,0.9378787878645776,0.0,632.0,660.0,False
d:\Research\Multi-View Fusion Network\datasets\brisc2025\classification_task\test\pituitary\brisc2025_test_00938_pi_sa_t1.jpg,pituitary,pituitary,sagittal,0.029696176,0.029295407,0.91126084,0.029747559,0.9112608432769775,True,True,0.7616959,0.615566,0.9454545454201653,0.997034127572394,0.6372549019451653,5.0,275.0,408.0,False
d:\Research\Multi-View Fusion Network\datasets\brisc2025\classification_task\test\pituitary\brisc2025_test_00939_pi_sa_t1.jpg,pituitary,pituitary,sagittal,0.029942608,0.029526854,0.910685,0.029845562,0.9106850028038025,True,True,0.82293177,0.6995074,0.9725085910318725,0.9977147439107953,0.712846347589097,2.6211014232099368,291.0,397.0,False
d:\Research\Multi-View Fusion Network\datasets\brisc2025\classification_task\test\pituitary\brisc2025_test_00940_pi_sa_t1.jpg,pituitary,pituitary,sagittal,0.029825846,0.03055656,0.9091515,0.030466123,0.9091514945030212,True,True,0.827529,0.70621467,0.9999999999598393,0.9979169587595895,0.7053824362406407,2.0,249.0,353.0,False
d:\Research\Multi-View Fusion Network\datasets\brisc2025\classification_task\test\pituitary\brisc2025_test_00941_pi_sa_t1.jpg,pituitary,pituitary,sagittal,0.029359262,0.029869866,0.91132224,0.029448666,0.9113222360610962,True,True,0.9049034,0.8265583,0.9470404984128648,0.9990572660714073,0.8660968660721909,1.0,321.0,351.0,False
d:\Research\Multi-View Fusion Network\datasets\brisc2025\classification_task\test\pituitary\brisc2025_test_00942_pi_sa_t1.jpg,pituitary,pituitary,sagittal,0.029792055,0.030441308,0.9096833,0.030083343,0.9096832871437073,True,True,0.95400476,0.91212124,0.9390624999853271,0.9996164405682737,0.9693548386940426,0.0,640.0,620.0,False
d:\Research\Multi-View Fusion Network\datasets\brisc2025\classification_task\test\pituitary\brisc2025_test_00943_pi_sa_t1.jpg,pituitary,pituitary,sagittal,0.029803358,0.029534237,0.9109354,0.029727,0.9109354019165039,True,True,0.93914247,0.8854167,0.960339943315571,0.9993978684541278,0.918699186966973,1.0,353.0,369.0,False
d:\Research\Multi-View Fusion Network\datasets\brisc2025\classification_task\test\pituitary\brisc2025_test_00944_pi_sa_t1.jpg,pituitary,pituitary,sagittal,0.029887196,0.030083857,0.91000116,0.030027803,0.9100011587142944,True,True,0.9109091,0.83666664,0.9578544060935688,0.9992387057996597,0.8680555555254147,1.0,261.0,288.0,False
d:\Research\Multi-View Fusion Network\datasets\brisc2025\classification_task\test\pituitary\brisc2025_test_00945_pi_sa_t1.jpg,pituitary,pituitary,sagittal,0.029438535,0.030767424,0.9097779,0.030016113,0.9097778797149658,True,True,0.91132075,0.8373702,0.8992537313097293,0.9995992626430634,0.9233716474742003,1.0,268.0,261.0,False
d:\Research\Multi-View Fusion Network\datasets\brisc2025\classification_task\test\pituitary\brisc2025_test_00946_pi_sa_t1.jpg,pituitary,pituitary,sagittal,0.030110855,0.02994369,0.9094095,0.030535845,0.9094095230102539,True,True,0.96909493,0.94017094,0.973333333290074,0.9998398430459852,0.9647577092086009,0.0,225.0,227.0,False
d:\Research\Multi-View Fusion Network\datasets\brisc2025\classification_task\test\pituitary\brisc2025_test_00947_pi_sa_t1.jpg,pituitary,pituitary,sagittal,0.029743593,0.030014148,0.91009444,0.030147897,0.9100944399833679,True,True,0.90996784,0.8352941,0.8650306747935563,0.9998800311916902,0.9591836734041371,1.0,163.0,147.0,False
d:\Research\Multi-View Fusion Network\datasets\brisc2025\classification_task\test\pituitary\brisc2025_test_00948_pi_sa_t1.jpg,pituitary,pituitary,sagittal,0.029423198,0.030346526,0.910589,0.02964131,0.9105889797210693,True,True,0.82881355,0.7080925,0.9838709677022632,0.998057202371215,0.7155425219731513,2.0,248.0,341.0,False
d:\Research\Multi-View Fusion Network\datasets\brisc2025\classification_task\test\pituitary\brisc2025_test_00949_pi_sa_t1.jpg,pituitary,pituitary,sagittal,0.029028004,0.029501576,0.9114702,0.030000266,0.9114701747894287,True,True,0.9580622,0.9195562,0.9880597014777901,0.9989900214113443,0.9297752808858177,0.0,670.0,712.0,False
d:\Research\Multi-View Fusion Network\datasets\brisc2025\classification_task\test\pituitary\brisc2025_test_00950_pi_sa_t1.jpg,pituitary,pituitary,sagittal,0.029858667,0.02967409,0.9100823,0.030384919,0.9100822806358337,True,True,0.8919753,0.8051225,0.9863387978007331,0.9966628913516309,0.8139797068679371,1.4142135623730951,732.0,887.0,False
d:\Research\Multi-View Fusion Network\datasets\brisc2025\classification_task\test\pituitary\brisc2025_test_00951_pi_sa_t1.jpg,pituitary,pituitary,sagittal,0.029897366,0.029995345,0.9100698,0.030037489,0.9100698232650757,True,True,0.9207921,0.8533605,0.9905213269907459,0.9986332757163247,0.8600823045090518,1.0,422.0,486.0,False
d:\Research\Multi-View Fusion Network\datasets\brisc2025\classification_task\test\pituitary\brisc2025_test_00952_pi_sa_t1.jpg,pituitary,pituitary,sagittal,0.02970031,0.02989992,0.9104627,0.029937055,0.9104626774787903,True,True,0.726087,0.57045454,0.9881422924510616,0.9962742623638411,0.5733944953996928,5.0,253.0,436.0,False
d:\Research\Multi-View Fusion Network\datasets\brisc2025\classification_task\test\pituitary\brisc2025_test_00953_pi_sa_t1.jpg,pituitary,pituitary,sagittal,0.029523212,0.029820146,0.9112747,0.029381933,0.9112746715545654,True,True,0.9550971,0.91415316,0.9703703703464106,0.9994976994633422,0.940191387537316,0.0,405.0,418.0,False
d:\Research\Multi-View Fusion Network\datasets\brisc2025\classification_task\test\pituitary\brisc2025_test_00954_pi_sa_t1.jpg,pituitary,pituitary,sagittal,0.028424714,0.029862845,0.91283196,0.028880568,0.9128319621086121,True,True,0.85865724,0.75308645,0.8642857142239796,0.9995803021822289,0.85211267599633,1.3935028842544357,140.0,142.0,False
d:\Research\Multi-View Fusion Network\datasets\brisc2025\classification_task\test\pituitary\brisc2025_test_00955_pi_sa_t1.jpg,pituitary,pituitary,sagittal,0.029079765,0.030662442,0.91040605,0.029851718,0.9104060530662537,True,True,0.8732877,0.77575755,0.9071428570780612,0.9995203453511473,0.8410596025933073,1.4142135623730951,140.0,151.0,False
d:\Research\Multi-View Fusion Network\datasets\brisc2025\classification_task\test\pituitary\brisc2025_test_00956_pi_sa_t1.jpg,pituitary,pituitary,sagittal,0.030210104,0.0303775,0.90932375,0.03008871,0.9093237519264221,True,True,0.92657346,0.8636364,0.9850746267921585,0.9996203189318973,0.8741721853725714,1.0,134.0,151.0,False
d:\Research\Multi-View Fusion Network\datasets\brisc2025\classification_task\test\pituitary\brisc2025_test_00957_pi_sa_t1.jpg,pituitary,pituitary,sagittal,0.03022503,0.02973606,0.90990984,0.030128999,0.9099098443984985,True,True,0.9191919,0.8509317,0.9251700679642741,0.999740150712387,0.9127516777910905,1.0,147.0,149.0,False
d:\Research\Multi-View Fusion Network\datasets\brisc2025\classification_task\test\pituitary\brisc2025_test_00958_pi_sa_t1.jpg,pituitary,pituitary,sagittal,0.030951662,0.029296685,0.9094296,0.030321982,0.9094296097755432,True,True,0.95158285,0.9078014,0.9409594095593742,0.9997996192764254,0.9622641509070844,0.0,271.0,265.0,False
d:\Research\Multi-View Fusion Network\datasets\brisc2025\classification_task\test\pituitary\brisc2025_test_00959_pi_sa_t1.jpg,pituitary,pituitary,sagittal,0.029724885,0.030143756,0.909981,0.030150339,0.9099810123443604,True,True,0.8316633,0.7123288,0.7366548042442471,0.9997995791159435,0.9539170506472849,2.23606797749979,281.0,217.0,False
d:\Research\Multi-View Fusion Network\datasets\brisc2025\classification_task\test\pituitary\brisc2025_test_00960_pi_sa_t1.jpg,pituitary,pituitary,sagittal,0.02980491,0.03071487,0.90925664,0.03022358,0.909256637096405,True,True,0.8166189,0.69082123,0.9342105262543282,0.9989205181510877,0.7244897958814035,2.0,152.0,196.0,False
d:\Research\Multi-View Fusion Network\datasets\brisc2025\classification_task\test\pituitary\brisc2025_test_00961_pi_sa_t1.jpg,pituitary,pituitary,sagittal,0.029791582,0.029851746,0.91048026,0.029876411,0.910480260848999,True,True,0.95241934,0.90923077,0.9640522875659469,0.9992534904364057,0.94098883571067,0.0,612.0,627.0,False
d:\Research\Multi-View Fusion Network\datasets\brisc2025\classification_task\test\pituitary\brisc2025_test_00962_pi_sa_t1.jpg,pituitary,pituitary,sagittal,0.029954445,0.030736776,0.9092132,0.03009561,0.9092131853103638,True,True,0.9492647,0.9034965,0.9699248120154899,0.9990103209385796,0.9293948126667234,1.0,665.0,694.0,False
d:\Research\Multi-View Fusion Network\datasets\brisc2025\classification_task\test\pituitary\brisc2025_test_00963_pi_sa_t1.jpg,pituitary,pituitary,sagittal,0.02997689,0.030772334,0.90883946,0.030411344,0.9088394641876221,True,True,0.9372486,0.881997,0.9402261712287524,0.999172669854713,0.9341894060845234,1.0,619.0,623.0,False
d:\Research\Multi-View Fusion Network\datasets\brisc2025\classification_task\test\pituitary\brisc2025_test_00964_pi_sa_t1.jpg,pituitary,pituitary,sagittal,0.029216375,0.029992018,0.91130745,0.029484235,0.9113074541091919,True,True,0.9410959,0.8888889,0.9799999999719999,0.9992774856498617,0.9050131925882582,1.0,350.0,379.0,False
d:\Research\Multi-View Fusion Network\datasets\brisc2025\classification_task\test\pituitary\brisc2025_test_00965_pi_sa_t1.jpg,pituitary,pituitary,sagittal,0.029795153,0.030266505,0.9098507,0.030087667,0.9098507165908813,True,True,0.95301026,0.91036415,0.967164179075607,0.9995786601390423,0.9391304347553875,0.0,335.0,345.0,False
d:\Research\Multi-View Fusion Network\datasets\brisc2025\classification_task\test\pituitary\brisc2025_test_00966_pi_sa_t1.jpg,pituitary,pituitary,sagittal,0.029925143,0.030045675,0.9101265,0.029902678,0.9101265072822571,True,True,0.9206642,0.85324234,0.9467680608005031,0.999418989040731,0.8956834532051913,1.0,263.0,278.0,False
d:\Research\Multi-View Fusion Network\datasets\brisc2025\classification_task\test\pituitary\brisc2025_test_00967_pi_sa_t1.jpg,pituitary,pituitary,sagittal,0.029499607,0.029922709,0.9108945,0.029683176,0.910894513130188,True,True,0.9254587,0.8614072,0.9829268292443188,0.9988345456735526,0.874186550957176,1.0,410.0,461.0,False
d:\Research\Multi-View Fusion Network\datasets\brisc2025\classification_task\test\pituitary\brisc2025_test_00968_pi_sa_t1.jpg,pituitary,pituitary,sagittal,0.029807985,0.030043146,0.9095798,0.0305691,0.9095798134803772,True,True,0.65596706,0.4883721,0.514877102192563,0.9991296075135115,0.9024943310452949,9.219544457292887,773.0,441.0,False
d:\Research\Multi-View Fusion Network\datasets\brisc2025\classification_task\test\pituitary\brisc2025_test_00969_pi_sa_t1.jpg,pituitary,pituitary,sagittal,0.029381618,0.03007596,0.910234,0.030308416,0.9102339744567871,True,True,0.8665988,0.7648115,0.7855822550686583,0.9996977938952354,0.9659090908871384,2.0,541.0,440.0,False
d:\Research\Multi-View Fusion Network\datasets\brisc2025\classification_task\test\pituitary\brisc2025_test_00970_pi_sa_t1.jpg,pituitary,pituitary,sagittal,0.02929124,0.03037939,0.91068804,0.029641291,0.910688042640686,True,True,0.76105505,0.61451817,0.6298200514057863,0.9995951253085147,0.9607843137066513,7.0710678118654755,778.0,510.0,False
d:\Research\Multi-View Fusion Network\datasets\brisc2025\classification_task\test\pituitary\brisc2025_test_00971_pi_sa_t1.jpg,pituitary,pituitary,sagittal,0.029440181,0.030339634,0.9101986,0.03002155,0.9101986289024353,True,True,0.8860465,0.79583335,0.8333333332967836,0.9997797709616002,0.9452736317937674,1.0,228.0,201.0,False
d:\Research\Multi-View Fusion Network\datasets\brisc2025\classification_task\test\pituitary\brisc2025_test_00972_pi_sa_t1.jpg,pituitary,pituitary,sagittal,0.029511163,0.02919895,0.9112724,0.03001748,0.911272406578064,True,True,0.8851298,0.79407614,0.9366666666510556,0.9978215265449013,0.8388059701367342,2.0,600.0,670.0,False
d:\Research\Multi-View Fusion Network\datasets\brisc2025\classification_task\test\pituitary\brisc2025_test_00973_pi_sa_t1.jpg,pituitary,pituitary,sagittal,0.029594569,0.029739333,0.91109514,0.029571002,0.911095142364502,True,True,0.9682897,0.9385408,0.9684813753542019,0.99836591037626,0.9680851063790177,0.0,2443.0,2444.0,False
d:\Research\Multi-View Fusion Network\datasets\brisc2025\classification_task\test\pituitary\brisc2025_test_00974_pi_sa_t1.jpg,pituitary,meningioma,sagittal,0.049312204,0.55519366,0.34031934,0.055174794,0.5551936626434326,False,True,0.9313725,0.87166667,0.8999999999844828,0.9996169045888783,0.964879852107858,1.0,580.0,541.0,False
d:\Research\Multi-View Fusion Network\datasets\brisc2025\classification_task\test\pituitary\brisc2025_test_00975_pi_sa_t1.jpg,pituitary,pituitary,sagittal,0.03008633,0.029852536,0.91012764,0.029933598,0.9101276397705078,True,True,0.9458264,0.8972746,0.9385290889029799,0.9991474677761091,0.9531772575144574,1.0,911.0,897.0,False
d:\Research\Multi-View Fusion Network\datasets\brisc2025\classification_task\test\pituitary\brisc2025_test_00976_pi_sa_t1.jpg,pituitary,pituitary,sagittal,0.029882466,0.029960655,0.9093358,0.030821178,0.9093357920646667,True,True,0.8325,0.7136752,0.8097560975214753,0.9994396750113067,0.8556701030486767,2.0,205.0,194.0,False
d:\Research\Multi-View Fusion Network\datasets\brisc2025\classification_task\test\pituitary\brisc2025_test_00977_pi_sa_t1.jpg,pituitary,pituitary,sagittal,0.029764293,0.029113524,0.9105959,0.030526305,0.9105958938598633,True,True,0.87907606,0.78450364,0.9499999999720588,0.9985552612567224,0.8177215189666399,1.4142135623730951,340.0,395.0,False
d:\Research\Multi-View Fusion Network\datasets\brisc2025\classification_task\test\pituitary\brisc2025_test_00978_pi_sa_t1.jpg,pituitary,pituitary,sagittal,0.029939096,0.029813709,0.91020644,0.030040773,0.9102064371109009,True,True,0.95,0.9049774,0.934272300425621,0.9998598963230791,0.966019417428834,0.0999999999999659,213.0,206.0,False
d:\Research\Multi-View Fusion Network\datasets\brisc2025\classification_task\test\pituitary\brisc2025_test_00979_pi_sa_t1.jpg,pituitary,pituitary,sagittal,0.02978256,0.029395893,0.9106894,0.030132188,0.9106894135475159,True,True,0.89891696,0.8169935,0.855172413734126,0.9998600867460176,0.9465648854239262,1.0,145.0,131.0,False
d:\Research\Multi-View Fusion Network\datasets\brisc2025\classification_task\test\pituitary\brisc2025_test_00980_pi_sa_t1.jpg,pituitary,pituitary,sagittal,0.028637772,0.030518759,0.9113617,0.029481675,0.9113616943359375,True,True,0.9045454,0.8264463,0.9519230768315459,0.9996804601372026,0.8608695651425331,1.0,104.0,115.0,False
d:\Research\Multi-View Fusion Network\datasets\brisc2025\classification_task\test\pituitary\brisc2025_test_00981_pi_sa_t1.jpg,pituitary,pituitary,sagittal,0.029836917,0.029839078,0.91044986,0.029874157,0.9104498624801636,True,True,0.89399296,0.8089172,0.9545454544731404,0.9995204220284152,0.839999999944,1.0,132.0,150.0,False
d:\Research\Multi-View Fusion Network\datasets\brisc2025\classification_task\test\pituitary\brisc2025_test_00982_pi_sa_t1.jpg,pituitary,pituitary,sagittal,0.029621307,0.0297638,0.91143084,0.029184021,0.911430835723877,True,True,0.79910713,0.6666667,0.9999999998876405,0.9991015632796936,0.6641791044280463,2.2124611797498055,89.0,134.0,False
d:\Research\Multi-View Fusion Network\datasets\brisc2025\classification_task\test\pituitary\brisc2025_test_00983_pi_sa_t1.jpg,pituitary,pituitary,sagittal,0.02952773,0.029906979,0.9108897,0.029675646,0.9108896851539612,True,True,0.9458414,0.8973105,0.97603195737715,0.9986646433988875,0.9173967459209337,1.0,751.0,799.0,False
d:\Research\Multi-View Fusion Network\datasets\brisc2025\classification_task\test\pituitary\brisc2025_test_00984_pi_sa_t1.jpg,pituitary,pituitary,sagittal,0.029496692,0.028997201,0.9119673,0.029538827,0.9119672775268555,True,True,0.8271605,0.7054455,0.8713629402623069,0.996890333784101,0.7869986168632503,2.23606797749979,653.0,723.0,False
d:\Research\Multi-View Fusion Network\datasets\brisc2025\classification_task\test\pituitary\brisc2025_test_00985_pi_sa_t1.jpg,pituitary,pituitary,sagittal,0.029189203,0.029458363,0.9117864,0.02956606,0.9117863774299622,True,True,0.8719397,0.7730812,0.7886363636274019,0.9996348588118713,0.9747191011099057,3.0,880.0,712.0,False
d:\Research\Multi-View Fusion Network\datasets\brisc2025\classification_task\test\pituitary\brisc2025_test_00986_pi_sa_t1.jpg,pituitary,pituitary,sagittal,0.029263409,0.02970689,0.9111987,0.029831037,0.9111986756324768,True,True,0.80448717,0.6737968,0.9689922479868998,0.9988610705934424,0.6868131867754498,2.23606797749979,129.0,182.0,False
d:\Research\Multi-View Fusion Network\datasets\brisc2025\classification_task\test\pituitary\brisc2025_test_00987_pi_sa_t1.jpg,pituitary,pituitary,sagittal,0.029447405,0.029921576,0.9107343,0.02989666,0.9107342958450317,True,True,0.8676749,0.76666665,0.9999999999563318,0.998598514425091,0.7658862875998032,1.4142135623730951,229.0,299.0,False
d:\Research\Multi-View Fusion Network\datasets\brisc2025\classification_task\test\pituitary\brisc2025_test_00988_pi_sa_t1.jpg,pituitary,pituitary,sagittal,0.02921038,0.02960589,0.91160524,0.029578509,0.9116052389144897,True,True,0.8697917,0.7706422,0.8645833332432726,0.9997603833863818,0.8736842104343491,1.0,96.0,95.0,False
d:\Research\Multi-View Fusion Network\datasets\brisc2025\classification_task\test\pituitary\brisc2025_test_00989_pi_sa_t1.jpg,pituitary,pituitary,sagittal,0.029221082,0.030271478,0.9106673,0.029840128,0.9106673002243042,True,True,0.914557,0.84302324,0.9230769230177515,0.9997001199518194,0.9056603773015307,1.0,156.0,159.0,False
d:\Research\Multi-View Fusion Network\datasets\brisc2025\classification_task\test\pituitary\brisc2025_test_00990_pi_sa_t1.jpg,pituitary,pituitary,sagittal,0.029422505,0.030848494,0.90990657,0.02982239,0.9099065661430359,True,True,0.94266814,0.89166665,0.9771167047831323,0.9991555921910374,0.9104477611746173,1.0,437.0,469.0,False
d:\Research\Multi-View Fusion Network\datasets\brisc2025\classification_task\test\pituitary\brisc2025_test_00991_pi_sa_t1.jpg,pituitary,pituitary,sagittal,0.03005036,0.030795457,0.9096321,0.029522121,0.9096320867538452,True,True,0.8184931,0.6936416,0.9834710742988867,0.9989811207669566,0.6999999999588234,2.0,121.0,170.0,False
d:\Research\Multi-View Fusion Network\datasets\brisc2025\classification_task\test\pituitary\brisc2025_test_00992_pi_sa_t1.jpg,pituitary,pituitary,sagittal,0.029876238,0.031378936,0.90812385,0.03062097,0.9081238508224487,True,True,0.4868421,0.3236994,0.9999999998181818,0.9976656491289085,0.31976744184187395,5.830951894845301,55.0,172.0,False
d:\Research\Multi-View Fusion Network\datasets\brisc2025\classification_task\test\pituitary\brisc2025_test_00993_pi_sa_t1.jpg,pituitary,pituitary,sagittal,0.029962262,0.030568358,0.90898055,0.03048886,0.9089805483818054,True,True,0.955261,0.91442156,0.9320388349363747,0.9997578594775819,0.9795918367180342,0.0,618.0,588.0,False
d:\Research\Multi-View Fusion Network\datasets\brisc2025\classification_task\test\pituitary\brisc2025_test_00994_pi_sa_t1.jpg,pituitary,pituitary,sagittal,0.029882036,0.031049479,0.90893376,0.03013478,0.9089337587356567,True,True,0.8907767,0.80349344,0.9481865284482804,0.9992997619188526,0.8394495412458968,1.0,193.0,218.0,False
d:\Research\Multi-View Fusion Network\datasets\brisc2025\classification_task\test\pituitary\brisc2025_test_00995_pi_sa_t1.jpg,pituitary,pituitary,sagittal,0.02928227,0.030758148,0.91008574,0.029873816,0.9100857377052307,True,True,0.93988436,0.8867102,0.9441860464896701,0.9994371406744262,0.935483870946187,1.0,430.0,434.0,False
d:\Research\Multi-View Fusion Network\datasets\brisc2025\classification_task\test\pituitary\brisc2025_test_00996_pi_sa_t1.jpg,pituitary,pituitary,sagittal,0.03144556,0.03284666,0.90560186,0.030105904,0.9056018590927124,True,True,0.7406977,0.5885609,0.5999999999886793,0.9997784312933571,0.9665653495146941,5.0,530.0,329.0,False
d:\Research\Multi-View Fusion Network\datasets\brisc2025\classification_task\test\pituitary\brisc2025_test_00997_pi_sa_t1.jpg,pituitary,pituitary,sagittal,0.02930409,0.029928653,0.91085666,0.029910661,0.9108566641807556,True,True,0.9682937,0.938561,0.9813874788411051,0.9988978242231704,0.9555189456263962,0.0,1182.0,1214.0,False
d:\Research\Multi-View Fusion Network\datasets\brisc2025\classification_task\test\pituitary\brisc2025_test_00998_pi_sa_t1.jpg,pituitary,pituitary,sagittal,0.030155564,0.029885007,0.909603,0.03035648,0.9096029996871948,True,True,0.6990542,0.5376486,0.5607734806552379,0.999352907870056,0.9269406392482433,16.0,724.0,438.0,False
d:\Research\Multi-View Fusion Network\datasets\brisc2025\classification_task\test\pituitary\brisc2025_test_00999_pi_sa_t1.jpg,pituitary,pituitary,sagittal,0.02932337,0.030022245,0.9113617,0.029292699,0.9113616943359375,True,True,0.9601307,0.92336684,0.9839142091020923,0.9990086991703422,0.9374201787875169,0.0,746.0,783.0,False
d:\Research\Multi-View Fusion Network\datasets\brisc2025\classification_task\test\pituitary\brisc2025_test_01000_pi_sa_t1.jpg,pituitary,pituitary,sagittal,0.028835699,0.029259061,0.9128558,0.029049428,0.9128558039665222,True,True,0.9687722,0.9394773,0.9770773638828499,0.9994340919194391,0.960563380268161,0.0,698.0,710.0,False
