image_path,true_label,pred_label,plane,prob_0,prob_1,prob_2,prob_3,max_prob,correct,has_mask,dice,iou,gt_area,pred_area
d:\Research\Multi-View Fusion Network\datasets\brisc2025\classification_task\test\glioma\brisc2025_test_00001_gl_ax_t1.jpg,glioma,glioma,axial,0.836173,0.044445567,0.05249769,0.06688379,0.836173,True,True,0.00023786869,0.00023786869,222.0,3981.0
d:\Research\Multi-View Fusion Network\datasets\brisc2025\classification_task\test\glioma\brisc2025_test_00002_gl_ax_t1.jpg,glioma,glioma,axial,0.63334453,0.0853797,0.14838982,0.13288593,0.63334453,True,True,0.6111111,0.44036698,419.0,678.0
d:\Research\Multi-View Fusion Network\datasets\brisc2025\classification_task\test\glioma\brisc2025_test_00003_gl_ax_t1.jpg,glioma,glioma,axial,0.83280534,0.054104272,0.048050895,0.06503953,0.83280534,True,True,0.63712436,0.46763393,1117.0,1511.0
d:\Research\Multi-View Fusion Network\datasets\brisc2025\classification_task\test\glioma\brisc2025_test_00004_gl_ax_t1.jpg,glioma,glioma,axial,0.5594252,0.30594158,0.07918855,0.055444714,0.5594252,True,True,0.5801594,0.40897757,758.0,370.0
d:\Research\Multi-View Fusion Network\datasets\brisc2025\classification_task\test\glioma\brisc2025_test_00005_gl_ax_t1.jpg,glioma,pituitary,axial,0.16569927,0.36431408,0.38170466,0.08828197,0.38170466,False,True,0.004347826,0.004347826,229.0,0.0
d:\Research\Multi-View Fusion Network\datasets\brisc2025\classification_task\test\glioma\brisc2025_test_00006_gl_ax_t1.jpg,glioma,meningioma,axial,0.29714835,0.59022903,0.060236838,0.052385803,0.59022903,False,True,0.919172,0.85050136,966.0,1062.0
d:\Research\Multi-View Fusion Network\datasets\brisc2025\classification_task\test\glioma\brisc2025_test_00007_gl_ax_t1.jpg,glioma,glioma,axial,0.76982117,0.06538794,0.054049924,0.110740915,0.76982117,True,True,0.16071428,0.08768407,153.0,1470.0
d:\Research\Multi-View Fusion Network\datasets\brisc2025\classification_task\test\glioma\brisc2025_test_00008_gl_ax_t1.jpg,glioma,glioma,axial,0.86057067,0.041608267,0.04288715,0.054933917,0.86057067,True,True,0.5467359,0.37653062,368.0,979.0
d:\Research\Multi-View Fusion Network\datasets\brisc2025\classification_task\test\glioma\brisc2025_test_00009_gl_ax_t1.jpg,glioma,glioma,axial,0.85856164,0.040470406,0.041389693,0.0595782,0.85856164,True,True,0.3640316,0.22270532,1792.0,737.0
d:\Research\Multi-View Fusion Network\datasets\brisc2025\classification_task\test\glioma\brisc2025_test_00010_gl_ax_t1.jpg,glioma,glioma,axial,0.7595532,0.055724822,0.07785891,0.10686311,0.7595532,True,True,0.0022988506,0.0022988506,156.0,278.0
d:\Research\Multi-View Fusion Network\datasets\brisc2025\classification_task\test\glioma\brisc2025_test_00011_gl_ax_t1.jpg,glioma,glioma,axial,0.7841139,0.06250568,0.06881686,0.08456357,0.7841139,True,True,0.087872185,0.046317387,61.0,1315.0
d:\Research\Multi-View Fusion Network\datasets\brisc2025\classification_task\test\glioma\brisc2025_test_00012_gl_ax_t1.jpg,glioma,glioma,axial,0.85863763,0.06171546,0.0315828,0.04806405,0.85863763,True,True,0.31764707,0.18910964,349.0,1265.0
d:\Research\Multi-View Fusion Network\datasets\brisc2025\classification_task\test\glioma\brisc2025_test_00013_gl_ax_t1.jpg,glioma,glioma,axial,0.85987186,0.05222252,0.032315064,0.05559058,0.85987186,True,True,0.9486094,0.90229887,786.0,867.0
d:\Research\Multi-View Fusion Network\datasets\brisc2025\classification_task\test\glioma\brisc2025_test_00014_gl_ax_t1.jpg,glioma,glioma,axial,0.74336433,0.054964866,0.08275413,0.11891662,0.74336433,True,True,0.71946615,0.5619347,1850.0,2120.0
d:\Research\Multi-View Fusion Network\datasets\brisc2025\classification_task\test\glioma\brisc2025_test_00015_gl_ax_t1.jpg,glioma,glioma,axial,0.8273112,0.052195553,0.04792073,0.07257258,0.8273112,True,True,0.5293867,0.36016214,626.0,1721.0
d:\Research\Multi-View Fusion Network\datasets\brisc2025\classification_task\test\glioma\brisc2025_test_00016_gl_ax_t1.jpg,glioma,glioma,axial,0.58673954,0.19002196,0.07394281,0.14929567,0.58673954,True,True,0.35585937,0.21662708,561.0,1998.0
d:\Research\Multi-View Fusion Network\datasets\brisc2025\classification_task\test\glioma\brisc2025_test_00017_gl_ax_t1.jpg,glioma,glioma,axial,0.4304167,0.30007607,0.14892973,0.120577514,0.4304167,True,True,0.6083916,0.4381271,271.0,157.0
d:\Research\Multi-View Fusion Network\datasets\brisc2025\classification_task\test\glioma\brisc2025_test_00018_gl_ax_t1.jpg,glioma,glioma,axial,0.8513017,0.04128088,0.05057839,0.056839053,0.8513017,True,True,0.7173134,0.5593299,1556.0,1793.0
d:\Research\Multi-View Fusion Network\datasets\brisc2025\classification_task\test\glioma\brisc2025_test_00019_gl_ax_t1.jpg,glioma,glioma,axial,0.8354538,0.06445474,0.036138188,0.063953154,0.8354538,True,True,0.8262881,0.70404875,2062.0,2692.0
d:\Research\Multi-View Fusion Network\datasets\brisc2025\classification_task\test\glioma\brisc2025_test_00020_gl_ax_t1.jpg,glioma,glioma,axial,0.6229284,0.26177573,0.041368414,0.073927425,0.6229284,True,True,0.9081378,0.8318099,939.0,1063.0
d:\Research\Multi-View Fusion Network\datasets\brisc2025\classification_task\test\glioma\brisc2025_test_00021_gl_ax_t1.jpg,glioma,glioma,axial,0.8496154,0.055412397,0.039775867,0.05519636,0.8496154,True,True,0.7249047,0.5687251,570.0,1003.0
d:\Research\Multi-View Fusion Network\datasets\brisc2025\classification_task\test\glioma\brisc2025_test_00022_gl_ax_t1.jpg,glioma,glioma,axial,0.8477408,0.047315255,0.046174087,0.05876989,0.8477408,True,True,0.6343718,0.46466166,974.0,1946.0
d:\Research\Multi-View Fusion Network\datasets\brisc2025\classification_task\test\glioma\brisc2025_test_00023_gl_ax_t1.jpg,glioma,glioma,axial,0.8373799,0.05662385,0.04005441,0.06594189,0.8373799,True,True,0.708562,0.54885304,645.0,1176.0
d:\Research\Multi-View Fusion Network\datasets\brisc2025\classification_task\test\glioma\brisc2025_test_00024_gl_ax_t1.jpg,glioma,glioma,axial,0.72515243,0.15350121,0.042374134,0.078972265,0.72515243,True,True,0.9505268,0.90575916,1074.0,1108.0
d:\Research\Multi-View Fusion Network\datasets\brisc2025\classification_task\test\glioma\brisc2025_test_00025_gl_ax_t1.jpg,glioma,glioma,axial,0.85588497,0.04315642,0.046029586,0.05492904,0.85588497,True,True,0.45201534,0.29244113,235.0,806.0
d:\Research\Multi-View Fusion Network\datasets\brisc2025\classification_task\test\glioma\brisc2025_test_00026_gl_ax_t1.jpg,glioma,glioma,axial,0.7993242,0.064563766,0.049189527,0.08692248,0.7993242,True,True,0.45986697,0.29879102,1105.0,1149.0
d:\Research\Multi-View Fusion Network\datasets\brisc2025\classification_task\test\glioma\brisc2025_test_00027_gl_ax_t1.jpg,glioma,glioma,axial,0.81663674,0.053339586,0.05313164,0.076891966,0.81663674,True,True,0.5256452,0.35666814,1528.0,1532.0
d:\Research\Multi-View Fusion Network\datasets\brisc2025\classification_task\test\glioma\brisc2025_test_00028_gl_ax_t1.jpg,glioma,glioma,axial,0.8244728,0.057717733,0.04264159,0.075167924,0.8244728,True,True,0.8127693,0.68469656,1037.0,1515.0
d:\Research\Multi-View Fusion Network\datasets\brisc2025\classification_task\test\glioma\brisc2025_test_00029_gl_ax_t1.jpg,glioma,glioma,axial,0.84888744,0.042595096,0.043947212,0.06457031,0.84888744,True,True,0.8420787,0.7273519,963.0,1018.0
d:\Research\Multi-View Fusion Network\datasets\brisc2025\classification_task\test\glioma\brisc2025_test_00030_gl_ax_t1.jpg,glioma,meningioma,axial,0.37778848,0.5076258,0.064003885,0.05058182,0.5076258,False,True,0.9159664,0.84520125,306.0,288.0
d:\Research\Multi-View Fusion Network\datasets\brisc2025\classification_task\test\glioma\brisc2025_test_00031_gl_ax_t1.jpg,glioma,glioma,axial,0.86242867,0.043571398,0.046472184,0.047527805,0.86242867,True,True,0.77345186,0.6306847,1458.0,1803.0
d:\Research\Multi-View Fusion Network\datasets\brisc2025\classification_task\test\glioma\brisc2025_test_00032_gl_ax_t1.jpg,glioma,glioma,axial,0.85040176,0.04906617,0.0415201,0.059011962,0.85040176,True,True,0.8305035,0.7102102,1662.0,1753.0
d:\Research\Multi-View Fusion Network\datasets\brisc2025\classification_task\test\glioma\brisc2025_test_00033_gl_ax_t1.jpg,glioma,glioma,axial,0.85689247,0.04743069,0.03699321,0.058683585,0.85689247,True,True,0.7161107,0.55801105,504.0,904.0
d:\Research\Multi-View Fusion Network\datasets\brisc2025\classification_task\test\glioma\brisc2025_test_00034_gl_ax_t1.jpg,glioma,glioma,axial,0.75076896,0.05926598,0.07967325,0.11029175,0.75076896,True,True,0.662037,0.49505928,514.0,997.0
d:\Research\Multi-View Fusion Network\datasets\brisc2025\classification_task\test\glioma\brisc2025_test_00035_gl_ax_t1.jpg,glioma,glioma,axial,0.85325193,0.046976186,0.043107774,0.0566641,0.85325193,True,True,0.6298949,0.4599303,659.0,1434.0
d:\Research\Multi-View Fusion Network\datasets\brisc2025\classification_task\test\glioma\brisc2025_test_00036_gl_ax_t1.jpg,glioma,glioma,axial,0.8589764,0.04565765,0.042350315,0.053015545,0.8589764,True,True,0.5883953,0.41720155,324.0,778.0
d:\Research\Multi-View Fusion Network\datasets\brisc2025\classification_task\test\glioma\brisc2025_test_00037_gl_ax_t1.jpg,glioma,glioma,axial,0.8664166,0.04230201,0.035866205,0.05541521,0.8664166,True,True,0.93752307,0.88241416,2789.0,2636.0
d:\Research\Multi-View Fusion Network\datasets\brisc2025\classification_task\test\glioma\brisc2025_test_00038_gl_ax_t1.jpg,glioma,glioma,axial,0.78310156,0.05950819,0.06399902,0.09339123,0.78310156,True,True,0.7665615,0.62157136,1336.0,2150.0
d:\Research\Multi-View Fusion Network\datasets\brisc2025\classification_task\test\glioma\brisc2025_test_00039_gl_ax_t1.jpg,glioma,glioma,axial,0.8576653,0.05028909,0.034445215,0.057600446,0.8576653,True,True,0.841405,0.7263545,1003.0,875.0
d:\Research\Multi-View Fusion Network\datasets\brisc2025\classification_task\test\glioma\brisc2025_test_00040_gl_ax_t1.jpg,glioma,glioma,axial,0.8690579,0.038072035,0.03912743,0.053742632,0.8690579,True,True,0.5787671,0.40743288,1396.0,647.0
d:\Research\Multi-View Fusion Network\datasets\brisc2025\classification_task\test\glioma\brisc2025_test_00041_gl_ax_t1.jpg,glioma,glioma,axial,0.8151232,0.06668109,0.043880247,0.07431552,0.8151232,True,True,0.30781865,0.18206522,1198.0,1845.0
d:\Research\Multi-View Fusion Network\datasets\brisc2025\classification_task\test\glioma\brisc2025_test_00042_gl_ax_t1.jpg,glioma,glioma,axial,0.8308063,0.04309523,0.05525437,0.07084416,0.8308063,True,True,0.0005307856,0.0005307856,1275.0,608.0
d:\Research\Multi-View Fusion Network\datasets\brisc2025\classification_task\test\glioma\brisc2025_test_00043_gl_ax_t1.jpg,glioma,glioma,axial,0.7837153,0.054119483,0.07271913,0.08944605,0.7837153,True,True,0.51078284,0.3431178,2084.0,1300.0
d:\Research\Multi-View Fusion Network\datasets\brisc2025\classification_task\test\glioma\brisc2025_test_00044_gl_ax_t1.jpg,glioma,glioma,axial,0.84456176,0.05184666,0.03919328,0.06439831,0.84456176,True,True,0.79986566,0.6666667,601.0,887.0
d:\Research\Multi-View Fusion Network\datasets\brisc2025\classification_task\test\glioma\brisc2025_test_00045_gl_ax_t1.jpg,glioma,glioma,axial,0.8064606,0.07567471,0.056401666,0.061463054,0.8064606,True,True,0.025921967,0.013264754,2419.0,1322.0
d:\Research\Multi-View Fusion Network\datasets\brisc2025\classification_task\test\glioma\brisc2025_test_00046_gl_ax_t1.jpg,glioma,glioma,axial,0.79995126,0.044387113,0.060818292,0.09484335,0.79995126,True,True,0.59609854,0.42468557,2391.0,2478.0
d:\Research\Multi-View Fusion Network\datasets\brisc2025\classification_task\test\glioma\brisc2025_test_00047_gl_ax_t1.jpg,glioma,glioma,axial,0.82446706,0.044167068,0.052706417,0.07865946,0.82446706,True,True,0.19213313,0.10702341,519.0,141.0
d:\Research\Multi-View Fusion Network\datasets\brisc2025\classification_task\test\glioma\brisc2025_test_00048_gl_ax_t1.jpg,glioma,glioma,axial,0.5954266,0.22746536,0.06544894,0.11165904,0.5954266,True,True,0.56986773,0.39871383,590.0,1148.0
d:\Research\Multi-View Fusion Network\datasets\brisc2025\classification_task\test\glioma\brisc2025_test_00049_gl_ax_t1.jpg,glioma,glioma,axial,0.78844225,0.06127498,0.06541826,0.084864445,0.78844225,True,True,0.49674478,0.33073592,414.0,1121.0
d:\Research\Multi-View Fusion Network\datasets\brisc2025\classification_task\test\glioma\brisc2025_test_00050_gl_ax_t1.jpg,glioma,meningioma,axial,0.14454767,0.6696884,0.10736628,0.07839757,0.6696884,False,True,0.704797,0.54545456,155.0,115.0
d:\Research\Multi-View Fusion Network\datasets\brisc2025\classification_task\test\glioma\brisc2025_test_00051_gl_ax_t1.jpg,glioma,glioma,axial,0.8384821,0.04625327,0.049332615,0.06593203,0.8384821,True,True,0.30542073,0.1804296,1882.0,589.0
d:\Research\Multi-View Fusion Network\datasets\brisc2025\classification_task\test\glioma\brisc2025_test_00052_gl_ax_t1.jpg,glioma,glioma,axial,0.74704003,0.101794355,0.08826791,0.06289769,0.74704003,True,True,0.77072674,0.62708104,1376.0,1554.0
d:\Research\Multi-View Fusion Network\datasets\brisc2025\classification_task\test\glioma\brisc2025_test_00053_gl_ax_t1.jpg,glioma,glioma,axial,0.86329186,0.04856112,0.032634247,0.055512723,0.86329186,True,True,0.058752272,0.030567685,48.0,1602.0
d:\Research\Multi-View Fusion Network\datasets\brisc2025\classification_task\test\glioma\brisc2025_test_00054_gl_ax_t1.jpg,glioma,glioma,axial,0.8342252,0.05464826,0.043611962,0.06751456,0.8342252,True,True,0.45597354,0.2955032,1442.0,976.0
d:\Research\Multi-View Fusion Network\datasets\brisc2025\classification_task\test\glioma\brisc2025_test_00055_gl_ax_t1.jpg,glioma,glioma,axial,0.75742203,0.053231332,0.10653726,0.0828094,0.75742203,True,True,0.66836905,0.502045,1430.0,1506.0
d:\Research\Multi-View Fusion Network\datasets\brisc2025\classification_task\test\glioma\brisc2025_test_00056_gl_ax_t1.jpg,glioma,glioma,axial,0.8126038,0.054070175,0.053024366,0.08030168,0.8126038,True,True,0.79684764,0.6627907,287.0,283.0
d:\Research\Multi-View Fusion Network\datasets\brisc2025\classification_task\test\glioma\brisc2025_test_00057_gl_ax_t1.jpg,glioma,glioma,axial,0.39178967,0.23118037,0.24023555,0.1367944,0.39178967,True,True,0.6026059,0.43255815,125.0,181.0
d:\Research\Multi-View Fusion Network\datasets\brisc2025\classification_task\test\glioma\brisc2025_test_00058_gl_ax_t1.jpg,glioma,glioma,axial,0.42021948,0.3619866,0.07352409,0.14426982,0.42021948,True,True,0.47363636,0.31071427,260.0,839.0
d:\Research\Multi-View Fusion Network\datasets\brisc2025\classification_task\test\glioma\brisc2025_test_00059_gl_ax_t1.jpg,glioma,glioma,axial,0.8598231,0.045702655,0.0396684,0.054805856,0.8598231,True,True,0.0008183306,0.0008183306,1100.0,121.0
d:\Research\Multi-View Fusion Network\datasets\brisc2025\classification_task\test\glioma\brisc2025_test_00060_gl_ax_t1.jpg,glioma,glioma,axial,0.55541927,0.11262009,0.22397178,0.10798884,0.55541927,True,True,0.014383562,0.007586207,564.0,895.0
d:\Research\Multi-View Fusion Network\datasets\brisc2025\classification_task\test\glioma\brisc2025_test_00061_gl_ax_t1.jpg,glioma,glioma,axial,0.7554561,0.05746349,0.11383427,0.073246144,0.7554561,True,True,0.5875198,0.41616768,555.0,1335.0
d:\Research\Multi-View Fusion Network\datasets\brisc2025\classification_task\test\glioma\brisc2025_test_00062_gl_ax_t1.jpg,glioma,glioma,axial,0.8472673,0.041326687,0.052063566,0.059342448,0.8472673,True,True,0.62179285,0.45128676,1329.0,1827.0
d:\Research\Multi-View Fusion Network\datasets\brisc2025\classification_task\test\glioma\brisc2025_test_00063_gl_ax_t1.jpg,glioma,glioma,axial,0.8484064,0.06221317,0.032513034,0.056867447,0.8484064,True,True,0.8769268,0.7808748,2037.0,2114.0
d:\Research\Multi-View Fusion Network\datasets\brisc2025\classification_task\test\glioma\brisc2025_test_00064_gl_ax_t1.jpg,glioma,glioma,axial,0.5108322,0.2978203,0.07420577,0.11714177,0.5108322,True,True,0.8668654,0.7651183,872.0,1140.0
d:\Research\Multi-View Fusion Network\datasets\brisc2025\classification_task\test\glioma\brisc2025_test_00065_gl_ax_t1.jpg,glioma,glioma,axial,0.8532697,0.05253492,0.043574248,0.050621107,0.8532697,True,True,0.28223717,0.16455697,275.0,1655.0
d:\Research\Multi-View Fusion Network\datasets\brisc2025\classification_task\test\glioma\brisc2025_test_00066_gl_ax_t1.jpg,glioma,glioma,axial,0.8589234,0.04056661,0.049028337,0.05148171,0.8589234,True,True,0.91477686,0.8429919,1304.0,1429.0
d:\Research\Multi-View Fusion Network\datasets\brisc2025\classification_task\test\glioma\brisc2025_test_00067_gl_ax_t1.jpg,glioma,glioma,axial,0.8555629,0.04941219,0.04025036,0.054774486,0.8555629,True,True,0.12062257,0.064827584,46.0,724.0
d:\Research\Multi-View Fusion Network\datasets\brisc2025\classification_task\test\glioma\brisc2025_test_00068_gl_ax_t1.jpg,glioma,glioma,axial,0.84174806,0.05218103,0.04294391,0.06312701,0.84174806,True,True,0.5189669,0.35076252,321.0,917.0
d:\Research\Multi-View Fusion Network\datasets\brisc2025\classification_task\test\glioma\brisc2025_test_00069_gl_ax_t1.jpg,glioma,glioma,axial,0.8487039,0.03915541,0.04640747,0.06573325,0.8487039,True,True,0.46869853,0.30645162,509.0,704.0
d:\Research\Multi-View Fusion Network\datasets\brisc2025\classification_task\test\glioma\brisc2025_test_00070_gl_ax_t1.jpg,glioma,glioma,axial,0.84953195,0.0590957,0.04087448,0.050497893,0.84953195,True,True,0.55020493,0.3799435,283.0,692.0
d:\Research\Multi-View Fusion Network\datasets\brisc2025\classification_task\test\glioma\brisc2025_test_00071_gl_ax_t1.jpg,glioma,meningioma,axial,0.28952736,0.57396924,0.0656036,0.07089977,0.57396924,False,True,0.934188,0.8766026,578.0,591.0
d:\Research\Multi-View Fusion Network\datasets\brisc2025\classification_task\test\glioma\brisc2025_test_00072_gl_ax_t1.jpg,glioma,glioma,axial,0.54533315,0.17349231,0.18005145,0.10112307,0.54533315,True,True,0.52207166,0.35334122,3343.0,1232.0
d:\Research\Multi-View Fusion Network\datasets\brisc2025\classification_task\test\glioma\brisc2025_test_00073_gl_ax_t1.jpg,glioma,glioma,axial,0.43961418,0.20722856,0.1812119,0.17194536,0.43961418,True,True,0.8849346,0.7936401,4260.0,3691.0
d:\Research\Multi-View Fusion Network\datasets\brisc2025\classification_task\test\glioma\brisc2025_test_00074_gl_ax_t1.jpg,glioma,glioma,axial,0.8760156,0.037414696,0.03636996,0.05019969,0.8760156,True,True,0.535958,0.36630824,510.0,1394.0
d:\Research\Multi-View Fusion Network\datasets\brisc2025\classification_task\test\glioma\brisc2025_test_00075_gl_ax_t1.jpg,glioma,glioma,axial,0.8114655,0.050476007,0.0473253,0.09073325,0.8114655,True,True,0.7676991,0.6232057,520.0,835.0
d:\Research\Multi-View Fusion Network\datasets\brisc2025\classification_task\test\glioma\brisc2025_test_00076_gl_ax_t1.jpg,glioma,glioma,axial,0.8362648,0.046765994,0.049685,0.06728423,0.8362648,True,True,0.86312217,0.75944334,416.0,467.0
d:\Research\Multi-View Fusion Network\datasets\brisc2025\classification_task\test\glioma\brisc2025_test_00077_gl_ax_t1.jpg,glioma,glioma,axial,0.49542713,0.30344063,0.09585553,0.105276704,0.49542713,True,True,0.82974356,0.709282,466.0,508.0
d:\Research\Multi-View Fusion Network\datasets\brisc2025\classification_task\test\glioma\brisc2025_test_00078_gl_ax_t1.jpg,glioma,meningioma,axial,0.33782384,0.50639135,0.071158335,0.08462649,0.50639135,False,True,0.8749058,0.7777778,741.0,585.0
d:\Research\Multi-View Fusion Network\datasets\brisc2025\classification_task\test\glioma\brisc2025_test_00079_gl_ax_t1.jpg,glioma,glioma,axial,0.79715115,0.09370721,0.03787038,0.071271285,0.79715115,True,True,0.8755737,0.7787851,859.0,1101.0
d:\Research\Multi-View Fusion Network\datasets\brisc2025\classification_task\test\glioma\brisc2025_test_00080_gl_ax_t1.jpg,glioma,glioma,axial,0.8080329,0.09971515,0.032738376,0.05951357,0.8080329,True,True,0.8490137,0.7376977,2275.0,1678.0
d:\Research\Multi-View Fusion Network\datasets\brisc2025\classification_task\test\glioma\brisc2025_test_00081_gl_ax_t1.jpg,glioma,glioma,axial,0.7673069,0.05242026,0.0816672,0.09860571,0.7673069,True,True,0.5537125,0.38318777,350.0,915.0
d:\Research\Multi-View Fusion Network\datasets\brisc2025\classification_task\test\glioma\brisc2025_test_00082_gl_ax_t1.jpg,glioma,meningioma,axial,0.2432953,0.5626784,0.09185472,0.10217157,0.5626784,False,True,0.60130244,0.4301965,427.0,954.0
d:\Research\Multi-View Fusion Network\datasets\brisc2025\classification_task\test\glioma\brisc2025_test_00083_gl_ax_t1.jpg,glioma,glioma,axial,0.82180005,0.052433416,0.04363896,0.08212762,0.82180005,True,True,0.6173261,0.44674557,509.0,956.0
d:\Research\Multi-View Fusion Network\datasets\brisc2025\classification_task\test\glioma\brisc2025_test_00084_gl_ax_t1.jpg,glioma,glioma,axial,0.8376459,0.060797494,0.041379392,0.06017727,0.8376459,True,True,0.73639715,0.58284736,2641.0,1971.0
d:\Research\Multi-View Fusion Network\datasets\brisc2025\classification_task\test\glioma\brisc2025_test_00085_gl_ax_t1.jpg,glioma,glioma,axial,0.88196516,0.040650215,0.033964522,0.043420088,0.88196516,True,True,0.1837655,0.10173697,83.0,803.0
d:\Research\Multi-View Fusion Network\datasets\brisc2025\classification_task\test\glioma\brisc2025_test_00086_gl_co_t1.jpg,glioma,glioma,coronal,0.81152177,0.057649404,0.08658427,0.04424452,0.81152177,True,True,0.94274807,0.8917749,625.0,684.0
d:\Research\Multi-View Fusion Network\datasets\brisc2025\classification_task\test\glioma\brisc2025_test_00087_gl_co_t1.jpg,glioma,glioma,coronal,0.8240775,0.04278796,0.08187409,0.05126052,0.8240775,True,True,0.8790627,0.78436655,739.0,583.0
d:\Research\Multi-View Fusion Network\datasets\brisc2025\classification_task\test\glioma\brisc2025_test_00088_gl_co_t1.jpg,glioma,glioma,coronal,0.7688098,0.058308158,0.09137397,0.081508145,0.7688098,True,True,0.7969631,0.6625811,1161.0,1143.0
d:\Research\Multi-View Fusion Network\datasets\brisc2025\classification_task\test\glioma\brisc2025_test_00089_gl_co_t1.jpg,glioma,glioma,coronal,0.8509981,0.047497053,0.04245153,0.059053343,0.8509981,True,True,0.8973306,0.81389576,665.0,795.0
d:\Research\Multi-View Fusion Network\datasets\brisc2025\classification_task\test\glioma\brisc2025_test_00090_gl_co_t1.jpg,glioma,glioma,coronal,0.8638252,0.042093195,0.047488686,0.046592917,0.8638252,True,True,0.89545846,0.8108527,528.0,638.0
d:\Research\Multi-View Fusion Network\datasets\brisc2025\classification_task\test\glioma\brisc2025_test_00091_gl_co_t1.jpg,glioma,glioma,coronal,0.83618593,0.062465392,0.053664792,0.04768387,0.83618593,True,True,0.95357776,0.9112994,1628.0,1753.0
d:\Research\Multi-View Fusion Network\datasets\brisc2025\classification_task\test\glioma\brisc2025_test_00092_gl_co_t1.jpg,glioma,meningioma,coronal,0.38135457,0.5034889,0.064765975,0.05039056,0.5034889,False,True,0.9159664,0.84520125,306.0,288.0
d:\Research\Multi-View Fusion Network\datasets\brisc2025\classification_task\test\glioma\brisc2025_test_00093_gl_co_t1.jpg,glioma,meningioma,coronal,0.2420785,0.45977697,0.2175813,0.08056323,0.45977697,False,True,0.65677965,0.48949578,470.0,237.0
d:\Research\Multi-View Fusion Network\datasets\brisc2025\classification_task\test\glioma\brisc2025_test_00094_gl_co_t1.jpg,glioma,meningioma,coronal,0.3338259,0.502357,0.10381919,0.059997987,0.502357,False,True,0.7422512,0.59067357,232.0,380.0
d:\Research\Multi-View Fusion Network\datasets\brisc2025\classification_task\test\glioma\brisc2025_test_00095_gl_co_t1.jpg,glioma,meningioma,coronal,0.2132416,0.6351373,0.09096564,0.06065538,0.6351373,False,True,0.81005585,0.6809651,538.0,714.0
d:\Research\Multi-View Fusion Network\datasets\brisc2025\classification_task\test\glioma\brisc2025_test_00096_gl_co_t1.jpg,glioma,glioma,coronal,0.53963727,0.29613027,0.09005042,0.07418205,0.53963727,True,True,0.0048076925,0.0048076925,207.0,0.0
d:\Research\Multi-View Fusion Network\datasets\brisc2025\classification_task\test\glioma\brisc2025_test_00097_gl_co_t1.jpg,glioma,glioma,coronal,0.5937888,0.2116961,0.13314071,0.061374377,0.5937888,True,True,0.7815475,0.6414773,3432.0,2344.0
d:\Research\Multi-View Fusion Network\datasets\brisc2025\classification_task\test\glioma\brisc2025_test_00098_gl_co_t1.jpg,glioma,glioma,coronal,0.83657855,0.042348035,0.06158595,0.059487473,0.83657855,True,True,0.5575827,0.3870458,331.0,545.0
d:\Research\Multi-View Fusion Network\datasets\brisc2025\classification_task\test\glioma\brisc2025_test_00099_gl_co_t1.jpg,glioma,glioma,coronal,0.6355829,0.22092889,0.091519706,0.05196842,0.6355829,True,True,0.1736527,0.09803922,50.0,116.0
d:\Research\Multi-View Fusion Network\datasets\brisc2025\classification_task\test\glioma\brisc2025_test_00100_gl_co_t1.jpg,glioma,glioma,coronal,0.8265698,0.054892153,0.07591309,0.042624984,0.8265698,True,True,0.53528774,0.36592594,361.0,559.0
d:\Research\Multi-View Fusion Network\datasets\brisc2025\classification_task\test\glioma\brisc2025_test_00101_gl_co_t1.jpg,glioma,glioma,coronal,0.85999274,0.03716332,0.052639503,0.050204445,0.85999274,True,True,0.61045367,0.4397163,311.0,702.0
d:\Research\Multi-View Fusion Network\datasets\brisc2025\classification_task\test\glioma\brisc2025_test_00102_gl_co_t1.jpg,glioma,glioma,coronal,0.8511112,0.04337921,0.051943474,0.053566173,0.8511112,True,True,0.9466891,0.89882857,870.0,911.0
d:\Research\Multi-View Fusion Network\datasets\brisc2025\classification_task\test\glioma\brisc2025_test_00103_gl_co_t1.jpg,glioma,glioma,coronal,0.8768163,0.04656041,0.04088927,0.035733983,0.8768163,True,True,0.83400184,0.7153439,1414.0,1826.0
d:\Research\Multi-View Fusion Network\datasets\brisc2025\classification_task\test\glioma\brisc2025_test_00104_gl_co_t1.jpg,glioma,glioma,coronal,0.8514743,0.041980434,0.049999267,0.05654605,0.8514743,True,True,0.88134813,0.7879538,1004.0,1161.0
d:\Research\Multi-View Fusion Network\datasets\brisc2025\classification_task\test\glioma\brisc2025_test_00105_gl_co_t1.jpg,glioma,glioma,coronal,0.7924427,0.05397909,0.06890559,0.08467259,0.7924427,True,True,0.23175788,0.13127051,279.0,2132.0
d:\Research\Multi-View Fusion Network\datasets\brisc2025\classification_task\test\glioma\brisc2025_test_00106_gl_co_t1.jpg,glioma,glioma,coronal,0.8377885,0.047403466,0.06161482,0.053193156,0.8377885,True,True,0.86251557,0.7583187,1806.0,2208.0
d:\Research\Multi-View Fusion Network\datasets\brisc2025\classification_task\test\glioma\brisc2025_test_00107_gl_co_t1.jpg,glioma,glioma,coronal,0.84804344,0.046735045,0.052931894,0.052289676,0.84804344,True,True,0.766702,0.6217331,2017.0,2697.0
d:\Research\Multi-View Fusion Network\datasets\brisc2025\classification_task\test\glioma\brisc2025_test_00108_gl_co_t1.jpg,glioma,glioma,coronal,0.8463763,0.04551821,0.061371196,0.04673436,0.8463763,True,True,0.8695903,0.7693878,759.0,973.0
d:\Research\Multi-View Fusion Network\datasets\brisc2025\classification_task\test\glioma\brisc2025_test_00109_gl_co_t1.jpg,glioma,glioma,coronal,0.8470096,0.050372552,0.054598853,0.048018906,0.8470096,True,True,0.9395099,0.8860029,627.0,678.0
d:\Research\Multi-View Fusion Network\datasets\brisc2025\classification_task\test\glioma\brisc2025_test_00110_gl_co_t1.jpg,glioma,glioma,coronal,0.81671643,0.062824845,0.06447189,0.05598681,0.81671643,True,True,0.94166666,0.8898094,1083.0,1196.0
d:\Research\Multi-View Fusion Network\datasets\brisc2025\classification_task\test\glioma\brisc2025_test_00111_gl_co_t1.jpg,glioma,glioma,coronal,0.7543992,0.052760635,0.104569025,0.088271186,0.7543992,True,True,0.6673307,0.50149256,167.0,334.0
d:\Research\Multi-View Fusion Network\datasets\brisc2025\classification_task\test\glioma\brisc2025_test_00112_gl_co_t1.jpg,glioma,glioma,coronal,0.8242446,0.04844761,0.057057362,0.07025033,0.8242446,True,True,0.19867183,0.11056511,206.0,1600.0
d:\Research\Multi-View Fusion Network\datasets\brisc2025\classification_task\test\glioma\brisc2025_test_00113_gl_co_t1.jpg,glioma,glioma,coronal,0.8782511,0.035932545,0.048779372,0.03703698,0.8782511,True,True,0.66577685,0.4992,639.0,1233.0
d:\Research\Multi-View Fusion Network\datasets\brisc2025\classification_task\test\glioma\brisc2025_test_00114_gl_co_t1.jpg,glioma,glioma,coronal,0.81564945,0.06813989,0.045390956,0.07081968,0.81564945,True,True,0.7811383,0.6409562,1567.0,2069.0
d:\Research\Multi-View Fusion Network\datasets\brisc2025\classification_task\test\glioma\brisc2025_test_00115_gl_co_t1.jpg,glioma,glioma,coronal,0.83754516,0.04173966,0.062566936,0.05814819,0.83754516,True,True,0.6894737,0.526738,342.0,227.0
d:\Research\Multi-View Fusion Network\datasets\brisc2025\classification_task\test\glioma\brisc2025_test_00116_gl_co_t1.jpg,glioma,glioma,coronal,0.8212068,0.04297333,0.064133726,0.071686216,0.8212068,True,True,0.7703252,0.6270627,278.0,213.0
d:\Research\Multi-View Fusion Network\datasets\brisc2025\classification_task\test\glioma\brisc2025_test_00117_gl_co_t1.jpg,glioma,pituitary,coronal,0.24387437,0.2543022,0.38432452,0.117498875,0.38432452,False,True,0.6718563,0.5063063,554.0,280.0
d:\Research\Multi-View Fusion Network\datasets\brisc2025\classification_task\test\glioma\brisc2025_test_00118_gl_co_t1.jpg,glioma,glioma,coronal,0.45706534,0.27745903,0.19053318,0.074942484,0.45706534,True,True,0.0017730496,0.0017730496,529.0,34.0
d:\Research\Multi-View Fusion Network\datasets\brisc2025\classification_task\test\glioma\brisc2025_test_00119_gl_co_t1.jpg,glioma,glioma,coronal,0.84165365,0.0421909,0.056801792,0.059353624,0.84165365,True,True,0.6702356,0.50418544,823.0,1511.0
d:\Research\Multi-View Fusion Network\datasets\brisc2025\classification_task\test\glioma\brisc2025_test_00120_gl_co_t1.jpg,glioma,glioma,coronal,0.7765675,0.052897714,0.094577044,0.07595769,0.7765675,True,True,0.8098933,0.6807818,432.0,598.0
d:\Research\Multi-View Fusion Network\datasets\brisc2025\classification_task\test\glioma\brisc2025_test_00121_gl_co_t1.jpg,glioma,glioma,coronal,0.87105733,0.044963032,0.04795647,0.03602312,0.87105733,True,True,0.8438438,0.72994804,1535.0,1461.0
d:\Research\Multi-View Fusion Network\datasets\brisc2025\classification_task\test\glioma\brisc2025_test_00122_gl_co_t1.jpg,glioma,glioma,coronal,0.86883575,0.04908821,0.039655913,0.04242012,0.86883575,True,True,0.67969495,0.5151515,559.0,489.0
d:\Research\Multi-View Fusion Network\datasets\brisc2025\classification_task\test\glioma\brisc2025_test_00123_gl_co_t1.jpg,glioma,glioma,coronal,0.86419344,0.036873743,0.052000314,0.046932515,0.86419344,True,True,0.48044944,0.31638083,595.0,1629.0
d:\Research\Multi-View Fusion Network\datasets\brisc2025\classification_task\test\glioma\brisc2025_test_00124_gl_co_t1.jpg,glioma,glioma,coronal,0.78773,0.056343112,0.068062395,0.08786451,0.78773,True,True,0.47533038,0.3119584,539.0,1730.0
d:\Research\Multi-View Fusion Network\datasets\brisc2025\classification_task\test\glioma\brisc2025_test_00125_gl_co_t1.jpg,glioma,glioma,coronal,0.8356211,0.056948088,0.050036144,0.057394736,0.8356211,True,True,0.37459284,0.23068117,402.0,1746.0
d:\Research\Multi-View Fusion Network\datasets\brisc2025\classification_task\test\glioma\brisc2025_test_00126_gl_co_t1.jpg,glioma,glioma,coronal,0.825224,0.05311667,0.07732204,0.04433732,0.825224,True,True,0.87411165,0.7765766,472.0,512.0
d:\Research\Multi-View Fusion Network\datasets\brisc2025\classification_task\test\glioma\brisc2025_test_00127_gl_co_t1.jpg,glioma,glioma,coronal,0.83487004,0.04551748,0.073737994,0.045874476,0.83487004,True,True,0.9319419,0.8726655,520.0,581.0
d:\Research\Multi-View Fusion Network\datasets\brisc2025\classification_task\test\glioma\brisc2025_test_00128_gl_co_t1.jpg,glioma,glioma,coronal,0.81560487,0.054535497,0.08001009,0.04984948,0.81560487,True,True,0.32532957,0.19449128,345.0,1778.0
d:\Research\Multi-View Fusion Network\datasets\brisc2025\classification_task\test\glioma\brisc2025_test_00129_gl_co_t1.jpg,glioma,glioma,coronal,0.86194766,0.04658254,0.04484176,0.046628054,0.86194766,True,True,0.88103163,0.78751856,542.0,659.0
d:\Research\Multi-View Fusion Network\datasets\brisc2025\classification_task\test\glioma\brisc2025_test_00130_gl_co_t1.jpg,glioma,glioma,coronal,0.8513164,0.041564755,0.05756624,0.049552552,0.8513164,True,True,0.8789625,0.78414094,1332.0,1096.0
d:\Research\Multi-View Fusion Network\datasets\brisc2025\classification_task\test\glioma\brisc2025_test_00131_gl_co_t1.jpg,glioma,glioma,coronal,0.8187737,0.064539686,0.07129952,0.045387175,0.8187737,True,True,0.057513915,0.030534351,416.0,122.0
d:\Research\Multi-View Fusion Network\datasets\brisc2025\classification_task\test\glioma\brisc2025_test_00132_gl_co_t1.jpg,glioma,glioma,coronal,0.8454502,0.045869794,0.062269446,0.046410494,0.8454502,True,True,0.11294766,0.060311284,513.0,575.0
d:\Research\Multi-View Fusion Network\datasets\brisc2025\classification_task\test\glioma\brisc2025_test_00133_gl_co_t1.jpg,glioma,glioma,coronal,0.87428415,0.03477143,0.043231506,0.04771293,0.87428415,True,True,0.5166411,0.34851623,505.0,1447.0
d:\Research\Multi-View Fusion Network\datasets\brisc2025\classification_task\test\glioma\brisc2025_test_00134_gl_co_t1.jpg,glioma,glioma,coronal,0.88055813,0.045276247,0.040943645,0.033221997,0.88055813,True,True,0.94521147,0.8961363,2398.0,2164.0
d:\Research\Multi-View Fusion Network\datasets\brisc2025\classification_task\test\glioma\brisc2025_test_00135_gl_co_t1.jpg,glioma,glioma,coronal,0.83214784,0.04644496,0.06388698,0.05752014,0.83214784,True,True,0.27818546,0.16189002,425.0,1073.0
d:\Research\Multi-View Fusion Network\datasets\brisc2025\classification_task\test\glioma\brisc2025_test_00136_gl_co_t1.jpg,glioma,glioma,coronal,0.8097062,0.08787965,0.043759238,0.058654923,0.8097062,True,True,0.8013544,0.66875786,690.0,638.0
d:\Research\Multi-View Fusion Network\datasets\brisc2025\classification_task\test\glioma\brisc2025_test_00137_gl_co_t1.jpg,glioma,glioma,coronal,0.42423832,0.24869761,0.18201773,0.14504634,0.42423832,True,True,0.5344203,0.36490938,526.0,1129.0
d:\Research\Multi-View Fusion Network\datasets\brisc2025\classification_task\test\glioma\brisc2025_test_00138_gl_co_t1.jpg,glioma,glioma,coronal,0.874117,0.036468774,0.04420506,0.04520918,0.874117,True,True,0.78992945,0.6528882,1326.0,1791.0
d:\Research\Multi-View Fusion Network\datasets\brisc2025\classification_task\test\glioma\brisc2025_test_00139_gl_co_t1.jpg,glioma,glioma,coronal,0.86026543,0.036207713,0.055183224,0.04834364,0.86026543,True,True,0.67941177,0.5148368,365.0,654.0
d:\Research\Multi-View Fusion Network\datasets\brisc2025\classification_task\test\glioma\brisc2025_test_00140_gl_co_t1.jpg,glioma,glioma,coronal,0.8042549,0.055592112,0.07106868,0.06908423,0.8042549,True,True,0.006849315,0.006849315,145.0,0.0
d:\Research\Multi-View Fusion Network\datasets\brisc2025\classification_task\test\glioma\brisc2025_test_00141_gl_co_t1.jpg,glioma,glioma,coronal,0.8387263,0.048581928,0.058916587,0.053775292,0.8387263,True,True,0.0016233766,0.0016233766,615.0,0.0
d:\Research\Multi-View Fusion Network\datasets\brisc2025\classification_task\test\glioma\brisc2025_test_00142_gl_co_t1.jpg,glioma,glioma,coronal,0.47892758,0.38220742,0.08205496,0.056810062,0.47892758,True,True,0.6718266,0.5069767,108.0,214.0
d:\Research\Multi-View Fusion Network\datasets\brisc2025\classification_task\test\glioma\brisc2025_test_00143_gl_co_t1.jpg,glioma,meningioma,coronal,0.21335372,0.63660675,0.08346387,0.0665757,0.63660675,False,True,0.38764882,0.24077491,454.0,889.0
d:\Research\Multi-View Fusion Network\datasets\brisc2025\classification_task\test\glioma\brisc2025_test_00144_gl_co_t1.jpg,glioma,meningioma,coronal,0.2508395,0.5575997,0.10799013,0.08357064,0.5575997,False,True,0.17763975,0.098092645,71.0,733.0
d:\Research\Multi-View Fusion Network\datasets\brisc2025\classification_task\test\glioma\brisc2025_test_00145_gl_co_t1.jpg,glioma,glioma,coronal,0.68135077,0.21940045,0.05003632,0.049212497,0.68135077,True,True,0.7455113,0.59452736,581.0,699.0
d:\Research\Multi-View Fusion Network\datasets\brisc2025\classification_task\test\glioma\brisc2025_test_00146_gl_co_t1.jpg,glioma,meningioma,coronal,0.17939214,0.5569005,0.19627953,0.06742787,0.5569005,False,True,0.77474403,0.6333333,129.0,163.0
d:\Research\Multi-View Fusion Network\datasets\brisc2025\classification_task\test\glioma\brisc2025_test_00147_gl_co_t1.jpg,glioma,meningioma,coronal,0.3835517,0.5128594,0.06369233,0.039896585,0.5128594,False,True,0.9674242,0.93695015,659.0,660.0
d:\Research\Multi-View Fusion Network\datasets\brisc2025\classification_task\test\glioma\brisc2025_test_00148_gl_co_t1.jpg,glioma,glioma,coronal,0.5180023,0.36233088,0.07321767,0.04644917,0.5180023,True,True,0.9221077,0.85562634,402.0,470.0
d:\Research\Multi-View Fusion Network\datasets\brisc2025\classification_task\test\glioma\brisc2025_test_00149_gl_co_t1.jpg,glioma,meningioma,coronal,0.23710191,0.5578107,0.128855,0.07623231,0.5578107,False,True,0.82714283,0.7055961,290.0,409.0
d:\Research\Multi-View Fusion Network\datasets\brisc2025\classification_task\test\glioma\brisc2025_test_00150_gl_co_t1.jpg,glioma,meningioma,coronal,0.40778047,0.4137978,0.11323654,0.06518523,0.4137978,False,True,0.7009848,0.5399449,407.0,709.0
d:\Research\Multi-View Fusion Network\datasets\brisc2025\classification_task\test\glioma\brisc2025_test_00151_gl_co_t1.jpg,glioma,meningioma,coronal,0.30990914,0.47935253,0.13794167,0.0727967,0.47935253,False,True,0.001369863,0.001369863,644.0,85.0
d:\Research\Multi-View Fusion Network\datasets\brisc2025\classification_task\test\glioma\brisc2025_test_00152_gl_co_t1.jpg,glioma,glioma,coronal,0.6133744,0.25345507,0.067950554,0.0652199,0.6133744,True,True,0.9270692,0.8640961,1435.0,1512.0
d:\Research\Multi-View Fusion Network\datasets\brisc2025\classification_task\test\glioma\brisc2025_test_00153_gl_co_t1.jpg,glioma,glioma,coronal,0.76265466,0.108273126,0.07083409,0.058238097,0.76265466,True,True,0.9322884,0.87323946,834.0,760.0
d:\Research\Multi-View Fusion Network\datasets\brisc2025\classification_task\test\glioma\brisc2025_test_00154_gl_co_t1.jpg,glioma,meningioma,coronal,0.3803631,0.3816654,0.13799402,0.099977456,0.3816654,False,True,0.7314121,0.57674843,972.0,762.0
d:\Research\Multi-View Fusion Network\datasets\brisc2025\classification_task\test\glioma\brisc2025_test_00155_gl_co_t1.jpg,glioma,glioma,coronal,0.48685098,0.265927,0.1859872,0.06123482,0.48685098,True,True,0.7296113,0.5743851,3333.0,1914.0
d:\Research\Multi-View Fusion Network\datasets\brisc2025\classification_task\test\glioma\brisc2025_test_00156_gl_co_t1.jpg,glioma,glioma,coronal,0.48455197,0.307399,0.12971678,0.07833222,0.48455197,True,True,0.8041868,0.6725902,1440.0,1664.0
d:\Research\Multi-View Fusion Network\datasets\brisc2025\classification_task\test\glioma\brisc2025_test_00157_gl_co_t1.jpg,glioma,glioma,coronal,0.47735196,0.36770013,0.09159486,0.06335304,0.47735196,True,True,0.7821596,0.6423065,3006.0,2318.0
d:\Research\Multi-View Fusion Network\datasets\brisc2025\classification_task\test\glioma\brisc2025_test_00158_gl_co_t1.jpg,glioma,meningioma,coronal,0.2374507,0.61910385,0.09157334,0.051872082,0.61910385,False,True,0.63117105,0.46121594,2290.0,1193.0
d:\Research\Multi-View Fusion Network\datasets\brisc2025\classification_task\test\glioma\brisc2025_test_00159_gl_co_t1.jpg,glioma,glioma,coronal,0.41823512,0.40655673,0.11295187,0.062256236,0.41823512,True,True,0.81575435,0.68895566,947.0,1299.0
d:\Research\Multi-View Fusion Network\datasets\brisc2025\classification_task\test\glioma\brisc2025_test_00160_gl_co_t1.jpg,glioma,meningioma,coronal,0.105745405,0.4661152,0.35773212,0.070407234,0.4661152,False,True,0.7661748,0.62109137,1364.0,1278.0
d:\Research\Multi-View Fusion Network\datasets\brisc2025\classification_task\test\glioma\brisc2025_test_00161_gl_co_t1.jpg,glioma,pituitary,coronal,0.077016294,0.24090385,0.62592584,0.05615407,0.62592584,False,True,0.915305,0.8438755,1880.0,1791.0
d:\Research\Multi-View Fusion Network\datasets\brisc2025\classification_task\test\glioma\brisc2025_test_00162_gl_co_t1.jpg,glioma,meningioma,coronal,0.2397458,0.52589506,0.1482993,0.08605986,0.52589506,False,True,0.7192691,0.56179774,680.0,1125.0
d:\Research\Multi-View Fusion Network\datasets\brisc2025\classification_task\test\glioma\brisc2025_test_00163_gl_co_t1.jpg,glioma,glioma,coronal,0.64687514,0.19377717,0.09428972,0.06505795,0.64687514,True,True,0.47073412,0.3080415,543.0,1472.0
d:\Research\Multi-View Fusion Network\datasets\brisc2025\classification_task\test\glioma\brisc2025_test_00164_gl_co_t1.jpg,glioma,glioma,coronal,0.4680504,0.42825073,0.059564073,0.04413477,0.4680504,True,True,0.91117674,0.83687943,2202.0,2199.0
d:\Research\Multi-View Fusion Network\datasets\brisc2025\classification_task\test\glioma\brisc2025_test_00165_gl_co_t1.jpg,glioma,glioma,coronal,0.5368264,0.3572544,0.062874675,0.043044616,0.5368264,True,True,0.8875358,0.79785407,2266.0,1921.0
d:\Research\Multi-View Fusion Network\datasets\brisc2025\classification_task\test\glioma\brisc2025_test_00166_gl_co_t1.jpg,glioma,glioma,coronal,0.6075398,0.28129336,0.054932073,0.056234747,0.6075398,True,True,0.78417605,0.6451116,848.0,1287.0
d:\Research\Multi-View Fusion Network\datasets\brisc2025\classification_task\test\glioma\brisc2025_test_00167_gl_sa_t1.jpg,glioma,glioma,sagittal,0.68864465,0.15911664,0.10082019,0.051418543,0.68864465,True,True,0.92992127,0.8691176,629.0,640.0
d:\Research\Multi-View Fusion Network\datasets\brisc2025\classification_task\test\glioma\brisc2025_test_00168_gl_sa_t1.jpg,glioma,glioma,sagittal,0.85081923,0.057673246,0.048732024,0.042775493,0.85081923,True,True,0.4625629,0.30100077,2434.0,944.0
d:\Research\Multi-View Fusion Network\datasets\brisc2025\classification_task\test\glioma\brisc2025_test_00169_gl_sa_t1.jpg,glioma,glioma,sagittal,0.7912476,0.108557805,0.047750704,0.052443888,0.7912476,True,True,0.8313676,0.71146417,2318.0,1666.0
d:\Research\Multi-View Fusion Network\datasets\brisc2025\classification_task\test\glioma\brisc2025_test_00170_gl_sa_t1.jpg,glioma,glioma,sagittal,0.633432,0.23597501,0.05438424,0.07620879,0.633432,True,True,0.6050143,0.43379572,1510.0,3036.0
d:\Research\Multi-View Fusion Network\datasets\brisc2025\classification_task\test\glioma\brisc2025_test_00171_gl_sa_t1.jpg,glioma,glioma,sagittal,0.6553186,0.06995253,0.18989553,0.08483329,0.6553186,True,True,0.83350533,0.7146226,1396.0,1510.0
d:\Research\Multi-View Fusion Network\datasets\brisc2025\classification_task\test\glioma\brisc2025_test_00172_gl_sa_t1.jpg,glioma,glioma,sagittal,0.7773899,0.050331805,0.11406317,0.05821512,0.7773899,True,True,0.7394487,0.58674866,1323.0,998.0
d:\Research\Multi-View Fusion Network\datasets\brisc2025\classification_task\test\glioma\brisc2025_test_00173_gl_sa_t1.jpg,glioma,glioma,sagittal,0.884588,0.040139005,0.038904056,0.036368962,0.884588,True,True,0.61214954,0.44295302,144.0,69.0
d:\Research\Multi-View Fusion Network\datasets\brisc2025\classification_task\test\glioma\brisc2025_test_00174_gl_sa_t1.jpg,glioma,glioma,sagittal,0.61541873,0.091966465,0.22046466,0.07215007,0.61541873,True,True,0.8769531,0.78125,224.0,287.0
d:\Research\Multi-View Fusion Network\datasets\brisc2025\classification_task\test\glioma\brisc2025_test_00175_gl_sa_t1.jpg,glioma,meningioma,sagittal,0.25664666,0.45970553,0.1121617,0.1714861,0.45970553,False,True,0.84778595,0.736,514.0,569.0
d:\Research\Multi-View Fusion Network\datasets\brisc2025\classification_task\test\glioma\brisc2025_test_00176_gl_sa_t1.jpg,glioma,glioma,sagittal,0.75746197,0.08560961,0.106231205,0.050697252,0.75746197,True,True,0.41627908,0.2639296,276.0,153.0
d:\Research\Multi-View Fusion Network\datasets\brisc2025\classification_task\test\glioma\brisc2025_test_00177_gl_sa_t1.jpg,glioma,glioma,sagittal,0.78040576,0.04830753,0.11057703,0.06070967,0.78040576,True,True,0.7764669,0.6347032,1347.0,1873.0
d:\Research\Multi-View Fusion Network\datasets\brisc2025\classification_task\test\glioma\brisc2025_test_00178_gl_sa_t1.jpg,glioma,glioma,sagittal,0.8244489,0.050984006,0.086642064,0.037925113,0.8244489,True,True,0.7089591,0.5493184,946.0,984.0
d:\Research\Multi-View Fusion Network\datasets\brisc2025\classification_task\test\glioma\brisc2025_test_00179_gl_sa_t1.jpg,glioma,glioma,sagittal,0.8170275,0.06677163,0.040796753,0.075404,0.8170275,True,True,0.33534947,0.20177563,249.0,1238.0
d:\Research\Multi-View Fusion Network\datasets\brisc2025\classification_task\test\glioma\brisc2025_test_00180_gl_sa_t1.jpg,glioma,glioma,sagittal,0.86932796,0.05936106,0.034506854,0.03680417,0.86932796,True,True,0.29532352,0.17355372,236.0,1324.0
d:\Research\Multi-View Fusion Network\datasets\brisc2025\classification_task\test\glioma\brisc2025_test_00181_gl_sa_t1.jpg,glioma,glioma,sagittal,0.7975087,0.06655937,0.08048218,0.055449747,0.7975087,True,True,0.91463417,0.84294873,262.0,311.0
d:\Research\Multi-View Fusion Network\datasets\brisc2025\classification_task\test\glioma\brisc2025_test_00182_gl_sa_t1.jpg,glioma,glioma,sagittal,0.87961197,0.046526767,0.03581293,0.038048282,0.87961197,True,True,0.5601266,0.38945827,439.0,508.0
d:\Research\Multi-View Fusion Network\datasets\brisc2025\classification_task\test\glioma\brisc2025_test_00183_gl_sa_t1.jpg,glioma,glioma,sagittal,0.8250912,0.05157479,0.07358945,0.049744517,0.8250912,True,True,0.4440628,0.2856242,1084.0,953.0
d:\Research\Multi-View Fusion Network\datasets\brisc2025\classification_task\test\glioma\brisc2025_test_00184_gl_sa_t1.jpg,glioma,glioma,sagittal,0.78935534,0.10089574,0.056294203,0.05345466,0.78935534,True,True,0.94357777,0.8932087,2008.0,1837.0
d:\Research\Multi-View Fusion Network\datasets\brisc2025\classification_task\test\glioma\brisc2025_test_00185_gl_sa_t1.jpg,glioma,glioma,sagittal,0.5377388,0.3599646,0.054987147,0.04730939,0.5377388,True,True,0.9062392,0.82860744,1359.0,1541.0
d:\Research\Multi-View Fusion Network\datasets\brisc2025\classification_task\test\glioma\brisc2025_test_00186_gl_sa_t1.jpg,glioma,glioma,sagittal,0.7992984,0.05010913,0.0752227,0.07536977,0.7992984,True,True,0.5023613,0.3356974,1044.0,649.0
d:\Research\Multi-View Fusion Network\datasets\brisc2025\classification_task\test\glioma\brisc2025_test_00187_gl_sa_t1.jpg,glioma,glioma,sagittal,0.8750521,0.037483197,0.04144962,0.04601516,0.8750521,True,True,0.6933116,0.53078204,1131.0,707.0
d:\Research\Multi-View Fusion Network\datasets\brisc2025\classification_task\test\glioma\brisc2025_test_00188_gl_sa_t1.jpg,glioma,glioma,sagittal,0.8813348,0.04677751,0.040344425,0.031543244,0.8813348,True,True,0.25115207,0.14473684,379.0,54.0
d:\Research\Multi-View Fusion Network\datasets\brisc2025\classification_task\test\glioma\brisc2025_test_00189_gl_sa_t1.jpg,glioma,glioma,sagittal,0.802166,0.073960155,0.06880393,0.05506997,0.802166,True,True,0.94004,0.8868873,2320.0,2182.0
d:\Research\Multi-View Fusion Network\datasets\brisc2025\classification_task\test\glioma\brisc2025_test_00190_gl_sa_t1.jpg,glioma,glioma,sagittal,0.7239719,0.121253975,0.101138495,0.053635627,0.7239719,True,True,0.9521866,0.9087537,2575.0,2569.0
d:\Research\Multi-View Fusion Network\datasets\brisc2025\classification_task\test\glioma\brisc2025_test_00191_gl_sa_t1.jpg,glioma,glioma,sagittal,0.71795917,0.06816427,0.12648004,0.08739653,0.71795917,True,True,0.13930885,0.07540603,64.0,861.0
d:\Research\Multi-View Fusion Network\datasets\brisc2025\classification_task\test\glioma\brisc2025_test_00192_gl_sa_t1.jpg,glioma,glioma,sagittal,0.7931019,0.054288425,0.09003248,0.062577195,0.7931019,True,True,0.65025467,0.48189133,1364.0,1580.0
d:\Research\Multi-View Fusion Network\datasets\brisc2025\classification_task\test\glioma\brisc2025_test_00193_gl_sa_t1.jpg,glioma,glioma,sagittal,0.8272443,0.052729256,0.060042534,0.059983924,0.8272443,True,True,0.23467337,0.13301708,4901.0,1068.0
d:\Research\Multi-View Fusion Network\datasets\brisc2025\classification_task\test\glioma\brisc2025_test_00194_gl_sa_t1.jpg,glioma,glioma,sagittal,0.82112443,0.06759975,0.06694282,0.044333003,0.82112443,True,True,0.7579425,0.6107056,252.0,408.0
d:\Research\Multi-View Fusion Network\datasets\brisc2025\classification_task\test\glioma\brisc2025_test_00195_gl_sa_t1.jpg,glioma,glioma,sagittal,0.72293043,0.09473528,0.124253854,0.05808042,0.72293043,True,True,0.0014705883,0.0014705883,284.0,395.0
d:\Research\Multi-View Fusion Network\datasets\brisc2025\classification_task\test\glioma\brisc2025_test_00196_gl_sa_t1.jpg,glioma,glioma,sagittal,0.7117603,0.17540921,0.05740682,0.055423673,0.7117603,True,True,0.9428853,0.89199257,975.0,1055.0
d:\Research\Multi-View Fusion Network\datasets\brisc2025\classification_task\test\glioma\brisc2025_test_00197_gl_sa_t1.jpg,glioma,glioma,sagittal,0.7831674,0.061702896,0.10650898,0.048620712,0.7831674,True,True,0.84402764,0.7303754,427.0,585.0
d:\Research\Multi-View Fusion Network\datasets\brisc2025\classification_task\test\glioma\brisc2025_test_00198_gl_sa_t1.jpg,glioma,glioma,sagittal,0.87920153,0.03919945,0.037697736,0.0439013,0.87920153,True,True,0.9373868,0.8821811,1955.0,1909.0
d:\Research\Multi-View Fusion Network\datasets\brisc2025\classification_task\test\glioma\brisc2025_test_00199_gl_sa_t1.jpg,glioma,glioma,sagittal,0.8717122,0.052146293,0.03708575,0.039055772,0.8717122,True,True,0.9230569,0.85714287,1969.0,1877.0
d:\Research\Multi-View Fusion Network\datasets\brisc2025\classification_task\test\glioma\brisc2025_test_00200_gl_sa_t1.jpg,glioma,glioma,sagittal,0.82353944,0.094913594,0.043179646,0.038367286,0.82353944,True,True,0.79573804,0.6609146,765.0,1158.0
d:\Research\Multi-View Fusion Network\datasets\brisc2025\classification_task\test\glioma\brisc2025_test_00201_gl_sa_t1.jpg,glioma,glioma,sagittal,0.7605557,0.080475725,0.09056969,0.06839898,0.7605557,True,True,0.9358251,0.87947017,699.0,718.0
d:\Research\Multi-View Fusion Network\datasets\brisc2025\classification_task\test\glioma\brisc2025_test_00202_gl_sa_t1.jpg,glioma,glioma,sagittal,0.8019874,0.049983967,0.08594388,0.06208468,0.8019874,True,True,0.8029126,0.6709887,417.0,612.0
d:\Research\Multi-View Fusion Network\datasets\brisc2025\classification_task\test\glioma\brisc2025_test_00203_gl_sa_t1.jpg,glioma,glioma,sagittal,0.8392853,0.046615157,0.06047195,0.053627525,0.8392853,True,True,0.8981265,0.8151558,1264.0,1297.0
d:\Research\Multi-View Fusion Network\datasets\brisc2025\classification_task\test\glioma\brisc2025_test_00204_gl_sa_t1.jpg,glioma,glioma,sagittal,0.8148474,0.05687703,0.062650464,0.06562508,0.8148474,True,True,0.73966944,0.58733624,402.0,323.0
d:\Research\Multi-View Fusion Network\datasets\brisc2025\classification_task\test\glioma\brisc2025_test_00205_gl_sa_t1.jpg,glioma,glioma,sagittal,0.8392473,0.07308239,0.045311466,0.042358845,0.8392473,True,True,0.9052478,0.8269743,1003.0,1054.0
d:\Research\Multi-View Fusion Network\datasets\brisc2025\classification_task\test\glioma\brisc2025_test_00206_gl_sa_t1.jpg,glioma,glioma,sagittal,0.67127764,0.086433746,0.15781586,0.08447275,0.67127764,True,True,0.88065714,0.7868217,1568.0,1657.0
d:\Research\Multi-View Fusion Network\datasets\brisc2025\classification_task\test\glioma\brisc2025_test_00207_gl_sa_t1.jpg,glioma,glioma,sagittal,0.6251259,0.22580527,0.08656558,0.062503256,0.6251259,True,True,0.0026041667,0.0026041667,383.0,0.0
d:\Research\Multi-View Fusion Network\datasets\brisc2025\classification_task\test\glioma\brisc2025_test_00208_gl_sa_t1.jpg,glioma,glioma,sagittal,0.726679,0.10743261,0.10362006,0.062268365,0.726679,True,True,0.83104175,0.7109905,1782.0,1999.0
d:\Research\Multi-View Fusion Network\datasets\brisc2025\classification_task\test\glioma\brisc2025_test_00209_gl_sa_t1.jpg,glioma,glioma,sagittal,0.8607254,0.049107216,0.048915762,0.04125159,0.8607254,True,True,0.8562732,0.74872744,1621.0,2156.0
d:\Research\Multi-View Fusion Network\datasets\brisc2025\classification_task\test\glioma\brisc2025_test_00210_gl_sa_t1.jpg,glioma,glioma,sagittal,0.4963664,0.08008557,0.27753705,0.14601095,0.4963664,True,True,0.42234796,0.26783794,2218.0,1316.0
d:\Research\Multi-View Fusion Network\datasets\brisc2025\classification_task\test\glioma\brisc2025_test_00211_gl_sa_t1.jpg,glioma,glioma,sagittal,0.8004463,0.059243366,0.066219956,0.07409044,0.8004463,True,True,0.35688186,0.2173913,1746.0,716.0
d:\Research\Multi-View Fusion Network\datasets\brisc2025\classification_task\test\glioma\brisc2025_test_00212_gl_sa_t1.jpg,glioma,glioma,sagittal,0.8404744,0.0533116,0.056473486,0.049740426,0.8404744,True,True,0.8559322,0.74876845,161.0,192.0
d:\Research\Multi-View Fusion Network\datasets\brisc2025\classification_task\test\glioma\brisc2025_test_00213_gl_sa_t1.jpg,glioma,glioma,sagittal,0.86613065,0.051761832,0.04554602,0.036561534,0.86613065,True,True,0.8261905,0.70445347,205.0,214.0
d:\Research\Multi-View Fusion Network\datasets\brisc2025\classification_task\test\glioma\brisc2025_test_00214_gl_sa_t1.jpg,glioma,glioma,sagittal,0.83284336,0.036414344,0.07029338,0.06044892,0.83284336,True,True,0.80899566,0.6794209,656.0,966.0
d:\Research\Multi-View Fusion Network\datasets\brisc2025\classification_task\test\glioma\brisc2025_test_00215_gl_sa_t1.jpg,glioma,glioma,sagittal,0.79738164,0.0545281,0.084619895,0.063470274,0.79738164,True,True,0.890094,0.8020833,629.0,753.0
d:\Research\Multi-View Fusion Network\datasets\brisc2025\classification_task\test\glioma\brisc2025_test_00216_gl_sa_t1.jpg,glioma,glioma,sagittal,0.7683897,0.042015858,0.123944536,0.065649904,0.7683897,True,True,0.8070959,0.6766443,1752.0,2503.0
d:\Research\Multi-View Fusion Network\datasets\brisc2025\classification_task\test\glioma\brisc2025_test_00217_gl_sa_t1.jpg,glioma,glioma,sagittal,0.8466156,0.050645,0.053049594,0.049689695,0.8466156,True,True,0.44154277,0.28350514,818.0,1670.0
d:\Research\Multi-View Fusion Network\datasets\brisc2025\classification_task\test\glioma\brisc2025_test_00218_gl_sa_t1.jpg,glioma,glioma,sagittal,0.7093331,0.06107953,0.15761808,0.07196928,0.7093331,True,True,0.667587,0.50124276,1196.0,614.0
d:\Research\Multi-View Fusion Network\datasets\brisc2025\classification_task\test\glioma\brisc2025_test_00219_gl_sa_t1.jpg,glioma,pituitary,sagittal,0.28867972,0.07999728,0.5363702,0.094952755,0.5363702,False,True,0.8035168,0.6717752,525.0,782.0
d:\Research\Multi-View Fusion Network\datasets\brisc2025\classification_task\test\glioma\brisc2025_test_00220_gl_sa_t1.jpg,glioma,glioma,sagittal,0.8478439,0.06474334,0.04217046,0.0452423,0.8478439,True,True,0.5188378,0.35043103,1528.0,1603.0
d:\Research\Multi-View Fusion Network\datasets\brisc2025\classification_task\test\glioma\brisc2025_test_00221_gl_sa_t1.jpg,glioma,glioma,sagittal,0.8645486,0.051566467,0.043211807,0.0406731,0.8645486,True,True,0.95582527,0.9154275,994.0,1065.0
d:\Research\Multi-View Fusion Network\datasets\brisc2025\classification_task\test\glioma\brisc2025_test_00222_gl_sa_t1.jpg,glioma,glioma,sagittal,0.7519836,0.052952442,0.08683617,0.10822777,0.7519836,True,True,0.7871812,0.6490989,3167.0,2870.0
d:\Research\Multi-View Fusion Network\datasets\brisc2025\classification_task\test\glioma\brisc2025_test_00223_gl_sa_t1.jpg,glioma,glioma,sagittal,0.6938844,0.0634167,0.13824452,0.1044544,0.6938844,True,True,0.3871129,0.24024768,410.0,1591.0
d:\Research\Multi-View Fusion Network\datasets\brisc2025\classification_task\test\glioma\brisc2025_test_00224_gl_sa_t1.jpg,glioma,glioma,sagittal,0.8562904,0.054421004,0.04632202,0.04296656,0.8562904,True,True,0.013513514,0.013513514,73.0,0.0
d:\Research\Multi-View Fusion Network\datasets\brisc2025\classification_task\test\glioma\brisc2025_test_00225_gl_sa_t1.jpg,glioma,glioma,sagittal,0.45905852,0.38637733,0.08242532,0.07213879,0.45905852,True,True,0.7371541,0.584375,189.0,316.0
d:\Research\Multi-View Fusion Network\datasets\brisc2025\classification_task\test\glioma\brisc2025_test_00226_gl_sa_t1.jpg,glioma,glioma,sagittal,0.44251192,0.44251192,0.06697261,0.0480036,0.44251192,True,True,0.9302926,0.86977494,573.0,588.0
d:\Research\Multi-View Fusion Network\datasets\brisc2025\classification_task\test\glioma\brisc2025_test_00227_gl_sa_t1.jpg,glioma,glioma,sagittal,0.51299775,0.3484702,0.075472444,0.063059576,0.51299775,True,True,0.76988155,0.62637365,227.0,363.0
d:\Research\Multi-View Fusion Network\datasets\brisc2025\classification_task\test\glioma\brisc2025_test_00228_gl_sa_t1.jpg,glioma,glioma,sagittal,0.5029752,0.3409954,0.09110793,0.06492142,0.5029752,True,True,0.7718978,0.6290801,261.0,286.0
d:\Research\Multi-View Fusion Network\datasets\brisc2025\classification_task\test\glioma\brisc2025_test_00229_gl_sa_t1.jpg,glioma,pituitary,sagittal,0.081276335,0.23866585,0.5238137,0.15624407,0.5238137,False,True,0.72845334,0.57328385,308.0,538.0
d:\Research\Multi-View Fusion Network\datasets\brisc2025\classification_task\test\glioma\brisc2025_test_00230_gl_sa_t1.jpg,glioma,glioma,sagittal,0.59449667,0.25515977,0.080850184,0.06949332,0.59449667,True,True,0.88091606,0.78727275,953.0,1011.0
d:\Research\Multi-View Fusion Network\datasets\brisc2025\classification_task\test\glioma\brisc2025_test_00231_gl_sa_t1.jpg,glioma,meningioma,sagittal,0.2243327,0.55353695,0.13518721,0.08694313,0.55353695,False,True,0.9234946,0.8579285,944.0,1081.0
d:\Research\Multi-View Fusion Network\datasets\brisc2025\classification_task\test\glioma\brisc2025_test_00232_gl_sa_t1.jpg,glioma,glioma,sagittal,0.54241735,0.3698965,0.051699586,0.035986546,0.54241735,True,True,0.8231982,0.6998088,372.0,515.0
d:\Research\Multi-View Fusion Network\datasets\brisc2025\classification_task\test\glioma\brisc2025_test_00233_gl_sa_t1.jpg,glioma,meningioma,sagittal,0.39157054,0.45356488,0.080058955,0.074805565,0.45356488,False,True,0.92839706,0.8664643,585.0,643.0
d:\Research\Multi-View Fusion Network\datasets\brisc2025\classification_task\test\glioma\brisc2025_test_00234_gl_sa_t1.jpg,glioma,meningioma,sagittal,0.25506282,0.59798205,0.09045829,0.056496896,0.59798205,False,True,0.8979417,0.81493,530.0,635.0
d:\Research\Multi-View Fusion Network\datasets\brisc2025\classification_task\test\glioma\brisc2025_test_00235_gl_sa_t1.jpg,glioma,pituitary,sagittal,0.118485704,0.32818952,0.45821175,0.09511301,0.45821175,False,True,0.0011961722,0.0011961722,437.0,398.0
d:\Research\Multi-View Fusion Network\datasets\brisc2025\classification_task\test\glioma\brisc2025_test_00236_gl_sa_t1.jpg,glioma,glioma,sagittal,0.47328043,0.33536038,0.12042604,0.07093322,0.47328043,True,True,0.91158223,0.83760685,971.0,962.0
d:\Research\Multi-View Fusion Network\datasets\brisc2025\classification_task\test\glioma\brisc2025_test_00237_gl_sa_t1.jpg,glioma,pituitary,sagittal,0.14054966,0.25593567,0.53799325,0.06552143,0.53799325,False,True,0.8230501,0.69960475,377.0,481.0
d:\Research\Multi-View Fusion Network\datasets\brisc2025\classification_task\test\glioma\brisc2025_test_00238_gl_sa_t1.jpg,glioma,glioma,sagittal,0.55655646,0.3289447,0.06129596,0.05320287,0.55655646,True,True,0.6125493,0.44156164,3988.0,1844.0
d:\Research\Multi-View Fusion Network\datasets\brisc2025\classification_task\test\glioma\brisc2025_test_00239_gl_sa_t1.jpg,glioma,meningioma,sagittal,0.3805501,0.45768818,0.09588982,0.06587188,0.45768818,False,True,0.6362734,0.4666343,4120.0,1922.0
d:\Research\Multi-View Fusion Network\datasets\brisc2025\classification_task\test\glioma\brisc2025_test_00240_gl_sa_t1.jpg,glioma,meningioma,sagittal,0.12613204,0.48802012,0.28179005,0.1040578,0.48802012,False,True,0.9126437,0.8394366,629.0,675.0
d:\Research\Multi-View Fusion Network\datasets\brisc2025\classification_task\test\glioma\brisc2025_test_00241_gl_sa_t1.jpg,glioma,pituitary,sagittal,0.04086045,0.13358434,0.75828636,0.067268886,0.75828636,False,True,0.6113192,0.44038346,906.0,1496.0
d:\Research\Multi-View Fusion Network\datasets\brisc2025\classification_task\test\glioma\brisc2025_test_00242_gl_sa_t1.jpg,glioma,pituitary,sagittal,0.07032128,0.11814035,0.7417643,0.06977404,0.7417643,False,True,0.77398527,0.6315789,431.0,652.0
d:\Research\Multi-View Fusion Network\datasets\brisc2025\classification_task\test\glioma\brisc2025_test_00243_gl_sa_t1.jpg,glioma,meningioma,sagittal,0.24754316,0.4699838,0.20362344,0.07884958,0.4699838,False,True,0.8589575,0.75287795,1208.0,1074.0
d:\Research\Multi-View Fusion Network\datasets\brisc2025\classification_task\test\glioma\brisc2025_test_00244_gl_sa_t1.jpg,glioma,meningioma,sagittal,0.19325781,0.5368687,0.21334317,0.056530308,0.5368687,False,True,0.94194996,0.890303,1588.0,1529.0
d:\Research\Multi-View Fusion Network\datasets\brisc2025\classification_task\test\glioma\brisc2025_test_00245_gl_sa_t1.jpg,glioma,meningioma,sagittal,0.22803462,0.56662166,0.14114663,0.06419706,0.56662166,False,True,0.89493597,0.8098999,1881.0,1554.0
d:\Research\Multi-View Fusion Network\datasets\brisc2025\classification_task\test\glioma\brisc2025_test_00246_gl_sa_t1.jpg,glioma,meningioma,sagittal,0.16770849,0.5012354,0.24646921,0.08458687,0.5012354,False,True,0.9618776,0.92657346,1886.0,1969.0
d:\Research\Multi-View Fusion Network\datasets\brisc2025\classification_task\test\glioma\brisc2025_test_00247_gl_sa_t1.jpg,glioma,glioma,sagittal,0.6213159,0.23611295,0.079961605,0.062609546,0.6213159,True,True,0.95915204,0.92154914,958.0,975.0
d:\Research\Multi-View Fusion Network\datasets\brisc2025\classification_task\test\glioma\brisc2025_test_00248_gl_sa_t1.jpg,glioma,meningioma,sagittal,0.20455657,0.5653506,0.16384499,0.06624786,0.5653506,False,True,0.9293821,0.8682353,383.0,409.0
d:\Research\Multi-View Fusion Network\datasets\brisc2025\classification_task\test\glioma\brisc2025_test_00249_gl_sa_t1.jpg,glioma,pituitary,sagittal,0.06418522,0.15841457,0.70607555,0.07132463,0.70607555,False,True,0.8384434,0.72210956,363.0,484.0
d:\Research\Multi-View Fusion Network\datasets\brisc2025\classification_task\test\glioma\brisc2025_test_00250_gl_sa_t1.jpg,glioma,glioma,sagittal,0.43952948,0.33964205,0.11216624,0.10866219,0.43952948,True,True,0.91285956,0.83981335,552.0,629.0
d:\Research\Multi-View Fusion Network\datasets\brisc2025\classification_task\test\glioma\brisc2025_test_00251_gl_sa_t1.jpg,glioma,glioma,sagittal,0.55888,0.31921864,0.064191595,0.0577098,0.55888,True,True,0.78823906,0.65058327,1867.0,1244.0
d:\Research\Multi-View Fusion Network\datasets\brisc2025\classification_task\test\glioma\brisc2025_test_00252_gl_sa_t1.jpg,glioma,glioma,sagittal,0.5074636,0.3463982,0.08861558,0.057522647,0.5074636,True,True,0.86100835,0.75598085,2900.0,2236.0
d:\Research\Multi-View Fusion Network\datasets\brisc2025\classification_task\test\glioma\brisc2025_test_00253_gl_sa_t1.jpg,glioma,glioma,sagittal,0.74912363,0.16431223,0.04592051,0.040643606,0.74912363,True,True,0.44244605,0.2843008,840.0,1105.0
d:\Research\Multi-View Fusion Network\datasets\brisc2025\classification_task\test\glioma\brisc2025_test_00254_gl_sa_t1.jpg,glioma,glioma,sagittal,0.60038507,0.24110696,0.091310926,0.067197084,0.60038507,True,True,0.7573986,0.6096414,1657.0,1079.0
d:\Research\Multi-View Fusion Network\datasets\brisc2025\classification_task\test\meningioma\brisc2025_test_00255_me_ax_t1.jpg,meningioma,glioma,axial,0.37050533,0.21079853,0.19759227,0.22110385,0.37050533,False,True,0.9530707,0.91036516,2579.0,2598.0
d:\Research\Multi-View Fusion Network\datasets\brisc2025\classification_task\test\meningioma\brisc2025_test_00256_me_ax_t1.jpg,meningioma,glioma,axial,0.39811063,0.27340433,0.13270082,0.19578421,0.39811063,False,True,0.94745076,0.90017825,1605.0,1591.0
d:\Research\Multi-View Fusion Network\datasets\brisc2025\classification_task\test\meningioma\brisc2025_test_00257_me_ax_t1.jpg,meningioma,no_tumor,axial,0.033324424,0.16105244,0.14214128,0.66348183,0.66348183,False,True,0.9711861,0.9439969,2525.0,2541.0
d:\Research\Multi-View Fusion Network\datasets\brisc2025\classification_task\test\meningioma\brisc2025_test_00258_me_ax_t1.jpg,meningioma,no_tumor,axial,0.063028365,0.1828579,0.13229576,0.62181795,0.62181795,False,True,0.8996937,0.81771797,1942.0,1975.0
d:\Research\Multi-View Fusion Network\datasets\brisc2025\classification_task\test\meningioma\brisc2025_test_00259_me_ax_t1.jpg,meningioma,no_tumor,axial,0.07836368,0.18006733,0.08061469,0.66095436,0.66095436,False,True,0.935219,0.87833536,4062.0,3609.0
d:\Research\Multi-View Fusion Network\datasets\brisc2025\classification_task\test\meningioma\brisc2025_test_00260_me_ax_t1.jpg,meningioma,glioma,axial,0.34694728,0.2295422,0.18171588,0.24179466,0.34694728,False,True,0.83224016,0.712743,1905.0,2058.0
d:\Research\Multi-View Fusion Network\datasets\brisc2025\classification_task\test\meningioma\brisc2025_test_00261_me_ax_t1.jpg,meningioma,no_tumor,axial,0.08353914,0.22039205,0.13840692,0.55766183,0.55766183,False,True,0.8624713,0.7582381,2319.0,2908.0
d:\Research\Multi-View Fusion Network\datasets\brisc2025\classification_task\test\meningioma\brisc2025_test_00262_me_ax_t1.jpg,meningioma,no_tumor,axial,0.08290568,0.2461848,0.291283,0.3796265,0.3796265,False,True,0.95532554,0.9144943,1800.0,1870.0
d:\Research\Multi-View Fusion Network\datasets\brisc2025\classification_task\test\meningioma\brisc2025_test_00263_me_ax_t1.jpg,meningioma,no_tumor,axial,0.3042769,0.11353354,0.14205573,0.4401338,0.4401338,False,True,0.81091285,0.6820542,1203.0,1710.0
d:\Research\Multi-View Fusion Network\datasets\brisc2025\classification_task\test\meningioma\brisc2025_test_00264_me_ax_t1.jpg,meningioma,no_tumor,axial,0.04241596,0.1826789,0.2904272,0.48447785,0.48447785,False,True,0.9449088,0.8955833,4129.0,3766.0
d:\Research\Multi-View Fusion Network\datasets\brisc2025\classification_task\test\meningioma\brisc2025_test_00265_me_ax_t1.jpg,meningioma,pituitary,axial,0.30275348,0.18742254,0.33884025,0.17098379,0.33884025,False,True,0.9712902,0.9441925,2850.0,2722.0
d:\Research\Multi-View Fusion Network\datasets\brisc2025\classification_task\test\meningioma\brisc2025_test_00266_me_ax_t1.jpg,meningioma,no_tumor,axial,0.09049024,0.2581606,0.19180183,0.45954737,0.45954737,False,True,0.9780296,0.95701355,2198.0,2125.0
d:\Research\Multi-View Fusion Network\datasets\brisc2025\classification_task\test\meningioma\brisc2025_test_00267_me_ax_t1.jpg,meningioma,no_tumor,axial,0.03369111,0.15797883,0.13623615,0.67209387,0.67209387,False,True,0.9732652,0.9479326,2566.0,2520.0
d:\Research\Multi-View Fusion Network\datasets\brisc2025\classification_task\test\meningioma\brisc2025_test_00268_me_ax_t1.jpg,meningioma,pituitary,axial,0.28264835,0.1653006,0.33587867,0.21617238,0.33587867,False,True,0.8018669,0.6692913,5847.0,4115.0
d:\Research\Multi-View Fusion Network\datasets\brisc2025\classification_task\test\meningioma\brisc2025_test_00269_me_ax_t1.jpg,meningioma,pituitary,axial,0.118208535,0.287436,0.39120343,0.20315196,0.39120343,False,True,0.9569649,0.9174989,2278.0,2136.0
d:\Research\Multi-View Fusion Network\datasets\brisc2025\classification_task\test\meningioma\brisc2025_test_00270_me_ax_t1.jpg,meningioma,no_tumor,axial,0.038833156,0.12779616,0.2786559,0.5547148,0.5547148,False,True,0.8565203,0.7491208,1282.0,1700.0
d:\Research\Multi-View Fusion Network\datasets\brisc2025\classification_task\test\meningioma\brisc2025_test_00271_me_ax_t1.jpg,meningioma,no_tumor,axial,0.10698223,0.2367789,0.28528756,0.37095132,0.37095132,False,True,0.93463755,0.8773084,4660.0,4182.0
d:\Research\Multi-View Fusion Network\datasets\brisc2025\classification_task\test\meningioma\brisc2025_test_00272_me_ax_t1.jpg,meningioma,no_tumor,axial,0.060182527,0.16763619,0.2981151,0.47406614,0.47406614,False,True,0.9811541,0.96300864,5514.0,5628.0
d:\Research\Multi-View Fusion Network\datasets\brisc2025\classification_task\test\meningioma\brisc2025_test_00273_me_ax_t1.jpg,meningioma,pituitary,axial,0.0879673,0.26734433,0.44673485,0.19795343,0.44673485,False,True,0.97141266,0.9444244,2736.0,2650.0
d:\Research\Multi-View Fusion Network\datasets\brisc2025\classification_task\test\meningioma\brisc2025_test_00274_me_ax_t1.jpg,meningioma,no_tumor,axial,0.042650215,0.13295294,0.096654974,0.7277419,0.7277419,False,True,0.951688,0.90784603,2458.0,2695.0
d:\Research\Multi-View Fusion Network\datasets\brisc2025\classification_task\test\meningioma\brisc2025_test_00275_me_ax_t1.jpg,meningioma,no_tumor,axial,0.08290568,0.2461848,0.291283,0.3796265,0.3796265,False,True,0.9660103,0.9342723,1836.0,1870.0
d:\Research\Multi-View Fusion Network\datasets\brisc2025\classification_task\test\meningioma\brisc2025_test_00276_me_ax_t1.jpg,meningioma,no_tumor,axial,0.13574298,0.25159702,0.14723973,0.46542037,0.46542037,False,True,0.30895916,0.18302181,240.0,1277.0
d:\Research\Multi-View Fusion Network\datasets\brisc2025\classification_task\test\meningioma\brisc2025_test_00277_me_ax_t1.jpg,meningioma,no_tumor,axial,0.09848543,0.24050258,0.09867797,0.56233406,0.56233406,False,True,0.90886956,0.83301467,1332.0,1542.0
d:\Research\Multi-View Fusion Network\datasets\brisc2025\classification_task\test\meningioma\brisc2025_test_00278_me_ax_t1.jpg,meningioma,no_tumor,axial,0.06254783,0.20720021,0.13157591,0.598676,0.598676,False,True,0.72755057,0.5718508,1761.0,2492.0
d:\Research\Multi-View Fusion Network\datasets\brisc2025\classification_task\test\meningioma\brisc2025_test_00279_me_ax_t1.jpg,meningioma,no_tumor,axial,0.05238329,0.17092158,0.12658472,0.6501105,0.6501105,False,True,0.9197733,0.85148054,3734.0,4205.0
d:\Research\Multi-View Fusion Network\datasets\brisc2025\classification_task\test\meningioma\brisc2025_test_00280_me_ax_t1.jpg,meningioma,no_tumor,axial,0.08939124,0.10216279,0.0632642,0.74518174,0.74518174,False,True,0.83617574,0.71848786,7754.0,8018.0
d:\Research\Multi-View Fusion Network\datasets\brisc2025\classification_task\test\meningioma\brisc2025_test_00281_me_ax_t1.jpg,meningioma,no_tumor,axial,0.2350635,0.09148647,0.08984848,0.58360153,0.58360153,False,True,0.5795632,0.4081259,1212.0,2633.0
d:\Research\Multi-View Fusion Network\datasets\brisc2025\classification_task\test\meningioma\brisc2025_test_00282_me_ax_t1.jpg,meningioma,glioma,axial,0.30227202,0.25319248,0.17504844,0.26948705,0.30227202,False,True,0.83462733,0.7162522,1775.0,2088.0
d:\Research\Multi-View Fusion Network\datasets\brisc2025\classification_task\test\meningioma\brisc2025_test_00283_me_ax_t1.jpg,meningioma,no_tumor,axial,0.15181643,0.17110904,0.14237481,0.5346997,0.5346997,False,True,0.97471774,0.9506941,2036.0,2037.0
d:\Research\Multi-View Fusion Network\datasets\brisc2025\classification_task\test\meningioma\brisc2025_test_00284_me_ax_t1.jpg,meningioma,pituitary,axial,0.15519005,0.22473806,0.45679757,0.16327432,0.45679757,False,True,0.6979167,0.5362182,589.0,1042.0
d:\Research\Multi-View Fusion Network\datasets\brisc2025\classification_task\test\meningioma\brisc2025_test_00285_me_ax_t1.jpg,meningioma,no_tumor,axial,0.22619067,0.12071697,0.18488207,0.46821022,0.46821022,False,True,0.9191783,0.85046726,2867.0,3071.0
d:\Research\Multi-View Fusion Network\datasets\brisc2025\classification_task\test\meningioma\brisc2025_test_00286_me_ax_t1.jpg,meningioma,no_tumor,axial,0.08239608,0.25779456,0.299266,0.36054334,0.36054334,False,True,0.93901515,0.88508207,1304.0,1335.0
d:\Research\Multi-View Fusion Network\datasets\brisc2025\classification_task\test\meningioma\brisc2025_test_00287_me_ax_t1.jpg,meningioma,no_tumor,axial,0.057827596,0.1553983,0.3215929,0.4651812,0.4651812,False,True,0.9520463,0.908489,5385.0,5854.0
d:\Research\Multi-View Fusion Network\datasets\brisc2025\classification_task\test\meningioma\brisc2025_test_00288_me_ax_t1.jpg,meningioma,no_tumor,axial,0.15929843,0.31257725,0.2047181,0.32340625,0.32340625,False,True,0.94119495,0.8889549,1520.0,1659.0
d:\Research\Multi-View Fusion Network\datasets\brisc2025\classification_task\test\meningioma\brisc2025_test_00289_me_ax_t1.jpg,meningioma,pituitary,axial,0.11901659,0.18914609,0.3913853,0.30045205,0.3913853,False,True,0.3381417,0.20367534,1698.0,658.0
d:\Research\Multi-View Fusion Network\datasets\brisc2025\classification_task\test\meningioma\brisc2025_test_00290_me_ax_t1.jpg,meningioma,meningioma,axial,0.14293185,0.35924292,0.20444071,0.29338452,0.35924292,True,True,0.9511752,0.9069057,4806.0,4553.0
d:\Research\Multi-View Fusion Network\datasets\brisc2025\classification_task\test\meningioma\brisc2025_test_00291_me_ax_t1.jpg,meningioma,pituitary,axial,0.1118872,0.26703084,0.36099997,0.260082,0.36099997,False,True,0.9768755,0.95480424,2733.0,2758.0
d:\Research\Multi-View Fusion Network\datasets\brisc2025\classification_task\test\meningioma\brisc2025_test_00292_me_ax_t1.jpg,meningioma,no_tumor,axial,0.068023965,0.23993263,0.122485764,0.56955767,0.56955767,False,True,0.96807235,0.9381284,3763.0,3753.0
d:\Research\Multi-View Fusion Network\datasets\brisc2025\classification_task\test\meningioma\brisc2025_test_00293_me_ax_t1.jpg,meningioma,no_tumor,axial,0.1435635,0.24154146,0.18282652,0.4320685,0.4320685,False,True,0.896637,0.812724,927.0,1094.0
d:\Research\Multi-View Fusion Network\datasets\brisc2025\classification_task\test\meningioma\brisc2025_test_00294_me_ax_t1.jpg,meningioma,no_tumor,axial,0.048443142,0.099983,0.23127866,0.6202952,0.6202952,False,True,0.83867085,0.7222222,1814.0,2338.0
d:\Research\Multi-View Fusion Network\datasets\brisc2025\classification_task\test\meningioma\brisc2025_test_00295_me_ax_t1.jpg,meningioma,no_tumor,axial,0.05771891,0.15365516,0.09093771,0.6976883,0.6976883,False,True,0.9616547,0.926155,2628.0,2665.0
d:\Research\Multi-View Fusion Network\datasets\brisc2025\classification_task\test\meningioma\brisc2025_test_00296_me_ax_t1.jpg,meningioma,meningioma,axial,0.13398129,0.3352701,0.234657,0.2960916,0.3352701,True,True,0.94424164,0.894406,1457.0,1555.0
d:\Research\Multi-View Fusion Network\datasets\brisc2025\classification_task\test\meningioma\brisc2025_test_00297_me_ax_t1.jpg,meningioma,no_tumor,axial,0.14002958,0.1423042,0.16058391,0.5570823,0.5570823,False,True,0.97258365,0.9466385,3213.0,3242.0
d:\Research\Multi-View Fusion Network\datasets\brisc2025\classification_task\test\meningioma\brisc2025_test_00298_me_ax_t1.jpg,meningioma,meningioma,axial,0.17341478,0.35870233,0.20887198,0.25901094,0.35870233,True,True,0.89043736,0.80253214,4052.0,4773.0
d:\Research\Multi-View Fusion Network\datasets\brisc2025\classification_task\test\meningioma\brisc2025_test_00299_me_ax_t1.jpg,meningioma,no_tumor,axial,0.07062288,0.14315058,0.092877366,0.69334924,0.69334924,False,True,0.98123944,0.96317416,4116.0,4145.0
d:\Research\Multi-View Fusion Network\datasets\brisc2025\classification_task\test\meningioma\brisc2025_test_00300_me_ax_t1.jpg,meningioma,no_tumor,axial,0.061324004,0.26231351,0.30089083,0.37547168,0.37547168,False,True,0.9378816,0.8830585,1942.0,1824.0
d:\Research\Multi-View Fusion Network\datasets\brisc2025\classification_task\test\meningioma\brisc2025_test_00301_me_ax_t1.jpg,meningioma,pituitary,axial,0.104085445,0.06068287,0.76646894,0.0687627,0.76646894,False,True,0.70117706,0.53994083,1567.0,2595.0
d:\Research\Multi-View Fusion Network\datasets\brisc2025\classification_task\test\meningioma\brisc2025_test_00302_me_ax_t1.jpg,meningioma,no_tumor,axial,0.14328292,0.22842106,0.11306973,0.5152263,0.5152263,False,True,0.3741883,0.23053892,271.0,960.0
d:\Research\Multi-View Fusion Network\datasets\brisc2025\classification_task\test\meningioma\brisc2025_test_00303_me_ax_t1.jpg,meningioma,meningioma,axial,0.1981964,0.6062548,0.08481763,0.11073113,0.6062548,True,True,0.9435921,0.8932536,1098.0,1117.0
d:\Research\Multi-View Fusion Network\datasets\brisc2025\classification_task\test\meningioma\brisc2025_test_00304_me_ax_t1.jpg,meningioma,no_tumor,axial,0.074698776,0.20034401,0.28101692,0.44394034,0.44394034,False,True,0.9826305,0.9658572,5410.0,5355.0
d:\Research\Multi-View Fusion Network\datasets\brisc2025\classification_task\test\meningioma\brisc2025_test_00305_me_ax_t1.jpg,meningioma,glioma,axial,0.36578953,0.16479376,0.16479376,0.30462295,0.36578953,False,True,0.9763906,0.9538784,2832.0,2758.0
d:\Research\Multi-View Fusion Network\datasets\brisc2025\classification_task\test\meningioma\brisc2025_test_00306_me_ax_t1.jpg,meningioma,pituitary,axial,0.066298105,0.16995555,0.6621094,0.10163697,0.6621094,False,True,0.9310691,0.8710456,3727.0,3250.0
d:\Research\Multi-View Fusion Network\datasets\brisc2025\classification_task\test\meningioma\brisc2025_test_00307_me_ax_t1.jpg,meningioma,no_tumor,axial,0.07029075,0.26366034,0.15446904,0.5115798,0.5115798,False,True,0.9535097,0.9111612,3984.0,3651.0
d:\Research\Multi-View Fusion Network\datasets\brisc2025\classification_task\test\meningioma\brisc2025_test_00308_me_ax_t1.jpg,meningioma,no_tumor,axial,0.20522459,0.1282422,0.08643471,0.5800985,0.5800985,False,True,0.90913135,0.8334239,3153.0,3592.0
d:\Research\Multi-View Fusion Network\datasets\brisc2025\classification_task\test\meningioma\brisc2025_test_00309_me_ax_t1.jpg,meningioma,no_tumor,axial,0.15172838,0.18084297,0.28495777,0.38247088,0.38247088,False,True,0.591713,0.42037302,587.0,1391.0
d:\Research\Multi-View Fusion Network\datasets\brisc2025\classification_task\test\meningioma\brisc2025_test_00310_me_ax_t1.jpg,meningioma,no_tumor,axial,0.055415735,0.156469,0.08885727,0.69925797,0.69925797,False,True,0.97768724,0.9563561,2817.0,2829.0
d:\Research\Multi-View Fusion Network\datasets\brisc2025\classification_task\test\meningioma\brisc2025_test_00311_me_ax_t1.jpg,meningioma,meningioma,axial,0.24847122,0.42499194,0.099379435,0.22715746,0.42499194,True,True,0.73021233,0.575228,818.0,1253.0
d:\Research\Multi-View Fusion Network\datasets\brisc2025\classification_task\test\meningioma\brisc2025_test_00312_me_ax_t1.jpg,meningioma,pituitary,axial,0.11967572,0.19526328,0.40564927,0.27941167,0.40564927,False,True,0.4072805,0.25591397,1813.0,521.0
d:\Research\Multi-View Fusion Network\datasets\brisc2025\classification_task\test\meningioma\brisc2025_test_00313_me_ax_t1.jpg,meningioma,no_tumor,axial,0.11764431,0.2686011,0.29953644,0.3142182,0.3142182,False,True,0.9499833,0.90474176,4694.0,4302.0
d:\Research\Multi-View Fusion Network\datasets\brisc2025\classification_task\test\meningioma\brisc2025_test_00314_me_ax_t1.jpg,meningioma,no_tumor,axial,0.08948914,0.20796694,0.12127642,0.58126754,0.58126754,False,True,0.7824481,0.6426921,2257.0,3428.0
d:\Research\Multi-View Fusion Network\datasets\brisc2025\classification_task\test\meningioma\brisc2025_test_00315_me_ax_t1.jpg,meningioma,no_tumor,axial,0.073361725,0.1777913,0.07718333,0.6716637,0.6716637,False,True,0.93575853,0.87936044,678.0,613.0
d:\Research\Multi-View Fusion Network\datasets\brisc2025\classification_task\test\meningioma\brisc2025_test_00316_me_ax_t1.jpg,meningioma,no_tumor,axial,0.037770867,0.15642217,0.100048915,0.70575804,0.70575804,False,True,0.97482437,0.95089453,2555.0,2568.0
d:\Research\Multi-View Fusion Network\datasets\brisc2025\classification_task\test\meningioma\brisc2025_test_00317_me_ax_t1.jpg,meningioma,no_tumor,axial,0.25460503,0.1349394,0.11987117,0.49058437,0.49058437,False,True,0.930358,0.8698442,1041.0,997.0
d:\Research\Multi-View Fusion Network\datasets\brisc2025\classification_task\test\meningioma\brisc2025_test_00318_me_ax_t1.jpg,meningioma,meningioma,axial,0.12531726,0.556175,0.15414287,0.16436489,0.556175,True,True,0.9219521,0.8552307,2462.0,2803.0
d:\Research\Multi-View Fusion Network\datasets\brisc2025\classification_task\test\meningioma\brisc2025_test_00319_me_ax_t1.jpg,meningioma,pituitary,axial,0.11181695,0.24241883,0.5072836,0.13848062,0.5072836,False,True,0.9102564,0.83538634,856.0,781.0
d:\Research\Multi-View Fusion Network\datasets\brisc2025\classification_task\test\meningioma\brisc2025_test_00320_me_ax_t1.jpg,meningioma,no_tumor,axial,0.16149469,0.13094214,0.11957397,0.5879892,0.5879892,False,True,0.8611214,0.756193,1199.0,1493.0
d:\Research\Multi-View Fusion Network\datasets\brisc2025\classification_task\test\meningioma\brisc2025_test_00321_me_ax_t1.jpg,meningioma,no_tumor,axial,0.09475935,0.14644404,0.10933396,0.64946264,0.64946264,False,True,0.90706515,0.8299621,2952.0,2836.0
d:\Research\Multi-View Fusion Network\datasets\brisc2025\classification_task\test\meningioma\brisc2025_test_00322_me_ax_t1.jpg,meningioma,no_tumor,axial,0.08470159,0.1289812,0.053892214,0.73242503,0.73242503,False,True,0.82958096,0.70886755,1365.0,1832.0
d:\Research\Multi-View Fusion Network\datasets\brisc2025\classification_task\test\meningioma\brisc2025_test_00323_me_ax_t1.jpg,meningioma,no_tumor,axial,0.19878463,0.17697544,0.1500505,0.47418937,0.47418937,False,True,0.973851,0.94904786,1867.0,1918.0
d:\Research\Multi-View Fusion Network\datasets\brisc2025\classification_task\test\meningioma\brisc2025_test_00324_me_ax_t1.jpg,meningioma,glioma,axial,0.34993494,0.32977843,0.23050366,0.089783005,0.34993494,False,True,0.5830688,0.4119403,338.0,606.0
d:\Research\Multi-View Fusion Network\datasets\brisc2025\classification_task\test\meningioma\brisc2025_test_00325_me_ax_t1.jpg,meningioma,meningioma,axial,0.1890451,0.54916114,0.19474865,0.06704503,0.54916114,True,True,0.87538224,0.7785326,613.0,694.0
d:\Research\Multi-View Fusion Network\datasets\brisc2025\classification_task\test\meningioma\brisc2025_test_00326_me_ax_t1.jpg,meningioma,meningioma,axial,0.19736817,0.6404262,0.08646092,0.07574468,0.6404262,True,True,0.94398737,0.8939485,1551.0,1608.0
d:\Research\Multi-View Fusion Network\datasets\brisc2025\classification_task\test\meningioma\brisc2025_test_00327_me_ax_t1.jpg,meningioma,pituitary,axial,0.2579397,0.30909047,0.32960796,0.10336186,0.32960796,False,True,0.7392857,0.58679247,357.0,482.0
d:\Research\Multi-View Fusion Network\datasets\brisc2025\classification_task\test\meningioma\brisc2025_test_00328_me_ax_t1.jpg,meningioma,meningioma,axial,0.1360384,0.6429312,0.1353262,0.08570413,0.6429312,True,True,0.9655899,0.93351424,717.0,706.0
d:\Research\Multi-View Fusion Network\datasets\brisc2025\classification_task\test\meningioma\brisc2025_test_00329_me_ax_t1.jpg,meningioma,meningioma,axial,0.12296621,0.69241196,0.10152034,0.08310159,0.69241196,True,True,0.005524862,0.005524862,180.0,0.0
d:\Research\Multi-View Fusion Network\datasets\brisc2025\classification_task\test\meningioma\brisc2025_test_00330_me_ax_t1.jpg,meningioma,meningioma,axial,0.15027845,0.47328925,0.30010736,0.07632493,0.47328925,True,True,0.6792553,0.51449275,648.0,1231.0
d:\Research\Multi-View Fusion Network\datasets\brisc2025\classification_task\test\meningioma\brisc2025_test_00331_me_ax_t1.jpg,meningioma,meningioma,axial,0.23162588,0.61368924,0.08329748,0.07138741,0.61368924,True,True,0.40415704,0.25433525,345.0,87.0
d:\Research\Multi-View Fusion Network\datasets\brisc2025\classification_task\test\meningioma\brisc2025_test_00332_me_ax_t1.jpg,meningioma,pituitary,axial,0.09801043,0.33335063,0.47913766,0.08950133,0.47913766,False,True,0.92518836,0.8608609,952.0,905.0
d:\Research\Multi-View Fusion Network\datasets\brisc2025\classification_task\test\meningioma\brisc2025_test_00333_me_ax_t1.jpg,meningioma,meningioma,axial,0.37548262,0.46592864,0.07517462,0.08341412,0.46592864,True,True,0.9270833,0.86415523,826.0,805.0
d:\Research\Multi-View Fusion Network\datasets\brisc2025\classification_task\test\meningioma\brisc2025_test_00334_me_ax_t1.jpg,meningioma,meningioma,axial,0.14974529,0.6536477,0.10484577,0.09176121,0.6536477,True,True,0.93285125,0.8742747,457.0,510.0
d:\Research\Multi-View Fusion Network\datasets\brisc2025\classification_task\test\meningioma\brisc2025_test_00335_me_ax_t1.jpg,meningioma,meningioma,axial,0.18963905,0.64171684,0.073168166,0.09547589,0.64171684,True,True,0.95118344,0.90704226,334.0,341.0
d:\Research\Multi-View Fusion Network\datasets\brisc2025\classification_task\test\meningioma\brisc2025_test_00336_me_ax_t1.jpg,meningioma,meningioma,axial,0.16550708,0.66725945,0.10103669,0.0661968,0.66725945,True,True,0.9652814,0.9329041,2896.0,2806.0
d:\Research\Multi-View Fusion Network\datasets\brisc2025\classification_task\test\meningioma\brisc2025_test_00337_me_ax_t1.jpg,meningioma,meningioma,axial,0.38150698,0.4511743,0.10705868,0.0602601,0.4511743,True,True,0.83533174,0.7174211,560.0,690.0
d:\Research\Multi-View Fusion Network\datasets\brisc2025\classification_task\test\meningioma\brisc2025_test_00338_me_ax_t1.jpg,meningioma,meningioma,axial,0.24793479,0.5099416,0.13237824,0.10974542,0.5099416,True,True,0.9771172,0.95526755,2340.0,2335.0
d:\Research\Multi-View Fusion Network\datasets\brisc2025\classification_task\test\meningioma\brisc2025_test_00339_me_ax_t1.jpg,meningioma,meningioma,axial,0.21750662,0.64477354,0.07035593,0.067363955,0.64477354,True,True,0.8178705,0.6919431,1378.0,1833.0
d:\Research\Multi-View Fusion Network\datasets\brisc2025\classification_task\test\meningioma\brisc2025_test_00340_me_ax_t1.jpg,meningioma,meningioma,axial,0.21272512,0.55331826,0.10240357,0.13155301,0.55331826,True,True,0.07826087,0.045045044,110.0,4.0
d:\Research\Multi-View Fusion Network\datasets\brisc2025\classification_task\test\meningioma\brisc2025_test_00341_me_ax_t1.jpg,meningioma,pituitary,axial,0.07304566,0.21106167,0.6567962,0.059096444,0.6567962,False,True,0.9499249,0.90467113,972.0,1024.0
d:\Research\Multi-View Fusion Network\datasets\brisc2025\classification_task\test\meningioma\brisc2025_test_00342_me_ax_t1.jpg,meningioma,meningioma,axial,0.34461597,0.48551205,0.078602485,0.09126956,0.48551205,True,True,0.9678744,0.9377632,2079.0,2060.0
d:\Research\Multi-View Fusion Network\datasets\brisc2025\classification_task\test\meningioma\brisc2025_test_00343_me_ax_t1.jpg,meningioma,meningioma,axial,0.18049504,0.6745717,0.07801112,0.066922225,0.6745717,True,True,0.8162031,0.6897959,342.0,484.0
d:\Research\Multi-View Fusion Network\datasets\brisc2025\classification_task\test\meningioma\brisc2025_test_00344_me_ax_t1.jpg,meningioma,meningioma,axial,0.15468577,0.6900452,0.081932664,0.07333645,0.6900452,True,True,0.94578314,0.89719623,960.0,865.0
d:\Research\Multi-View Fusion Network\datasets\brisc2025\classification_task\test\meningioma\brisc2025_test_00345_me_ax_t1.jpg,meningioma,glioma,axial,0.7308368,0.12672165,0.077067256,0.0653742,0.7308368,False,True,0.26145947,0.15056938,565.0,2161.0
d:\Research\Multi-View Fusion Network\datasets\brisc2025\classification_task\test\meningioma\brisc2025_test_00346_me_ax_t1.jpg,meningioma,meningioma,axial,0.21218255,0.53558,0.18014294,0.0720946,0.53558,True,True,0.9676915,0.93743694,934.0,984.0
d:\Research\Multi-View Fusion Network\datasets\brisc2025\classification_task\test\meningioma\brisc2025_test_00347_me_ax_t1.jpg,meningioma,meningioma,axial,0.22622523,0.53884095,0.13108504,0.10384881,0.53884095,True,True,0.9402533,0.8872727,1807.0,1824.0
d:\Research\Multi-View Fusion Network\datasets\brisc2025\classification_task\test\meningioma\brisc2025_test_00348_me_ax_t1.jpg,meningioma,meningioma,axial,0.19957979,0.6027391,0.08721524,0.11046592,0.6027391,True,True,0.9334817,0.87528974,2004.0,2039.0
d:\Research\Multi-View Fusion Network\datasets\brisc2025\classification_task\test\meningioma\brisc2025_test_00349_me_ax_t1.jpg,meningioma,glioma,axial,0.39811063,0.27340433,0.13270082,0.19578421,0.39811063,False,True,0.7507704,0.60110974,1004.0,1591.0
d:\Research\Multi-View Fusion Network\datasets\brisc2025\classification_task\test\meningioma\brisc2025_test_00350_me_ax_t1.jpg,meningioma,meningioma,axial,0.2753263,0.41265833,0.23605311,0.075962305,0.41265833,True,True,0.88006485,0.7859209,878.0,972.0
d:\Research\Multi-View Fusion Network\datasets\brisc2025\classification_task\test\meningioma\brisc2025_test_00351_me_ax_t1.jpg,meningioma,glioma,axial,0.5757389,0.32533437,0.053919394,0.045007363,0.5757389,False,True,0.8654169,0.76282054,1769.0,1804.0
d:\Research\Multi-View Fusion Network\datasets\brisc2025\classification_task\test\meningioma\brisc2025_test_00352_me_ax_t1.jpg,meningioma,no_tumor,axial,0.073361725,0.1777913,0.07718333,0.6716637,0.6716637,False,True,0.92743224,0.86478454,640.0,613.0
d:\Research\Multi-View Fusion Network\datasets\brisc2025\classification_task\test\meningioma\brisc2025_test_00353_me_ax_t1.jpg,meningioma,meningioma,axial,0.17885381,0.5991746,0.12872925,0.0932423,0.5991746,True,True,0.94754314,0.9003783,786.0,719.0
d:\Research\Multi-View Fusion Network\datasets\brisc2025\classification_task\test\meningioma\brisc2025_test_00354_me_ax_t1.jpg,meningioma,pituitary,axial,0.11181695,0.24241883,0.5072836,0.13848062,0.5072836,False,True,0.9108241,0.8363431,844.0,781.0
d:\Research\Multi-View Fusion Network\datasets\brisc2025\classification_task\test\meningioma\brisc2025_test_00355_me_ax_t1.jpg,meningioma,meningioma,axial,0.101388805,0.5278779,0.16867872,0.2020546,0.5278779,True,True,0.9097297,0.8344896,922.0,927.0
d:\Research\Multi-View Fusion Network\datasets\brisc2025\classification_task\test\meningioma\brisc2025_test_00356_me_ax_t1.jpg,meningioma,meningioma,axial,0.14392063,0.6245525,0.12310184,0.10842501,0.6245525,True,True,0.9806314,0.9620061,2581.0,2581.0
d:\Research\Multi-View Fusion Network\datasets\brisc2025\classification_task\test\meningioma\brisc2025_test_00357_me_ax_t1.jpg,meningioma,pituitary,axial,0.08231607,0.19708219,0.65573823,0.0648635,0.65573823,False,True,0.70611286,0.54600483,461.0,814.0
d:\Research\Multi-View Fusion Network\datasets\brisc2025\classification_task\test\meningioma\brisc2025_test_00358_me_ax_t1.jpg,meningioma,meningioma,axial,0.14159355,0.63986766,0.12277857,0.09576021,0.63986766,True,True,0.9760062,0.9531722,637.0,654.0
d:\Research\Multi-View Fusion Network\datasets\brisc2025\classification_task\test\meningioma\brisc2025_test_00359_me_ax_t1.jpg,meningioma,meningioma,axial,0.20985381,0.6409736,0.087298736,0.061873853,0.6409736,True,True,0.9590659,0.92137206,1785.0,1854.0
d:\Research\Multi-View Fusion Network\datasets\brisc2025\classification_task\test\meningioma\brisc2025_test_00360_me_ax_t1.jpg,meningioma,meningioma,axial,0.19368203,0.61250335,0.11192706,0.08188759,0.61250335,True,True,0.9015698,0.8208494,1088.0,1268.0
d:\Research\Multi-View Fusion Network\datasets\brisc2025\classification_task\test\meningioma\brisc2025_test_00361_me_ax_t1.jpg,meningioma,glioma,axial,0.51341486,0.33876705,0.09779574,0.0500224,0.51341486,False,True,0.8921963,0.8055152,662.0,580.0
d:\Research\Multi-View Fusion Network\datasets\brisc2025\classification_task\test\meningioma\brisc2025_test_00362_me_ax_t1.jpg,meningioma,meningioma,axial,0.19297875,0.3887823,0.31140548,0.106833495,0.3887823,True,True,0.69673914,0.535,360.0,559.0
d:\Research\Multi-View Fusion Network\datasets\brisc2025\classification_task\test\meningioma\brisc2025_test_00363_me_ax_t1.jpg,meningioma,glioma,axial,0.6025045,0.23177636,0.056315955,0.10940323,0.6025045,False,True,0.3388815,0.20432693,373.0,1128.0
d:\Research\Multi-View Fusion Network\datasets\brisc2025\classification_task\test\meningioma\brisc2025_test_00364_me_ax_t1.jpg,meningioma,glioma,axial,0.41836548,0.41167828,0.10614153,0.06381475,0.41836548,False,True,0.5965251,0.4252979,503.0,1050.0
d:\Research\Multi-View Fusion Network\datasets\brisc2025\classification_task\test\meningioma\brisc2025_test_00365_me_ax_t1.jpg,meningioma,pituitary,axial,0.051703975,0.055687383,0.825141,0.06746763,0.825141,False,True,0.6790371,0.5144158,338.0,658.0
d:\Research\Multi-View Fusion Network\datasets\brisc2025\classification_task\test\meningioma\brisc2025_test_00366_me_ax_t1.jpg,meningioma,meningioma,axial,0.18931265,0.46581587,0.26269022,0.08218125,0.46581587,True,True,0.942917,0.89202577,1827.0,1991.0
d:\Research\Multi-View Fusion Network\datasets\brisc2025\classification_task\test\meningioma\brisc2025_test_00367_me_ax_t1.jpg,meningioma,pituitary,axial,0.038595345,0.06777003,0.84477407,0.04886061,0.84477407,False,True,0.8120237,0.6837607,479.0,701.0
d:\Research\Multi-View Fusion Network\datasets\brisc2025\classification_task\test\meningioma\brisc2025_test_00368_me_ax_t1.jpg,meningioma,meningioma,axial,0.16932543,0.6968723,0.07648767,0.057314593,0.6968723,True,True,0.94193244,0.89028776,995.0,1105.0
d:\Research\Multi-View Fusion Network\datasets\brisc2025\classification_task\test\meningioma\brisc2025_test_00369_me_ax_t1.jpg,meningioma,meningioma,axial,0.16002312,0.55459505,0.14854015,0.13684162,0.55459505,True,True,0.6377246,0.46852124,319.0,682.0
d:\Research\Multi-View Fusion Network\datasets\brisc2025\classification_task\test\meningioma\brisc2025_test_00370_me_ax_t1.jpg,meningioma,meningioma,axial,0.18680434,0.55946755,0.12612072,0.12760739,0.55946755,True,True,0.9538389,0.9117912,1025.0,1097.0
d:\Research\Multi-View Fusion Network\datasets\brisc2025\classification_task\test\meningioma\brisc2025_test_00371_me_ax_t1.jpg,meningioma,meningioma,axial,0.15015197,0.6929409,0.08472258,0.07218454,0.6929409,True,True,0.9145978,0.8427788,460.0,546.0
d:\Research\Multi-View Fusion Network\datasets\brisc2025\classification_task\test\meningioma\brisc2025_test_00372_me_ax_t1.jpg,meningioma,meningioma,axial,0.15889049,0.61717266,0.09741278,0.126524,0.61717266,True,True,0.9059633,0.8284519,198.0,237.0
d:\Research\Multi-View Fusion Network\datasets\brisc2025\classification_task\test\meningioma\brisc2025_test_00373_me_ax_t1.jpg,meningioma,meningioma,axial,0.16404293,0.40502012,0.357429,0.073507965,0.40502012,True,True,0.9459155,0.8974359,888.0,886.0
d:\Research\Multi-View Fusion Network\datasets\brisc2025\classification_task\test\meningioma\brisc2025_test_00374_me_ax_t1.jpg,meningioma,meningioma,axial,0.21372885,0.5377736,0.13730481,0.11119281,0.5377736,True,True,0.8665873,0.7647059,728.0,950.0
d:\Research\Multi-View Fusion Network\datasets\brisc2025\classification_task\test\meningioma\brisc2025_test_00375_me_ax_t1.jpg,meningioma,pituitary,axial,0.063306965,0.08789301,0.8011765,0.04762355,0.8011765,False,True,0.56058824,0.3897059,488.0,1211.0
d:\Research\Multi-View Fusion Network\datasets\brisc2025\classification_task\test\meningioma\brisc2025_test_00376_me_ax_t1.jpg,meningioma,meningioma,axial,0.1503367,0.6131681,0.1162847,0.12021052,0.6131681,True,True,0.005263158,0.005263158,189.0,0.0
d:\Research\Multi-View Fusion Network\datasets\brisc2025\classification_task\test\meningioma\brisc2025_test_00377_me_ax_t1.jpg,meningioma,meningioma,axial,0.230161,0.6141409,0.07217626,0.08352176,0.6141409,True,True,0.973565,0.94850415,1994.0,1977.0
d:\Research\Multi-View Fusion Network\datasets\brisc2025\classification_task\test\meningioma\brisc2025_test_00378_me_ax_t1.jpg,meningioma,pituitary,axial,0.055612095,0.10141599,0.78629065,0.056681268,0.78629065,False,True,0.68923277,0.526057,583.0,967.0
d:\Research\Multi-View Fusion Network\datasets\brisc2025\classification_task\test\meningioma\brisc2025_test_00379_me_ax_t1.jpg,meningioma,meningioma,axial,0.13324031,0.64929986,0.12066683,0.09679297,0.64929986,True,True,0.9471135,0.8995585,2614.0,2547.0
d:\Research\Multi-View Fusion Network\datasets\brisc2025\classification_task\test\meningioma\brisc2025_test_00380_me_ax_t1.jpg,meningioma,meningioma,axial,0.35787013,0.4425584,0.12704301,0.072528444,0.4425584,True,True,0.9172271,0.84718245,928.0,1004.0
d:\Research\Multi-View Fusion Network\datasets\brisc2025\classification_task\test\meningioma\brisc2025_test_00381_me_ax_t1.jpg,meningioma,meningioma,axial,0.1203114,0.6531023,0.14896427,0.077622004,0.6531023,True,True,0.83971816,0.72382396,1003.0,1267.0
d:\Research\Multi-View Fusion Network\datasets\brisc2025\classification_task\test\meningioma\brisc2025_test_00382_me_ax_t1.jpg,meningioma,glioma,axial,0.5529587,0.24091455,0.12754719,0.078579545,0.5529587,False,True,0.92287695,0.8569132,545.0,608.0
d:\Research\Multi-View Fusion Network\datasets\brisc2025\classification_task\test\meningioma\brisc2025_test_00383_me_ax_t1.jpg,meningioma,pituitary,axial,0.05850068,0.38540408,0.4525675,0.1035277,0.4525675,False,True,0.89169675,0.80477226,370.0,460.0
d:\Research\Multi-View Fusion Network\datasets\brisc2025\classification_task\test\meningioma\brisc2025_test_00384_me_ax_t1.jpg,meningioma,meningioma,axial,0.20616615,0.63607407,0.07708922,0.08067055,0.63607407,True,True,0.9356343,0.8791594,535.0,536.0
d:\Research\Multi-View Fusion Network\datasets\brisc2025\classification_task\test\meningioma\brisc2025_test_00385_me_ax_t1.jpg,meningioma,pituitary,axial,0.046950947,0.07928344,0.8354828,0.038282845,0.8354828,False,True,0.8574913,0.75060976,1230.0,1639.0
d:\Research\Multi-View Fusion Network\datasets\brisc2025\classification_task\test\meningioma\brisc2025_test_00386_me_ax_t1.jpg,meningioma,meningioma,axial,0.13500346,0.46503696,0.3258392,0.074120425,0.46503696,True,True,0.93043476,0.8700361,535.0,499.0
d:\Research\Multi-View Fusion Network\datasets\brisc2025\classification_task\test\meningioma\brisc2025_test_00387_me_ax_t1.jpg,meningioma,meningioma,axial,0.21726467,0.6176841,0.079766385,0.085284844,0.6176841,True,True,0.9617686,0.92637646,1509.0,1498.0
d:\Research\Multi-View Fusion Network\datasets\brisc2025\classification_task\test\meningioma\brisc2025_test_00388_me_ax_t1.jpg,meningioma,meningioma,axial,0.15304981,0.677186,0.08943677,0.08032734,0.677186,True,True,0.96666664,0.93551797,893.0,936.0
d:\Research\Multi-View Fusion Network\datasets\brisc2025\classification_task\test\meningioma\brisc2025_test_00389_me_ax_t1.jpg,meningioma,meningioma,axial,0.13753462,0.7122344,0.08224607,0.067984916,0.7122344,True,True,0.95301545,0.9103079,699.0,726.0
d:\Research\Multi-View Fusion Network\datasets\brisc2025\classification_task\test\meningioma\brisc2025_test_00390_me_ax_t1.jpg,meningioma,glioma,axial,0.67443794,0.1713802,0.104749836,0.049432024,0.67443794,False,True,0.5121076,0.34457833,316.0,798.0
d:\Research\Multi-View Fusion Network\datasets\brisc2025\classification_task\test\meningioma\brisc2025_test_00391_me_ax_t1.jpg,meningioma,meningioma,axial,0.28454533,0.43985248,0.1892013,0.08640089,0.43985248,True,True,0.87109125,0.7717514,695.0,871.0
d:\Research\Multi-View Fusion Network\datasets\brisc2025\classification_task\test\meningioma\brisc2025_test_00392_me_co_t1.jpg,meningioma,meningioma,coronal,0.14426489,0.32869738,0.22826642,0.29877135,0.32869738,True,True,0.80190986,0.6693847,2136.0,2366.0
d:\Research\Multi-View Fusion Network\datasets\brisc2025\classification_task\test\meningioma\brisc2025_test_00393_me_co_t1.jpg,meningioma,no_tumor,coronal,0.25760514,0.14340073,0.15317191,0.44582224,0.44582224,False,True,0.67445105,0.50893795,1285.0,1583.0
d:\Research\Multi-View Fusion Network\datasets\brisc2025\classification_task\test\meningioma\brisc2025_test_00394_me_co_t1.jpg,meningioma,pituitary,coronal,0.06673491,0.13173363,0.7046222,0.096909255,0.7046222,False,True,0.88837206,0.7991997,2280.0,2664.0
d:\Research\Multi-View Fusion Network\datasets\brisc2025\classification_task\test\meningioma\brisc2025_test_00395_me_co_t1.jpg,meningioma,meningioma,coronal,0.14562494,0.36825246,0.2161148,0.27000782,0.36825246,True,True,0.9666442,0.93546283,1512.0,1455.0
d:\Research\Multi-View Fusion Network\datasets\brisc2025\classification_task\test\meningioma\brisc2025_test_00396_me_co_t1.jpg,meningioma,no_tumor,coronal,0.15968645,0.17654113,0.28266346,0.3811089,0.3811089,False,True,0.96321,0.9290456,2368.0,2279.0
d:\Research\Multi-View Fusion Network\datasets\brisc2025\classification_task\test\meningioma\brisc2025_test_00397_me_co_t1.jpg,meningioma,no_tumor,coronal,0.075342126,0.25151026,0.26105085,0.41209677,0.41209677,False,True,0.94917977,0.90329146,2928.0,2679.0
d:\Research\Multi-View Fusion Network\datasets\brisc2025\classification_task\test\meningioma\brisc2025_test_00398_me_co_t1.jpg,meningioma,meningioma,coronal,0.13390054,0.39471024,0.2799598,0.19142942,0.39471024,True,True,0.9454827,0.89661604,3706.0,3410.0
d:\Research\Multi-View Fusion Network\datasets\brisc2025\classification_task\test\meningioma\brisc2025_test_00399_me_co_t1.jpg,meningioma,meningioma,coronal,0.17056768,0.39978978,0.25460312,0.17503941,0.39978978,True,True,0.8729585,0.77458084,4744.0,3827.0
d:\Research\Multi-View Fusion Network\datasets\brisc2025\classification_task\test\meningioma\brisc2025_test_00400_me_co_t1.jpg,meningioma,no_tumor,coronal,0.0990696,0.31185898,0.21040986,0.37866157,0.37866157,False,True,0.9691517,0.9401575,3773.0,3617.0
d:\Research\Multi-View Fusion Network\datasets\brisc2025\classification_task\test\meningioma\brisc2025_test_00401_me_co_t1.jpg,meningioma,no_tumor,coronal,0.14871815,0.18212433,0.24456705,0.4245905,0.4245905,False,True,0.9643241,0.93112034,2378.0,2274.0
d:\Research\Multi-View Fusion Network\datasets\brisc2025\classification_task\test\meningioma\brisc2025_test_00402_me_co_t1.jpg,meningioma,pituitary,coronal,0.10518956,0.29450768,0.35593858,0.24436416,0.35593858,False,True,0.87683696,0.7807309,2380.0,1906.0
d:\Research\Multi-View Fusion Network\datasets\brisc2025\classification_task\test\meningioma\brisc2025_test_00403_me_co_t1.jpg,meningioma,meningioma,coronal,0.12146155,0.3568211,0.21072029,0.31099704,0.3568211,True,True,0.8895258,0.8011257,886.0,1032.0
d:\Research\Multi-View Fusion Network\datasets\brisc2025\classification_task\test\meningioma\brisc2025_test_00404_me_co_t1.jpg,meningioma,no_tumor,coronal,0.17327136,0.17903364,0.31386882,0.33382624,0.33382624,False,True,0.5871627,0.41569167,1344.0,2768.0
d:\Research\Multi-View Fusion Network\datasets\brisc2025\classification_task\test\meningioma\brisc2025_test_00405_me_co_t1.jpg,meningioma,pituitary,coronal,0.08030875,0.35192487,0.38510096,0.18266536,0.38510096,False,True,0.8791541,0.7844828,727.0,927.0
d:\Research\Multi-View Fusion Network\datasets\brisc2025\classification_task\test\meningioma\brisc2025_test_00406_me_co_t1.jpg,meningioma,no_tumor,coronal,0.23741412,0.18976888,0.21949176,0.35332522,0.35332522,False,True,0.5524836,0.38187703,627.0,1506.0
d:\Research\Multi-View Fusion Network\datasets\brisc2025\classification_task\test\meningioma\brisc2025_test_00407_me_co_t1.jpg,meningioma,pituitary,coronal,0.09394096,0.16861658,0.5690316,0.16841088,0.5690316,False,True,0.97506064,0.95135134,1456.0,1430.0
d:\Research\Multi-View Fusion Network\datasets\brisc2025\classification_task\test\meningioma\brisc2025_test_00408_me_co_t1.jpg,meningioma,pituitary,coronal,0.106750146,0.31963208,0.3309882,0.24262956,0.3309882,False,True,0.87786984,0.7823703,2314.0,1910.0
d:\Research\Multi-View Fusion Network\datasets\brisc2025\classification_task\test\meningioma\brisc2025_test_00409_me_co_t1.jpg,meningioma,no_tumor,coronal,0.13262607,0.22694415,0.122121215,0.5183085,0.5183085,False,True,0.9774076,0.9558233,2220.0,2161.0
d:\Research\Multi-View Fusion Network\datasets\brisc2025\classification_task\test\meningioma\brisc2025_test_00410_me_co_t1.jpg,meningioma,no_tumor,coronal,0.1853509,0.2620096,0.21214296,0.34049657,0.34049657,False,True,0.9692664,0.94037145,5009.0,4914.0
d:\Research\Multi-View Fusion Network\datasets\brisc2025\classification_task\test\meningioma\brisc2025_test_00411_me_co_t1.jpg,meningioma,no_tumor,coronal,0.08521392,0.24864511,0.24588335,0.42025763,0.42025763,False,True,0.9534976,0.9111617,1223.0,1292.0
d:\Research\Multi-View Fusion Network\datasets\brisc2025\classification_task\test\meningioma\brisc2025_test_00412_me_co_t1.jpg,meningioma,no_tumor,coronal,0.22139359,0.15752907,0.15569381,0.4653836,0.4653836,False,True,0.3449827,0.20861204,652.0,2237.0
d:\Research\Multi-View Fusion Network\datasets\brisc2025\classification_task\test\meningioma\brisc2025_test_00413_me_co_t1.jpg,meningioma,pituitary,coronal,0.106165014,0.25161737,0.51220506,0.13001257,0.51220506,False,True,0.92052484,0.8527778,2816.0,2518.0
d:\Research\Multi-View Fusion Network\datasets\brisc2025\classification_task\test\meningioma\brisc2025_test_00414_me_co_t1.jpg,meningioma,no_tumor,coronal,0.058042184,0.17035614,0.14941487,0.6221868,0.6221868,False,True,0.9141096,0.84182644,3931.0,3368.0
d:\Research\Multi-View Fusion Network\datasets\brisc2025\classification_task\test\meningioma\brisc2025_test_00415_me_co_t1.jpg,meningioma,pituitary,coronal,0.06620461,0.17605165,0.6275187,0.130225,0.6275187,False,True,0.8950951,0.8101449,2726.0,2268.0
d:\Research\Multi-View Fusion Network\datasets\brisc2025\classification_task\test\meningioma\brisc2025_test_00416_me_co_t1.jpg,meningioma,pituitary,coronal,0.06620461,0.17605165,0.6275187,0.130225,0.6275187,False,True,0.9006236,0.81924623,2702.0,2268.0
d:\Research\Multi-View Fusion Network\datasets\brisc2025\classification_task\test\meningioma\brisc2025_test_00417_me_co_t1.jpg,meningioma,meningioma,coronal,0.100653805,0.3537261,0.23246558,0.31315452,0.3537261,True,True,0.97422755,0.94975686,3616.0,3600.0
d:\Research\Multi-View Fusion Network\datasets\brisc2025\classification_task\test\meningioma\brisc2025_test_00418_me_co_t1.jpg,meningioma,glioma,coronal,0.5768001,0.12971093,0.12713999,0.16634893,0.5768001,False,True,0.7025754,0.54162633,1190.0,1993.0
d:\Research\Multi-View Fusion Network\datasets\brisc2025\classification_task\test\meningioma\brisc2025_test_00419_me_co_t1.jpg,meningioma,no_tumor,coronal,0.0457209,0.15486073,0.33832952,0.4610888,0.4610888,False,True,0.9665165,0.9352121,3362.0,3297.0
d:\Research\Multi-View Fusion Network\datasets\brisc2025\classification_task\test\meningioma\brisc2025_test_00420_me_co_t1.jpg,meningioma,no_tumor,coronal,0.18718271,0.22282833,0.2532307,0.33675832,0.33675832,False,True,0.9107799,0.8362069,2289.0,2608.0
d:\Research\Multi-View Fusion Network\datasets\brisc2025\classification_task\test\meningioma\brisc2025_test_00421_me_co_t1.jpg,meningioma,pituitary,coronal,0.15735503,0.21327485,0.47403812,0.15533204,0.47403812,False,True,0.8647042,0.7617149,1969.0,1563.0
d:\Research\Multi-View Fusion Network\datasets\brisc2025\classification_task\test\meningioma\brisc2025_test_00422_me_co_t1.jpg,meningioma,meningioma,coronal,0.1775865,0.41878927,0.31673676,0.08688748,0.41878927,True,True,0.9471366,0.89960957,1623.0,1781.0
d:\Research\Multi-View Fusion Network\datasets\brisc2025\classification_task\test\meningioma\brisc2025_test_00423_me_co_t1.jpg,meningioma,pituitary,coronal,0.07593135,0.16540956,0.68843406,0.07022502,0.68843406,False,True,0.6089932,0.43820226,314.0,708.0
d:\Research\Multi-View Fusion Network\datasets\brisc2025\classification_task\test\meningioma\brisc2025_test_00424_me_co_t1.jpg,meningioma,meningioma,coronal,0.1412595,0.5482875,0.2205972,0.08985579,0.5482875,True,True,0.9236732,0.85825026,868.0,808.0
d:\Research\Multi-View Fusion Network\datasets\brisc2025\classification_task\test\meningioma\brisc2025_test_00425_me_co_t1.jpg,meningioma,meningioma,coronal,0.21939285,0.6136523,0.10125789,0.06569701,0.6136523,True,True,0.9804936,0.96174866,1251.0,1260.0
d:\Research\Multi-View Fusion Network\datasets\brisc2025\classification_task\test\meningioma\brisc2025_test_00426_me_co_t1.jpg,meningioma,meningioma,coronal,0.1648299,0.44478446,0.30734193,0.08304371,0.44478446,True,True,0.89665353,0.8128342,470.0,545.0
d:\Research\Multi-View Fusion Network\datasets\brisc2025\classification_task\test\meningioma\brisc2025_test_00427_me_co_t1.jpg,meningioma,meningioma,coronal,0.18982549,0.6456101,0.10653121,0.058033247,0.6456101,True,True,0.9378669,0.8830571,980.0,1063.0
d:\Research\Multi-View Fusion Network\datasets\brisc2025\classification_task\test\meningioma\brisc2025_test_00428_me_co_t1.jpg,meningioma,meningioma,coronal,0.19940734,0.55873996,0.17195234,0.06990036,0.55873996,True,True,0.84347045,0.72952086,590.0,527.0
d:\Research\Multi-View Fusion Network\datasets\brisc2025\classification_task\test\meningioma\brisc2025_test_00429_me_co_t1.jpg,meningioma,glioma,coronal,0.5216939,0.33355755,0.0960336,0.04871501,0.5216939,False,True,0.8921963,0.8055152,662.0,580.0
d:\Research\Multi-View Fusion Network\datasets\brisc2025\classification_task\test\meningioma\brisc2025_test_00430_me_co_t1.jpg,meningioma,meningioma,coronal,0.15865728,0.6389415,0.12879866,0.07360258,0.6389415,True,True,0.95759493,0.9186893,799.0,780.0
d:\Research\Multi-View Fusion Network\datasets\brisc2025\classification_task\test\meningioma\brisc2025_test_00431_me_co_t1.jpg,meningioma,pituitary,coronal,0.04690081,0.08527961,0.82446456,0.043354984,0.82446456,False,True,0.806872,0.6765873,340.0,503.0
d:\Research\Multi-View Fusion Network\datasets\brisc2025\classification_task\test\meningioma\brisc2025_test_00432_me_co_t1.jpg,meningioma,pituitary,coronal,0.05726796,0.15495002,0.72122014,0.06656187,0.72122014,False,True,0.908805,0.8330134,448.0,505.0
d:\Research\Multi-View Fusion Network\datasets\brisc2025\classification_task\test\meningioma\brisc2025_test_00433_me_co_t1.jpg,meningioma,pituitary,coronal,0.0435727,0.07475573,0.83919126,0.04248029,0.83919126,False,True,0.87979966,0.78571427,263.0,335.0
d:\Research\Multi-View Fusion Network\datasets\brisc2025\classification_task\test\meningioma\brisc2025_test_00434_me_co_t1.jpg,meningioma,pituitary,coronal,0.04620759,0.08624288,0.80792737,0.05962213,0.80792737,False,True,0.77756655,0.63626945,639.0,938.0
d:\Research\Multi-View Fusion Network\datasets\brisc2025\classification_task\test\meningioma\brisc2025_test_00435_me_co_t1.jpg,meningioma,meningioma,coronal,0.10699135,0.53754145,0.26136985,0.09409737,0.53754145,True,True,0.87270343,0.7744186,392.0,369.0
d:\Research\Multi-View Fusion Network\datasets\brisc2025\classification_task\test\meningioma\brisc2025_test_00436_me_co_t1.jpg,meningioma,meningioma,coronal,0.1148575,0.5402501,0.25823578,0.086656675,0.5402501,True,True,0.9307642,0.8705739,764.0,766.0
d:\Research\Multi-View Fusion Network\datasets\brisc2025\classification_task\test\meningioma\brisc2025_test_00437_me_co_t1.jpg,meningioma,meningioma,coronal,0.1742101,0.5551273,0.16325617,0.10740635,0.5551273,True,True,0.87044966,0.7708333,413.0,520.0
d:\Research\Multi-View Fusion Network\datasets\brisc2025\classification_task\test\meningioma\brisc2025_test_00438_me_co_t1.jpg,meningioma,meningioma,coronal,0.12244581,0.5868723,0.16539353,0.12528834,0.5868723,True,True,0.9527488,0.9098005,1059.0,1141.0
d:\Research\Multi-View Fusion Network\datasets\brisc2025\classification_task\test\meningioma\brisc2025_test_00439_me_co_t1.jpg,meningioma,meningioma,coronal,0.2426661,0.6243772,0.08130279,0.051653974,0.6243772,True,True,0.87023306,0.77038425,1044.0,843.0
d:\Research\Multi-View Fusion Network\datasets\brisc2025\classification_task\test\meningioma\brisc2025_test_00440_me_co_t1.jpg,meningioma,meningioma,coronal,0.22522956,0.5330912,0.14638087,0.09529837,0.5330912,True,True,0.8871951,0.7978142,163.0,164.0
d:\Research\Multi-View Fusion Network\datasets\brisc2025\classification_task\test\meningioma\brisc2025_test_00441_me_co_t1.jpg,meningioma,meningioma,coronal,0.13271913,0.5120042,0.2632999,0.09197676,0.5120042,True,True,0.97161573,0.94483733,669.0,704.0
d:\Research\Multi-View Fusion Network\datasets\brisc2025\classification_task\test\meningioma\brisc2025_test_00442_me_co_t1.jpg,meningioma,meningioma,coronal,0.13102682,0.50448924,0.267018,0.09746599,0.50448924,True,True,0.7937697,0.6581699,1065.0,1470.0
d:\Research\Multi-View Fusion Network\datasets\brisc2025\classification_task\test\meningioma\brisc2025_test_00443_me_co_t1.jpg,meningioma,meningioma,coronal,0.19162494,0.68651813,0.07246454,0.049392406,0.68651813,True,True,0.938447,0.8841355,529.0,526.0
d:\Research\Multi-View Fusion Network\datasets\brisc2025\classification_task\test\meningioma\brisc2025_test_00444_me_co_t1.jpg,meningioma,meningioma,coronal,0.1849962,0.66165835,0.08428488,0.06906056,0.66165835,True,True,0.8945055,0.8095238,210.0,244.0
d:\Research\Multi-View Fusion Network\datasets\brisc2025\classification_task\test\meningioma\brisc2025_test_00445_me_co_t1.jpg,meningioma,meningioma,coronal,0.20209575,0.5782131,0.1577277,0.06196341,0.5782131,True,True,0.9808844,0.9624944,2201.0,2140.0
d:\Research\Multi-View Fusion Network\datasets\brisc2025\classification_task\test\meningioma\brisc2025_test_00446_me_co_t1.jpg,meningioma,meningioma,coronal,0.17728178,0.5654673,0.19056743,0.06668348,0.5654673,True,True,0.9330244,0.8745067,1218.0,1155.0
d:\Research\Multi-View Fusion Network\datasets\brisc2025\classification_task\test\meningioma\brisc2025_test_00447_me_co_t1.jpg,meningioma,meningioma,coronal,0.16211666,0.671299,0.10809849,0.05848586,0.671299,True,True,0.97223324,0.94598764,1254.0,1266.0
d:\Research\Multi-View Fusion Network\datasets\brisc2025\classification_task\test\meningioma\brisc2025_test_00448_me_co_t1.jpg,meningioma,pituitary,coronal,0.052440662,0.096901596,0.8052297,0.045427956,0.8052297,False,True,0.9337562,0.87582564,691.0,727.0
d:\Research\Multi-View Fusion Network\datasets\brisc2025\classification_task\test\meningioma\brisc2025_test_00449_me_co_t1.jpg,meningioma,pituitary,coronal,0.12198447,0.32940957,0.4541133,0.09449269,0.4541133,False,True,0.74920887,0.5992415,478.0,785.0
d:\Research\Multi-View Fusion Network\datasets\brisc2025\classification_task\test\meningioma\brisc2025_test_00450_me_co_t1.jpg,meningioma,meningioma,coronal,0.23275374,0.47328502,0.20003489,0.09392629,0.47328502,True,True,0.9583181,0.92,1366.0,1368.0
d:\Research\Multi-View Fusion Network\datasets\brisc2025\classification_task\test\meningioma\brisc2025_test_00451_me_co_t1.jpg,meningioma,meningioma,coronal,0.1672847,0.6151974,0.14148825,0.076029606,0.6151974,True,True,0.944998,0.8957704,1221.0,1287.0
d:\Research\Multi-View Fusion Network\datasets\brisc2025\classification_task\test\meningioma\brisc2025_test_00452_me_co_t1.jpg,meningioma,meningioma,coronal,0.2081484,0.596153,0.13347515,0.06222344,0.596153,True,True,0.9221854,0.8558282,281.0,322.0
d:\Research\Multi-View Fusion Network\datasets\brisc2025\classification_task\test\meningioma\brisc2025_test_00453_me_co_t1.jpg,meningioma,meningioma,coronal,0.3644933,0.39449626,0.16839145,0.07261902,0.39449626,True,True,0.94293296,0.8920954,731.0,775.0
d:\Research\Multi-View Fusion Network\datasets\brisc2025\classification_task\test\meningioma\brisc2025_test_00454_me_co_t1.jpg,meningioma,meningioma,coronal,0.20038946,0.62949383,0.10226149,0.06785526,0.62949383,True,True,0.84418285,0.7305389,805.0,638.0
d:\Research\Multi-View Fusion Network\datasets\brisc2025\classification_task\test\meningioma\brisc2025_test_00455_me_co_t1.jpg,meningioma,pituitary,coronal,0.04956316,0.09525601,0.79912806,0.056052834,0.79912806,False,True,0.7123202,0.5533981,578.0,1020.0
d:\Research\Multi-View Fusion Network\datasets\brisc2025\classification_task\test\meningioma\brisc2025_test_00456_me_co_t1.jpg,meningioma,meningioma,coronal,0.09721297,0.44775575,0.3514475,0.103583775,0.44775575,True,True,0.83792543,0.7214485,259.0,357.0
d:\Research\Multi-View Fusion Network\datasets\brisc2025\classification_task\test\meningioma\brisc2025_test_00457_me_co_t1.jpg,meningioma,pituitary,coronal,0.07560589,0.33686253,0.50990564,0.07762592,0.50990564,False,True,0.91381496,0.8414918,369.0,419.0
d:\Research\Multi-View Fusion Network\datasets\brisc2025\classification_task\test\meningioma\brisc2025_test_00458_me_co_t1.jpg,meningioma,meningioma,coronal,0.20334402,0.3996865,0.32753134,0.06943814,0.3996865,True,True,0.92015857,0.8522013,817.0,948.0
d:\Research\Multi-View Fusion Network\datasets\brisc2025\classification_task\test\meningioma\brisc2025_test_00459_me_co_t1.jpg,meningioma,meningioma,coronal,0.3749785,0.4770357,0.0914002,0.056585647,0.4770357,True,True,0.9141385,0.84193885,800.0,946.0
d:\Research\Multi-View Fusion Network\datasets\brisc2025\classification_task\test\meningioma\brisc2025_test_00460_me_co_t1.jpg,meningioma,meningioma,coronal,0.12839471,0.5050908,0.28860122,0.077913366,0.5050908,True,True,0.602657,0.43177894,256.0,571.0
d:\Research\Multi-View Fusion Network\datasets\brisc2025\classification_task\test\meningioma\brisc2025_test_00461_me_co_t1.jpg,meningioma,meningioma,coronal,0.19712444,0.54414517,0.19518496,0.06354543,0.54414517,True,True,0.9732166,0.94784355,1904.0,1978.0
d:\Research\Multi-View Fusion Network\datasets\brisc2025\classification_task\test\meningioma\brisc2025_test_00462_me_co_t1.jpg,meningioma,meningioma,coronal,0.18966776,0.54735,0.18618098,0.07680127,0.54735,True,True,0.94580865,0.89721626,1786.0,1756.0
d:\Research\Multi-View Fusion Network\datasets\brisc2025\classification_task\test\meningioma\brisc2025_test_00463_me_co_t1.jpg,meningioma,meningioma,coronal,0.1241446,0.5150678,0.28306195,0.07772565,0.5150678,True,True,0.9122974,0.83887917,542.0,506.0
d:\Research\Multi-View Fusion Network\datasets\brisc2025\classification_task\test\meningioma\brisc2025_test_00464_me_co_t1.jpg,meningioma,meningioma,coronal,0.23713481,0.48517433,0.20028529,0.077405594,0.48517433,True,True,0.96579987,0.9338798,1813.0,1724.0
d:\Research\Multi-View Fusion Network\datasets\brisc2025\classification_task\test\meningioma\brisc2025_test_00465_me_co_t1.jpg,meningioma,meningioma,coronal,0.21746974,0.5792505,0.12774248,0.075537235,0.5792505,True,True,0.95951414,0.9222065,1346.0,1370.0
d:\Research\Multi-View Fusion Network\datasets\brisc2025\classification_task\test\meningioma\brisc2025_test_00466_me_co_t1.jpg,meningioma,meningioma,coronal,0.3280243,0.527648,0.08792087,0.056406792,0.527648,True,True,0.8832753,0.7912772,253.0,320.0
d:\Research\Multi-View Fusion Network\datasets\brisc2025\classification_task\test\meningioma\brisc2025_test_00467_me_co_t1.jpg,meningioma,pituitary,coronal,0.044664122,0.10701294,0.7741066,0.07421625,0.7741066,False,True,0.86989117,0.76979035,2266.0,1868.0
d:\Research\Multi-View Fusion Network\datasets\brisc2025\classification_task\test\meningioma\brisc2025_test_00468_me_co_t1.jpg,meningioma,meningioma,coronal,0.3725724,0.45961642,0.1064835,0.06132773,0.45961642,True,True,0.980942,0.96260685,1846.0,1826.0
d:\Research\Multi-View Fusion Network\datasets\brisc2025\classification_task\test\meningioma\brisc2025_test_00469_me_co_t1.jpg,meningioma,meningioma,coronal,0.19069709,0.6507554,0.0996505,0.058897,0.6507554,True,True,0.9596076,0.9223947,897.0,835.0
d:\Research\Multi-View Fusion Network\datasets\brisc2025\classification_task\test\meningioma\brisc2025_test_00470_me_co_t1.jpg,meningioma,meningioma,coronal,0.16702686,0.6628658,0.10820987,0.061897438,0.6628658,True,True,0.8791367,0.7846154,321.0,373.0
d:\Research\Multi-View Fusion Network\datasets\brisc2025\classification_task\test\meningioma\brisc2025_test_00471_me_co_t1.jpg,meningioma,pituitary,coronal,0.090499684,0.26716486,0.5691896,0.07314588,0.5691896,False,True,0.863197,0.75947714,591.0,753.0
d:\Research\Multi-View Fusion Network\datasets\brisc2025\classification_task\test\meningioma\brisc2025_test_00472_me_co_t1.jpg,meningioma,meningioma,coronal,0.14140496,0.6776591,0.09796031,0.08297561,0.6776591,True,True,0.95428574,0.91260505,1175.0,1099.0
d:\Research\Multi-View Fusion Network\datasets\brisc2025\classification_task\test\meningioma\brisc2025_test_00473_me_co_t1.jpg,meningioma,meningioma,coronal,0.108225584,0.49411702,0.31500143,0.08265592,0.49411702,True,True,0.97274816,0.946957,1733.0,1752.0
d:\Research\Multi-View Fusion Network\datasets\brisc2025\classification_task\test\meningioma\brisc2025_test_00474_me_co_t1.jpg,meningioma,meningioma,coronal,0.15819378,0.57978004,0.1791914,0.08283478,0.57978004,True,True,0.96460176,0.9316493,1265.0,1333.0
d:\Research\Multi-View Fusion Network\datasets\brisc2025\classification_task\test\meningioma\brisc2025_test_00475_me_co_t1.jpg,meningioma,meningioma,coronal,0.08834881,0.5644123,0.26135704,0.085881844,0.5644123,True,True,0.90784556,0.8314351,390.0,412.0
d:\Research\Multi-View Fusion Network\datasets\brisc2025\classification_task\test\meningioma\brisc2025_test_00476_me_co_t1.jpg,meningioma,pituitary,coronal,0.10298179,0.20651083,0.5949387,0.09556868,0.5949387,False,True,0.9724011,0.94633275,546.0,540.0
d:\Research\Multi-View Fusion Network\datasets\brisc2025\classification_task\test\meningioma\brisc2025_test_00477_me_co_t1.jpg,meningioma,glioma,coronal,0.47963896,0.35774514,0.0841256,0.0784903,0.47963896,False,True,0.9617061,0.926259,1566.0,1645.0
d:\Research\Multi-View Fusion Network\datasets\brisc2025\classification_task\test\meningioma\brisc2025_test_00478_me_sa_t1.jpg,meningioma,no_tumor,sagittal,0.07190407,0.13561966,0.13608399,0.6563923,0.6563923,False,True,0.8921961,0.8054176,1783.0,2214.0
d:\Research\Multi-View Fusion Network\datasets\brisc2025\classification_task\test\meningioma\brisc2025_test_00479_me_sa_t1.jpg,meningioma,meningioma,sagittal,0.17845723,0.4163461,0.1603199,0.24487677,0.4163461,True,True,0.90487987,0.8263229,1866.0,2170.0
d:\Research\Multi-View Fusion Network\datasets\brisc2025\classification_task\test\meningioma\brisc2025_test_00480_me_sa_t1.jpg,meningioma,meningioma,sagittal,0.07919991,0.41639864,0.27388212,0.23051928,0.41639864,True,True,0.9623439,0.92743427,2678.0,2526.0
d:\Research\Multi-View Fusion Network\datasets\brisc2025\classification_task\test\meningioma\brisc2025_test_00481_me_sa_t1.jpg,meningioma,meningioma,sagittal,0.16790125,0.37744868,0.35328406,0.10136596,0.37744868,True,True,0.9364109,0.8804598,1615.0,1655.0
d:\Research\Multi-View Fusion Network\datasets\brisc2025\classification_task\test\meningioma\brisc2025_test_00482_me_sa_t1.jpg,meningioma,pituitary,sagittal,0.10539455,0.19646478,0.54260564,0.15553504,0.54260564,False,True,0.8888332,0.8,887.0,1109.0
d:\Research\Multi-View Fusion Network\datasets\brisc2025\classification_task\test\meningioma\brisc2025_test_00483_me_sa_t1.jpg,meningioma,meningioma,sagittal,0.103320956,0.46057194,0.253546,0.18256104,0.46057194,True,True,0.7753497,0.6333809,443.0,700.0
d:\Research\Multi-View Fusion Network\datasets\brisc2025\classification_task\test\meningioma\brisc2025_test_00484_me_sa_t1.jpg,meningioma,glioma,sagittal,0.5370601,0.09346386,0.119658895,0.24981712,0.5370601,False,True,0.9503515,0.9054393,1116.0,1159.0
d:\Research\Multi-View Fusion Network\datasets\brisc2025\classification_task\test\meningioma\brisc2025_test_00485_me_sa_t1.jpg,meningioma,glioma,sagittal,0.54509586,0.15063035,0.1582065,0.14606725,0.54509586,False,True,0.95431757,0.91267306,900.0,894.0
d:\Research\Multi-View Fusion Network\datasets\brisc2025\classification_task\test\meningioma\brisc2025_test_00486_me_sa_t1.jpg,meningioma,pituitary,sagittal,0.21297447,0.332489,0.3467906,0.107745916,0.3467906,False,True,0.9481233,0.9013921,1649.0,1627.0
d:\Research\Multi-View Fusion Network\datasets\brisc2025\classification_task\test\meningioma\brisc2025_test_00487_me_sa_t1.jpg,meningioma,pituitary,sagittal,0.2572147,0.2509498,0.32802022,0.16381526,0.32802022,False,True,0.7841226,0.6450382,857.0,1296.0
d:\Research\Multi-View Fusion Network\datasets\brisc2025\classification_task\test\meningioma\brisc2025_test_00488_me_sa_t1.jpg,meningioma,no_tumor,sagittal,0.25034088,0.20345116,0.16359738,0.3826106,0.3826106,False,True,0.9680647,0.9381188,2291.0,2405.0
d:\Research\Multi-View Fusion Network\datasets\brisc2025\classification_task\test\meningioma\brisc2025_test_00489_me_sa_t1.jpg,meningioma,meningioma,sagittal,0.11430495,0.5043371,0.2905371,0.09082089,0.5043371,True,True,0.9581846,0.9197652,973.0,987.0
d:\Research\Multi-View Fusion Network\datasets\brisc2025\classification_task\test\meningioma\brisc2025_test_00490_me_sa_t1.jpg,meningioma,glioma,sagittal,0.30364168,0.18823646,0.2632214,0.2449005,0.30364168,False,True,0.9669161,0.9359756,1276.0,1262.0
d:\Research\Multi-View Fusion Network\datasets\brisc2025\classification_task\test\meningioma\brisc2025_test_00491_me_sa_t1.jpg,meningioma,glioma,sagittal,0.5604661,0.13073893,0.14198506,0.16680987,0.5604661,False,True,0.6979366,0.5360993,1714.0,2986.0
d:\Research\Multi-View Fusion Network\datasets\brisc2025\classification_task\test\meningioma\brisc2025_test_00492_me_sa_t1.jpg,meningioma,glioma,sagittal,0.40919682,0.18222395,0.113629855,0.29494938,0.40919682,False,True,0.9712497,0.944119,2165.0,2147.0
d:\Research\Multi-View Fusion Network\datasets\brisc2025\classification_task\test\meningioma\brisc2025_test_00493_me_sa_t1.jpg,meningioma,meningioma,sagittal,0.08253443,0.4485798,0.318557,0.15032879,0.4485798,True,True,0.88063776,0.786759,3870.0,3091.0
d:\Research\Multi-View Fusion Network\datasets\brisc2025\classification_task\test\meningioma\brisc2025_test_00494_me_sa_t1.jpg,meningioma,meningioma,sagittal,0.16886449,0.60204774,0.16600314,0.06308464,0.60204774,True,True,0.97249883,0.94649446,1032.0,1076.0
d:\Research\Multi-View Fusion Network\datasets\brisc2025\classification_task\test\meningioma\brisc2025_test_00495_me_sa_t1.jpg,meningioma,meningioma,sagittal,0.28857177,0.59865177,0.067726724,0.045049686,0.59865177,True,True,0.8801598,0.7860539,1025.0,1227.0
d:\Research\Multi-View Fusion Network\datasets\brisc2025\classification_task\test\meningioma\brisc2025_test_00496_me_sa_t1.jpg,meningioma,meningioma,sagittal,0.24554022,0.51334524,0.1575584,0.08355615,0.51334524,True,True,0.8974468,0.8140432,1172.0,1177.0
d:\Research\Multi-View Fusion Network\datasets\brisc2025\classification_task\test\meningioma\brisc2025_test_00497_me_sa_t1.jpg,meningioma,meningioma,sagittal,0.14839654,0.5965991,0.16774526,0.08725912,0.5965991,True,True,0.9634226,0.929471,758.0,772.0
d:\Research\Multi-View Fusion Network\datasets\brisc2025\classification_task\test\meningioma\brisc2025_test_00498_me_sa_t1.jpg,meningioma,meningioma,sagittal,0.13610272,0.5857439,0.19899759,0.07915578,0.5857439,True,True,0.9746686,0.9506031,1733.0,1661.0
d:\Research\Multi-View Fusion Network\datasets\brisc2025\classification_task\test\meningioma\brisc2025_test_00499_me_sa_t1.jpg,meningioma,meningioma,sagittal,0.12160673,0.4326094,0.35403502,0.09174877,0.4326094,True,True,0.94885176,0.9027778,487.0,470.0
d:\Research\Multi-View Fusion Network\datasets\brisc2025\classification_task\test\meningioma\brisc2025_test_00500_me_sa_t1.jpg,meningioma,pituitary,sagittal,0.06403323,0.16150112,0.69585717,0.078608535,0.69585717,False,True,0.5720588,0.40123457,201.0,478.0
d:\Research\Multi-View Fusion Network\datasets\brisc2025\classification_task\test\meningioma\brisc2025_test_00501_me_sa_t1.jpg,meningioma,pituitary,sagittal,0.13906127,0.37856185,0.41678515,0.06559174,0.41678515,False,True,0.9811213,0.962963,876.0,871.0
d:\Research\Multi-View Fusion Network\datasets\brisc2025\classification_task\test\meningioma\brisc2025_test_00502_me_sa_t1.jpg,meningioma,pituitary,sagittal,0.088054396,0.37988508,0.43511525,0.096945226,0.43511525,False,True,0.8331015,0.71428573,308.0,410.0
d:\Research\Multi-View Fusion Network\datasets\brisc2025\classification_task\test\meningioma\brisc2025_test_00503_me_sa_t1.jpg,meningioma,pituitary,sagittal,0.13247398,0.37362456,0.4093457,0.08455579,0.4093457,False,True,0.7066069,0.5467128,320.0,572.0
d:\Research\Multi-View Fusion Network\datasets\brisc2025\classification_task\test\meningioma\brisc2025_test_00504_me_sa_t1.jpg,meningioma,meningioma,sagittal,0.42230248,0.43592057,0.07410533,0.067671634,0.43592057,True,True,0.7996633,0.6666667,252.0,341.0
d:\Research\Multi-View Fusion Network\datasets\brisc2025\classification_task\test\meningioma\brisc2025_test_00505_me_sa_t1.jpg,meningioma,meningioma,sagittal,0.19162475,0.54909605,0.17064276,0.08863643,0.54909605,True,True,0.8795315,0.78507465,804.0,988.0
d:\Research\Multi-View Fusion Network\datasets\brisc2025\classification_task\test\meningioma\brisc2025_test_00506_me_sa_t1.jpg,meningioma,meningioma,sagittal,0.2150384,0.40986842,0.31226853,0.062824674,0.40986842,True,True,0.9181957,0.84887004,613.0,694.0
d:\Research\Multi-View Fusion Network\datasets\brisc2025\classification_task\test\meningioma\brisc2025_test_00507_me_sa_t1.jpg,meningioma,meningioma,sagittal,0.20770228,0.43922293,0.28154856,0.07152633,0.43922293,True,True,0.9231385,0.8573551,585.0,663.0
d:\Research\Multi-View Fusion Network\datasets\brisc2025\classification_task\test\meningioma\brisc2025_test_00508_me_sa_t1.jpg,meningioma,pituitary,sagittal,0.040036354,0.04895785,0.8699199,0.04108597,0.8699199,False,True,0.9404223,0.88762444,627.0,698.0
d:\Research\Multi-View Fusion Network\datasets\brisc2025\classification_task\test\meningioma\brisc2025_test_00509_me_sa_t1.jpg,meningioma,meningioma,sagittal,0.21172325,0.4358621,0.25079155,0.10162313,0.4358621,True,True,0.91643256,0.84585494,708.0,715.0
d:\Research\Multi-View Fusion Network\datasets\brisc2025\classification_task\test\meningioma\brisc2025_test_00510_me_sa_t1.jpg,meningioma,meningioma,sagittal,0.23566839,0.61262184,0.081345454,0.07036425,0.61262184,True,True,0.9687181,0.939354,1475.0,1465.0
d:\Research\Multi-View Fusion Network\datasets\brisc2025\classification_task\test\meningioma\brisc2025_test_00511_me_sa_t1.jpg,meningioma,meningioma,sagittal,0.191761,0.65893495,0.07190119,0.07740282,0.65893495,True,True,0.9706943,0.94308233,1110.0,1107.0
d:\Research\Multi-View Fusion Network\datasets\brisc2025\classification_task\test\meningioma\brisc2025_test_00512_me_sa_t1.jpg,meningioma,meningioma,sagittal,0.40505087,0.4821856,0.061542954,0.051220592,0.4821856,True,True,0.9186047,0.8495868,529.0,588.0
d:\Research\Multi-View Fusion Network\datasets\brisc2025\classification_task\test\meningioma\brisc2025_test_00513_me_sa_t1.jpg,meningioma,meningioma,sagittal,0.17290786,0.5947317,0.14767943,0.08468103,0.5947317,True,True,0.52686566,0.35829958,176.0,493.0
d:\Research\Multi-View Fusion Network\datasets\brisc2025\classification_task\test\meningioma\brisc2025_test_00514_me_sa_t1.jpg,meningioma,pituitary,sagittal,0.085492745,0.30480486,0.533254,0.076448336,0.533254,False,True,0.9636584,0.92990655,823.0,827.0
d:\Research\Multi-View Fusion Network\datasets\brisc2025\classification_task\test\meningioma\brisc2025_test_00515_me_sa_t1.jpg,meningioma,pituitary,sagittal,0.11130845,0.26966834,0.54043984,0.078583404,0.54043984,False,True,0.9670469,0.9362224,1161.0,1205.0
d:\Research\Multi-View Fusion Network\datasets\brisc2025\classification_task\test\meningioma\brisc2025_test_00516_me_sa_t1.jpg,meningioma,meningioma,sagittal,0.15239246,0.56897813,0.18678354,0.09184584,0.56897813,True,True,0.96510154,0.93259805,776.0,799.0
d:\Research\Multi-View Fusion Network\datasets\brisc2025\classification_task\test\meningioma\brisc2025_test_00517_me_sa_t1.jpg,meningioma,meningioma,sagittal,0.23985422,0.6108466,0.07796438,0.07133484,0.6108466,True,True,0.8218391,0.6978558,410.0,459.0
d:\Research\Multi-View Fusion Network\datasets\brisc2025\classification_task\test\meningioma\brisc2025_test_00518_me_sa_t1.jpg,meningioma,meningioma,sagittal,0.16603965,0.48611504,0.25897074,0.08887461,0.48611504,True,True,0.97019035,0.9421193,2166.0,2194.0
d:\Research\Multi-View Fusion Network\datasets\brisc2025\classification_task\test\meningioma\brisc2025_test_00519_me_sa_t1.jpg,meningioma,meningioma,sagittal,0.14054333,0.57322454,0.2104147,0.075817436,0.57322454,True,True,0.95424527,0.9125338,1046.0,1073.0
d:\Research\Multi-View Fusion Network\datasets\brisc2025\classification_task\test\meningioma\brisc2025_test_00520_me_sa_t1.jpg,meningioma,meningioma,sagittal,0.2783431,0.56737065,0.0985461,0.055740125,0.56737065,True,True,0.8649144,0.7621098,708.0,927.0
d:\Research\Multi-View Fusion Network\datasets\brisc2025\classification_task\test\meningioma\brisc2025_test_00521_me_sa_t1.jpg,meningioma,meningioma,sagittal,0.123206615,0.40994015,0.3037505,0.16310275,0.40994015,True,True,0.7708333,0.62801933,137.0,198.0
d:\Research\Multi-View Fusion Network\datasets\brisc2025\classification_task\test\meningioma\brisc2025_test_00522_me_sa_t1.jpg,meningioma,meningioma,sagittal,0.16090617,0.4466688,0.30549538,0.08692961,0.4466688,True,True,0.9284141,0.86652976,436.0,471.0
d:\Research\Multi-View Fusion Network\datasets\brisc2025\classification_task\test\meningioma\brisc2025_test_00523_me_sa_t1.jpg,meningioma,pituitary,sagittal,0.09276713,0.27272433,0.5491725,0.08533598,0.5491725,False,True,0.8974359,0.8141809,341.0,399.0
d:\Research\Multi-View Fusion Network\datasets\brisc2025\classification_task\test\meningioma\brisc2025_test_00524_me_sa_t1.jpg,meningioma,glioma,sagittal,0.64701027,0.2686625,0.048879314,0.035447948,0.64701027,False,True,0.9132043,0.84031415,1660.0,1853.0
d:\Research\Multi-View Fusion Network\datasets\brisc2025\classification_task\test\meningioma\brisc2025_test_00525_me_sa_t1.jpg,meningioma,meningioma,sagittal,0.33248937,0.5412669,0.05990384,0.066339895,0.5412669,True,True,0.9573269,0.91816777,1902.0,1823.0
d:\Research\Multi-View Fusion Network\datasets\brisc2025\classification_task\test\meningioma\brisc2025_test_00526_me_sa_t1.jpg,meningioma,meningioma,sagittal,0.17525531,0.42630702,0.29884803,0.09958965,0.42630702,True,True,0.83652616,0.71929824,373.0,409.0
d:\Research\Multi-View Fusion Network\datasets\brisc2025\classification_task\test\meningioma\brisc2025_test_00527_me_sa_t1.jpg,meningioma,meningioma,sagittal,0.10996658,0.5730973,0.24139422,0.075541966,0.5730973,True,True,0.8912,0.8040346,294.0,330.0
d:\Research\Multi-View Fusion Network\datasets\brisc2025\classification_task\test\meningioma\brisc2025_test_00528_me_sa_t1.jpg,meningioma,meningioma,sagittal,0.20138955,0.39382055,0.3411563,0.0636336,0.39382055,True,True,0.9093484,0.8338525,906.0,858.0
d:\Research\Multi-View Fusion Network\datasets\brisc2025\classification_task\test\meningioma\brisc2025_test_00529_me_sa_t1.jpg,meningioma,meningioma,sagittal,0.10252282,0.5337821,0.2627617,0.10093334,0.5337821,True,True,0.9570248,0.9176346,935.0,879.0
d:\Research\Multi-View Fusion Network\datasets\brisc2025\classification_task\test\meningioma\brisc2025_test_00530_me_sa_t1.jpg,meningioma,meningioma,sagittal,0.23575492,0.6193144,0.08805216,0.056878522,0.6193144,True,True,0.9746147,0.95053005,547.0,555.0
d:\Research\Multi-View Fusion Network\datasets\brisc2025\classification_task\test\meningioma\brisc2025_test_00531_me_sa_t1.jpg,meningioma,meningioma,sagittal,0.1909677,0.6468244,0.093229406,0.068978414,0.6468244,True,True,0.783683,0.64444447,840.0,1304.0
d:\Research\Multi-View Fusion Network\datasets\brisc2025\classification_task\test\meningioma\brisc2025_test_00532_me_sa_t1.jpg,meningioma,pituitary,sagittal,0.11660705,0.36661693,0.44984692,0.06692911,0.44984692,False,True,0.9622742,0.9273286,941.0,940.0
d:\Research\Multi-View Fusion Network\datasets\brisc2025\classification_task\test\meningioma\brisc2025_test_00533_me_sa_t1.jpg,meningioma,glioma,sagittal,0.4796874,0.27951753,0.17195895,0.06883611,0.4796874,False,True,0.9313037,0.87153286,621.0,659.0
d:\Research\Multi-View Fusion Network\datasets\brisc2025\classification_task\test\meningioma\brisc2025_test_00534_me_sa_t1.jpg,meningioma,pituitary,sagittal,0.093431465,0.1246256,0.7320303,0.04991268,0.7320303,False,True,0.77603143,0.63414633,987.0,1557.0
d:\Research\Multi-View Fusion Network\datasets\brisc2025\classification_task\test\meningioma\brisc2025_test_00535_me_sa_t1.jpg,meningioma,meningioma,sagittal,0.16385697,0.5109138,0.22955893,0.095670305,0.5109138,True,True,0.90582526,0.8280142,482.0,547.0
d:\Research\Multi-View Fusion Network\datasets\brisc2025\classification_task\test\meningioma\brisc2025_test_00536_me_sa_t1.jpg,meningioma,pituitary,sagittal,0.31100985,0.29909527,0.32733107,0.06256381,0.32733107,False,True,0.9673743,0.9368239,2265.0,2209.0
d:\Research\Multi-View Fusion Network\datasets\brisc2025\classification_task\test\meningioma\brisc2025_test_00537_me_sa_t1.jpg,meningioma,meningioma,sagittal,0.23877957,0.53862387,0.1358202,0.08677633,0.53862387,True,True,0.97231674,0.9461369,2233.0,2173.0
d:\Research\Multi-View Fusion Network\datasets\brisc2025\classification_task\test\meningioma\brisc2025_test_00538_me_sa_t1.jpg,meningioma,meningioma,sagittal,0.13509203,0.6524036,0.12536749,0.08713684,0.6524036,True,True,0.9246894,0.86002886,622.0,665.0
d:\Research\Multi-View Fusion Network\datasets\brisc2025\classification_task\test\meningioma\brisc2025_test_00539_me_sa_t1.jpg,meningioma,meningioma,sagittal,0.2568451,0.46440563,0.18649508,0.092254154,0.46440563,True,True,0.94152457,0.88954633,1433.0,1439.0
d:\Research\Multi-View Fusion Network\datasets\brisc2025\classification_task\test\meningioma\brisc2025_test_00540_me_sa_t1.jpg,meningioma,meningioma,sagittal,0.212044,0.44351166,0.28030038,0.064143986,0.44351166,True,True,0.96546227,0.933242,2906.0,2739.0
d:\Research\Multi-View Fusion Network\datasets\brisc2025\classification_task\test\meningioma\brisc2025_test_00541_me_sa_t1.jpg,meningioma,pituitary,sagittal,0.10226646,0.27241266,0.56928355,0.056037392,0.56928355,False,True,0.7261843,0.5702614,1204.0,716.0
d:\Research\Multi-View Fusion Network\datasets\brisc2025\classification_task\test\meningioma\brisc2025_test_00542_me_sa_t1.jpg,meningioma,meningioma,sagittal,0.108469225,0.43789288,0.29593167,0.15770625,0.43789288,True,True,0.9186992,0.8498498,304.0,310.0
d:\Research\Multi-View Fusion Network\datasets\brisc2025\classification_task\test\meningioma\brisc2025_test_00543_me_sa_t1.jpg,meningioma,glioma,sagittal,0.47263438,0.40903094,0.060265016,0.058069605,0.47263438,False,True,0.8103785,0.6813115,1038.0,1524.0
d:\Research\Multi-View Fusion Network\datasets\brisc2025\classification_task\test\meningioma\brisc2025_test_00544_me_sa_t1.jpg,meningioma,pituitary,sagittal,0.078969255,0.16903502,0.6855294,0.06646632,0.6855294,False,True,0.8742633,0.77700347,231.0,277.0
d:\Research\Multi-View Fusion Network\datasets\brisc2025\classification_task\test\meningioma\brisc2025_test_00545_me_sa_t1.jpg,meningioma,pituitary,sagittal,0.06721181,0.2466923,0.6156586,0.07043736,0.6156586,False,True,0.85720146,0.75017947,1054.0,1382.0
d:\Research\Multi-View Fusion Network\datasets\brisc2025\classification_task\test\meningioma\brisc2025_test_00546_me_sa_t1.jpg,meningioma,meningioma,sagittal,0.3786565,0.516048,0.055626556,0.049668927,0.516048,True,True,0.96092564,0.9248175,1293.0,1342.0
d:\Research\Multi-View Fusion Network\datasets\brisc2025\classification_task\test\meningioma\brisc2025_test_00547_me_sa_t1.jpg,meningioma,meningioma,sagittal,0.19678716,0.6526868,0.094488695,0.056037392,0.6526868,True,True,0.97962487,0.96007603,1552.0,1539.0
d:\Research\Multi-View Fusion Network\datasets\brisc2025\classification_task\test\meningioma\brisc2025_test_00548_me_sa_t1.jpg,meningioma,meningioma,sagittal,0.19091786,0.56402314,0.16887566,0.0761833,0.56402314,True,True,0.9232724,0.85754716,951.0,1016.0
d:\Research\Multi-View Fusion Network\datasets\brisc2025\classification_task\test\meningioma\brisc2025_test_00549_me_sa_t1.jpg,meningioma,glioma,sagittal,0.43586177,0.42431226,0.07746189,0.062364064,0.43586177,False,True,0.9662096,0.93465906,995.0,1046.0
d:\Research\Multi-View Fusion Network\datasets\brisc2025\classification_task\test\meningioma\brisc2025_test_00550_me_sa_t1.jpg,meningioma,meningioma,sagittal,0.1319213,0.5104195,0.25196755,0.10569165,0.5104195,True,True,0.9080146,0.83166665,552.0,545.0
d:\Research\Multi-View Fusion Network\datasets\brisc2025\classification_task\test\meningioma\brisc2025_test_00551_me_sa_t1.jpg,meningioma,pituitary,sagittal,0.11679835,0.3711844,0.43523175,0.07678547,0.43523175,False,True,0.9791432,0.95916116,889.0,884.0
d:\Research\Multi-View Fusion Network\datasets\brisc2025\classification_task\test\meningioma\brisc2025_test_00552_me_sa_t1.jpg,meningioma,meningioma,sagittal,0.15206227,0.43818435,0.33695334,0.07280013,0.43818435,True,True,0.8330893,0.71428573,298.0,384.0
d:\Research\Multi-View Fusion Network\datasets\brisc2025\classification_task\test\meningioma\brisc2025_test_00553_me_sa_t1.jpg,meningioma,meningioma,sagittal,0.09584192,0.6927904,0.13371463,0.07765306,0.6927904,True,True,0.94574064,0.89711934,913.0,929.0
d:\Research\Multi-View Fusion Network\datasets\brisc2025\classification_task\test\meningioma\brisc2025_test_00554_me_sa_t1.jpg,meningioma,meningioma,sagittal,0.12478782,0.5718242,0.21286805,0.09051993,0.5718242,True,True,0.98050064,0.9617571,1874.0,1920.0
d:\Research\Multi-View Fusion Network\datasets\brisc2025\classification_task\test\meningioma\brisc2025_test_00555_me_sa_t1.jpg,meningioma,pituitary,sagittal,0.084183075,0.105177574,0.77488947,0.03574994,0.77488947,False,True,0.89064306,0.8029146,1214.0,1382.0
d:\Research\Multi-View Fusion Network\datasets\brisc2025\classification_task\test\meningioma\brisc2025_test_00556_me_sa_t1.jpg,meningioma,pituitary,sagittal,0.056458607,0.18795843,0.6556691,0.09991388,0.6556691,False,True,0.7992674,0.6658537,555.0,809.0
d:\Research\Multi-View Fusion Network\datasets\brisc2025\classification_task\test\meningioma\brisc2025_test_00557_me_sa_t1.jpg,meningioma,meningioma,sagittal,0.21310584,0.57728755,0.12219353,0.0874131,0.57728755,True,True,0.9508816,0.9064748,377.0,416.0
d:\Research\Multi-View Fusion Network\datasets\brisc2025\classification_task\test\meningioma\brisc2025_test_00558_me_sa_t1.jpg,meningioma,pituitary,sagittal,0.061129387,0.1935114,0.6840505,0.06130874,0.6840505,False,True,0.8672986,0.76666665,101.0,109.0
d:\Research\Multi-View Fusion Network\datasets\brisc2025\classification_task\test\meningioma\brisc2025_test_00559_me_sa_t1.jpg,meningioma,meningioma,sagittal,0.18607625,0.63632524,0.11932866,0.05826985,0.63632524,True,True,0.7237624,0.5674419,365.0,644.0
d:\Research\Multi-View Fusion Network\datasets\brisc2025\classification_task\test\meningioma\brisc2025_test_00560_me_sa_t1.jpg,meningioma,meningioma,sagittal,0.19402322,0.60125566,0.117932685,0.08678844,0.60125566,True,True,0.9594298,0.92205054,1393.0,1342.0
d:\Research\Multi-View Fusion Network\datasets\brisc2025\classification_task\test\no_tumor\brisc2025_test_00561_no_ax_t1.jpg,no_tumor,no_tumor,axial,0.0704607,0.09467645,0.12219183,0.71267104,0.71267104,True,True,0.0014684288,0.0014684288,0.0,680.0
d:\Research\Multi-View Fusion Network\datasets\brisc2025\classification_task\test\no_tumor\brisc2025_test_00562_no_ax_t1.jpg,no_tumor,no_tumor,axial,0.083239384,0.117673285,0.25177404,0.5473133,0.5473133,True,True,0.002770083,0.002770083,0.0,360.0
d:\Research\Multi-View Fusion Network\datasets\brisc2025\classification_task\test\no_tumor\brisc2025_test_00563_no_ax_t1.jpg,no_tumor,no_tumor,axial,0.047307193,0.07460659,0.11009999,0.7679862,0.7679862,True,True,0.00083194673,0.00083194673,0.0,1201.0
d:\Research\Multi-View Fusion Network\datasets\brisc2025\classification_task\test\no_tumor\brisc2025_test_00564_no_ax_t1.jpg,no_tumor,no_tumor,axial,0.11507693,0.31913698,0.19864102,0.36714506,0.36714506,True,True,1.0,1.0,0.0,0.0
d:\Research\Multi-View Fusion Network\datasets\brisc2025\classification_task\test\no_tumor\brisc2025_test_00565_no_ax_t1.jpg,no_tumor,no_tumor,axial,0.037006676,0.05876231,0.06770109,0.83652997,0.83652997,True,True,0.0006973501,0.0006973501,0.0,1433.0
d:\Research\Multi-View Fusion Network\datasets\brisc2025\classification_task\test\no_tumor\brisc2025_test_00566_no_ax_t1.jpg,no_tumor,no_tumor,axial,0.047223646,0.077972755,0.09075967,0.7840439,0.7840439,True,True,0.002202643,0.002202643,0.0,453.0
d:\Research\Multi-View Fusion Network\datasets\brisc2025\classification_task\test\no_tumor\brisc2025_test_00567_no_ax_t1.jpg,no_tumor,no_tumor,axial,0.036099114,0.062160842,0.11005876,0.7916813,0.7916813,True,True,0.00078554597,0.00078554597,0.0,1272.0
d:\Research\Multi-View Fusion Network\datasets\brisc2025\classification_task\test\no_tumor\brisc2025_test_00568_no_ax_t1.jpg,no_tumor,no_tumor,axial,0.03742468,0.06359938,0.07501161,0.82396436,0.82396436,True,True,0.00096061477,0.00096061477,0.0,1040.0
d:\Research\Multi-View Fusion Network\datasets\brisc2025\classification_task\test\no_tumor\brisc2025_test_00569_no_ax_t1.jpg,no_tumor,no_tumor,axial,0.03713568,0.066785924,0.052523356,0.84355503,0.84355503,True,True,0.0019305019,0.0019305019,0.0,517.0
d:\Research\Multi-View Fusion Network\datasets\brisc2025\classification_task\test\no_tumor\brisc2025_test_00570_no_ax_t1.jpg,no_tumor,no_tumor,axial,0.035539646,0.058338035,0.04926968,0.85685265,0.85685265,True,True,1.0,1.0,0.0,0.0
d:\Research\Multi-View Fusion Network\datasets\brisc2025\classification_task\test\no_tumor\brisc2025_test_00571_no_ax_t1.jpg,no_tumor,no_tumor,axial,0.03987465,0.07391593,0.059074964,0.8271345,0.8271345,True,True,0.00862069,0.00862069,0.0,115.0
d:\Research\Multi-View Fusion Network\datasets\brisc2025\classification_task\test\no_tumor\brisc2025_test_00572_no_ax_t1.jpg,no_tumor,no_tumor,axial,0.041848574,0.055711716,0.046982743,0.855457,0.855457,True,True,1.0,1.0,0.0,0.0
d:\Research\Multi-View Fusion Network\datasets\brisc2025\classification_task\test\no_tumor\brisc2025_test_00573_no_ax_t1.jpg,no_tumor,no_tumor,axial,0.047723886,0.08907293,0.059161782,0.8040414,0.8040414,True,True,0.0028735632,0.0028735632,0.0,347.0
d:\Research\Multi-View Fusion Network\datasets\brisc2025\classification_task\test\no_tumor\brisc2025_test_00574_no_ax_t1.jpg,no_tumor,no_tumor,axial,0.039235048,0.060354438,0.05742213,0.84298843,0.84298843,True,True,0.002770083,0.002770083,0.0,360.0
d:\Research\Multi-View Fusion Network\datasets\brisc2025\classification_task\test\no_tumor\brisc2025_test_00575_no_ax_t1.jpg,no_tumor,no_tumor,axial,0.03740504,0.056924585,0.045141123,0.86052924,0.86052924,True,True,0.0011750881,0.0011750881,0.0,850.0
d:\Research\Multi-View Fusion Network\datasets\brisc2025\classification_task\test\no_tumor\brisc2025_test_00576_no_ax_t1.jpg,no_tumor,no_tumor,axial,0.042408366,0.060333334,0.04712551,0.8501328,0.8501328,True,True,0.0015082957,0.0015082957,0.0,662.0
d:\Research\Multi-View Fusion Network\datasets\brisc2025\classification_task\test\no_tumor\brisc2025_test_00577_no_ax_t1.jpg,no_tumor,no_tumor,axial,0.03812011,0.057420984,0.04695727,0.8575017,0.8575017,True,True,0.0060975607,0.0060975607,0.0,163.0
d:\Research\Multi-View Fusion Network\datasets\brisc2025\classification_task\test\no_tumor\brisc2025_test_00578_no_ax_t1.jpg,no_tumor,no_tumor,axial,0.035847176,0.057032444,0.0453815,0.86173886,0.86173886,True,True,0.14285715,0.14285715,0.0,6.0
d:\Research\Multi-View Fusion Network\datasets\brisc2025\classification_task\test\no_tumor\brisc2025_test_00579_no_ax_t1.jpg,no_tumor,no_tumor,axial,0.04275771,0.05953737,0.0447441,0.85296077,0.85296077,True,True,0.002283105,0.002283105,0.0,437.0
d:\Research\Multi-View Fusion Network\datasets\brisc2025\classification_task\test\no_tumor\brisc2025_test_00580_no_ax_t1.jpg,no_tumor,no_tumor,axial,0.040734608,0.063245215,0.051871903,0.8441482,0.8441482,True,True,1.0,1.0,0.0,0.0
d:\Research\Multi-View Fusion Network\datasets\brisc2025\classification_task\test\no_tumor\brisc2025_test_00581_no_ax_t1.jpg,no_tumor,no_tumor,axial,0.043388203,0.07177997,0.053264264,0.8315675,0.8315675,True,True,1.0,1.0,0.0,0.0
d:\Research\Multi-View Fusion Network\datasets\brisc2025\classification_task\test\no_tumor\brisc2025_test_00582_no_ax_t1.jpg,no_tumor,no_tumor,axial,0.043403026,0.053543266,0.049810432,0.85324335,0.85324335,True,True,0.0031152647,0.0031152647,0.0,320.0
d:\Research\Multi-View Fusion Network\datasets\brisc2025\classification_task\test\no_tumor\brisc2025_test_00583_no_ax_t1.jpg,no_tumor,no_tumor,axial,0.045884866,0.06575914,0.044278126,0.8440779,0.8440779,True,True,0.001270648,0.001270648,0.0,786.0
d:\Research\Multi-View Fusion Network\datasets\brisc2025\classification_task\test\no_tumor\brisc2025_test_00584_no_ax_t1.jpg,no_tumor,no_tumor,axial,0.06840138,0.070263214,0.050116874,0.8112185,0.8112185,True,True,0.0016447369,0.0016447369,0.0,607.0
d:\Research\Multi-View Fusion Network\datasets\brisc2025\classification_task\test\no_tumor\brisc2025_test_00585_no_ax_t1.jpg,no_tumor,no_tumor,axial,0.038558446,0.066395685,0.04777634,0.84726954,0.84726954,True,True,1.0,1.0,0.0,0.0
d:\Research\Multi-View Fusion Network\datasets\brisc2025\classification_task\test\no_tumor\brisc2025_test_00586_no_ax_t1.jpg,no_tumor,no_tumor,axial,0.112673506,0.15493038,0.09187168,0.64052445,0.64052445,True,True,0.0033333334,0.0033333334,0.0,299.0
d:\Research\Multi-View Fusion Network\datasets\brisc2025\classification_task\test\no_tumor\brisc2025_test_00587_no_ax_t1.jpg,no_tumor,no_tumor,axial,0.037825987,0.05770591,0.04186955,0.86259854,0.86259854,True,True,0.004464286,0.004464286,0.0,223.0
d:\Research\Multi-View Fusion Network\datasets\brisc2025\classification_task\test\no_tumor\brisc2025_test_00588_no_ax_t1.jpg,no_tumor,no_tumor,axial,0.07016191,0.16034755,0.061226197,0.7082643,0.7082643,True,True,0.05263158,0.05263158,0.0,18.0
d:\Research\Multi-View Fusion Network\datasets\brisc2025\classification_task\test\no_tumor\brisc2025_test_00589_no_ax_t1.jpg,no_tumor,no_tumor,axial,0.2239517,0.27551994,0.09497337,0.40555507,0.40555507,True,True,1.0,1.0,0.0,0.0
d:\Research\Multi-View Fusion Network\datasets\brisc2025\classification_task\test\no_tumor\brisc2025_test_00590_no_ax_t1.jpg,no_tumor,no_tumor,axial,0.1499853,0.19821371,0.07783034,0.5739706,0.5739706,True,True,1.0,1.0,0.0,0.0
d:\Research\Multi-View Fusion Network\datasets\brisc2025\classification_task\test\no_tumor\brisc2025_test_00591_no_ax_t1.jpg,no_tumor,no_tumor,axial,0.04705947,0.061227456,0.039032724,0.8526804,0.8526804,True,True,0.00097276265,0.00097276265,0.0,1027.0
d:\Research\Multi-View Fusion Network\datasets\brisc2025\classification_task\test\no_tumor\brisc2025_test_00592_no_ax_t1.jpg,no_tumor,no_tumor,axial,0.090359405,0.18658608,0.1031433,0.6199112,0.6199112,True,True,0.002,0.002,0.0,499.0
d:\Research\Multi-View Fusion Network\datasets\brisc2025\classification_task\test\no_tumor\brisc2025_test_00593_no_ax_t1.jpg,no_tumor,no_tumor,axial,0.043804884,0.08258091,0.04748015,0.826134,0.826134,True,True,1.0,1.0,0.0,0.0
d:\Research\Multi-View Fusion Network\datasets\brisc2025\classification_task\test\no_tumor\brisc2025_test_00594_no_ax_t1.jpg,no_tumor,no_tumor,axial,0.060314856,0.23977607,0.15439588,0.54551315,0.54551315,True,True,0.011764706,0.011764706,0.0,84.0
d:\Research\Multi-View Fusion Network\datasets\brisc2025\classification_task\test\no_tumor\brisc2025_test_00595_no_ax_t1.jpg,no_tumor,no_tumor,axial,0.041159105,0.09302562,0.08692136,0.7788939,0.7788939,True,True,1.0,1.0,0.0,0.0
d:\Research\Multi-View Fusion Network\datasets\brisc2025\classification_task\test\no_tumor\brisc2025_test_00596_no_ax_t1.jpg,no_tumor,no_tumor,axial,0.06729759,0.124734804,0.08197302,0.7259946,0.7259946,True,True,0.083333336,0.083333336,0.0,11.0
d:\Research\Multi-View Fusion Network\datasets\brisc2025\classification_task\test\no_tumor\brisc2025_test_00597_no_ax_t1.jpg,no_tumor,no_tumor,axial,0.046716504,0.07732395,0.056737393,0.81922215,0.81922215,True,True,0.0022988506,0.0022988506,0.0,434.0
d:\Research\Multi-View Fusion Network\datasets\brisc2025\classification_task\test\no_tumor\brisc2025_test_00598_no_ax_t1.jpg,no_tumor,no_tumor,axial,0.1460961,0.122830175,0.077354625,0.65371907,0.65371907,True,True,0.01724138,0.01724138,0.0,57.0
d:\Research\Multi-View Fusion Network\datasets\brisc2025\classification_task\test\no_tumor\brisc2025_test_00599_no_ax_t1.jpg,no_tumor,no_tumor,axial,0.04838519,0.072599314,0.046942357,0.83207315,0.83207315,True,True,0.0018832391,0.0018832391,0.0,530.0
d:\Research\Multi-View Fusion Network\datasets\brisc2025\classification_task\test\no_tumor\brisc2025_test_00600_no_ax_t1.jpg,no_tumor,no_tumor,axial,0.051357366,0.07161667,0.04977727,0.82724863,0.82724863,True,True,0.0010570824,0.0010570824,0.0,945.0
d:\Research\Multi-View Fusion Network\datasets\brisc2025\classification_task\test\no_tumor\brisc2025_test_00601_no_ax_t1.jpg,no_tumor,no_tumor,axial,0.0599288,0.1463558,0.14626648,0.64744896,0.64744896,True,True,0.0008183306,0.0008183306,0.0,1221.0
d:\Research\Multi-View Fusion Network\datasets\brisc2025\classification_task\test\no_tumor\brisc2025_test_00602_no_ax_t1.jpg,no_tumor,no_tumor,axial,0.056796998,0.15565814,0.14259604,0.64494884,0.64494884,True,True,0.11111111,0.11111111,0.0,8.0
d:\Research\Multi-View Fusion Network\datasets\brisc2025\classification_task\test\no_tumor\brisc2025_test_00603_no_ax_t1.jpg,no_tumor,no_tumor,axial,0.038054306,0.06134743,0.06277158,0.8378266,0.8378266,True,True,0.007518797,0.007518797,0.0,132.0
d:\Research\Multi-View Fusion Network\datasets\brisc2025\classification_task\test\no_tumor\brisc2025_test_00604_no_ax_t1.jpg,no_tumor,no_tumor,axial,0.08838513,0.17707779,0.11288083,0.6216563,0.6216563,True,True,1.0,1.0,0.0,0.0
d:\Research\Multi-View Fusion Network\datasets\brisc2025\classification_task\test\no_tumor\brisc2025_test_00605_no_ax_t1.jpg,no_tumor,no_tumor,axial,0.071660206,0.13607019,0.0797478,0.71252185,0.71252185,True,True,1.0,1.0,0.0,0.0
d:\Research\Multi-View Fusion Network\datasets\brisc2025\classification_task\test\no_tumor\brisc2025_test_00606_no_ax_t1.jpg,no_tumor,no_tumor,axial,0.03540988,0.1753285,0.35449767,0.434764,0.434764,True,True,1.0,1.0,0.0,0.0
d:\Research\Multi-View Fusion Network\datasets\brisc2025\classification_task\test\no_tumor\brisc2025_test_00607_no_ax_t1.jpg,no_tumor,no_tumor,axial,0.04365115,0.071095385,0.055967145,0.82928634,0.82928634,True,True,0.001545595,0.001545595,0.0,646.0
d:\Research\Multi-View Fusion Network\datasets\brisc2025\classification_task\test\no_tumor\brisc2025_test_00608_no_ax_t1.jpg,no_tumor,no_tumor,axial,0.0784592,0.10975736,0.05195974,0.7598238,0.7598238,True,True,0.00038095238,0.00038095238,0.0,2624.0
d:\Research\Multi-View Fusion Network\datasets\brisc2025\classification_task\test\no_tumor\brisc2025_test_00609_no_ax_t1.jpg,no_tumor,no_tumor,axial,0.059496496,0.11907637,0.11340176,0.70802534,0.70802534,True,True,0.0022779044,0.0022779044,0.0,438.0
d:\Research\Multi-View Fusion Network\datasets\brisc2025\classification_task\test\no_tumor\brisc2025_test_00610_no_ax_t1.jpg,no_tumor,no_tumor,axial,0.04036173,0.058754653,0.04379086,0.8570928,0.8570928,True,True,0.002118644,0.002118644,0.0,471.0
d:\Research\Multi-View Fusion Network\datasets\brisc2025\classification_task\test\no_tumor\brisc2025_test_00611_no_ax_t1.jpg,no_tumor,no_tumor,axial,0.041035466,0.06361907,0.054869857,0.8404757,0.8404757,True,True,0.0028169013,0.0028169013,0.0,354.0
d:\Research\Multi-View Fusion Network\datasets\brisc2025\classification_task\test\no_tumor\brisc2025_test_00612_no_ax_t1.jpg,no_tumor,no_tumor,axial,0.09596216,0.17840767,0.06695968,0.65867054,0.65867054,True,True,0.00043103448,0.00043103448,0.0,2319.0
d:\Research\Multi-View Fusion Network\datasets\brisc2025\classification_task\test\no_tumor\brisc2025_test_00613_no_co_t1.jpg,no_tumor,no_tumor,coronal,0.1317274,0.15221073,0.07507434,0.6409876,0.6409876,True,True,0.0016611295,0.0016611295,0.0,601.0
d:\Research\Multi-View Fusion Network\datasets\brisc2025\classification_task\test\no_tumor\brisc2025_test_00614_no_co_t1.jpg,no_tumor,no_tumor,coronal,0.23962386,0.2564481,0.099634334,0.40429372,0.40429372,True,True,0.00043308793,0.00043308793,0.0,2308.0
d:\Research\Multi-View Fusion Network\datasets\brisc2025\classification_task\test\no_tumor\brisc2025_test_00615_no_co_t1.jpg,no_tumor,no_tumor,coronal,0.17703119,0.25947234,0.11604321,0.44745323,0.44745323,True,True,0.0006097561,0.0006097561,0.0,1639.0
d:\Research\Multi-View Fusion Network\datasets\brisc2025\classification_task\test\no_tumor\brisc2025_test_00616_no_co_t1.jpg,no_tumor,no_tumor,coronal,0.18417458,0.13634998,0.10849556,0.5709798,0.5709798,True,True,0.0009718173,0.0009718173,0.0,1028.0
d:\Research\Multi-View Fusion Network\datasets\brisc2025\classification_task\test\no_tumor\brisc2025_test_00617_no_co_t1.jpg,no_tumor,no_tumor,coronal,0.06900349,0.08929716,0.08299061,0.75870883,0.75870883,True,True,0.0011520737,0.0011520737,0.0,867.0
d:\Research\Multi-View Fusion Network\datasets\brisc2025\classification_task\test\no_tumor\brisc2025_test_00618_no_co_t1.jpg,no_tumor,no_tumor,coronal,0.09541177,0.09059909,0.08802629,0.7259628,0.7259628,True,True,0.00085763296,0.00085763296,0.0,1165.0
d:\Research\Multi-View Fusion Network\datasets\brisc2025\classification_task\test\no_tumor\brisc2025_test_00619_no_co_t1.jpg,no_tumor,no_tumor,coronal,0.07534775,0.11283455,0.078196384,0.7336213,0.7336213,True,True,0.0021413276,0.0021413276,0.0,466.0
d:\Research\Multi-View Fusion Network\datasets\brisc2025\classification_task\test\no_tumor\brisc2025_test_00620_no_co_t1.jpg,no_tumor,no_tumor,coronal,0.050696358,0.08569174,0.065927096,0.7976848,0.7976848,True,True,0.0067114094,0.0067114094,0.0,148.0
d:\Research\Multi-View Fusion Network\datasets\brisc2025\classification_task\test\no_tumor\brisc2025_test_00621_no_co_t1.jpg,no_tumor,no_tumor,coronal,0.047889695,0.088319495,0.07641549,0.7873753,0.7873753,True,True,1.0,1.0,0.0,0.0
d:\Research\Multi-View Fusion Network\datasets\brisc2025\classification_task\test\no_tumor\brisc2025_test_00622_no_co_t1.jpg,no_tumor,no_tumor,coronal,0.09825976,0.16445373,0.10029566,0.63699085,0.63699085,True,True,0.003773585,0.003773585,0.0,264.0
d:\Research\Multi-View Fusion Network\datasets\brisc2025\classification_task\test\no_tumor\brisc2025_test_00623_no_co_t1.jpg,no_tumor,no_tumor,coronal,0.056872886,0.09438767,0.07050351,0.7782359,0.7782359,True,True,0.0031847134,0.0031847134,0.0,313.0
d:\Research\Multi-View Fusion Network\datasets\brisc2025\classification_task\test\no_tumor\brisc2025_test_00624_no_co_t1.jpg,no_tumor,no_tumor,coronal,0.059256855,0.08592403,0.09159974,0.7632194,0.7632194,True,True,0.0019417476,0.0019417476,0.0,514.0
d:\Research\Multi-View Fusion Network\datasets\brisc2025\classification_task\test\no_tumor\brisc2025_test_00625_no_co_t1.jpg,no_tumor,no_tumor,coronal,0.04988558,0.10193461,0.086658746,0.7615211,0.7615211,True,True,0.04347826,0.04347826,0.0,22.0
d:\Research\Multi-View Fusion Network\datasets\brisc2025\classification_task\test\no_tumor\brisc2025_test_00626_no_co_t1.jpg,no_tumor,no_tumor,coronal,0.07510069,0.103708446,0.07737122,0.74381953,0.74381953,True,True,0.0012077295,0.0012077295,0.0,827.0
d:\Research\Multi-View Fusion Network\datasets\brisc2025\classification_task\test\no_tumor\brisc2025_test_00627_no_co_t1.jpg,no_tumor,no_tumor,coronal,0.039000455,0.080651365,0.068181075,0.81216705,0.81216705,True,True,0.0019230769,0.0019230769,0.0,519.0
d:\Research\Multi-View Fusion Network\datasets\brisc2025\classification_task\test\no_tumor\brisc2025_test_00628_no_co_t1.jpg,no_tumor,no_tumor,coronal,0.049214546,0.09467841,0.0840034,0.7721037,0.7721037,True,True,0.055555556,0.055555556,0.0,17.0
d:\Research\Multi-View Fusion Network\datasets\brisc2025\classification_task\test\no_tumor\brisc2025_test_00629_no_co_t1.jpg,no_tumor,no_tumor,coronal,0.04859198,0.06896202,0.070942976,0.811503,0.811503,True,True,0.0009823183,0.0009823183,0.0,1017.0
d:\Research\Multi-View Fusion Network\datasets\brisc2025\classification_task\test\no_tumor\brisc2025_test_00630_no_co_t1.jpg,no_tumor,no_tumor,coronal,0.04563844,0.09067428,0.07346613,0.7902211,0.7902211,True,True,0.00066312996,0.00066312996,0.0,1507.0
d:\Research\Multi-View Fusion Network\datasets\brisc2025\classification_task\test\no_tumor\brisc2025_test_00631_no_co_t1.jpg,no_tumor,no_tumor,coronal,0.03940849,0.076445565,0.061877284,0.82226866,0.82226866,True,True,0.008130081,0.008130081,0.0,122.0
d:\Research\Multi-View Fusion Network\datasets\brisc2025\classification_task\test\no_tumor\brisc2025_test_00632_no_co_t1.jpg,no_tumor,no_tumor,coronal,0.036814928,0.074331895,0.076728895,0.8121243,0.8121243,True,True,0.0014306152,0.0014306152,0.0,698.0
d:\Research\Multi-View Fusion Network\datasets\brisc2025\classification_task\test\no_tumor\brisc2025_test_00633_no_co_t1.jpg,no_tumor,no_tumor,coronal,0.048195526,0.11015917,0.0979776,0.74366766,0.74366766,True,True,0.0034482758,0.0034482758,0.0,289.0
d:\Research\Multi-View Fusion Network\datasets\brisc2025\classification_task\test\no_tumor\brisc2025_test_00634_no_co_t1.jpg,no_tumor,no_tumor,coronal,0.06256658,0.10858148,0.091167286,0.73768467,0.73768467,True,True,0.0011235955,0.0011235955,0.0,889.0
d:\Research\Multi-View Fusion Network\datasets\brisc2025\classification_task\test\no_tumor\brisc2025_test_00635_no_co_t1.jpg,no_tumor,no_tumor,coronal,0.044720273,0.07622047,0.055600956,0.82345825,0.82345825,True,True,0.0013422819,0.0013422819,0.0,744.0
d:\Research\Multi-View Fusion Network\datasets\brisc2025\classification_task\test\no_tumor\brisc2025_test_00636_no_co_t1.jpg,no_tumor,no_tumor,coronal,0.044546474,0.08751637,0.06746251,0.8004746,0.8004746,True,True,0.0014513788,0.0014513788,0.0,688.0
d:\Research\Multi-View Fusion Network\datasets\brisc2025\classification_task\test\no_tumor\brisc2025_test_00637_no_co_t1.jpg,no_tumor,no_tumor,coronal,0.043208536,0.060165126,0.05710243,0.8395239,0.8395239,True,True,0.0088495575,0.0088495575,0.0,112.0
d:\Research\Multi-View Fusion Network\datasets\brisc2025\classification_task\test\no_tumor\brisc2025_test_00638_no_co_t1.jpg,no_tumor,no_tumor,coronal,0.04672082,0.0692853,0.07897191,0.80502194,0.80502194,True,True,0.0005299417,0.0005299417,0.0,1886.0
d:\Research\Multi-View Fusion Network\datasets\brisc2025\classification_task\test\no_tumor\brisc2025_test_00639_no_co_t1.jpg,no_tumor,no_tumor,coronal,0.035792306,0.06343391,0.04954732,0.8512265,0.8512265,True,True,1.0,1.0,0.0,0.0
d:\Research\Multi-View Fusion Network\datasets\brisc2025\classification_task\test\no_tumor\brisc2025_test_00640_no_co_t1.jpg,no_tumor,no_tumor,coronal,0.04838254,0.10305291,0.08877211,0.7597924,0.7597924,True,True,0.008333334,0.008333334,0.0,119.0
d:\Research\Multi-View Fusion Network\datasets\brisc2025\classification_task\test\no_tumor\brisc2025_test_00641_no_co_t1.jpg,no_tumor,no_tumor,coronal,0.041456975,0.06330701,0.06579673,0.8294393,0.8294393,True,True,0.0016051364,0.0016051364,0.0,622.0
d:\Research\Multi-View Fusion Network\datasets\brisc2025\classification_task\test\no_tumor\brisc2025_test_00642_no_co_t1.jpg,no_tumor,no_tumor,coronal,0.04475519,0.06389011,0.0542758,0.8370789,0.8370789,True,True,0.0038910506,0.0038910506,0.0,256.0
d:\Research\Multi-View Fusion Network\datasets\brisc2025\classification_task\test\no_tumor\brisc2025_test_00643_no_co_t1.jpg,no_tumor,no_tumor,coronal,0.041658025,0.06592241,0.07587623,0.81654334,0.81654334,True,True,0.0006872852,0.0006872852,0.0,1454.0
d:\Research\Multi-View Fusion Network\datasets\brisc2025\classification_task\test\no_tumor\brisc2025_test_00644_no_co_t1.jpg,no_tumor,no_tumor,coronal,0.048375245,0.07821465,0.06631512,0.807095,0.807095,True,True,0.005235602,0.005235602,0.0,190.0
d:\Research\Multi-View Fusion Network\datasets\brisc2025\classification_task\test\no_tumor\brisc2025_test_00645_no_co_t1.jpg,no_tumor,no_tumor,coronal,0.040016763,0.06054343,0.08858621,0.8108536,0.8108536,True,True,0.0069444445,0.0069444445,0.0,143.0
d:\Research\Multi-View Fusion Network\datasets\brisc2025\classification_task\test\no_tumor\brisc2025_test_00646_no_co_t1.jpg,no_tumor,no_tumor,coronal,0.044890173,0.080889665,0.05486647,0.81935364,0.81935364,True,True,1.0,1.0,0.0,0.0
d:\Research\Multi-View Fusion Network\datasets\brisc2025\classification_task\test\no_tumor\brisc2025_test_00647_no_co_t1.jpg,no_tumor,no_tumor,coronal,0.055121653,0.078573525,0.07157695,0.7947278,0.7947278,True,True,0.16666667,0.16666667,0.0,5.0
d:\Research\Multi-View Fusion Network\datasets\brisc2025\classification_task\test\no_tumor\brisc2025_test_00648_no_co_t1.jpg,no_tumor,no_tumor,coronal,0.035064325,0.060615312,0.046452686,0.8578677,0.8578677,True,True,0.010526316,0.010526316,0.0,94.0
d:\Research\Multi-View Fusion Network\datasets\brisc2025\classification_task\test\no_tumor\brisc2025_test_00649_no_co_t1.jpg,no_tumor,no_tumor,coronal,0.057612084,0.0845238,0.07488393,0.78298014,0.78298014,True,True,0.0012135922,0.0012135922,0.0,823.0
d:\Research\Multi-View Fusion Network\datasets\brisc2025\classification_task\test\no_tumor\brisc2025_test_00650_no_co_t1.jpg,no_tumor,no_tumor,coronal,0.03669573,0.06396425,0.05099675,0.84834325,0.84834325,True,True,1.0,1.0,0.0,0.0
d:\Research\Multi-View Fusion Network\datasets\brisc2025\classification_task\test\no_tumor\brisc2025_test_00651_no_co_t1.jpg,no_tumor,no_tumor,coronal,0.044460647,0.0572561,0.07237849,0.8259047,0.8259047,True,True,0.0021097045,0.0021097045,0.0,473.0
d:\Research\Multi-View Fusion Network\datasets\brisc2025\classification_task\test\no_tumor\brisc2025_test_00652_no_co_t1.jpg,no_tumor,no_tumor,coronal,0.037442453,0.06833129,0.056070723,0.8381555,0.8381555,True,True,0.125,0.125,0.0,7.0
d:\Research\Multi-View Fusion Network\datasets\brisc2025\classification_task\test\no_tumor\brisc2025_test_00653_no_co_t1.jpg,no_tumor,no_tumor,coronal,0.03682429,0.065839,0.059219763,0.83811694,0.83811694,True,True,0.016393442,0.016393442,0.0,60.0
d:\Research\Multi-View Fusion Network\datasets\brisc2025\classification_task\test\no_tumor\brisc2025_test_00654_no_co_t1.jpg,no_tumor,no_tumor,coronal,0.041583538,0.062424276,0.07291013,0.823082,0.823082,True,True,0.004784689,0.004784689,0.0,208.0
d:\Research\Multi-View Fusion Network\datasets\brisc2025\classification_task\test\no_tumor\brisc2025_test_00655_no_co_t1.jpg,no_tumor,no_tumor,coronal,0.04680236,0.0723828,0.056069817,0.82474494,0.82474494,True,True,0.0025125628,0.0025125628,0.0,397.0
d:\Research\Multi-View Fusion Network\datasets\brisc2025\classification_task\test\no_tumor\brisc2025_test_00656_no_co_t1.jpg,no_tumor,no_tumor,coronal,0.09501372,0.14138438,0.084136404,0.67946553,0.67946553,True,True,1.0,1.0,0.0,0.0
d:\Research\Multi-View Fusion Network\datasets\brisc2025\classification_task\test\no_tumor\brisc2025_test_00657_no_co_t1.jpg,no_tumor,no_tumor,coronal,0.038490903,0.055513866,0.05938346,0.8466118,0.8466118,True,True,0.007246377,0.007246377,0.0,137.0
d:\Research\Multi-View Fusion Network\datasets\brisc2025\classification_task\test\no_tumor\brisc2025_test_00658_no_co_t1.jpg,no_tumor,no_tumor,coronal,0.11237261,0.19854863,0.10028846,0.58879036,0.58879036,True,True,1.0,1.0,0.0,0.0
d:\Research\Multi-View Fusion Network\datasets\brisc2025\classification_task\test\no_tumor\brisc2025_test_00659_no_co_t1.jpg,no_tumor,no_tumor,coronal,0.097199075,0.08674663,0.06374471,0.75230956,0.75230956,True,True,0.004201681,0.004201681,0.0,237.0
d:\Research\Multi-View Fusion Network\datasets\brisc2025\classification_task\test\no_tumor\brisc2025_test_00660_no_co_t1.jpg,no_tumor,no_tumor,coronal,0.097199075,0.08674663,0.06374471,0.75230956,0.75230956,True,True,0.004201681,0.004201681,0.0,237.0
d:\Research\Multi-View Fusion Network\datasets\brisc2025\classification_task\test\no_tumor\brisc2025_test_00661_no_sa_t1.jpg,no_tumor,no_tumor,sagittal,0.06743965,0.059052136,0.057123613,0.8163846,0.8163846,True,True,1.0,1.0,0.0,0.0
d:\Research\Multi-View Fusion Network\datasets\brisc2025\classification_task\test\no_tumor\brisc2025_test_00662_no_sa_t1.jpg,no_tumor,no_tumor,sagittal,0.044278346,0.05079017,0.045461368,0.8594701,0.8594701,True,True,0.05263158,0.05263158,0.0,18.0
d:\Research\Multi-View Fusion Network\datasets\brisc2025\classification_task\test\no_tumor\brisc2025_test_00663_no_sa_t1.jpg,no_tumor,no_tumor,sagittal,0.05324961,0.053145707,0.047523335,0.84608126,0.84608126,True,True,0.007575758,0.007575758,0.0,131.0
d:\Research\Multi-View Fusion Network\datasets\brisc2025\classification_task\test\no_tumor\brisc2025_test_00664_no_sa_t1.jpg,no_tumor,no_tumor,sagittal,0.040399145,0.050253008,0.050622422,0.8587254,0.8587254,True,True,0.0015948963,0.0015948963,0.0,626.0
d:\Research\Multi-View Fusion Network\datasets\brisc2025\classification_task\test\no_tumor\brisc2025_test_00665_no_sa_t1.jpg,no_tumor,no_tumor,sagittal,0.044021152,0.06189816,0.054491736,0.8395889,0.8395889,True,True,0.001610306,0.001610306,0.0,620.0
d:\Research\Multi-View Fusion Network\datasets\brisc2025\classification_task\test\no_tumor\brisc2025_test_00666_no_sa_t1.jpg,no_tumor,no_tumor,sagittal,0.038195968,0.052131277,0.052978087,0.85669464,0.85669464,True,True,0.0031545742,0.0031545742,0.0,316.0
d:\Research\Multi-View Fusion Network\datasets\brisc2025\classification_task\test\no_tumor\brisc2025_test_00667_no_sa_t1.jpg,no_tumor,no_tumor,sagittal,0.035931293,0.051999673,0.055029973,0.8570391,0.8570391,True,True,0.0054347827,0.0054347827,0.0,183.0
d:\Research\Multi-View Fusion Network\datasets\brisc2025\classification_task\test\no_tumor\brisc2025_test_00668_no_sa_t1.jpg,no_tumor,no_tumor,sagittal,0.03777384,0.053923905,0.048573673,0.85972863,0.85972863,True,True,1.0,1.0,0.0,0.0
d:\Research\Multi-View Fusion Network\datasets\brisc2025\classification_task\test\no_tumor\brisc2025_test_00669_no_sa_t1.jpg,no_tumor,no_tumor,sagittal,0.03286769,0.052522417,0.044293143,0.87031674,0.87031674,True,True,0.0022075055,0.0022075055,0.0,452.0
d:\Research\Multi-View Fusion Network\datasets\brisc2025\classification_task\test\no_tumor\brisc2025_test_00670_no_sa_t1.jpg,no_tumor,no_tumor,sagittal,0.034155995,0.05318675,0.047956467,0.86470073,0.86470073,True,True,0.07692308,0.07692308,0.0,12.0
d:\Research\Multi-View Fusion Network\datasets\brisc2025\classification_task\test\no_tumor\brisc2025_test_00671_no_sa_t1.jpg,no_tumor,no_tumor,sagittal,0.045605358,0.06151873,0.05965512,0.83322084,0.83322084,True,True,0.083333336,0.083333336,0.0,11.0
d:\Research\Multi-View Fusion Network\datasets\brisc2025\classification_task\test\no_tumor\brisc2025_test_00672_no_sa_t1.jpg,no_tumor,no_tumor,sagittal,0.042321756,0.051601127,0.045161396,0.8609157,0.8609157,True,True,0.0026385225,0.0026385225,0.0,378.0
d:\Research\Multi-View Fusion Network\datasets\brisc2025\classification_task\test\no_tumor\brisc2025_test_00673_no_sa_t1.jpg,no_tumor,no_tumor,sagittal,0.049175337,0.06320408,0.0436095,0.8440111,0.8440111,True,True,0.0023255814,0.0023255814,0.0,429.0
d:\Research\Multi-View Fusion Network\datasets\brisc2025\classification_task\test\no_tumor\brisc2025_test_00674_no_sa_t1.jpg,no_tumor,no_tumor,sagittal,0.052870903,0.06531874,0.06997421,0.8118362,0.8118362,True,True,0.0013755158,0.0013755158,0.0,726.0
d:\Research\Multi-View Fusion Network\datasets\brisc2025\classification_task\test\no_tumor\brisc2025_test_00675_no_sa_t1.jpg,no_tumor,no_tumor,sagittal,0.061440326,0.074401245,0.072429754,0.7917286,0.7917286,True,True,0.0004948045,0.0004948045,0.0,2020.0
d:\Research\Multi-View Fusion Network\datasets\brisc2025\classification_task\test\no_tumor\brisc2025_test_00676_no_sa_t1.jpg,no_tumor,no_tumor,sagittal,0.04008081,0.05854549,0.057694133,0.84367955,0.84367955,True,True,0.0008071025,0.0008071025,0.0,1238.0
d:\Research\Multi-View Fusion Network\datasets\brisc2025\classification_task\test\no_tumor\brisc2025_test_00677_no_sa_t1.jpg,no_tumor,no_tumor,sagittal,0.0362739,0.053950723,0.04540889,0.86436653,0.86436653,True,True,0.001109878,0.001109878,0.0,900.0
d:\Research\Multi-View Fusion Network\datasets\brisc2025\classification_task\test\no_tumor\brisc2025_test_00678_no_sa_t1.jpg,no_tumor,no_tumor,sagittal,0.03758053,0.057922345,0.05333451,0.8511627,0.8511627,True,True,0.0014285714,0.0014285714,0.0,699.0
d:\Research\Multi-View Fusion Network\datasets\brisc2025\classification_task\test\no_tumor\brisc2025_test_00679_no_sa_t1.jpg,no_tumor,no_tumor,sagittal,0.032491155,0.05553985,0.069086716,0.8428823,0.8428823,True,True,0.001234568,0.001234568,0.0,809.0
d:\Research\Multi-View Fusion Network\datasets\brisc2025\classification_task\test\no_tumor\brisc2025_test_00680_no_sa_t1.jpg,no_tumor,no_tumor,sagittal,0.04258088,0.05707545,0.058343433,0.8420003,0.8420003,True,True,0.0017035775,0.0017035775,0.0,586.0
d:\Research\Multi-View Fusion Network\datasets\brisc2025\classification_task\test\no_tumor\brisc2025_test_00681_no_sa_t1.jpg,no_tumor,no_tumor,sagittal,0.037463713,0.053638097,0.055394825,0.85350335,0.85350335,True,True,0.0007262164,0.0007262164,0.0,1376.0
d:\Research\Multi-View Fusion Network\datasets\brisc2025\classification_task\test\no_tumor\brisc2025_test_00682_no_sa_t1.jpg,no_tumor,no_tumor,sagittal,0.03497124,0.07137195,0.07724688,0.81641,0.81641,True,True,0.0007739938,0.0007739938,0.0,1291.0
d:\Research\Multi-View Fusion Network\datasets\brisc2025\classification_task\test\no_tumor\brisc2025_test_00683_no_sa_t1.jpg,no_tumor,no_tumor,sagittal,0.047013186,0.06286286,0.053533677,0.8365903,0.8365903,True,True,0.0017211704,0.0017211704,0.0,580.0
d:\Research\Multi-View Fusion Network\datasets\brisc2025\classification_task\test\no_tumor\brisc2025_test_00684_no_sa_t1.jpg,no_tumor,no_tumor,sagittal,0.03468686,0.0497109,0.056966007,0.8586362,0.8586362,True,True,0.000967118,0.000967118,0.0,1033.0
d:\Research\Multi-View Fusion Network\datasets\brisc2025\classification_task\test\no_tumor\brisc2025_test_00685_no_sa_t1.jpg,no_tumor,no_tumor,sagittal,0.03754119,0.05359178,0.06768024,0.84118676,0.84118676,True,True,0.0014285714,0.0014285714,0.0,699.0
d:\Research\Multi-View Fusion Network\datasets\brisc2025\classification_task\test\no_tumor\brisc2025_test_00686_no_sa_t1.jpg,no_tumor,no_tumor,sagittal,0.042733226,0.052716985,0.05207738,0.8524724,0.8524724,True,True,0.000998004,0.000998004,0.0,1001.0
d:\Research\Multi-View Fusion Network\datasets\brisc2025\classification_task\test\no_tumor\brisc2025_test_00687_no_sa_t1.jpg,no_tumor,no_tumor,sagittal,0.045481224,0.049369406,0.04530391,0.8598455,0.8598455,True,True,0.0016260162,0.0016260162,0.0,614.0
d:\Research\Multi-View Fusion Network\datasets\brisc2025\classification_task\test\no_tumor\brisc2025_test_00688_no_sa_t1.jpg,no_tumor,no_tumor,sagittal,0.040833514,0.05114173,0.052687906,0.8553368,0.8553368,True,True,0.0025125628,0.0025125628,0.0,397.0
d:\Research\Multi-View Fusion Network\datasets\brisc2025\classification_task\test\no_tumor\brisc2025_test_00689_no_sa_t1.jpg,no_tumor,no_tumor,sagittal,0.036974877,0.059259042,0.04980375,0.85396236,0.85396236,True,True,0.125,0.125,0.0,7.0
d:\Research\Multi-View Fusion Network\datasets\brisc2025\classification_task\test\no_tumor\brisc2025_test_00690_no_sa_t1.jpg,no_tumor,no_tumor,sagittal,0.046068065,0.05727667,0.06640967,0.8302456,0.8302456,True,True,0.33333334,0.33333334,0.0,2.0
d:\Research\Multi-View Fusion Network\datasets\brisc2025\classification_task\test\no_tumor\brisc2025_test_00691_no_sa_t1.jpg,no_tumor,no_tumor,sagittal,0.056231577,0.065325394,0.06612771,0.8123154,0.8123154,True,True,0.0054347827,0.0054347827,0.0,183.0
d:\Research\Multi-View Fusion Network\datasets\brisc2025\classification_task\test\no_tumor\brisc2025_test_00692_no_sa_t1.jpg,no_tumor,no_tumor,sagittal,0.047967628,0.048391078,0.037048418,0.8665929,0.8665929,True,True,0.0014084507,0.0014084507,0.0,709.0
d:\Research\Multi-View Fusion Network\datasets\brisc2025\classification_task\test\no_tumor\brisc2025_test_00693_no_sa_t1.jpg,no_tumor,no_tumor,sagittal,0.042090055,0.05156981,0.040045116,0.866295,0.866295,True,True,0.011764706,0.011764706,0.0,84.0
d:\Research\Multi-View Fusion Network\datasets\brisc2025\classification_task\test\no_tumor\brisc2025_test_00694_no_sa_t1.jpg,no_tumor,no_tumor,sagittal,0.03284266,0.04430266,0.04809008,0.8747646,0.8747646,True,True,0.0027777778,0.0027777778,0.0,359.0
d:\Research\Multi-View Fusion Network\datasets\brisc2025\classification_task\test\no_tumor\brisc2025_test_00695_no_sa_t1.jpg,no_tumor,no_tumor,sagittal,0.038375005,0.051917315,0.048156545,0.8615511,0.8615511,True,True,1.0,1.0,0.0,0.0
d:\Research\Multi-View Fusion Network\datasets\brisc2025\classification_task\test\no_tumor\brisc2025_test_00696_no_sa_t1.jpg,no_tumor,no_tumor,sagittal,0.03257677,0.051300522,0.049287077,0.86683565,0.86683565,True,True,0.0013774105,0.0013774105,0.0,725.0
d:\Research\Multi-View Fusion Network\datasets\brisc2025\classification_task\test\no_tumor\brisc2025_test_00697_no_sa_t1.jpg,no_tumor,no_tumor,sagittal,0.042093173,0.05722635,0.043578047,0.85710245,0.85710245,True,True,0.014285714,0.014285714,0.0,69.0
d:\Research\Multi-View Fusion Network\datasets\brisc2025\classification_task\test\no_tumor\brisc2025_test_00698_no_sa_t1.jpg,no_tumor,no_tumor,sagittal,0.042001586,0.052297343,0.05296551,0.8527356,0.8527356,True,True,0.0029411765,0.0029411765,0.0,339.0
d:\Research\Multi-View Fusion Network\datasets\brisc2025\classification_task\test\no_tumor\brisc2025_test_00699_no_sa_t1.jpg,no_tumor,no_tumor,sagittal,0.03801488,0.049604967,0.051379908,0.8610003,0.8610003,True,True,0.0037453184,0.0037453184,0.0,266.0
d:\Research\Multi-View Fusion Network\datasets\brisc2025\classification_task\test\no_tumor\brisc2025_test_00700_no_sa_t1.jpg,no_tumor,no_tumor,sagittal,0.04183252,0.05006697,0.055473235,0.8526272,0.8526272,True,True,0.0066225166,0.0066225166,0.0,150.0
d:\Research\Multi-View Fusion Network\datasets\brisc2025\classification_task\test\pituitary\brisc2025_test_00701_pi_ax_t1.jpg,pituitary,pituitary,axial,0.035132017,0.042315267,0.8955106,0.027042078,0.8955106,True,True,0.54813045,0.37787515,344.0,912.0
d:\Research\Multi-View Fusion Network\datasets\brisc2025\classification_task\test\pituitary\brisc2025_test_00702_pi_ax_t1.jpg,pituitary,pituitary,axial,0.027175363,0.048044857,0.88944006,0.035339672,0.88944006,True,True,0.63307244,0.4635193,323.0,698.0
d:\Research\Multi-View Fusion Network\datasets\brisc2025\classification_task\test\pituitary\brisc2025_test_00703_pi_ax_t1.jpg,pituitary,pituitary,axial,0.03435756,0.060358312,0.86472195,0.040562242,0.86472195,True,True,0.21159874,0.11908932,67.0,570.0
d:\Research\Multi-View Fusion Network\datasets\brisc2025\classification_task\test\pituitary\brisc2025_test_00704_pi_ax_t1.jpg,pituitary,pituitary,axial,0.04340085,0.051439222,0.8494594,0.05570059,0.8494594,True,True,0.50625,0.33930704,283.0,836.0
d:\Research\Multi-View Fusion Network\datasets\brisc2025\classification_task\test\pituitary\brisc2025_test_00705_pi_ax_t1.jpg,pituitary,pituitary,axial,0.3002342,0.11315209,0.54087377,0.045739904,0.54087377,True,True,0.0009057971,0.0009057971,248.0,855.0
d:\Research\Multi-View Fusion Network\datasets\brisc2025\classification_task\test\pituitary\brisc2025_test_00706_pi_ax_t1.jpg,pituitary,glioma,axial,0.6248449,0.11615044,0.19413584,0.0648688,0.6248449,False,True,0.7703928,0.627451,131.0,199.0
d:\Research\Multi-View Fusion Network\datasets\brisc2025\classification_task\test\pituitary\brisc2025_test_00707_pi_ax_t1.jpg,pituitary,pituitary,axial,0.038634125,0.049728457,0.8711887,0.04044869,0.8711887,True,True,0.6328534,0.4631579,483.0,1044.0
d:\Research\Multi-View Fusion Network\datasets\brisc2025\classification_task\test\pituitary\brisc2025_test_00708_pi_ax_t1.jpg,pituitary,pituitary,axial,0.03172818,0.055359364,0.87702996,0.035882585,0.87702996,True,True,0.8830585,0.79088473,303.0,363.0
d:\Research\Multi-View Fusion Network\datasets\brisc2025\classification_task\test\pituitary\brisc2025_test_00709_pi_ax_t1.jpg,pituitary,pituitary,axial,0.049598813,0.08670926,0.81309015,0.05060177,0.81309015,True,True,0.700492,0.53926206,569.0,1056.0
d:\Research\Multi-View Fusion Network\datasets\brisc2025\classification_task\test\pituitary\brisc2025_test_00710_pi_ax_t1.jpg,pituitary,pituitary,axial,0.10011218,0.16269659,0.6676421,0.069549136,0.6676421,True,True,0.8994152,0.81740975,400.0,454.0
d:\Research\Multi-View Fusion Network\datasets\brisc2025\classification_task\test\pituitary\brisc2025_test_00711_pi_ax_t1.jpg,pituitary,pituitary,axial,0.059912503,0.15936585,0.72349685,0.057224765,0.72349685,True,True,0.8679775,0.7673267,156.0,199.0
d:\Research\Multi-View Fusion Network\datasets\brisc2025\classification_task\test\pituitary\brisc2025_test_00712_pi_ax_t1.jpg,pituitary,pituitary,axial,0.08104515,0.14391533,0.7273024,0.047737125,0.7273024,True,True,0.7112782,0.55244756,236.0,428.0
d:\Research\Multi-View Fusion Network\datasets\brisc2025\classification_task\test\pituitary\brisc2025_test_00713_pi_ax_t1.jpg,pituitary,pituitary,axial,0.054840058,0.06067278,0.85033625,0.03415087,0.85033625,True,True,0.33046594,0.19828326,230.0,1164.0
d:\Research\Multi-View Fusion Network\datasets\brisc2025\classification_task\test\pituitary\brisc2025_test_00714_pi_ax_t1.jpg,pituitary,pituitary,axial,0.05216134,0.050928153,0.8447237,0.052186813,0.8447237,True,True,0.68449783,0.52072966,313.0,602.0
d:\Research\Multi-View Fusion Network\datasets\brisc2025\classification_task\test\pituitary\brisc2025_test_00715_pi_ax_t1.jpg,pituitary,pituitary,axial,0.049084373,0.061355527,0.85446393,0.03509615,0.85446393,True,True,0.7190202,0.56179774,249.0,444.0
d:\Research\Multi-View Fusion Network\datasets\brisc2025\classification_task\test\pituitary\brisc2025_test_00716_pi_ax_t1.jpg,pituitary,pituitary,axial,0.055649254,0.087441765,0.79881644,0.05809255,0.79881644,True,True,0.3177738,0.18976545,88.0,468.0
d:\Research\Multi-View Fusion Network\datasets\brisc2025\classification_task\test\pituitary\brisc2025_test_00717_pi_ax_t1.jpg,pituitary,pituitary,axial,0.07683881,0.16819032,0.7045295,0.050441362,0.7045295,True,True,0.9112029,0.8369668,890.0,1046.0
d:\Research\Multi-View Fusion Network\datasets\brisc2025\classification_task\test\pituitary\brisc2025_test_00718_pi_ax_t1.jpg,pituitary,pituitary,axial,0.041405406,0.10231062,0.8171587,0.03912536,0.8171587,True,True,0.9683949,0.9387474,1371.0,1444.0
d:\Research\Multi-View Fusion Network\datasets\brisc2025\classification_task\test\pituitary\brisc2025_test_00719_pi_ax_t1.jpg,pituitary,pituitary,axial,0.03844376,0.04878767,0.8715647,0.041203875,0.8715647,True,True,0.6940337,0.5316159,680.0,1280.0
d:\Research\Multi-View Fusion Network\datasets\brisc2025\classification_task\test\pituitary\brisc2025_test_00720_pi_ax_t1.jpg,pituitary,pituitary,axial,0.04179806,0.05258033,0.86196715,0.043654528,0.86196715,True,True,0.4119497,0.25969914,327.0,1262.0
d:\Research\Multi-View Fusion Network\datasets\brisc2025\classification_task\test\pituitary\brisc2025_test_00721_pi_ax_t1.jpg,pituitary,pituitary,axial,0.04095233,0.06271987,0.85573393,0.040593974,0.85573393,True,True,0.5286396,0.35980552,221.0,616.0
d:\Research\Multi-View Fusion Network\datasets\brisc2025\classification_task\test\pituitary\brisc2025_test_00722_pi_ax_t1.jpg,pituitary,meningioma,axial,0.2513292,0.391763,0.28006583,0.07684196,0.391763,False,True,0.63995486,0.47097844,519.0,366.0
d:\Research\Multi-View Fusion Network\datasets\brisc2025\classification_task\test\pituitary\brisc2025_test_00723_pi_ax_t1.jpg,pituitary,pituitary,axial,0.039512616,0.05242244,0.86400706,0.044057988,0.86400706,True,True,0.27555192,0.16018957,168.0,1054.0
d:\Research\Multi-View Fusion Network\datasets\brisc2025\classification_task\test\pituitary\brisc2025_test_00724_pi_ax_t1.jpg,pituitary,pituitary,axial,0.03102568,0.06526575,0.85928804,0.044420537,0.85928804,True,True,0.62055016,0.45017585,383.0,852.0
d:\Research\Multi-View Fusion Network\datasets\brisc2025\classification_task\test\pituitary\brisc2025_test_00725_pi_ax_t1.jpg,pituitary,pituitary,axial,0.028973669,0.07953149,0.8401454,0.051349387,0.8401454,True,True,0.8418919,0.72727275,314.0,425.0
d:\Research\Multi-View Fusion Network\datasets\brisc2025\classification_task\test\pituitary\brisc2025_test_00726_pi_ax_t1.jpg,pituitary,pituitary,axial,0.031083984,0.06320665,0.87190205,0.03380731,0.87190205,True,True,0.7179715,0.5603329,430.0,693.0
d:\Research\Multi-View Fusion Network\datasets\brisc2025\classification_task\test\pituitary\brisc2025_test_00727_pi_ax_t1.jpg,pituitary,pituitary,axial,0.04251265,0.05416253,0.8711562,0.032168675,0.8711562,True,True,0.87891895,0.7842004,421.0,503.0
d:\Research\Multi-View Fusion Network\datasets\brisc2025\classification_task\test\pituitary\brisc2025_test_00728_pi_ax_t1.jpg,pituitary,pituitary,axial,0.040815767,0.0656708,0.85454774,0.0389657,0.85454774,True,True,0.6045296,0.4339152,173.0,400.0
d:\Research\Multi-View Fusion Network\datasets\brisc2025\classification_task\test\pituitary\brisc2025_test_00729_pi_ax_t1.jpg,pituitary,pituitary,axial,0.03149886,0.042697936,0.89308155,0.03272166,0.89308155,True,True,0.6652047,0.4989059,227.0,456.0
d:\Research\Multi-View Fusion Network\datasets\brisc2025\classification_task\test\pituitary\brisc2025_test_00730_pi_ax_t1.jpg,pituitary,pituitary,axial,0.033968966,0.0481384,0.87864155,0.039251067,0.87864155,True,True,0.4527027,0.29301745,246.0,789.0
d:\Research\Multi-View Fusion Network\datasets\brisc2025\classification_task\test\pituitary\brisc2025_test_00731_pi_ax_t1.jpg,pituitary,pituitary,axial,0.033207968,0.054643854,0.8793272,0.032821085,0.8793272,True,True,0.46354637,0.30210772,257.0,853.0
d:\Research\Multi-View Fusion Network\datasets\brisc2025\classification_task\test\pituitary\brisc2025_test_00732_pi_ax_t1.jpg,pituitary,pituitary,axial,0.037196234,0.08114493,0.84328187,0.038376972,0.84328187,True,True,0.8574144,0.7508306,225.0,300.0
d:\Research\Multi-View Fusion Network\datasets\brisc2025\classification_task\test\pituitary\brisc2025_test_00733_pi_ax_t1.jpg,pituitary,pituitary,axial,0.060799032,0.14750549,0.7403223,0.051373214,0.7403223,True,True,0.91696113,0.8469055,266.0,299.0
d:\Research\Multi-View Fusion Network\datasets\brisc2025\classification_task\test\pituitary\brisc2025_test_00734_pi_ax_t1.jpg,pituitary,pituitary,axial,0.040643286,0.098131,0.8195373,0.041688457,0.8195373,True,True,0.9178283,0.84823847,689.0,673.0
d:\Research\Multi-View Fusion Network\datasets\brisc2025\classification_task\test\pituitary\brisc2025_test_00735_pi_ax_t1.jpg,pituitary,pituitary,axial,0.03960393,0.062427536,0.8360872,0.06188126,0.8360872,True,True,0.80581945,0.6749503,683.0,1000.0
d:\Research\Multi-View Fusion Network\datasets\brisc2025\classification_task\test\pituitary\brisc2025_test_00736_pi_ax_t1.jpg,pituitary,pituitary,axial,0.1611944,0.19783732,0.51490784,0.12606043,0.51490784,True,True,0.36772645,0.22556943,306.0,1360.0
d:\Research\Multi-View Fusion Network\datasets\brisc2025\classification_task\test\pituitary\brisc2025_test_00737_pi_ax_t1.jpg,pituitary,pituitary,axial,0.052728947,0.061496064,0.8476843,0.03809067,0.8476843,True,True,0.85181236,0.742115,444.0,493.0
d:\Research\Multi-View Fusion Network\datasets\brisc2025\classification_task\test\pituitary\brisc2025_test_00738_pi_ax_t1.jpg,pituitary,pituitary,axial,0.029717404,0.034204524,0.90571535,0.030362772,0.90571535,True,True,0.765144,0.61977494,770.0,1243.0
d:\Research\Multi-View Fusion Network\datasets\brisc2025\classification_task\test\pituitary\brisc2025_test_00739_pi_ax_t1.jpg,pituitary,pituitary,axial,0.034370027,0.050252873,0.88209707,0.033280056,0.88209707,True,True,0.5239938,0.3553459,338.0,953.0
d:\Research\Multi-View Fusion Network\datasets\brisc2025\classification_task\test\pituitary\brisc2025_test_00740_pi_ax_t1.jpg,pituitary,pituitary,axial,0.040733602,0.052251924,0.8616172,0.04539726,0.8616172,True,True,0.7164731,0.5583882,678.0,1215.0
d:\Research\Multi-View Fusion Network\datasets\brisc2025\classification_task\test\pituitary\brisc2025_test_00741_pi_ax_t1.jpg,pituitary,pituitary,axial,0.032250676,0.040968228,0.88973325,0.037047867,0.88973325,True,True,0.43030304,0.27453142,248.0,906.0
d:\Research\Multi-View Fusion Network\datasets\brisc2025\classification_task\test\pituitary\brisc2025_test_00742_pi_ax_t1.jpg,pituitary,pituitary,axial,0.04426822,0.05277556,0.8517544,0.051201805,0.8517544,True,True,0.7609223,0.6144814,313.0,510.0
d:\Research\Multi-View Fusion Network\datasets\brisc2025\classification_task\test\pituitary\brisc2025_test_00743_pi_ax_t1.jpg,pituitary,pituitary,axial,0.030028436,0.048456203,0.8870372,0.034478236,0.8870372,True,True,0.8747698,0.77753544,712.0,916.0
d:\Research\Multi-View Fusion Network\datasets\brisc2025\classification_task\test\pituitary\brisc2025_test_00744_pi_ax_t1.jpg,pituitary,pituitary,axial,0.04004196,0.058061916,0.8670731,0.03482305,0.8670731,True,True,0.5593112,0.38849556,438.0,1129.0
d:\Research\Multi-View Fusion Network\datasets\brisc2025\classification_task\test\pituitary\brisc2025_test_00745_pi_ax_t1.jpg,pituitary,pituitary,axial,0.042062245,0.039629757,0.87293875,0.045369234,0.87293875,True,True,0.34168938,0.20630749,313.0,1521.0
d:\Research\Multi-View Fusion Network\datasets\brisc2025\classification_task\test\pituitary\brisc2025_test_00746_pi_ax_t1.jpg,pituitary,pituitary,axial,0.03887055,0.044218495,0.8821016,0.034809325,0.8821016,True,True,0.58955765,0.41829392,406.0,972.0
d:\Research\Multi-View Fusion Network\datasets\brisc2025\classification_task\test\pituitary\brisc2025_test_00747_pi_ax_t1.jpg,pituitary,pituitary,axial,0.04011408,0.043713845,0.87715906,0.039013017,0.87715906,True,True,0.19307359,0.107279696,111.0,1043.0
d:\Research\Multi-View Fusion Network\datasets\brisc2025\classification_task\test\pituitary\brisc2025_test_00748_pi_ax_t1.jpg,pituitary,pituitary,axial,0.036967497,0.04302987,0.8736123,0.046390276,0.8736123,True,True,0.4725,0.30970556,283.0,916.0
d:\Research\Multi-View Fusion Network\datasets\brisc2025\classification_task\test\pituitary\brisc2025_test_00749_pi_ax_t1.jpg,pituitary,pituitary,axial,0.031115385,0.064376794,0.87193096,0.032576818,0.87193096,True,True,0.757732,0.61028194,367.0,602.0
d:\Research\Multi-View Fusion Network\datasets\brisc2025\classification_task\test\pituitary\brisc2025_test_00750_pi_ax_t1.jpg,pituitary,pituitary,axial,0.045607425,0.054372136,0.84514153,0.054878913,0.84514153,True,True,0.49164134,0.326284,323.0,992.0
d:\Research\Multi-View Fusion Network\datasets\brisc2025\classification_task\test\pituitary\brisc2025_test_00751_pi_ax_t1.jpg,pituitary,pituitary,axial,0.030860722,0.03855711,0.89836645,0.032215673,0.89836645,True,True,0.8345543,0.7162304,683.0,954.0
d:\Research\Multi-View Fusion Network\datasets\brisc2025\classification_task\test\pituitary\brisc2025_test_00752_pi_ax_t1.jpg,pituitary,pituitary,axial,0.050993793,0.06966622,0.84005034,0.03928968,0.84005034,True,True,0.641,0.47205883,320.0,679.0
d:\Research\Multi-View Fusion Network\datasets\brisc2025\classification_task\test\pituitary\brisc2025_test_00753_pi_ax_t1.jpg,pituitary,pituitary,axial,0.030625338,0.04241539,0.8906441,0.036315255,0.8906441,True,True,0.47767857,0.31418523,267.0,852.0
d:\Research\Multi-View Fusion Network\datasets\brisc2025\classification_task\test\pituitary\brisc2025_test_00754_pi_ax_t1.jpg,pituitary,pituitary,axial,0.043949023,0.048528515,0.85432833,0.05319415,0.85432833,True,True,0.36327186,0.22233105,226.0,1020.0
d:\Research\Multi-View Fusion Network\datasets\brisc2025\classification_task\test\pituitary\brisc2025_test_00755_pi_ax_t1.jpg,pituitary,pituitary,axial,0.07799811,0.07818876,0.8048604,0.03895272,0.8048604,True,True,0.7827356,0.6431507,941.0,1456.0
d:\Research\Multi-View Fusion Network\datasets\brisc2025\classification_task\test\pituitary\brisc2025_test_00756_pi_ax_t1.jpg,pituitary,pituitary,axial,0.041565295,0.055226628,0.84800845,0.055199668,0.84800845,True,True,0.6389402,0.46968326,518.0,1104.0
d:\Research\Multi-View Fusion Network\datasets\brisc2025\classification_task\test\pituitary\brisc2025_test_00757_pi_ax_t1.jpg,pituitary,pituitary,axial,0.058569275,0.095113754,0.7859475,0.060369484,0.7859475,True,True,0.9745879,0.95046854,726.0,729.0
d:\Research\Multi-View Fusion Network\datasets\brisc2025\classification_task\test\pituitary\brisc2025_test_00758_pi_ax_t1.jpg,pituitary,pituitary,axial,0.041643497,0.04984074,0.86636084,0.042154957,0.86636084,True,True,0.5675453,0.39655173,344.0,869.0
d:\Research\Multi-View Fusion Network\datasets\brisc2025\classification_task\test\pituitary\brisc2025_test_00759_pi_ax_t1.jpg,pituitary,pituitary,axial,0.039915416,0.04675708,0.876231,0.03709642,0.876231,True,True,0.8240132,0.70111734,252.0,355.0
d:\Research\Multi-View Fusion Network\datasets\brisc2025\classification_task\test\pituitary\brisc2025_test_00760_pi_ax_t1.jpg,pituitary,pituitary,axial,0.035927404,0.059757177,0.8662014,0.038114026,0.8662014,True,True,0.93949044,0.8859544,746.0,823.0
d:\Research\Multi-View Fusion Network\datasets\brisc2025\classification_task\test\pituitary\brisc2025_test_00761_pi_ax_t1.jpg,pituitary,pituitary,axial,0.05089061,0.05451774,0.8482327,0.046359062,0.8482327,True,True,0.5009901,0.33450705,379.0,1135.0
d:\Research\Multi-View Fusion Network\datasets\brisc2025\classification_task\test\pituitary\brisc2025_test_00762_pi_ax_t1.jpg,pituitary,pituitary,axial,0.037325647,0.046977147,0.863749,0.0519482,0.863749,True,True,0.46897933,0.3066202,351.0,1147.0
d:\Research\Multi-View Fusion Network\datasets\brisc2025\classification_task\test\pituitary\brisc2025_test_00763_pi_ax_t1.jpg,pituitary,pituitary,axial,0.040284082,0.04448168,0.86426055,0.050973605,0.86426055,True,True,0.4723336,0.3095488,294.0,952.0
d:\Research\Multi-View Fusion Network\datasets\brisc2025\classification_task\test\pituitary\brisc2025_test_00764_pi_ax_t1.jpg,pituitary,pituitary,axial,0.035629056,0.04291394,0.88757545,0.033881478,0.88757545,True,True,0.58432835,0.4130664,391.0,948.0
d:\Research\Multi-View Fusion Network\datasets\brisc2025\classification_task\test\pituitary\brisc2025_test_00765_pi_ax_t1.jpg,pituitary,pituitary,axial,0.034912024,0.044176046,0.8812548,0.039657205,0.8812548,True,True,0.19817352,0.110435665,108.0,986.0
d:\Research\Multi-View Fusion Network\datasets\brisc2025\classification_task\test\pituitary\brisc2025_test_00766_pi_ax_t1.jpg,pituitary,pituitary,axial,0.03950323,0.03784178,0.878262,0.044392996,0.878262,True,True,0.39044943,0.24302326,208.0,859.0
d:\Research\Multi-View Fusion Network\datasets\brisc2025\classification_task\test\pituitary\brisc2025_test_00767_pi_ax_t1.jpg,pituitary,pituitary,axial,0.036909055,0.056637973,0.8616487,0.04480432,0.8616487,True,True,0.35188678,0.21395881,186.0,873.0
d:\Research\Multi-View Fusion Network\datasets\brisc2025\classification_task\test\pituitary\brisc2025_test_00768_pi_ax_t1.jpg,pituitary,pituitary,axial,0.040304646,0.05554911,0.8434346,0.060711596,0.8434346,True,True,0.46983856,0.30743617,276.0,900.0
d:\Research\Multi-View Fusion Network\datasets\brisc2025\classification_task\test\pituitary\brisc2025_test_00769_pi_ax_t1.jpg,pituitary,pituitary,axial,0.031876877,0.03879029,0.8976422,0.031690646,0.8976422,True,True,0.6891304,0.5259668,479.0,900.0
d:\Research\Multi-View Fusion Network\datasets\brisc2025\classification_task\test\pituitary\brisc2025_test_00770_pi_ax_t1.jpg,pituitary,pituitary,axial,0.029461628,0.04234632,0.8952931,0.032898933,0.8952931,True,True,0.4130106,0.26095238,136.0,524.0
d:\Research\Multi-View Fusion Network\datasets\brisc2025\classification_task\test\pituitary\brisc2025_test_00771_pi_ax_t1.jpg,pituitary,pituitary,axial,0.04016528,0.05297703,0.86719906,0.03965859,0.86719906,True,True,0.49699157,0.3312,206.0,624.0
d:\Research\Multi-View Fusion Network\datasets\brisc2025\classification_task\test\pituitary\brisc2025_test_00772_pi_ax_t1.jpg,pituitary,pituitary,axial,0.04958198,0.07123128,0.83087146,0.048315313,0.83087146,True,True,0.6498691,0.48158914,498.0,1029.0
d:\Research\Multi-View Fusion Network\datasets\brisc2025\classification_task\test\pituitary\brisc2025_test_00773_pi_ax_t1.jpg,pituitary,pituitary,axial,0.03347407,0.04139555,0.9007714,0.024358965,0.9007714,True,True,0.7206731,0.5634861,768.0,1311.0
d:\Research\Multi-View Fusion Network\datasets\brisc2025\classification_task\test\pituitary\brisc2025_test_00774_pi_ax_t1.jpg,pituitary,pituitary,axial,0.039137464,0.05134484,0.8625159,0.047001787,0.8625159,True,True,0.6446188,0.47603306,287.0,604.0
d:\Research\Multi-View Fusion Network\datasets\brisc2025\classification_task\test\pituitary\brisc2025_test_00775_pi_ax_t1.jpg,pituitary,pituitary,axial,0.035364725,0.036630128,0.8948641,0.033141073,0.8948641,True,True,0.58055294,0.40939596,304.0,744.0
d:\Research\Multi-View Fusion Network\datasets\brisc2025\classification_task\test\pituitary\brisc2025_test_00776_pi_ax_t1.jpg,pituitary,pituitary,axial,0.098768525,0.08610538,0.7577675,0.057358544,0.7577675,True,True,0.88246506,0.78977275,700.0,873.0
d:\Research\Multi-View Fusion Network\datasets\brisc2025\classification_task\test\pituitary\brisc2025_test_00777_pi_ax_t1.jpg,pituitary,pituitary,axial,0.06507556,0.04907367,0.84556264,0.04028813,0.84556264,True,True,0.41805434,0.26467332,238.0,902.0
d:\Research\Multi-View Fusion Network\datasets\brisc2025\classification_task\test\pituitary\brisc2025_test_00778_pi_ax_t1.jpg,pituitary,pituitary,axial,0.05536724,0.10240939,0.79205644,0.05016689,0.79205644,True,True,0.697479,0.5359116,298.0,534.0
d:\Research\Multi-View Fusion Network\datasets\brisc2025\classification_task\test\pituitary\brisc2025_test_00779_pi_ax_t1.jpg,pituitary,pituitary,axial,0.03871475,0.04427845,0.8759958,0.0410109,0.8759958,True,True,0.45298508,0.29315332,303.0,1036.0
d:\Research\Multi-View Fusion Network\datasets\brisc2025\classification_task\test\pituitary\brisc2025_test_00780_pi_ax_t1.jpg,pituitary,pituitary,axial,0.03523713,0.03457246,0.89076513,0.03942519,0.89076513,True,True,0.5958589,0.42467248,389.0,914.0
d:\Research\Multi-View Fusion Network\datasets\brisc2025\classification_task\test\pituitary\brisc2025_test_00781_pi_ax_t1.jpg,pituitary,pituitary,axial,0.27391982,0.082779475,0.5890921,0.05420864,0.5890921,True,True,0.352077,0.2138906,347.0,1626.0
d:\Research\Multi-View Fusion Network\datasets\brisc2025\classification_task\test\pituitary\brisc2025_test_00782_pi_ax_t1.jpg,pituitary,pituitary,axial,0.035943568,0.04888973,0.8763783,0.03878843,0.8763783,True,True,0.37810487,0.23356009,205.0,881.0
d:\Research\Multi-View Fusion Network\datasets\brisc2025\classification_task\test\pituitary\brisc2025_test_00783_pi_ax_t1.jpg,pituitary,pituitary,axial,0.03500715,0.05002315,0.8716571,0.043312572,0.8716571,True,True,0.53911203,0.3699422,131.0,341.0
d:\Research\Multi-View Fusion Network\datasets\brisc2025\classification_task\test\pituitary\brisc2025_test_00784_pi_ax_t1.jpg,pituitary,pituitary,axial,0.0364764,0.043592636,0.88850176,0.031429272,0.88850176,True,True,0.61523306,0.44454977,469.0,1053.0
d:\Research\Multi-View Fusion Network\datasets\brisc2025\classification_task\test\pituitary\brisc2025_test_00785_pi_ax_t1.jpg,pituitary,pituitary,axial,0.027375406,0.043109637,0.8968627,0.032652274,0.8968627,True,True,0.77146816,0.6283784,278.0,443.0
d:\Research\Multi-View Fusion Network\datasets\brisc2025\classification_task\test\pituitary\brisc2025_test_00786_pi_ax_t1.jpg,pituitary,pituitary,axial,0.0455316,0.15144914,0.72699124,0.07602802,0.72699124,True,True,0.91536456,0.8441247,365.0,402.0
d:\Research\Multi-View Fusion Network\datasets\brisc2025\classification_task\test\pituitary\brisc2025_test_00787_pi_ax_t1.jpg,pituitary,pituitary,axial,0.14983855,0.15175293,0.6280777,0.070330866,0.6280777,True,True,0.73652697,0.58322054,453.0,715.0
d:\Research\Multi-View Fusion Network\datasets\brisc2025\classification_task\test\pituitary\brisc2025_test_00788_pi_ax_t1.jpg,pituitary,pituitary,axial,0.06771959,0.18319549,0.68897134,0.060113523,0.68897134,True,True,0.8347107,0.7169811,151.0,211.0
d:\Research\Multi-View Fusion Network\datasets\brisc2025\classification_task\test\pituitary\brisc2025_test_00789_pi_ax_t1.jpg,pituitary,pituitary,axial,0.03264896,0.050815213,0.86283803,0.053697776,0.86283803,True,True,0.37938598,0.23513514,86.0,369.0
d:\Research\Multi-View Fusion Network\datasets\brisc2025\classification_task\test\pituitary\brisc2025_test_00790_pi_ax_t1.jpg,pituitary,pituitary,axial,0.072989315,0.16312426,0.69555324,0.06833316,0.69555324,True,True,0.8549488,0.7470238,250.0,335.0
d:\Research\Multi-View Fusion Network\datasets\brisc2025\classification_task\test\pituitary\brisc2025_test_00791_pi_ax_t1.jpg,pituitary,pituitary,axial,0.037573066,0.04122566,0.8840297,0.037171613,0.8840297,True,True,0.41926542,0.26555654,302.0,1140.0
d:\Research\Multi-View Fusion Network\datasets\brisc2025\classification_task\test\pituitary\brisc2025_test_00792_pi_ax_t1.jpg,pituitary,pituitary,axial,0.13898052,0.108423285,0.6776035,0.07499267,0.6776035,True,True,0.66824645,0.5021337,352.0,702.0
d:\Research\Multi-View Fusion Network\datasets\brisc2025\classification_task\test\pituitary\brisc2025_test_00793_pi_ax_t1.jpg,pituitary,pituitary,axial,0.03173935,0.061643984,0.86289376,0.0437228,0.86289376,True,True,0.32802013,0.19658977,195.0,996.0
d:\Research\Multi-View Fusion Network\datasets\brisc2025\classification_task\test\pituitary\brisc2025_test_00794_pi_ax_t1.jpg,pituitary,pituitary,axial,0.030029988,0.048316948,0.88621724,0.035435844,0.88621724,True,True,0.51574373,0.34795323,239.0,681.0
d:\Research\Multi-View Fusion Network\datasets\brisc2025\classification_task\test\pituitary\brisc2025_test_00795_pi_ax_t1.jpg,pituitary,pituitary,axial,0.03771889,0.065555386,0.84599423,0.050731532,0.84599423,True,True,0.2266791,0.12828602,121.0,950.0
d:\Research\Multi-View Fusion Network\datasets\brisc2025\classification_task\test\pituitary\brisc2025_test_00796_pi_ax_t1.jpg,pituitary,pituitary,axial,0.034575567,0.053813804,0.87532264,0.036288,0.87532264,True,True,0.88240916,0.7897436,511.0,534.0
d:\Research\Multi-View Fusion Network\datasets\brisc2025\classification_task\test\pituitary\brisc2025_test_00797_pi_ax_t1.jpg,pituitary,pituitary,axial,0.07964827,0.14267468,0.7370959,0.04058116,0.7370959,True,True,0.91367656,0.8411483,912.0,1010.0
d:\Research\Multi-View Fusion Network\datasets\brisc2025\classification_task\test\pituitary\brisc2025_test_00798_pi_ax_t1.jpg,pituitary,pituitary,axial,0.04137535,0.14861688,0.768592,0.041415773,0.768592,True,True,0.97722346,0.95547706,1376.0,1389.0
d:\Research\Multi-View Fusion Network\datasets\brisc2025\classification_task\test\pituitary\brisc2025_test_00799_pi_ax_t1.jpg,pituitary,pituitary,axial,0.037889346,0.03590796,0.88583034,0.04037241,0.88583034,True,True,0.5797491,0.40857503,323.0,792.0
d:\Research\Multi-View Fusion Network\datasets\brisc2025\classification_task\test\pituitary\brisc2025_test_00800_pi_ax_t1.jpg,pituitary,pituitary,axial,0.036266483,0.050919674,0.87181866,0.040995102,0.87181866,True,True,0.72978437,0.5747614,556.0,927.0
d:\Research\Multi-View Fusion Network\datasets\brisc2025\classification_task\test\pituitary\brisc2025_test_00801_pi_ax_t1.jpg,pituitary,pituitary,axial,0.02528009,0.037746623,0.9051875,0.031785846,0.9051875,True,True,0.76223403,0.6159794,716.0,1163.0
d:\Research\Multi-View Fusion Network\datasets\brisc2025\classification_task\test\pituitary\brisc2025_test_00802_pi_ax_t1.jpg,pituitary,pituitary,axial,0.031566177,0.04227003,0.8932439,0.032919936,0.8932439,True,True,0.29959786,0.17651694,223.0,1268.0
d:\Research\Multi-View Fusion Network\datasets\brisc2025\classification_task\test\pituitary\brisc2025_test_00803_pi_ax_t1.jpg,pituitary,pituitary,axial,0.029100925,0.038047537,0.89388275,0.03896883,0.89388275,True,True,0.5227098,0.35416666,339.0,959.0
d:\Research\Multi-View Fusion Network\datasets\brisc2025\classification_task\test\pituitary\brisc2025_test_00804_pi_ax_t1.jpg,pituitary,pituitary,axial,0.031269357,0.063073374,0.8651917,0.040465556,0.8651917,True,True,0.5589431,0.3887324,137.0,354.0
d:\Research\Multi-View Fusion Network\datasets\brisc2025\classification_task\test\pituitary\brisc2025_test_00805_pi_ax_t1.jpg,pituitary,pituitary,axial,0.04481563,0.15102056,0.7397172,0.06444668,0.7397172,True,True,0.5932476,0.42237443,184.0,437.0
d:\Research\Multi-View Fusion Network\datasets\brisc2025\classification_task\test\pituitary\brisc2025_test_00806_pi_ax_t1.jpg,pituitary,pituitary,axial,0.041742653,0.050845373,0.84996516,0.057446808,0.84996516,True,True,0.28384614,0.1657706,184.0,1115.0
d:\Research\Multi-View Fusion Network\datasets\brisc2025\classification_task\test\pituitary\brisc2025_test_00807_pi_ax_t1.jpg,pituitary,pituitary,axial,0.025780236,0.05725184,0.86971265,0.04725532,0.86971265,True,True,0.7046005,0.54420924,436.0,802.0
d:\Research\Multi-View Fusion Network\datasets\brisc2025\classification_task\test\pituitary\brisc2025_test_00808_pi_ax_t1.jpg,pituitary,pituitary,axial,0.030245561,0.07992024,0.83116305,0.05867109,0.83116305,True,True,0.7772567,0.6360153,331.0,521.0
d:\Research\Multi-View Fusion Network\datasets\brisc2025\classification_task\test\pituitary\brisc2025_test_00809_pi_ax_t1.jpg,pituitary,pituitary,axial,0.05103221,0.06652606,0.84356153,0.038880173,0.84356153,True,True,0.7794323,0.6387195,851.0,1297.0
d:\Research\Multi-View Fusion Network\datasets\brisc2025\classification_task\test\pituitary\brisc2025_test_00810_pi_ax_t1.jpg,pituitary,pituitary,axial,0.032408714,0.0631441,0.86489403,0.039553177,0.86489403,True,True,0.79981464,0.6666667,432.0,646.0
d:\Research\Multi-View Fusion Network\datasets\brisc2025\classification_task\test\pituitary\brisc2025_test_00811_pi_ax_t1.jpg,pituitary,pituitary,axial,0.06610736,0.1435219,0.72544694,0.06492376,0.72544694,True,True,0.82555556,0.70321363,413.0,486.0
d:\Research\Multi-View Fusion Network\datasets\brisc2025\classification_task\test\pituitary\brisc2025_test_00812_pi_ax_t1.jpg,pituitary,pituitary,axial,0.041770943,0.09553298,0.8115921,0.051103923,0.8115921,True,True,0.8539043,0.74561405,177.0,219.0
d:\Research\Multi-View Fusion Network\datasets\brisc2025\classification_task\test\pituitary\brisc2025_test_00813_pi_ax_t1.jpg,pituitary,pituitary,axial,0.03676218,0.059322294,0.8632632,0.0406523,0.8632632,True,True,0.0030864198,0.0030864198,323.0,0.0
d:\Research\Multi-View Fusion Network\datasets\brisc2025\classification_task\test\pituitary\brisc2025_test_00814_pi_ax_t1.jpg,pituitary,pituitary,axial,0.034370158,0.039424825,0.8938067,0.03239833,0.8938067,True,True,0.66827697,0.5024155,207.0,413.0
d:\Research\Multi-View Fusion Network\datasets\brisc2025\classification_task\test\pituitary\brisc2025_test_00815_pi_ax_t1.jpg,pituitary,pituitary,axial,0.030664379,0.04505425,0.8900394,0.03424201,0.8900394,True,True,0.2145631,0.12065218,110.0,919.0
d:\Research\Multi-View Fusion Network\datasets\brisc2025\classification_task\test\pituitary\brisc2025_test_00816_pi_ax_t1.jpg,pituitary,pituitary,axial,0.029857635,0.044625074,0.8976326,0.027884783,0.8976326,True,True,0.50844157,0.34116623,391.0,1148.0
d:\Research\Multi-View Fusion Network\datasets\brisc2025\classification_task\test\pituitary\brisc2025_test_00817_pi_ax_t1.jpg,pituitary,pituitary,axial,0.034347475,0.07214774,0.86446816,0.029036677,0.86446816,True,True,0.6293223,0.45967743,227.0,495.0
d:\Research\Multi-View Fusion Network\datasets\brisc2025\classification_task\test\pituitary\brisc2025_test_00818_pi_ax_t1.jpg,pituitary,pituitary,axial,0.07345708,0.16649564,0.7037808,0.056266528,0.7037808,True,True,0.93177736,0.8724832,265.0,291.0
d:\Research\Multi-View Fusion Network\datasets\brisc2025\classification_task\test\pituitary\brisc2025_test_00819_pi_ax_t1.jpg,pituitary,pituitary,axial,0.048725463,0.1093631,0.8026828,0.03922856,0.8026828,True,True,0.59980667,0.42857143,633.0,1435.0
d:\Research\Multi-View Fusion Network\datasets\brisc2025\classification_task\test\pituitary\brisc2025_test_00820_pi_ax_t1.jpg,pituitary,pituitary,axial,0.12584138,0.28090057,0.47203055,0.12122747,0.47203055,True,True,0.006802721,0.006802721,146.0,0.0
d:\Research\Multi-View Fusion Network\datasets\brisc2025\classification_task\test\pituitary\brisc2025_test_00821_pi_ax_t1.jpg,pituitary,pituitary,axial,0.03854091,0.058681842,0.859381,0.043396227,0.859381,True,True,0.97309834,0.9476534,526.0,551.0
d:\Research\Multi-View Fusion Network\datasets\brisc2025\classification_task\test\pituitary\brisc2025_test_00822_pi_ax_t1.jpg,pituitary,pituitary,axial,0.112043165,0.19484977,0.6258427,0.06726435,0.6258427,True,True,0.65197843,0.484,362.0,749.0
d:\Research\Multi-View Fusion Network\datasets\brisc2025\classification_task\test\pituitary\brisc2025_test_00823_pi_ax_t1.jpg,pituitary,pituitary,axial,0.046613403,0.04591314,0.8795304,0.027943071,0.8795304,True,True,0.6175478,0.44715446,277.0,611.0
d:\Research\Multi-View Fusion Network\datasets\brisc2025\classification_task\test\pituitary\brisc2025_test_00824_pi_ax_t1.jpg,pituitary,pituitary,axial,0.044425745,0.07562611,0.83539206,0.044556092,0.83539206,True,True,0.6333699,0.46388444,292.0,618.0
d:\Research\Multi-View Fusion Network\datasets\brisc2025\classification_task\test\pituitary\brisc2025_test_00825_pi_co_t1.jpg,pituitary,pituitary,coronal,0.035233654,0.040415313,0.88677174,0.037579354,0.88677174,True,True,0.677305,0.51225114,671.0,1302.0
d:\Research\Multi-View Fusion Network\datasets\brisc2025\classification_task\test\pituitary\brisc2025_test_00826_pi_co_t1.jpg,pituitary,meningioma,coronal,0.1375877,0.41166455,0.37776464,0.07298313,0.41166455,False,True,0.8957935,0.8114187,475.0,570.0
d:\Research\Multi-View Fusion Network\datasets\brisc2025\classification_task\test\pituitary\brisc2025_test_00827_pi_co_t1.jpg,pituitary,pituitary,coronal,0.033106085,0.034525886,0.897418,0.034949925,0.897418,True,True,0.65474725,0.4871795,265.0,545.0
d:\Research\Multi-View Fusion Network\datasets\brisc2025\classification_task\test\pituitary\brisc2025_test_00828_pi_co_t1.jpg,pituitary,pituitary,coronal,0.036671232,0.040989697,0.87725466,0.04508437,0.87725466,True,True,0.8134058,0.6855922,1132.0,1627.0
d:\Research\Multi-View Fusion Network\datasets\brisc2025\classification_task\test\pituitary\brisc2025_test_00829_pi_co_t1.jpg,pituitary,pituitary,coronal,0.031865984,0.04285943,0.88861495,0.036659617,0.88861495,True,True,0.83820784,0.7216274,695.0,911.0
d:\Research\Multi-View Fusion Network\datasets\brisc2025\classification_task\test\pituitary\brisc2025_test_00830_pi_co_t1.jpg,pituitary,pituitary,coronal,0.03467322,0.0503508,0.8803704,0.034605566,0.8803704,True,True,0.6544,0.48693585,212.0,412.0
d:\Research\Multi-View Fusion Network\datasets\brisc2025\classification_task\test\pituitary\brisc2025_test_00831_pi_co_t1.jpg,pituitary,pituitary,coronal,0.0478729,0.06423158,0.84443426,0.04346126,0.84443426,True,True,0.81237525,0.68456376,211.0,289.0
d:\Research\Multi-View Fusion Network\datasets\brisc2025\classification_task\test\pituitary\brisc2025_test_00832_pi_co_t1.jpg,pituitary,pituitary,coronal,0.03901605,0.041108675,0.87637097,0.0435043,0.87637097,True,True,0.56066614,0.38986784,353.0,907.0
d:\Research\Multi-View Fusion Network\datasets\brisc2025\classification_task\test\pituitary\brisc2025_test_00833_pi_co_t1.jpg,pituitary,pituitary,coronal,0.08300668,0.09486606,0.7485514,0.07357577,0.7485514,True,True,0.6342812,0.4647399,401.0,864.0
d:\Research\Multi-View Fusion Network\datasets\brisc2025\classification_task\test\pituitary\brisc2025_test_00834_pi_co_t1.jpg,pituitary,pituitary,coronal,0.033167787,0.041887082,0.8851515,0.03979368,0.8851515,True,True,0.8492741,0.73813057,994.0,1347.0
d:\Research\Multi-View Fusion Network\datasets\brisc2025\classification_task\test\pituitary\brisc2025_test_00835_pi_co_t1.jpg,pituitary,pituitary,coronal,0.047864236,0.07945609,0.81990534,0.05277433,0.81990534,True,True,0.7177152,0.56,461.0,746.0
d:\Research\Multi-View Fusion Network\datasets\brisc2025\classification_task\test\pituitary\brisc2025_test_00836_pi_co_t1.jpg,pituitary,pituitary,coronal,0.036866367,0.07116595,0.8423586,0.049609117,0.8423586,True,True,0.8133008,0.6855087,834.0,804.0
d:\Research\Multi-View Fusion Network\datasets\brisc2025\classification_task\test\pituitary\brisc2025_test_00837_pi_co_t1.jpg,pituitary,pituitary,coronal,0.03456185,0.053766202,0.86901456,0.042657357,0.86901456,True,True,0.8369471,0.71982116,583.0,569.0
d:\Research\Multi-View Fusion Network\datasets\brisc2025\classification_task\test\pituitary\brisc2025_test_00838_pi_co_t1.jpg,pituitary,pituitary,coronal,0.036555015,0.04567151,0.8774685,0.040304966,0.8774685,True,True,0.20769231,0.117142856,40.0,349.0
d:\Research\Multi-View Fusion Network\datasets\brisc2025\classification_task\test\pituitary\brisc2025_test_00839_pi_co_t1.jpg,pituitary,pituitary,coronal,0.038481846,0.056402348,0.85055554,0.054560367,0.85055554,True,True,0.0024875621,0.0024875621,401.0,0.0
d:\Research\Multi-View Fusion Network\datasets\brisc2025\classification_task\test\pituitary\brisc2025_test_00840_pi_co_t1.jpg,pituitary,pituitary,coronal,0.032375954,0.04532423,0.8871046,0.035195284,0.8871046,True,True,0.79559,0.660732,691.0,986.0
d:\Research\Multi-View Fusion Network\datasets\brisc2025\classification_task\test\pituitary\brisc2025_test_00841_pi_co_t1.jpg,pituitary,pituitary,coronal,0.037241705,0.041790266,0.88138247,0.03958556,0.88138247,True,True,0.7840969,0.6450216,770.0,1128.0
d:\Research\Multi-View Fusion Network\datasets\brisc2025\classification_task\test\pituitary\brisc2025_test_00842_pi_co_t1.jpg,pituitary,pituitary,coronal,0.03219612,0.039428253,0.8960693,0.03230635,0.8960693,True,True,0.25477386,0.14622913,337.0,1652.0
d:\Research\Multi-View Fusion Network\datasets\brisc2025\classification_task\test\pituitary\brisc2025_test_00843_pi_co_t1.jpg,pituitary,pituitary,coronal,0.04198037,0.044188816,0.8729429,0.040887933,0.8729429,True,True,0.45516813,0.29492345,375.0,1230.0
d:\Research\Multi-View Fusion Network\datasets\brisc2025\classification_task\test\pituitary\brisc2025_test_00844_pi_co_t1.jpg,pituitary,pituitary,coronal,0.029857883,0.039613254,0.8923959,0.038132917,0.8923959,True,True,0.6235549,0.45330536,432.0,951.0
d:\Research\Multi-View Fusion Network\datasets\brisc2025\classification_task\test\pituitary\brisc2025_test_00845_pi_co_t1.jpg,pituitary,pituitary,coronal,0.17023051,0.14594397,0.6005066,0.08331894,0.6005066,True,True,0.91712105,0.8470825,444.0,472.0
d:\Research\Multi-View Fusion Network\datasets\brisc2025\classification_task\test\pituitary\brisc2025_test_00846_pi_co_t1.jpg,pituitary,pituitary,coronal,0.13541155,0.14999674,0.62567824,0.08891353,0.62567824,True,True,0.7132928,0.55465585,410.0,740.0
d:\Research\Multi-View Fusion Network\datasets\brisc2025\classification_task\test\pituitary\brisc2025_test_00847_pi_co_t1.jpg,pituitary,pituitary,coronal,0.066653796,0.0652052,0.794362,0.07377902,0.794362,True,True,0.48671418,0.3219178,375.0,1167.0
d:\Research\Multi-View Fusion Network\datasets\brisc2025\classification_task\test\pituitary\brisc2025_test_00848_pi_co_t1.jpg,pituitary,pituitary,coronal,0.040951565,0.053384837,0.85780966,0.047853857,0.85780966,True,True,0.80743563,0.6773163,475.0,573.0
d:\Research\Multi-View Fusion Network\datasets\brisc2025\classification_task\test\pituitary\brisc2025_test_00849_pi_co_t1.jpg,pituitary,pituitary,coronal,0.03312526,0.037535835,0.894437,0.03490193,0.894437,True,True,0.84007186,0.7244582,502.0,610.0
d:\Research\Multi-View Fusion Network\datasets\brisc2025\classification_task\test\pituitary\brisc2025_test_00850_pi_co_t1.jpg,pituitary,pituitary,coronal,0.031708192,0.036944143,0.8963868,0.034960937,0.8963868,True,True,0.76833975,0.6242171,301.0,475.0
d:\Research\Multi-View Fusion Network\datasets\brisc2025\classification_task\test\pituitary\brisc2025_test_00851_pi_co_t1.jpg,pituitary,pituitary,coronal,0.04002588,0.052101724,0.85830194,0.049570378,0.85830194,True,True,0.7641509,0.6185148,629.0,960.0
d:\Research\Multi-View Fusion Network\datasets\brisc2025\classification_task\test\pituitary\brisc2025_test_00852_pi_co_t1.jpg,pituitary,pituitary,coronal,0.029556688,0.03981173,0.88512075,0.045510847,0.88512075,True,True,0.87946427,0.78503186,533.0,586.0
d:\Research\Multi-View Fusion Network\datasets\brisc2025\classification_task\test\pituitary\brisc2025_test_00853_pi_co_t1.jpg,pituitary,pituitary,coronal,0.035946295,0.050940525,0.8691997,0.043913484,0.8691997,True,True,0.7603459,0.61354584,616.0,1002.0
d:\Research\Multi-View Fusion Network\datasets\brisc2025\classification_task\test\pituitary\brisc2025_test_00854_pi_co_t1.jpg,pituitary,pituitary,coronal,0.03297067,0.041760318,0.8816113,0.04365772,0.8816113,True,True,0.68017286,0.5155483,631.0,1219.0
d:\Research\Multi-View Fusion Network\datasets\brisc2025\classification_task\test\pituitary\brisc2025_test_00855_pi_co_t1.jpg,pituitary,pituitary,coronal,0.033770718,0.046931807,0.87907606,0.040221386,0.87907606,True,True,0.56492245,0.39406207,297.0,734.0
d:\Research\Multi-View Fusion Network\datasets\brisc2025\classification_task\test\pituitary\brisc2025_test_00856_pi_co_t1.jpg,pituitary,pituitary,coronal,0.07899107,0.05875854,0.8127223,0.04952799,0.8127223,True,True,0.9561808,0.91607773,1040.0,1127.0
d:\Research\Multi-View Fusion Network\datasets\brisc2025\classification_task\test\pituitary\brisc2025_test_00857_pi_co_t1.jpg,pituitary,pituitary,coronal,0.04431161,0.05642689,0.8451286,0.05413289,0.8451286,True,True,0.9234303,0.85795456,302.0,350.0
d:\Research\Multi-View Fusion Network\datasets\brisc2025\classification_task\test\pituitary\brisc2025_test_00858_pi_co_t1.jpg,pituitary,pituitary,coronal,0.03071542,0.038170002,0.8915209,0.03959374,0.8915209,True,True,0.50567377,0.33870968,357.0,1052.0
d:\Research\Multi-View Fusion Network\datasets\brisc2025\classification_task\test\pituitary\brisc2025_test_00859_pi_co_t1.jpg,pituitary,pituitary,coronal,0.035928592,0.045796573,0.87815446,0.0401204,0.87815446,True,True,0.8634228,0.75974023,1473.0,1506.0
d:\Research\Multi-View Fusion Network\datasets\brisc2025\classification_task\test\pituitary\brisc2025_test_00860_pi_co_t1.jpg,pituitary,pituitary,coronal,0.031812716,0.051310398,0.87765086,0.03922596,0.87765086,True,True,0.8864706,0.79619855,754.0,945.0
d:\Research\Multi-View Fusion Network\datasets\brisc2025\classification_task\test\pituitary\brisc2025_test_00861_pi_co_t1.jpg,pituitary,pituitary,coronal,0.048370022,0.067450896,0.81731844,0.06686066,0.81731844,True,True,0.7741441,0.63166666,757.0,1199.0
d:\Research\Multi-View Fusion Network\datasets\brisc2025\classification_task\test\pituitary\brisc2025_test_00862_pi_co_t1.jpg,pituitary,pituitary,coronal,0.034821495,0.053722326,0.8687295,0.04272673,0.8687295,True,True,0.6777702,0.5128469,547.0,923.0
d:\Research\Multi-View Fusion Network\datasets\brisc2025\classification_task\test\pituitary\brisc2025_test_00863_pi_co_t1.jpg,pituitary,pituitary,coronal,0.039195884,0.037510708,0.8934019,0.029891543,0.8934019,True,True,0.5315645,0.36239102,303.0,789.0
d:\Research\Multi-View Fusion Network\datasets\brisc2025\classification_task\test\pituitary\brisc2025_test_00864_pi_co_t1.jpg,pituitary,pituitary,coronal,0.05662272,0.054453548,0.84723395,0.04168987,0.84723395,True,True,0.49253732,0.32712457,336.0,802.0
d:\Research\Multi-View Fusion Network\datasets\brisc2025\classification_task\test\pituitary\brisc2025_test_00865_pi_co_t1.jpg,pituitary,pituitary,coronal,0.035854414,0.042226207,0.88063097,0.041288335,0.88063097,True,True,0.5817152,0.4104903,359.0,876.0
d:\Research\Multi-View Fusion Network\datasets\brisc2025\classification_task\test\pituitary\brisc2025_test_00866_pi_co_t1.jpg,pituitary,pituitary,coronal,0.09014474,0.080137245,0.76478916,0.06492882,0.76478916,True,True,0.8659686,0.76383764,423.0,531.0
d:\Research\Multi-View Fusion Network\datasets\brisc2025\classification_task\test\pituitary\brisc2025_test_00867_pi_co_t1.jpg,pituitary,pituitary,coronal,0.03231561,0.034873333,0.9002738,0.032537278,0.9002738,True,True,0.48333332,0.3191801,218.0,681.0
d:\Research\Multi-View Fusion Network\datasets\brisc2025\classification_task\test\pituitary\brisc2025_test_00868_pi_co_t1.jpg,pituitary,pituitary,coronal,0.036606047,0.04976651,0.8705791,0.0430483,0.8705791,True,True,0.8245614,0.7017544,410.0,558.0
d:\Research\Multi-View Fusion Network\datasets\brisc2025\classification_task\test\pituitary\brisc2025_test_00869_pi_co_t1.jpg,pituitary,pituitary,coronal,0.042682886,0.04987699,0.859824,0.0476162,0.859824,True,True,0.69903433,0.5375103,655.0,1208.0
d:\Research\Multi-View Fusion Network\datasets\brisc2025\classification_task\test\pituitary\brisc2025_test_00870_pi_co_t1.jpg,pituitary,pituitary,coronal,0.041249212,0.07375042,0.83991766,0.04508273,0.83991766,True,True,0.9324403,0.8735005,862.0,854.0
d:\Research\Multi-View Fusion Network\datasets\brisc2025\classification_task\test\pituitary\brisc2025_test_00871_pi_co_t1.jpg,pituitary,pituitary,coronal,0.031042902,0.046170585,0.8861912,0.036595345,0.8861912,True,True,0.9535238,0.91120815,1287.0,1337.0
d:\Research\Multi-View Fusion Network\datasets\brisc2025\classification_task\test\pituitary\brisc2025_test_00872_pi_co_t1.jpg,pituitary,pituitary,coronal,0.03590716,0.050760992,0.8674059,0.045925956,0.8674059,True,True,0.78081554,0.6405775,873.0,1284.0
d:\Research\Multi-View Fusion Network\datasets\brisc2025\classification_task\test\pituitary\brisc2025_test_00873_pi_co_t1.jpg,pituitary,pituitary,coronal,0.03667383,0.064490415,0.85699373,0.041841947,0.85699373,True,True,0.8955438,0.810928,1058.0,1028.0
d:\Research\Multi-View Fusion Network\datasets\brisc2025\classification_task\test\pituitary\brisc2025_test_00874_pi_co_t1.jpg,pituitary,pituitary,coronal,0.033086672,0.04117703,0.88384956,0.041886788,0.88384956,True,True,0.88461536,0.7933194,379.0,478.0
d:\Research\Multi-View Fusion Network\datasets\brisc2025\classification_task\test\pituitary\brisc2025_test_00875_pi_co_t1.jpg,pituitary,pituitary,coronal,0.03796799,0.06321294,0.8351103,0.06370874,0.8351103,True,True,0.9293578,0.8681507,512.0,577.0
d:\Research\Multi-View Fusion Network\datasets\brisc2025\classification_task\test\pituitary\brisc2025_test_00876_pi_co_t1.jpg,pituitary,pituitary,coronal,0.029543681,0.03457381,0.90571207,0.030170543,0.90571207,True,True,0.33113673,0.19921105,165.0,441.0
d:\Research\Multi-View Fusion Network\datasets\brisc2025\classification_task\test\pituitary\brisc2025_test_00877_pi_co_t1.jpg,pituitary,pituitary,coronal,0.038703736,0.043792877,0.87489176,0.042611644,0.87489176,True,True,0.8738889,0.77613413,920.0,879.0
d:\Research\Multi-View Fusion Network\datasets\brisc2025\classification_task\test\pituitary\brisc2025_test_00878_pi_co_t1.jpg,pituitary,pituitary,coronal,0.03301272,0.063138485,0.85224116,0.05160767,0.85224116,True,True,0.857794,0.75119615,581.0,515.0
d:\Research\Multi-View Fusion Network\datasets\brisc2025\classification_task\test\pituitary\brisc2025_test_00879_pi_co_t1.jpg,pituitary,pituitary,coronal,0.03480638,0.042770788,0.87773055,0.044692274,0.87773055,True,True,0.55263156,0.38226745,281.0,668.0
d:\Research\Multi-View Fusion Network\datasets\brisc2025\classification_task\test\pituitary\brisc2025_test_00880_pi_co_t1.jpg,pituitary,pituitary,coronal,0.035479154,0.04385371,0.876963,0.043704074,0.876963,True,True,0.53705245,0.36746302,345.0,855.0
d:\Research\Multi-View Fusion Network\datasets\brisc2025\classification_task\test\pituitary\brisc2025_test_00881_pi_co_t1.jpg,pituitary,pituitary,coronal,0.047892205,0.12150836,0.75947285,0.07112654,0.75947285,True,True,0.97817045,0.95728236,2420.0,2389.0
d:\Research\Multi-View Fusion Network\datasets\brisc2025\classification_task\test\pituitary\brisc2025_test_00882_pi_co_t1.jpg,pituitary,pituitary,coronal,0.07506432,0.12460906,0.622398,0.17792864,0.622398,True,True,0.6657609,0.49932158,646.0,457.0
d:\Research\Multi-View Fusion Network\datasets\brisc2025\classification_task\test\pituitary\brisc2025_test_00883_pi_co_t1.jpg,pituitary,pituitary,coronal,0.029975202,0.030581336,0.90690565,0.032537773,0.90690565,True,True,0.8332145,0.71428573,666.0,736.0
d:\Research\Multi-View Fusion Network\datasets\brisc2025\classification_task\test\pituitary\brisc2025_test_00884_pi_co_t1.jpg,pituitary,pituitary,coronal,0.040081464,0.043550525,0.8781593,0.038208667,0.8781593,True,True,0.91594934,0.8450047,992.0,982.0
d:\Research\Multi-View Fusion Network\datasets\brisc2025\classification_task\test\pituitary\brisc2025_test_00885_pi_co_t1.jpg,pituitary,pituitary,coronal,0.050064843,0.047146536,0.85802025,0.044768408,0.85802025,True,True,0.8233962,0.7,612.0,712.0
d:\Research\Multi-View Fusion Network\datasets\brisc2025\classification_task\test\pituitary\brisc2025_test_00886_pi_co_t1.jpg,pituitary,pituitary,coronal,0.028767807,0.04994962,0.8776306,0.043652005,0.8776306,True,True,0.18047673,0.09975062,79.0,801.0
d:\Research\Multi-View Fusion Network\datasets\brisc2025\classification_task\test\pituitary\brisc2025_test_00887_pi_co_t1.jpg,pituitary,pituitary,coronal,0.03290368,0.039207872,0.8729732,0.054915283,0.8729732,True,True,0.6721739,0.50654453,387.0,762.0
d:\Research\Multi-View Fusion Network\datasets\brisc2025\classification_task\test\pituitary\brisc2025_test_00888_pi_co_t1.jpg,pituitary,pituitary,coronal,0.03390165,0.051921517,0.8683786,0.045798205,0.8683786,True,True,0.34271523,0.20758483,103.0,500.0
d:\Research\Multi-View Fusion Network\datasets\brisc2025\classification_task\test\pituitary\brisc2025_test_00889_pi_co_t1.jpg,pituitary,pituitary,coronal,0.051333256,0.06884074,0.8300965,0.04972961,0.8300965,True,True,0.6777939,0.5131579,233.0,455.0
d:\Research\Multi-View Fusion Network\datasets\brisc2025\classification_task\test\pituitary\brisc2025_test_00890_pi_co_t1.jpg,pituitary,pituitary,coronal,0.06875077,0.17791279,0.6503809,0.102955475,0.6503809,True,True,0.0068965517,0.0068965517,144.0,0.0
d:\Research\Multi-View Fusion Network\datasets\brisc2025\classification_task\test\pituitary\brisc2025_test_00891_pi_co_t1.jpg,pituitary,pituitary,coronal,0.029546881,0.044594,0.89002687,0.035832286,0.89002687,True,True,0.85031056,0.73974085,684.0,925.0
d:\Research\Multi-View Fusion Network\datasets\brisc2025\classification_task\test\pituitary\brisc2025_test_00892_pi_co_t1.jpg,pituitary,pituitary,coronal,0.039218176,0.07795658,0.817499,0.065326266,0.817499,True,True,0.64411026,0.47536945,406.0,790.0
d:\Research\Multi-View Fusion Network\datasets\brisc2025\classification_task\test\pituitary\brisc2025_test_00893_pi_co_t1.jpg,pituitary,pituitary,coronal,0.04833823,0.05802303,0.83942324,0.054215614,0.83942324,True,True,0.76816785,0.62375414,761.0,1192.0
d:\Research\Multi-View Fusion Network\datasets\brisc2025\classification_task\test\pituitary\brisc2025_test_00894_pi_co_t1.jpg,pituitary,pituitary,coronal,0.031735506,0.03861826,0.89104694,0.03859941,0.89104694,True,True,0.859823,0.75418997,1248.0,1576.0
d:\Research\Multi-View Fusion Network\datasets\brisc2025\classification_task\test\pituitary\brisc2025_test_00895_pi_co_t1.jpg,pituitary,pituitary,coronal,0.03219783,0.040821288,0.8882754,0.038705472,0.8882754,True,True,0.8369427,0.71991247,332.0,452.0
d:\Research\Multi-View Fusion Network\datasets\brisc2025\classification_task\test\pituitary\brisc2025_test_00896_pi_co_t1.jpg,pituitary,pituitary,coronal,0.035488307,0.042163994,0.8840692,0.038278442,0.8840692,True,True,0.8822258,0.78937197,829.0,1021.0
d:\Research\Multi-View Fusion Network\datasets\brisc2025\classification_task\test\pituitary\brisc2025_test_00897_pi_co_t1.jpg,pituitary,pituitary,coronal,0.028359452,0.043137558,0.8874212,0.041081827,0.8874212,True,True,0.8746313,0.7774869,318.0,359.0
d:\Research\Multi-View Fusion Network\datasets\brisc2025\classification_task\test\pituitary\brisc2025_test_00898_pi_co_t1.jpg,pituitary,pituitary,coronal,0.035302654,0.040003154,0.8880747,0.036619443,0.8880747,True,True,0.9075404,0.8308703,522.0,591.0
d:\Research\Multi-View Fusion Network\datasets\brisc2025\classification_task\test\pituitary\brisc2025_test_00899_pi_co_t1.jpg,pituitary,pituitary,coronal,0.036575187,0.04890587,0.86942065,0.04509822,0.86942065,True,True,0.45385346,0.29397294,238.0,812.0
d:\Research\Multi-View Fusion Network\datasets\brisc2025\classification_task\test\pituitary\brisc2025_test_00900_pi_co_t1.jpg,pituitary,pituitary,coronal,0.032489017,0.04985529,0.8704305,0.047225095,0.8704305,True,True,0.84019977,0.7247312,345.0,455.0
d:\Research\Multi-View Fusion Network\datasets\brisc2025\classification_task\test\pituitary\brisc2025_test_00901_pi_co_t1.jpg,pituitary,pituitary,coronal,0.029879835,0.03897065,0.8974232,0.03372629,0.8974232,True,True,0.7793779,0.63867927,678.0,1057.0
d:\Research\Multi-View Fusion Network\datasets\brisc2025\classification_task\test\pituitary\brisc2025_test_00902_pi_co_t1.jpg,pituitary,pituitary,coronal,0.049943093,0.08995082,0.8021145,0.057991605,0.8021145,True,True,0.6731055,0.50782996,230.0,442.0
d:\Research\Multi-View Fusion Network\datasets\brisc2025\classification_task\test\pituitary\brisc2025_test_00903_pi_co_t1.jpg,pituitary,pituitary,coronal,0.061878454,0.1156324,0.7687019,0.053787187,0.7687019,True,True,0.53954303,0.37019232,153.0,415.0
d:\Research\Multi-View Fusion Network\datasets\brisc2025\classification_task\test\pituitary\brisc2025_test_00904_pi_co_t1.jpg,pituitary,pituitary,coronal,0.041721515,0.07615903,0.83310324,0.049016148,0.83310324,True,True,0.94567466,0.8969765,1678.0,1708.0
d:\Research\Multi-View Fusion Network\datasets\brisc2025\classification_task\test\pituitary\brisc2025_test_00905_pi_co_t1.jpg,pituitary,pituitary,coronal,0.031935424,0.042101484,0.8879462,0.038016953,0.8879462,True,True,0.78591037,0.64759034,591.0,501.0
d:\Research\Multi-View Fusion Network\datasets\brisc2025\classification_task\test\pituitary\brisc2025_test_00906_pi_co_t1.jpg,pituitary,pituitary,coronal,0.040274832,0.043061156,0.8811043,0.035559773,0.8811043,True,True,0.91597337,0.845092,561.0,640.0
d:\Research\Multi-View Fusion Network\datasets\brisc2025\classification_task\test\pituitary\brisc2025_test_00907_pi_co_t1.jpg,pituitary,pituitary,coronal,0.032348886,0.038868077,0.896811,0.03197201,0.896811,True,True,0.8382565,0.7216367,1185.0,1590.0
d:\Research\Multi-View Fusion Network\datasets\brisc2025\classification_task\test\pituitary\brisc2025_test_00908_pi_co_t1.jpg,pituitary,pituitary,coronal,0.02834913,0.046922747,0.8870982,0.037629917,0.8870982,True,True,0.9271709,0.8643006,856.0,928.0
d:\Research\Multi-View Fusion Network\datasets\brisc2025\classification_task\test\pituitary\brisc2025_test_00909_pi_co_t1.jpg,pituitary,pituitary,coronal,0.06380596,0.055462655,0.8302813,0.05045003,0.8302813,True,True,0.60874087,0.43796712,292.0,668.0
d:\Research\Multi-View Fusion Network\datasets\brisc2025\classification_task\test\pituitary\brisc2025_test_00910_pi_co_t1.jpg,pituitary,pituitary,coronal,0.043389667,0.04336848,0.8740617,0.03918016,0.8740617,True,True,0.0033975085,0.0022675737,400.0,482.0
d:\Research\Multi-View Fusion Network\datasets\brisc2025\classification_task\test\pituitary\brisc2025_test_00911_pi_co_t1.jpg,pituitary,pituitary,coronal,0.029806312,0.036217574,0.89521503,0.038761035,0.89521503,True,True,0.7300945,0.57537156,271.0,469.0
d:\Research\Multi-View Fusion Network\datasets\brisc2025\classification_task\test\pituitary\brisc2025_test_00912_pi_co_t1.jpg,pituitary,pituitary,coronal,0.031445518,0.045419082,0.88032204,0.042813364,0.88032204,True,True,0.8388889,0.72292995,277.0,262.0
d:\Research\Multi-View Fusion Network\datasets\brisc2025\classification_task\test\pituitary\brisc2025_test_00913_pi_co_t1.jpg,pituitary,pituitary,coronal,0.031866565,0.035951212,0.89647585,0.03570629,0.89647585,True,True,0.83862144,0.7222222,780.0,1047.0
d:\Research\Multi-View Fusion Network\datasets\brisc2025\classification_task\test\pituitary\brisc2025_test_00914_pi_co_t1.jpg,pituitary,pituitary,coronal,0.035914805,0.05484382,0.85832065,0.05092076,0.85832065,True,True,0.8288948,0.7079545,634.0,867.0
d:\Research\Multi-View Fusion Network\datasets\brisc2025\classification_task\test\pituitary\brisc2025_test_00915_pi_sa_t1.jpg,pituitary,pituitary,sagittal,0.038525842,0.053279303,0.86789894,0.040295955,0.86789894,True,True,0.66618073,0.5,239.0,446.0
d:\Research\Multi-View Fusion Network\datasets\brisc2025\classification_task\test\pituitary\brisc2025_test_00916_pi_sa_t1.jpg,pituitary,pituitary,sagittal,0.043184128,0.059634063,0.86652976,0.03065205,0.86652976,True,True,0.6882051,0.525,335.0,639.0
d:\Research\Multi-View Fusion Network\datasets\brisc2025\classification_task\test\pituitary\brisc2025_test_00917_pi_sa_t1.jpg,pituitary,pituitary,sagittal,0.05042499,0.09247443,0.8118336,0.04526693,0.8118336,True,True,0.737931,0.5850234,377.0,637.0
d:\Research\Multi-View Fusion Network\datasets\brisc2025\classification_task\test\pituitary\brisc2025_test_00918_pi_sa_t1.jpg,pituitary,pituitary,sagittal,0.107806996,0.11628292,0.67887056,0.09703949,0.67887056,True,True,0.46458334,0.30352303,111.0,368.0
d:\Research\Multi-View Fusion Network\datasets\brisc2025\classification_task\test\pituitary\brisc2025_test_00919_pi_sa_t1.jpg,pituitary,pituitary,sagittal,0.053636596,0.11372901,0.7820503,0.05058413,0.7820503,True,True,0.7437408,0.5925059,253.0,425.0
d:\Research\Multi-View Fusion Network\datasets\brisc2025\classification_task\test\pituitary\brisc2025_test_00920_pi_sa_t1.jpg,pituitary,pituitary,sagittal,0.049866524,0.06950378,0.8267111,0.053918567,0.8267111,True,True,0.52512467,0.35621426,684.0,1922.0
d:\Research\Multi-View Fusion Network\datasets\brisc2025\classification_task\test\pituitary\brisc2025_test_00921_pi_sa_t1.jpg,pituitary,pituitary,sagittal,0.035762765,0.038199604,0.8913414,0.034696326,0.8913414,True,True,0.7822052,0.6424731,729.0,1102.0
d:\Research\Multi-View Fusion Network\datasets\brisc2025\classification_task\test\pituitary\brisc2025_test_00922_pi_sa_t1.jpg,pituitary,pituitary,sagittal,0.03841077,0.054167874,0.8703918,0.03702957,0.8703918,True,True,0.8328146,0.7136329,936.0,1312.0
d:\Research\Multi-View Fusion Network\datasets\brisc2025\classification_task\test\pituitary\brisc2025_test_00923_pi_sa_t1.jpg,pituitary,pituitary,sagittal,0.03209037,0.045365293,0.8818593,0.04068505,0.8818593,True,True,0.890625,0.8030019,455.0,504.0
d:\Research\Multi-View Fusion Network\datasets\brisc2025\classification_task\test\pituitary\brisc2025_test_00924_pi_sa_t1.jpg,pituitary,pituitary,sagittal,0.037841175,0.03510005,0.89600736,0.0310514,0.89600736,True,True,0.50888324,0.34183672,200.0,587.0
d:\Research\Multi-View Fusion Network\datasets\brisc2025\classification_task\test\pituitary\brisc2025_test_00925_pi_sa_t1.jpg,pituitary,pituitary,sagittal,0.0337424,0.054903198,0.8651439,0.046210557,0.8651439,True,True,0.82999593,0.7094972,1015.0,1431.0
d:\Research\Multi-View Fusion Network\datasets\brisc2025\classification_task\test\pituitary\brisc2025_test_00926_pi_sa_t1.jpg,pituitary,pituitary,sagittal,0.034084126,0.036871728,0.8981312,0.030912958,0.8981312,True,True,0.48964012,0.32467532,226.0,690.0
d:\Research\Multi-View Fusion Network\datasets\brisc2025\classification_task\test\pituitary\brisc2025_test_00927_pi_sa_t1.jpg,pituitary,pituitary,sagittal,0.040412895,0.047571547,0.86999273,0.04202276,0.86999273,True,True,0.6881271,0.5248408,411.0,784.0
d:\Research\Multi-View Fusion Network\datasets\brisc2025\classification_task\test\pituitary\brisc2025_test_00928_pi_sa_t1.jpg,pituitary,pituitary,sagittal,0.034163687,0.035472613,0.9006673,0.029696424,0.9006673,True,True,0.54357594,0.37361282,302.0,810.0
d:\Research\Multi-View Fusion Network\datasets\brisc2025\classification_task\test\pituitary\brisc2025_test_00929_pi_sa_t1.jpg,pituitary,pituitary,sagittal,0.035200134,0.061929166,0.863717,0.03915371,0.863717,True,True,0.24085365,0.1374134,118.0,865.0
d:\Research\Multi-View Fusion Network\datasets\brisc2025\classification_task\test\pituitary\brisc2025_test_00930_pi_sa_t1.jpg,pituitary,pituitary,sagittal,0.037215687,0.058334477,0.8474388,0.05701099,0.8474388,True,True,0.44864866,0.2896936,207.0,717.0
d:\Research\Multi-View Fusion Network\datasets\brisc2025\classification_task\test\pituitary\brisc2025_test_00931_pi_sa_t1.jpg,pituitary,pituitary,sagittal,0.03641257,0.044180054,0.8783275,0.041079924,0.8783275,True,True,0.68934375,0.5261708,572.0,1088.0
d:\Research\Multi-View Fusion Network\datasets\brisc2025\classification_task\test\pituitary\brisc2025_test_00932_pi_sa_t1.jpg,pituitary,pituitary,sagittal,0.03627709,0.049175013,0.8767703,0.037777506,0.8767703,True,True,0.6696697,0.5037594,334.0,664.0
d:\Research\Multi-View Fusion Network\datasets\brisc2025\classification_task\test\pituitary\brisc2025_test_00933_pi_sa_t1.jpg,pituitary,pituitary,sagittal,0.032890573,0.044780817,0.8846378,0.03769082,0.8846378,True,True,0.703252,0.5427975,259.0,478.0
d:\Research\Multi-View Fusion Network\datasets\brisc2025\classification_task\test\pituitary\brisc2025_test_00934_pi_sa_t1.jpg,pituitary,pituitary,sagittal,0.07602553,0.054134384,0.82436556,0.045474563,0.82436556,True,True,0.49593496,0.3299428,520.0,1570.0
d:\Research\Multi-View Fusion Network\datasets\brisc2025\classification_task\test\pituitary\brisc2025_test_00935_pi_sa_t1.jpg,pituitary,pituitary,sagittal,0.069571406,0.15002264,0.72778803,0.052617922,0.72778803,True,True,0.42324755,0.2688414,238.0,888.0
d:\Research\Multi-View Fusion Network\datasets\brisc2025\classification_task\test\pituitary\brisc2025_test_00936_pi_sa_t1.jpg,pituitary,pituitary,sagittal,0.048950743,0.08245881,0.8247112,0.043879163,0.8247112,True,True,0.5313352,0.36296296,111.0,255.0
d:\Research\Multi-View Fusion Network\datasets\brisc2025\classification_task\test\pituitary\brisc2025_test_00937_pi_sa_t1.jpg,pituitary,pituitary,sagittal,0.035306305,0.040796362,0.88600075,0.037896633,0.88600075,True,True,0.7528358,0.6038278,632.0,1042.0
d:\Research\Multi-View Fusion Network\datasets\brisc2025\classification_task\test\pituitary\brisc2025_test_00938_pi_sa_t1.jpg,pituitary,pituitary,sagittal,0.037149433,0.054449454,0.8672604,0.041140765,0.8672604,True,True,0.7833876,0.64438504,275.0,338.0
d:\Research\Multi-View Fusion Network\datasets\brisc2025\classification_task\test\pituitary\brisc2025_test_00939_pi_sa_t1.jpg,pituitary,pituitary,sagittal,0.045417834,0.06886613,0.842862,0.04285402,0.842862,True,True,0.65092164,0.48293516,291.0,576.0
d:\Research\Multi-View Fusion Network\datasets\brisc2025\classification_task\test\pituitary\brisc2025_test_00940_pi_sa_t1.jpg,pituitary,pituitary,sagittal,0.033021145,0.04137737,0.8885834,0.037018057,0.8885834,True,True,0.41069958,0.25879917,249.0,965.0
d:\Research\Multi-View Fusion Network\datasets\brisc2025\classification_task\test\pituitary\brisc2025_test_00941_pi_sa_t1.jpg,pituitary,pituitary,sagittal,0.035435833,0.033256397,0.90017295,0.03113489,0.90017295,True,True,0.56751984,0.39655173,321.0,811.0
d:\Research\Multi-View Fusion Network\datasets\brisc2025\classification_task\test\pituitary\brisc2025_test_00942_pi_sa_t1.jpg,pituitary,pituitary,sagittal,0.042090993,0.061571848,0.86377996,0.032557175,0.86377996,True,True,0.8209243,0.69640917,640.0,917.0
d:\Research\Multi-View Fusion Network\datasets\brisc2025\classification_task\test\pituitary\brisc2025_test_00943_pi_sa_t1.jpg,pituitary,pituitary,sagittal,0.05455942,0.06635978,0.8308381,0.04824265,0.8308381,True,True,0.6837524,0.5198238,353.0,680.0
d:\Research\Multi-View Fusion Network\datasets\brisc2025\classification_task\test\pituitary\brisc2025_test_00944_pi_sa_t1.jpg,pituitary,pituitary,sagittal,0.037298955,0.057460293,0.86397463,0.041266024,0.86397463,True,True,0.5215215,0.35317996,261.0,737.0
d:\Research\Multi-View Fusion Network\datasets\brisc2025\classification_task\test\pituitary\brisc2025_test_00945_pi_sa_t1.jpg,pituitary,pituitary,sagittal,0.03543731,0.05161136,0.87166226,0.04128905,0.87166226,True,True,0.88195616,0.7891566,268.0,324.0
d:\Research\Multi-View Fusion Network\datasets\brisc2025\classification_task\test\pituitary\brisc2025_test_00946_pi_sa_t1.jpg,pituitary,pituitary,sagittal,0.040229682,0.051454544,0.8719891,0.036326744,0.8719891,True,True,0.8574181,0.75084174,225.0,293.0
d:\Research\Multi-View Fusion Network\datasets\brisc2025\classification_task\test\pituitary\brisc2025_test_00947_pi_sa_t1.jpg,pituitary,pituitary,sagittal,0.0752013,0.07207362,0.8037668,0.048958316,0.8037668,True,True,0.765808,0.6212121,163.0,263.0
d:\Research\Multi-View Fusion Network\datasets\brisc2025\classification_task\test\pituitary\brisc2025_test_00948_pi_sa_t1.jpg,pituitary,pituitary,sagittal,0.06002159,0.12745407,0.74527055,0.06725383,0.74527055,True,True,0.7534965,0.60504204,248.0,323.0
d:\Research\Multi-View Fusion Network\datasets\brisc2025\classification_task\test\pituitary\brisc2025_test_00949_pi_sa_t1.jpg,pituitary,pituitary,sagittal,0.059717074,0.10032518,0.7601861,0.0797717,0.7601861,True,True,0.5009339,0.33432984,670.0,2006.0
d:\Research\Multi-View Fusion Network\datasets\brisc2025\classification_task\test\pituitary\brisc2025_test_00950_pi_sa_t1.jpg,pituitary,pituitary,sagittal,0.03793744,0.061278604,0.8567328,0.044051204,0.8567328,True,True,0.8856792,0.7949283,732.0,894.0
d:\Research\Multi-View Fusion Network\datasets\brisc2025\classification_task\test\pituitary\brisc2025_test_00951_pi_sa_t1.jpg,pituitary,pituitary,sagittal,0.03991053,0.03700143,0.88515365,0.037934422,0.88515365,True,True,0.7585278,0.6112717,422.0,691.0
d:\Research\Multi-View Fusion Network\datasets\brisc2025\classification_task\test\pituitary\brisc2025_test_00952_pi_sa_t1.jpg,pituitary,pituitary,sagittal,0.029986681,0.034632627,0.9050406,0.030340154,0.9050406,True,True,0.50852555,0.34139785,253.0,743.0
d:\Research\Multi-View Fusion Network\datasets\brisc2025\classification_task\test\pituitary\brisc2025_test_00953_pi_sa_t1.jpg,pituitary,pituitary,sagittal,0.032538023,0.039846957,0.8954718,0.032143246,0.8954718,True,True,0.518874,0.3506045,405.0,1157.0
d:\Research\Multi-View Fusion Network\datasets\brisc2025\classification_task\test\pituitary\brisc2025_test_00954_pi_sa_t1.jpg,pituitary,pituitary,sagittal,0.03840045,0.06656093,0.8570856,0.037953068,0.8570856,True,True,0.36446175,0.22345483,140.0,630.0
d:\Research\Multi-View Fusion Network\datasets\brisc2025\classification_task\test\pituitary\brisc2025_test_00955_pi_sa_t1.jpg,pituitary,pituitary,sagittal,0.05101288,0.07486026,0.82169974,0.052427016,0.82169974,True,True,0.30625686,0.18134715,140.0,770.0
d:\Research\Multi-View Fusion Network\datasets\brisc2025\classification_task\test\pituitary\brisc2025_test_00956_pi_sa_t1.jpg,pituitary,pituitary,sagittal,0.042136963,0.047352735,0.8706549,0.039855532,0.8706549,True,True,0.44684386,0.28846154,134.0,467.0
d:\Research\Multi-View Fusion Network\datasets\brisc2025\classification_task\test\pituitary\brisc2025_test_00957_pi_sa_t1.jpg,pituitary,pituitary,sagittal,0.23599073,0.15913446,0.48304078,0.12183403,0.48304078,True,True,0.7927171,0.6574074,147.0,209.0
d:\Research\Multi-View Fusion Network\datasets\brisc2025\classification_task\test\pituitary\brisc2025_test_00958_pi_sa_t1.jpg,pituitary,pituitary,sagittal,0.23657008,0.21562889,0.4278766,0.11992447,0.4278766,True,True,0.73763734,0.5847826,271.0,456.0
d:\Research\Multi-View Fusion Network\datasets\brisc2025\classification_task\test\pituitary\brisc2025_test_00959_pi_sa_t1.jpg,pituitary,pituitary,sagittal,0.032767445,0.038234275,0.88823843,0.040759843,0.88823843,True,True,0.6354402,0.4661157,281.0,604.0
d:\Research\Multi-View Fusion Network\datasets\brisc2025\classification_task\test\pituitary\brisc2025_test_00960_pi_sa_t1.jpg,pituitary,pituitary,sagittal,0.039977655,0.05464298,0.86399144,0.041387904,0.86399144,True,True,0.80052495,0.6681223,152.0,228.0
d:\Research\Multi-View Fusion Network\datasets\brisc2025\classification_task\test\pituitary\brisc2025_test_00961_pi_sa_t1.jpg,pituitary,pituitary,sagittal,0.03599302,0.060380064,0.8601899,0.04343707,0.8601899,True,True,0.93402225,0.87630403,612.0,645.0
d:\Research\Multi-View Fusion Network\datasets\brisc2025\classification_task\test\pituitary\brisc2025_test_00962_pi_sa_t1.jpg,pituitary,pituitary,sagittal,0.044683542,0.061464075,0.8555578,0.03829458,0.8555578,True,True,0.8356164,0.71780515,665.0,867.0
d:\Research\Multi-View Fusion Network\datasets\brisc2025\classification_task\test\pituitary\brisc2025_test_00963_pi_sa_t1.jpg,pituitary,pituitary,sagittal,0.043910168,0.052785046,0.8644784,0.038826346,0.8644784,True,True,0.5744089,0.40312093,619.0,1537.0
d:\Research\Multi-View Fusion Network\datasets\brisc2025\classification_task\test\pituitary\brisc2025_test_00964_pi_sa_t1.jpg,pituitary,pituitary,sagittal,0.03992609,0.061178014,0.8599328,0.03896313,0.8599328,True,True,0.44115797,0.28329298,350.0,1238.0
d:\Research\Multi-View Fusion Network\datasets\brisc2025\classification_task\test\pituitary\brisc2025_test_00965_pi_sa_t1.jpg,pituitary,pituitary,sagittal,0.03650381,0.070966765,0.8530208,0.039508596,0.8530208,True,True,0.74390244,0.5925926,335.0,566.0
d:\Research\Multi-View Fusion Network\datasets\brisc2025\classification_task\test\pituitary\brisc2025_test_00966_pi_sa_t1.jpg,pituitary,pituitary,sagittal,0.03857397,0.052059244,0.8660181,0.043348707,0.8660181,True,True,0.5784852,0.4074074,263.0,647.0
d:\Research\Multi-View Fusion Network\datasets\brisc2025\classification_task\test\pituitary\brisc2025_test_00967_pi_sa_t1.jpg,pituitary,pituitary,sagittal,0.03655277,0.059737977,0.8533311,0.050378162,0.8533311,True,True,0.7350045,0.5813296,410.0,706.0
d:\Research\Multi-View Fusion Network\datasets\brisc2025\classification_task\test\pituitary\brisc2025_test_00968_pi_sa_t1.jpg,pituitary,pituitary,sagittal,0.03083027,0.03441045,0.89747995,0.037279308,0.89747995,True,True,0.7096925,0.5501805,773.0,1372.0
d:\Research\Multi-View Fusion Network\datasets\brisc2025\classification_task\test\pituitary\brisc2025_test_00969_pi_sa_t1.jpg,pituitary,pituitary,sagittal,0.034257054,0.035018098,0.89829093,0.032433927,0.89829093,True,True,0.7452764,0.5942029,541.0,887.0
d:\Research\Multi-View Fusion Network\datasets\brisc2025\classification_task\test\pituitary\brisc2025_test_00970_pi_sa_t1.jpg,pituitary,pituitary,sagittal,0.045320895,0.061075334,0.81359565,0.080008075,0.81359565,True,True,0.69457275,0.53227234,778.0,953.0
d:\Research\Multi-View Fusion Network\datasets\brisc2025\classification_task\test\pituitary\brisc2025_test_00971_pi_sa_t1.jpg,pituitary,pituitary,sagittal,0.033573207,0.046931505,0.88035905,0.03913623,0.88035905,True,True,0.83231086,0.7132867,228.0,260.0
d:\Research\Multi-View Fusion Network\datasets\brisc2025\classification_task\test\pituitary\brisc2025_test_00972_pi_sa_t1.jpg,pituitary,pituitary,sagittal,0.041767642,0.051249806,0.86513335,0.0418493,0.86513335,True,True,0.79473686,0.659601,600.0,729.0
d:\Research\Multi-View Fusion Network\datasets\brisc2025\classification_task\test\pituitary\brisc2025_test_00973_pi_sa_t1.jpg,pituitary,pituitary,sagittal,0.03664207,0.060826954,0.8638104,0.03872064,0.8638104,True,True,0.72390574,0.5673701,2443.0,1417.0
d:\Research\Multi-View Fusion Network\datasets\brisc2025\classification_task\test\pituitary\brisc2025_test_00974_pi_sa_t1.jpg,pituitary,pituitary,sagittal,0.11466802,0.20115039,0.5792129,0.1049687,0.5792129,True,True,0.8946903,0.8096,580.0,549.0
d:\Research\Multi-View Fusion Network\datasets\brisc2025\classification_task\test\pituitary\brisc2025_test_00975_pi_sa_t1.jpg,pituitary,pituitary,sagittal,0.032843493,0.049231753,0.87521404,0.042710677,0.87521404,True,True,0.88005996,0.7859054,911.0,1089.0
d:\Research\Multi-View Fusion Network\datasets\brisc2025\classification_task\test\pituitary\brisc2025_test_00976_pi_sa_t1.jpg,pituitary,pituitary,sagittal,0.044454228,0.041173704,0.8799029,0.034469176,0.8799029,True,True,0.5570839,0.38666666,205.0,521.0
d:\Research\Multi-View Fusion Network\datasets\brisc2025\classification_task\test\pituitary\brisc2025_test_00977_pi_sa_t1.jpg,pituitary,pituitary,sagittal,0.039284367,0.041593987,0.8845548,0.034566913,0.8845548,True,True,0.6064114,0.43550447,340.0,782.0
d:\Research\Multi-View Fusion Network\datasets\brisc2025\classification_task\test\pituitary\brisc2025_test_00978_pi_sa_t1.jpg,pituitary,pituitary,sagittal,0.038734928,0.04787798,0.8794531,0.033934,0.8794531,True,True,0.7980769,0.6645367,213.0,306.0
d:\Research\Multi-View Fusion Network\datasets\brisc2025\classification_task\test\pituitary\brisc2025_test_00979_pi_sa_t1.jpg,pituitary,pituitary,sagittal,0.03311628,0.044086687,0.8894047,0.033392314,0.8894047,True,True,0.5300546,0.36138615,145.0,403.0
d:\Research\Multi-View Fusion Network\datasets\brisc2025\classification_task\test\pituitary\brisc2025_test_00980_pi_sa_t1.jpg,pituitary,pituitary,sagittal,0.030964233,0.05177943,0.8693917,0.047864765,0.8693917,True,True,0.2092092,0.11731844,104.0,894.0
d:\Research\Multi-View Fusion Network\datasets\brisc2025\classification_task\test\pituitary\brisc2025_test_00981_pi_sa_t1.jpg,pituitary,pituitary,sagittal,0.03721113,0.039073173,0.88843334,0.035282437,0.88843334,True,True,0.49348232,0.32839507,132.0,404.0
d:\Research\Multi-View Fusion Network\datasets\brisc2025\classification_task\test\pituitary\brisc2025_test_00982_pi_sa_t1.jpg,pituitary,pituitary,sagittal,0.046408597,0.058323227,0.8612486,0.034019638,0.8612486,True,True,0.5391566,0.37037036,89.0,242.0
d:\Research\Multi-View Fusion Network\datasets\brisc2025\classification_task\test\pituitary\brisc2025_test_00983_pi_sa_t1.jpg,pituitary,pituitary,sagittal,0.040626846,0.05397974,0.8690645,0.036328867,0.8690645,True,True,0.92629606,0.8627907,751.0,849.0
d:\Research\Multi-View Fusion Network\datasets\brisc2025\classification_task\test\pituitary\brisc2025_test_00984_pi_sa_t1.jpg,pituitary,pituitary,sagittal,0.04514879,0.081196934,0.8272993,0.04635507,0.8272993,True,True,0.82729626,0.7056229,653.0,892.0
d:\Research\Multi-View Fusion Network\datasets\brisc2025\classification_task\test\pituitary\brisc2025_test_00985_pi_sa_t1.jpg,pituitary,pituitary,sagittal,0.03141034,0.042391244,0.88364124,0.042557154,0.88364124,True,True,0.7852018,0.64649445,880.0,1349.0
d:\Research\Multi-View Fusion Network\datasets\brisc2025\classification_task\test\pituitary\brisc2025_test_00986_pi_sa_t1.jpg,pituitary,pituitary,sagittal,0.028526887,0.04253219,0.8917893,0.037151612,0.8917893,True,True,0.32054454,0.19145803,129.0,678.0
d:\Research\Multi-View Fusion Network\datasets\brisc2025\classification_task\test\pituitary\brisc2025_test_00987_pi_sa_t1.jpg,pituitary,pituitary,sagittal,0.04186454,0.064651385,0.8458132,0.047670938,0.8458132,True,True,0.2434066,0.13883677,229.0,1590.0
d:\Research\Multi-View Fusion Network\datasets\brisc2025\classification_task\test\pituitary\brisc2025_test_00988_pi_sa_t1.jpg,pituitary,pituitary,sagittal,0.04446865,0.07313763,0.83619887,0.046194945,0.83619887,True,True,0.77375567,0.63235295,96.0,124.0
d:\Research\Multi-View Fusion Network\datasets\brisc2025\classification_task\test\pituitary\brisc2025_test_00989_pi_sa_t1.jpg,pituitary,pituitary,sagittal,0.035373677,0.04849194,0.8756376,0.040496755,0.8756376,True,True,0.48617887,0.32188842,156.0,458.0
d:\Research\Multi-View Fusion Network\datasets\brisc2025\classification_task\test\pituitary\brisc2025_test_00990_pi_sa_t1.jpg,pituitary,pituitary,sagittal,0.035372235,0.04934986,0.8811776,0.034100294,0.8811776,True,True,0.7346767,0.58090186,437.0,753.0
d:\Research\Multi-View Fusion Network\datasets\brisc2025\classification_task\test\pituitary\brisc2025_test_00991_pi_sa_t1.jpg,pituitary,pituitary,sagittal,0.03689879,0.05995117,0.84888273,0.054267254,0.84888273,True,True,0.4009901,0.25154638,121.0,484.0
d:\Research\Multi-View Fusion Network\datasets\brisc2025\classification_task\test\pituitary\brisc2025_test_00992_pi_sa_t1.jpg,pituitary,pituitary,sagittal,0.058574013,0.062230054,0.82614934,0.05304656,0.82614934,True,True,0.017857144,0.017857144,55.0,0.0
d:\Research\Multi-View Fusion Network\datasets\brisc2025\classification_task\test\pituitary\brisc2025_test_00993_pi_sa_t1.jpg,pituitary,pituitary,sagittal,0.044599287,0.06820532,0.82605654,0.061138853,0.82605654,True,True,0.73195267,0.57742536,618.0,1071.0
d:\Research\Multi-View Fusion Network\datasets\brisc2025\classification_task\test\pituitary\brisc2025_test_00994_pi_sa_t1.jpg,pituitary,pituitary,sagittal,0.042965986,0.08561511,0.82186866,0.04955023,0.82186866,True,True,0.84827584,0.7370518,193.0,241.0
d:\Research\Multi-View Fusion Network\datasets\brisc2025\classification_task\test\pituitary\brisc2025_test_00995_pi_sa_t1.jpg,pituitary,pituitary,sagittal,0.043204084,0.06110629,0.85557604,0.040113635,0.85557604,True,True,0.9248619,0.8603696,430.0,474.0
d:\Research\Multi-View Fusion Network\datasets\brisc2025\classification_task\test\pituitary\brisc2025_test_00996_pi_sa_t1.jpg,pituitary,pituitary,sagittal,0.0796519,0.25462076,0.58568555,0.08004177,0.58568555,True,True,0.6029233,0.43205574,530.0,290.0
d:\Research\Multi-View Fusion Network\datasets\brisc2025\classification_task\test\pituitary\brisc2025_test_00997_pi_sa_t1.jpg,pituitary,pituitary,sagittal,0.06890632,0.13181898,0.73397183,0.065302946,0.73397183,True,True,0.9435121,0.8931061,1182.0,1260.0
d:\Research\Multi-View Fusion Network\datasets\brisc2025\classification_task\test\pituitary\brisc2025_test_00998_pi_sa_t1.jpg,pituitary,pituitary,sagittal,0.061784804,0.12572622,0.7519583,0.06053064,0.7519583,True,True,0.8528827,0.74364895,724.0,784.0
d:\Research\Multi-View Fusion Network\datasets\brisc2025\classification_task\test\pituitary\brisc2025_test_00999_pi_sa_t1.jpg,pituitary,pituitary,sagittal,0.030221337,0.042060737,0.87803715,0.0496808,0.87803715,True,True,0.78085774,0.6406518,746.0,1165.0
d:\Research\Multi-View Fusion Network\datasets\brisc2025\classification_task\test\pituitary\brisc2025_test_01000_pi_sa_t1.jpg,pituitary,pituitary,sagittal,0.03863617,0.05029274,0.8548009,0.056270223,0.8548009,True,True,0.7743902,0.63200724,698.0,1105.0
