abs_path,true_label,pred_label,plane,prob_0,prob_1,prob_2,prob_3,max_prob,correct,has_mask,dice,iou,sensitivity,specificity,precision_seg,hd95,gt_area,pred_area,fn_mask
d:\Research\Multi-View Fusion Network\datasets\brisc2025\classification_task\test\glioma\brisc2025_test_00001_gl_ax_t1.jpg,glioma,glioma,axial,0.9317992,0.02296971,0.022063462,0.023167677,0.9317991733551025,True,True,0.00076628354,0.00076628354,0.0,0.9783400728668419,0.0,61.386071615887595,222.0,1082.0,False
d:\Research\Multi-View Fusion Network\datasets\brisc2025\classification_task\test\glioma\brisc2025_test_00002_gl_ax_t1.jpg,glioma,glioma,axial,0.93342423,0.02256968,0.021560779,0.022445261,0.9334242343902588,True,True,0.001312336,0.001312336,0.0,0.9931265952527297,0.0,27.16615541441225,419.0,342.0,False
d:\Research\Multi-View Fusion Network\datasets\brisc2025\classification_task\test\glioma\brisc2025_test_00003_gl_ax_t1.jpg,glioma,glioma,axial,0.93415904,0.022435505,0.02137036,0.022035087,0.9341590404510498,True,True,0.7184,0.5607321,0.602506714408214,0.9982877759430486,0.8890356670952572,100.09744968000851,1117.0,757.0,False
d:\Research\Multi-View Fusion Network\datasets\brisc2025\classification_task\test\glioma\brisc2025_test_00004_gl_ax_t1.jpg,glioma,glioma,axial,0.92827463,0.025576046,0.022909014,0.02324025,0.9282746315002441,True,True,0.0010893246,0.0010893246,0.0,0.9967825488686316,0.0,62.97618397419842,758.0,159.0,False
d:\Research\Multi-View Fusion Network\datasets\brisc2025\classification_task\test\glioma\brisc2025_test_00005_gl_ax_t1.jpg,glioma,glioma,axial,0.93030936,0.02396489,0.022637844,0.02308789,0.9303093552589417,True,True,0.004347826,0.004347826,0.0,0.9999999999997998,0.0,-1.0,229.0,0.0,True
d:\Research\Multi-View Fusion Network\datasets\brisc2025\classification_task\test\glioma\brisc2025_test_00006_gl_ax_t1.jpg,glioma,glioma,axial,0.9328113,0.022705719,0.021863466,0.022619493,0.9328113198280334,True,True,0.9575472,0.918593,0.9451345755595741,0.9994310099571228,0.9702444208185946,0.0,966.0,941.0,False
d:\Research\Multi-View Fusion Network\datasets\brisc2025\classification_task\test\glioma\brisc2025_test_00007_gl_ax_t1.jpg,glioma,glioma,axial,0.93415135,0.02241253,0.021209467,0.022226712,0.9341513514518738,True,True,0.0064102565,0.0064102565,0.0,0.9999600183913401,0.0,112.6662935981317,153.0,2.0,False
d:\Research\Multi-View Fusion Network\datasets\brisc2025\classification_task\test\glioma\brisc2025_test_00008_gl_ax_t1.jpg,glioma,glioma,axial,0.9331608,0.022432089,0.021988282,0.022418756,0.9331607818603516,True,True,0.9355263,0.87901235,0.9646739130172642,0.9992772245420416,0.9079283887235824,1.0,368.0,391.0,False
d:\Research\Multi-View Fusion Network\datasets\brisc2025\classification_task\test\glioma\brisc2025_test_00009_gl_ax_t1.jpg,glioma,glioma,axial,0.9336109,0.022334179,0.021571087,0.022483742,0.9336109161376953,True,True,0.72593355,0.56989247,0.5909598214252737,0.9986152447087884,0.9404973356932461,6.119031448804022,1792.0,1126.0,False
d:\Research\Multi-View Fusion Network\datasets\brisc2025\classification_task\test\glioma\brisc2025_test_00010_gl_ax_t1.jpg,glioma,glioma,axial,0.9329579,0.022632426,0.02184563,0.022564083,0.9329578876495361,True,True,0.006369427,0.006369427,0.0,0.9999999999998002,0.0,-1.0,156.0,0.0,True
d:\Research\Multi-View Fusion Network\datasets\brisc2025\classification_task\test\glioma\brisc2025_test_00011_gl_ax_t1.jpg,glioma,glioma,axial,0.9324254,0.022924148,0.021997664,0.02265273,0.9324253797531128,True,True,0.0013831259,0.0013831259,0.0,0.9868103362264817,0.0,97.40148637329062,61.0,661.0,False
d:\Research\Multi-View Fusion Network\datasets\brisc2025\classification_task\test\glioma\brisc2025_test_00012_gl_ax_t1.jpg,glioma,glioma,axial,0.9332307,0.022585172,0.021698853,0.02248533,0.9332306981086731,True,True,0.001858736,0.001858736,0.0,0.9962269452302976,0.0,28.089121292320606,349.0,188.0,False
d:\Research\Multi-View Fusion Network\datasets\brisc2025\classification_task\test\glioma\brisc2025_test_00013_gl_ax_t1.jpg,glioma,glioma,axial,0.9332061,0.022507543,0.021820977,0.022465447,0.9332060813903809,True,True,0.9683344,0.9386503,0.9720101781046818,0.9994330836199637,0.9646464646342847,0.0,786.0,792.0,False
d:\Research\Multi-View Fusion Network\datasets\brisc2025\classification_task\test\glioma\brisc2025_test_00014_gl_ax_t1.jpg,glioma,glioma,axial,0.93277085,0.022722716,0.021892712,0.02261374,0.932770848274231,True,True,0.96746856,0.93700373,0.9562162162110476,0.9992136737985765,0.978970669612734,0.0,1850.0,1807.0,False
d:\Research\Multi-View Fusion Network\datasets\brisc2025\classification_task\test\glioma\brisc2025_test_00015_gl_ax_t1.jpg,glioma,glioma,axial,0.93363494,0.022414925,0.021652069,0.022298103,0.9336349368095398,True,True,0.72267056,0.5660161,0.7859424920002246,0.9950756811299708,0.6684782608604827,5.0,626.0,736.0,False
d:\Research\Multi-View Fusion Network\datasets\brisc2025\classification_task\test\glioma\brisc2025_test_00016_gl_ax_t1.jpg,glioma,glioma,axial,0.9324075,0.023296908,0.021897184,0.022398409,0.9324074983596802,True,True,0.61687875,0.446273,0.819964349361498,0.9905069031540884,0.4940923737863148,11.353329087387744,561.0,931.0,False
d:\Research\Multi-View Fusion Network\datasets\brisc2025\classification_task\test\glioma\brisc2025_test_00017_gl_ax_t1.jpg,glioma,glioma,axial,0.93325496,0.022431996,0.021859704,0.022453297,0.9332549571990967,True,True,0.706499,0.54692554,0.6199261992391171,0.9992585913233145,0.819512195081975,7.123328331219236,271.0,205.0,False
d:\Research\Multi-View Fusion Network\datasets\brisc2025\classification_task\test\glioma\brisc2025_test_00018_gl_ax_t1.jpg,glioma,glioma,axial,0.9326828,0.02243033,0.022153359,0.022733446,0.9326828122138977,True,True,0.68225074,0.51789075,0.529562982001738,0.9992595639652408,0.9581395348725797,12.175782699380754,1556.0,860.0,False
d:\Research\Multi-View Fusion Network\datasets\brisc2025\classification_task\test\glioma\brisc2025_test_00019_gl_ax_t1.jpg,glioma,glioma,axial,0.9341159,0.022483967,0.021415073,0.021985142,0.9341158866882324,True,True,0.8570259,0.7498807,0.7613967022271514,0.9993349129149521,0.9800249687828962,5.0990195135927845,2062.0,1602.0,False
d:\Research\Multi-View Fusion Network\datasets\brisc2025\classification_task\test\glioma\brisc2025_test_00020_gl_ax_t1.jpg,glioma,glioma,axial,0.93241453,0.02450101,0.0221461,0.020938346,0.9324145317077637,True,True,0.9544715,0.9129534,0.9371671991380494,0.9994922517616834,0.9723756905969904,0.0,939.0,905.0,False
d:\Research\Multi-View Fusion Network\datasets\brisc2025\classification_task\test\glioma\brisc2025_test_00021_gl_ax_t1.jpg,glioma,glioma,axial,0.93351275,0.022445068,0.021606607,0.022435682,0.9335127472877502,True,True,0.8925956,0.8061674,0.9614035087550631,0.9977825263071004,0.8328267477077078,1.4142135623730951,570.0,658.0,False
d:\Research\Multi-View Fusion Network\datasets\brisc2025\classification_task\test\glioma\brisc2025_test_00022_gl_ax_t1.jpg,glioma,glioma,axial,0.9327581,0.022503171,0.022241892,0.022496842,0.932758092880249,True,True,0.79544127,0.6605238,0.6981519507115179,0.9988618348845578,0.9239130434657077,7.211102550927978,974.0,736.0,False
d:\Research\Multi-View Fusion Network\datasets\brisc2025\classification_task\test\glioma\brisc2025_test_00023_gl_ax_t1.jpg,glioma,glioma,axial,0.93423766,0.02210948,0.021529682,0.022123117,0.9342376589775085,True,True,0.88293487,0.7905605,0.8294573643282255,0.999353939956593,0.9435626102126355,6.037243138634202,645.0,567.0,False
d:\Research\Multi-View Fusion Network\datasets\brisc2025\classification_task\test\glioma\brisc2025_test_00024_gl_ax_t1.jpg,glioma,glioma,axial,0.9316986,0.023373423,0.022233732,0.0226942,0.9316986203193665,True,True,0.95883197,0.9209559,0.9320297951496087,0.9997352450000001,0.9871794871697517,0.0,1074.0,1014.0,False
d:\Research\Multi-View Fusion Network\datasets\brisc2025\classification_task\test\glioma\brisc2025_test_00025_gl_ax_t1.jpg,glioma,glioma,axial,0.9333543,0.0224321,0.02172999,0.022483641,0.9333543181419373,True,True,0.8161351,0.6898734,0.9234042552798551,0.9983981097693282,0.73063973061513,3.605551275463989,235.0,297.0,False
d:\Research\Multi-View Fusion Network\datasets\brisc2025\classification_task\test\glioma\brisc2025_test_00026_gl_ax_t1.jpg,glioma,glioma,axial,0.93295306,0.022579122,0.02203686,0.022430977,0.9329530596733093,True,True,0.79706204,0.66274863,0.6624434389080323,0.9999999999997963,0.9999999999863388,4.123105625617661,1105.0,732.0,False
d:\Research\Multi-View Fusion Network\datasets\brisc2025\classification_task\test\glioma\brisc2025_test_00027_gl_ax_t1.jpg,glioma,glioma,axial,0.932863,0.022735523,0.02205717,0.022344416,0.9328629970550537,True,True,0.94874275,0.9025138,0.9626963350722337,0.9979033053772,0.9351557533316265,1.0,1528.0,1573.0,False
d:\Research\Multi-View Fusion Network\datasets\brisc2025\classification_task\test\glioma\brisc2025_test_00028_gl_ax_t1.jpg,glioma,glioma,axial,0.9333507,0.02256277,0.021922251,0.022164222,0.933350682258606,True,True,0.96323895,0.92911875,0.934426229499186,0.9998778973929059,0.9938461538359605,0.0,1037.0,975.0,False
d:\Research\Multi-View Fusion Network\datasets\brisc2025\classification_task\test\glioma\brisc2025_test_00029_gl_ax_t1.jpg,glioma,glioma,axial,0.93304485,0.022516485,0.021913439,0.022525255,0.9330448508262634,True,True,0.8973974,0.8139746,0.9304257528459976,0.9971958628815563,0.866537717593167,1.0828427124745437,963.0,1034.0,False
d:\Research\Multi-View Fusion Network\datasets\brisc2025\classification_task\test\glioma\brisc2025_test_00030_gl_ax_t1.jpg,glioma,glioma,axial,0.9299907,0.024231128,0.02345462,0.022323592,0.9299907088279724,True,True,0.89784944,0.8149351,0.8169934640255885,0.9999799478642472,0.9960159362152982,1.0,306.0,251.0,False
d:\Research\Multi-View Fusion Network\datasets\brisc2025\classification_task\test\glioma\brisc2025_test_00031_gl_ax_t1.jpg,glioma,glioma,axial,0.932462,0.02262349,0.021939298,0.022975245,0.9324619770050049,True,True,0.84205455,0.72727275,0.8991769547263432,0.9929184285067136,0.7916666666618861,3.0,1458.0,1656.0,False
d:\Research\Multi-View Fusion Network\datasets\brisc2025\classification_task\test\glioma\brisc2025_test_00032_gl_ax_t1.jpg,glioma,glioma,axial,0.9330183,0.022432806,0.021651015,0.022897808,0.9330183267593384,True,True,0.7750727,0.6328588,0.6413959085400639,0.9995259100463785,0.9788797061434448,5.0,1662.0,1089.0,False
d:\Research\Multi-View Fusion Network\datasets\brisc2025\classification_task\test\glioma\brisc2025_test_00033_gl_ax_t1.jpg,glioma,glioma,axial,0.9341715,0.022185143,0.021695118,0.021948237,0.9341714978218079,True,True,0.93636364,0.88045543,0.9186507936325664,0.9995570945399824,0.9546391752380486,1.0,504.0,485.0,False
d:\Research\Multi-View Fusion Network\datasets\brisc2025\classification_task\test\glioma\brisc2025_test_00034_gl_ax_t1.jpg,glioma,glioma,axial,0.9341322,0.022164827,0.021572996,0.022129992,0.9341322183609009,True,True,0.63041824,0.46059933,0.8054474708014504,0.9922274576132672,0.5174999999935312,54.57151114036838,514.0,800.0,False
d:\Research\Multi-View Fusion Network\datasets\brisc2025\classification_task\test\glioma\brisc2025_test_00035_gl_ax_t1.jpg,glioma,glioma,axial,0.9334792,0.02251274,0.021588895,0.022419188,0.9334791898727417,True,True,0.9007042,0.81946224,0.9696509863282299,0.9975563947733107,0.8407894736731475,1.0,659.0,760.0,False
d:\Research\Multi-View Fusion Network\datasets\brisc2025\classification_task\test\glioma\brisc2025_test_00036_gl_ax_t1.jpg,glioma,glioma,axial,0.93366486,0.02254814,0.02188538,0.021901729,0.933664858341217,True,True,0.9431988,0.8926554,0.9722222221922153,0.999418278102985,0.9156976743919855,1.0,324.0,344.0,False
d:\Research\Multi-View Fusion Network\datasets\brisc2025\classification_task\test\glioma\brisc2025_test_00037_gl_ax_t1.jpg,glioma,glioma,axial,0.9329227,0.022703601,0.021906264,0.022467311,0.9329227209091187,True,True,0.95588505,0.915513,0.9243456435965424,0.9994302234788024,0.9896353166948575,0.0,2789.0,2605.0,False
d:\Research\Multi-View Fusion Network\datasets\brisc2025\classification_task\test\glioma\brisc2025_test_00038_gl_ax_t1.jpg,glioma,glioma,axial,0.933794,0.022397328,0.021430148,0.022378448,0.9337940216064453,True,True,0.9148634,0.84313726,0.9648203592742155,0.9960483210481171,0.8697705802910273,1.0,1336.0,1482.0,False
d:\Research\Multi-View Fusion Network\datasets\brisc2025\classification_task\test\glioma\brisc2025_test_00039_gl_ax_t1.jpg,glioma,glioma,axial,0.932951,0.022759536,0.022120804,0.022168633,0.9329509735107422,True,True,0.8981233,0.8151751,0.8344965104602742,0.9995119272769611,0.9721254355287791,2.0,1003.0,861.0,False
d:\Research\Multi-View Fusion Network\datasets\brisc2025\classification_task\test\glioma\brisc2025_test_00040_gl_ax_t1.jpg,glioma,glioma,axial,0.93275166,0.022479026,0.021960896,0.022808377,0.9327516555786133,True,True,0.6367,0.4671731,0.6160458452677934,0.9908569085688826,0.6584992342981739,13.147219356587854,1396.0,1306.0,False
d:\Research\Multi-View Fusion Network\datasets\brisc2025\classification_task\test\glioma\brisc2025_test_00041_gl_ax_t1.jpg,glioma,glioma,axial,0.93345594,0.022435708,0.021776438,0.022331934,0.9334559440612793,True,True,0.0005640158,0.0005640158,0.0,0.9882804524478361,0.0,25.950913435352582,1198.0,574.0,False
d:\Research\Multi-View Fusion Network\datasets\brisc2025\classification_task\test\glioma\brisc2025_test_00042_gl_ax_t1.jpg,glioma,glioma,axial,0.9328542,0.02241603,0.021949196,0.022780648,0.932854175567627,True,True,0.5871886,0.41582733,0.4525490196042938,0.9976687593298711,0.8350217076579591,36.069377593742864,1275.0,691.0,False
d:\Research\Multi-View Fusion Network\datasets\brisc2025\classification_task\test\glioma\brisc2025_test_00043_gl_ax_t1.jpg,glioma,glioma,axial,0.9343427,0.022046292,0.021522835,0.022088196,0.9343426823616028,True,True,0.6099979,0.43893015,0.7082533589217455,0.9733843466686823,0.5355587808398565,17.0,2084.0,2756.0,False
d:\Research\Multi-View Fusion Network\datasets\brisc2025\classification_task\test\glioma\brisc2025_test_00044_gl_ax_t1.jpg,glioma,glioma,axial,0.93306553,0.022906212,0.021899307,0.022129005,0.9330655336380005,True,True,0.9284047,0.86647314,0.9916805324294229,0.9982450832070604,0.8726207906167991,1.0,601.0,683.0,False
d:\Research\Multi-View Fusion Network\datasets\brisc2025\classification_task\test\glioma\brisc2025_test_00045_gl_ax_t1.jpg,glioma,glioma,axial,0.93103814,0.023763778,0.022640103,0.022558019,0.9310381412506104,True,True,0.00041322314,0.00041322314,0.0,0.9999999999997906,0.0,-1.0,2419.0,0.0,True
d:\Research\Multi-View Fusion Network\datasets\brisc2025\classification_task\test\glioma\brisc2025_test_00046_gl_ax_t1.jpg,glioma,glioma,axial,0.9330807,0.022498569,0.021933127,0.02248766,0.9330806732177734,True,True,0.76081944,0.6140496,0.6210790464214928,0.9994140420632,0.9814937210774521,8.94427190999916,2391.0,1513.0,False
d:\Research\Multi-View Fusion Network\datasets\brisc2025\classification_task\test\glioma\brisc2025_test_00047_gl_ax_t1.jpg,glioma,glioma,axial,0.92951953,0.023739213,0.024193037,0.022548262,0.929519534111023,True,True,0.83552057,0.7177177,0.919075144490962,0.9970598304365957,0.7656500802445321,2.0,519.0,623.0,False
d:\Research\Multi-View Fusion Network\datasets\brisc2025\classification_task\test\glioma\brisc2025_test_00048_gl_ax_t1.jpg,glioma,glioma,axial,0.93305796,0.022247631,0.021912437,0.022781983,0.933057963848114,True,True,0.7306477,0.57587063,0.783050847444355,0.9957044327025782,0.6844444444343045,5.0,590.0,675.0,False
d:\Research\Multi-View Fusion Network\datasets\brisc2025\classification_task\test\glioma\brisc2025_test_00049_gl_ax_t1.jpg,glioma,glioma,axial,0.93427753,0.022243954,0.021472031,0.022006547,0.9342775344848633,True,True,0.8928164,0.80658436,0.9444444444216318,0.9985732084721277,0.8463203463020277,2.0,414.0,462.0,False
d:\Research\Multi-View Fusion Network\datasets\brisc2025\classification_task\test\glioma\brisc2025_test_00050_gl_ax_t1.jpg,glioma,glioma,axial,0.93255645,0.022420736,0.022202099,0.022820767,0.9325564503669739,True,True,0.6180698,0.4480712,0.9677419354214359,0.9963815197615009,0.4531722054243755,6.708203932499369,155.0,331.0,False
d:\Research\Multi-View Fusion Network\datasets\brisc2025\classification_task\test\glioma\brisc2025_test_00051_gl_ax_t1.jpg,glioma,glioma,axial,0.9333424,0.02252587,0.021623245,0.022508528,0.9333423972129822,True,True,0.7397301,0.5870599,0.6551540913886549,0.9954652751892584,0.8491735537131601,8.48528137423857,1882.0,1452.0,False
d:\Research\Multi-View Fusion Network\datasets\brisc2025\classification_task\test\glioma\brisc2025_test_00052_gl_ax_t1.jpg,glioma,glioma,axial,0.93290055,0.022693407,0.021720508,0.022685606,0.9329005479812622,True,True,0.87681746,0.7807333,0.7885174418547347,0.9997131147538936,0.9872611464878321,2.23606797749979,1376.0,1099.0,False
d:\Research\Multi-View Fusion Network\datasets\brisc2025\classification_task\test\glioma\brisc2025_test_00053_gl_ax_t1.jpg,glioma,glioma,axial,0.9332986,0.022556653,0.021726597,0.022418244,0.9332985877990723,True,True,0.005882353,0.005882353,0.0,0.9975861793805862,0.0,13.107129786941663,48.0,121.0,False
d:\Research\Multi-View Fusion Network\datasets\brisc2025\classification_task\test\glioma\brisc2025_test_00054_gl_ax_t1.jpg,glioma,glioma,axial,0.9327803,0.02278397,0.02217839,0.02225729,0.9327803254127502,True,True,0.5024966,0.33575758,0.38349514562840853,0.9957524520866345,0.7276315789377943,19.721814557329825,1442.0,760.0,False
d:\Research\Multi-View Fusion Network\datasets\brisc2025\classification_task\test\glioma\brisc2025_test_00055_gl_ax_t1.jpg,glioma,glioma,axial,0.9327568,0.02288906,0.021879869,0.022474302,0.932756781578064,True,True,0.86143833,0.7566685,0.971328671321879,0.99167111147561,0.773816155984547,26.1725046566048,1430.0,1795.0,False
d:\Research\Multi-View Fusion Network\datasets\brisc2025\classification_task\test\glioma\brisc2025_test_00056_gl_ax_t1.jpg,glioma,glioma,axial,0.92935425,0.023585718,0.024116386,0.022943616,0.9293542504310608,True,True,0.87237763,0.7739938,0.8675958187851012,0.999298442542244,0.8767605633494098,1.4142135623730951,287.0,284.0,False
d:\Research\Multi-View Fusion Network\datasets\brisc2025\classification_task\test\glioma\brisc2025_test_00057_gl_ax_t1.jpg,glioma,glioma,axial,0.932366,0.022306547,0.02211508,0.023212327,0.9323660135269165,True,True,0.004716981,0.004716981,0.0,0.998281752612136,0.0,62.1650922141861,125.0,86.0,False
d:\Research\Multi-View Fusion Network\datasets\brisc2025\classification_task\test\glioma\brisc2025_test_00058_gl_ax_t1.jpg,glioma,glioma,axial,0.93163204,0.023012178,0.022662496,0.022693282,0.9316320419311523,True,True,0.72978723,0.57525086,0.6576923076670118,0.9992387210511662,0.8181818181426707,3.605551275463989,260.0,209.0,False
d:\Research\Multi-View Fusion Network\datasets\brisc2025\classification_task\test\glioma\brisc2025_test_00059_gl_ax_t1.jpg,glioma,glioma,axial,0.9322226,0.022495583,0.022346484,0.022935264,0.9322226047515869,True,True,0.7629382,0.61690646,0.6227272727216117,0.9997758578529221,0.9841954022847098,5.0,1100.0,696.0,False
d:\Research\Multi-View Fusion Network\datasets\brisc2025\classification_task\test\glioma\brisc2025_test_00060_gl_ax_t1.jpg,glioma,glioma,axial,0.9317931,0.022966255,0.022333952,0.022906657,0.9317930936813354,True,True,0.2557895,0.14716525,0.21453900708839468,0.994678706764292,0.31428571427755103,16.455941288225066,564.0,385.0,False
d:\Research\Multi-View Fusion Network\datasets\brisc2025\classification_task\test\glioma\brisc2025_test_00061_gl_ax_t1.jpg,glioma,glioma,axial,0.93148714,0.022895353,0.022520158,0.023097264,0.9314871430397034,True,True,0.04745167,0.025179856,0.02342342342300138,0.9999999999997985,0.9999999992307692,38.01315561749642,555.0,13.0,False
d:\Research\Multi-View Fusion Network\datasets\brisc2025\classification_task\test\glioma\brisc2025_test_00062_gl_ax_t1.jpg,glioma,glioma,axial,0.9326686,0.022384116,0.022083487,0.022863826,0.9326686263084412,True,True,0.74324924,0.5915493,0.6313017306197796,0.9981575122318673,0.9031216361582011,10.212677694255792,1329.0,929.0,False
d:\Research\Multi-View Fusion Network\datasets\brisc2025\classification_task\test\glioma\brisc2025_test_00063_gl_ax_t1.jpg,glioma,glioma,axial,0.93266726,0.02255039,0.021999648,0.022782605,0.9326672554016113,True,True,0.896999,0.813278,0.865488463422359,0.9972787137246314,0.9308342133002596,2.23606797749979,2037.0,1894.0,False
d:\Research\Multi-View Fusion Network\datasets\brisc2025\classification_task\test\glioma\brisc2025_test_00064_gl_ax_t1.jpg,glioma,glioma,axial,0.92648435,0.028028386,0.0233424,0.022144794,0.9264843463897705,True,True,0.9687145,0.93936056,0.9759174311814688,0.9993104007786389,0.9615819208930895,0.0,872.0,885.0,False
d:\Research\Multi-View Fusion Network\datasets\brisc2025\classification_task\test\glioma\brisc2025_test_00065_gl_ax_t1.jpg,glioma,glioma,axial,0.9304471,0.023760647,0.022769546,0.02302267,0.9304471015930176,True,True,0.77555555,0.634058,0.6327272727042644,0.9999999999997996,0.9999999999425286,2.23606797749979,275.0,174.0,False
d:\Research\Multi-View Fusion Network\datasets\brisc2025\classification_task\test\glioma\brisc2025_test_00066_gl_ax_t1.jpg,glioma,glioma,axial,0.93211097,0.022855543,0.0220951,0.02293836,0.9321109652519226,True,True,0.9338124,0.8758865,0.946319018397651,0.9978515305285239,0.9215832710909516,1.0,1304.0,1339.0,False
d:\Research\Multi-View Fusion Network\datasets\brisc2025\classification_task\test\glioma\brisc2025_test_00067_gl_ax_t1.jpg,glioma,glioma,axial,0.9326263,0.022605693,0.021848343,0.02291975,0.9326263070106506,True,True,0.18093385,0.10042735,0.9999999997826087,0.9916018352282084,0.09850107066170233,12.36931687685298,46.0,467.0,False
d:\Research\Multi-View Fusion Network\datasets\brisc2025\classification_task\test\glioma\brisc2025_test_00068_gl_ax_t1.jpg,glioma,glioma,axial,0.9333344,0.022648212,0.021907719,0.022109602,0.9333344101905823,True,True,0.9227405,0.85675675,0.9844236759817936,0.9990372079027181,0.8681318681080183,1.0,321.0,364.0,False
d:\Research\Multi-View Fusion Network\datasets\brisc2025\classification_task\test\glioma\brisc2025_test_00069_gl_ax_t1.jpg,glioma,glioma,axial,0.9333677,0.022452155,0.021748252,0.022431802,0.9333677291870117,True,True,0.69948184,0.53821653,0.6620825147217665,0.9976241770187454,0.7406593406430624,5.0,509.0,455.0,False
d:\Research\Multi-View Fusion Network\datasets\brisc2025\classification_task\test\glioma\brisc2025_test_00070_gl_ax_t1.jpg,glioma,glioma,axial,0.9334555,0.022757916,0.02170522,0.022081334,0.9334555268287659,True,True,0.6272936,0.45742905,0.9646643109199765,0.9936864890864463,0.4642857142778183,7.141085181396727,283.0,588.0,False
d:\Research\Multi-View Fusion Network\datasets\brisc2025\classification_task\test\glioma\brisc2025_test_00071_gl_ax_t1.jpg,glioma,glioma,axial,0.93054426,0.02348001,0.022719927,0.023255803,0.9305442571640015,True,True,0.9494681,0.90387857,0.9256055363161659,0.9997177305534498,0.9744990892354372,0.7000000000000455,578.0,549.0,False
d:\Research\Multi-View Fusion Network\datasets\brisc2025\classification_task\test\glioma\brisc2025_test_00072_gl_ax_t1.jpg,glioma,glioma,axial,0.9282417,0.023984842,0.023423944,0.024349516,0.9282417297363281,True,True,0.8996555,0.81763744,0.8982949446577976,0.9929536865028948,0.9009900990071977,2.0,3343.0,3333.0,False
d:\Research\Multi-View Fusion Network\datasets\brisc2025\classification_task\test\glioma\brisc2025_test_00073_gl_ax_t1.jpg,glioma,glioma,axial,0.92954373,0.02365846,0.02297113,0.023826621,0.9295437335968018,True,True,0.96299404,0.9286374,0.9436619718287708,0.9984972558583068,0.9831254585449178,0.0,4260.0,4089.0,False
d:\Research\Multi-View Fusion Network\datasets\brisc2025\classification_task\test\glioma\brisc2025_test_00074_gl_ax_t1.jpg,glioma,glioma,axial,0.9335754,0.022522658,0.021930866,0.021971079,0.9335753917694092,True,True,0.9201128,0.8521739,0.9588235293929642,0.9987113920990218,0.8842676310870837,1.0,510.0,553.0,False
d:\Research\Multi-View Fusion Network\datasets\brisc2025\classification_task\test\glioma\brisc2025_test_00075_gl_ax_t1.jpg,glioma,glioma,axial,0.9339085,0.022290548,0.02182658,0.021974381,0.9339085221290588,True,True,0.96783626,0.93773586,0.9538461538278107,0.9998187530205817,0.982178217802333,0.0,520.0,505.0,False
d:\Research\Multi-View Fusion Network\datasets\brisc2025\classification_task\test\glioma\brisc2025_test_00076_gl_ax_t1.jpg,glioma,glioma,axial,0.9345337,0.022157136,0.02164139,0.021667752,0.9345337152481079,True,True,0.87866664,0.783848,0.7908653845963735,0.999919614147709,0.9879879879583187,2.0,416.0,333.0,False
d:\Research\Multi-View Fusion Network\datasets\brisc2025\classification_task\test\glioma\brisc2025_test_00077_gl_ax_t1.jpg,glioma,glioma,axial,0.93216604,0.02234578,0.022550518,0.022937663,0.9321660399436951,True,True,0.6936354,0.5313531,0.6888412017019562,0.9972037819350238,0.6978260869413516,11.280366346113308,466.0,460.0,False
d:\Research\Multi-View Fusion Network\datasets\brisc2025\classification_task\test\glioma\brisc2025_test_00078_gl_ax_t1.jpg,glioma,glioma,axial,0.932597,0.022501364,0.022194002,0.022707582,0.9325969815254211,True,True,0.9510147,0.9066667,0.9163292847379713,0.9998381713358957,0.9883551673800821,0.0,741.0,687.0,False
d:\Research\Multi-View Fusion Network\datasets\brisc2025\classification_task\test\glioma\brisc2025_test_00079_gl_ax_t1.jpg,glioma,glioma,axial,0.9331812,0.02215674,0.021908626,0.022753406,0.9331812262535095,True,True,0.90304184,0.82332563,0.8288707799670678,0.9998783380982218,0.991643454025186,1.0828427124745437,859.0,718.0,False
d:\Research\Multi-View Fusion Network\datasets\brisc2025\classification_task\test\glioma\brisc2025_test_00080_gl_ax_t1.jpg,glioma,glioma,axial,0.931864,0.022984015,0.022264503,0.022887524,0.9318640232086182,True,True,0.8722304,0.77346134,0.7784615384581167,0.9996868541364482,0.9916013437794424,2.8284271247461903,2275.0,1786.0,False
d:\Research\Multi-View Fusion Network\datasets\brisc2025\classification_task\test\glioma\brisc2025_test_00081_gl_ax_t1.jpg,glioma,glioma,axial,0.933038,0.022823632,0.02183255,0.022305753,0.9330379962921143,True,True,0.9243086,0.85945946,0.9057142856884082,0.9996186729817768,0.943452380924302,1.0,350.0,336.0,False
d:\Research\Multi-View Fusion Network\datasets\brisc2025\classification_task\test\glioma\brisc2025_test_00082_gl_ax_t1.jpg,glioma,glioma,axial,0.93349266,0.022378702,0.021734077,0.022394547,0.9334926605224609,True,True,0.6754808,0.5102781,0.9859484777286663,0.9919797382859974,0.5134146341400803,7.751906704893839,427.0,820.0,False
d:\Research\Multi-View Fusion Network\datasets\brisc2025\classification_task\test\glioma\brisc2025_test_00083_gl_ax_t1.jpg,glioma,glioma,axial,0.93399847,0.022416668,0.021703385,0.021881472,0.9339984655380249,True,True,0.7271715,0.57167834,0.6404715127575545,0.9987516862300927,0.8402061855453555,3.605551275463989,509.0,388.0,False
d:\Research\Multi-View Fusion Network\datasets\brisc2025\classification_task\test\glioma\brisc2025_test_00084_gl_ax_t1.jpg,glioma,glioma,axial,0.9334853,0.02240307,0.021719718,0.022391878,0.9334853291511536,True,True,0.7906299,0.65381765,0.6675501703874762,0.9988219206898078,0.9692138537604772,10.002493781056053,2641.0,1819.0,False
d:\Research\Multi-View Fusion Network\datasets\brisc2025\classification_task\test\glioma\brisc2025_test_00085_gl_ax_t1.jpg,glioma,glioma,axial,0.93367183,0.021986207,0.022128038,0.022214008,0.9336718320846558,True,True,0.21938089,0.12386707,0.9759036143402526,0.9884614616810755,0.12291350530921223,25.019992006393608,83.0,659.0,False
d:\Research\Multi-View Fusion Network\datasets\brisc2025\classification_task\test\glioma\brisc2025_test_00086_gl_co_t1.jpg,glioma,glioma,coronal,0.9340625,0.02157725,0.022027316,0.022332935,0.9340624809265137,True,True,0.9640344,0.9306184,0.9855999999842304,0.9992532945851751,0.9433384379641142,0.0,625.0,653.0,False
d:\Research\Multi-View Fusion Network\datasets\brisc2025\classification_task\test\glioma\brisc2025_test_00087_gl_co_t1.jpg,glioma,glioma,coronal,0.9325023,0.022676345,0.021826444,0.022994915,0.9325023293495178,True,True,0.7991903,0.6657682,0.6671177266486181,0.9999595444705384,0.9959595959394756,3.0,739.0,495.0,False
d:\Research\Multi-View Fusion Network\datasets\brisc2025\classification_task\test\glioma\brisc2025_test_00088_gl_co_t1.jpg,glioma,glioma,coronal,0.93309414,0.022023369,0.022123707,0.022758741,0.9330941438674927,True,True,0.70147735,0.54039216,0.5925925925874885,0.9976945832906259,0.8589263420616863,8.94427190999916,1161.0,801.0,False
d:\Research\Multi-View Fusion Network\datasets\brisc2025\classification_task\test\glioma\brisc2025_test_00089_gl_co_t1.jpg,glioma,glioma,coronal,0.93353343,0.022298796,0.021616742,0.022551067,0.9335334300994873,True,True,0.9243516,0.85943776,0.9639097744215953,0.9983639999190083,0.8878116343367339,1.0,665.0,722.0,False
d:\Research\Multi-View Fusion Network\datasets\brisc2025\classification_task\test\glioma\brisc2025_test_00090_gl_co_t1.jpg,glioma,glioma,coronal,0.93417454,0.021864846,0.021430995,0.022529665,0.9341745376586914,True,True,0.92744184,0.86481804,0.9431818181639549,0.9990331936833309,0.9120879120712072,1.0,528.0,546.0,False
d:\Research\Multi-View Fusion Network\datasets\brisc2025\classification_task\test\glioma\brisc2025_test_00091_gl_co_t1.jpg,glioma,glioma,coronal,0.93169135,0.023105942,0.02242129,0.022781432,0.9316913485527039,True,True,0.949035,0.9030407,0.9662162162102813,0.997651808519198,0.9324244220454511,1.0,1628.0,1687.0,False
d:\Research\Multi-View Fusion Network\datasets\brisc2025\classification_task\test\glioma\brisc2025_test_00092_gl_co_t1.jpg,glioma,glioma,coronal,0.93453795,0.022175768,0.02177694,0.021509342,0.934537947177887,True,True,0.8998211,0.8181818,0.8202614378816908,0.9999799478642472,0.9960317459922209,1.0,306.0,252.0,False
d:\Research\Multi-View Fusion Network\datasets\brisc2025\classification_task\test\glioma\brisc2025_test_00093_gl_co_t1.jpg,glioma,glioma,coronal,0.9318937,0.023288067,0.02182734,0.022990823,0.9318937063217163,True,True,0.7843719,0.64552844,0.842553191471435,0.9971029654365676,0.733333333319753,4.762461179749787,470.0,540.0,False
d:\Research\Multi-View Fusion Network\datasets\brisc2025\classification_task\test\glioma\brisc2025_test_00094_gl_co_t1.jpg,glioma,glioma,coronal,0.9262595,0.02733149,0.022967815,0.023441209,0.9262595176696777,True,True,0.8665339,0.7649123,0.9353448275458903,0.9989588338937613,0.8066914497841379,1.0,232.0,269.0,False
d:\Research\Multi-View Fusion Network\datasets\brisc2025\classification_task\test\glioma\brisc2025_test_00095_gl_co_t1.jpg,glioma,glioma,coronal,0.9331995,0.022304395,0.02173695,0.022759195,0.9331995248794556,True,True,0.88473207,0.79347825,0.8122676579774671,0.9997381038718322,0.9711111110895309,1.0,538.0,450.0,False
d:\Research\Multi-View Fusion Network\datasets\brisc2025\classification_task\test\glioma\brisc2025_test_00096_gl_co_t1.jpg,glioma,glioma,coronal,0.9305581,0.02297971,0.023193993,0.023268174,0.9305580854415894,True,True,0.000998004,0.000998004,0.0,0.9841101482917441,0.0,43.18564576337837,207.0,794.0,False
d:\Research\Multi-View Fusion Network\datasets\brisc2025\classification_task\test\glioma\brisc2025_test_00097_gl_co_t1.jpg,glioma,glioma,coronal,0.93099797,0.023387825,0.022227142,0.023387061,0.9309979677200317,True,True,0.922363,0.8559322,0.9120046620020047,0.9951865480059484,0.9329359165396932,1.4142135623730951,3432.0,3355.0,False
d:\Research\Multi-View Fusion Network\datasets\brisc2025\classification_task\test\glioma\brisc2025_test_00098_gl_co_t1.jpg,glioma,glioma,coronal,0.9334108,0.022551628,0.021591453,0.022446077,0.9334108233451843,True,True,0.6231884,0.45345345,0.4531722054243755,0.9999799378070018,0.993377483377922,6.078624403783308,331.0,151.0,False
d:\Research\Multi-View Fusion Network\datasets\brisc2025\classification_task\test\glioma\brisc2025_test_00099_gl_co_t1.jpg,glioma,glioma,coronal,0.93298304,0.02302269,0.02156567,0.02242858,0.9329830408096313,True,True,0.0020242915,0.0020242915,0.0,0.9911622710766885,0.0,83.07101578816392,50.0,443.0,False
d:\Research\Multi-View Fusion Network\datasets\brisc2025\classification_task\test\glioma\brisc2025_test_00100_gl_co_t1.jpg,glioma,glioma,coronal,0.933535,0.022021553,0.021852752,0.02259072,0.9335349798202515,True,True,0.6994302,0.53829324,0.6786703600920035,0.9980929438922016,0.7205882352729238,6.0,361.0,340.0,False
d:\Research\Multi-View Fusion Network\datasets\brisc2025\classification_task\test\glioma\brisc2025_test_00101_gl_co_t1.jpg,glioma,glioma,coronal,0.93356866,0.022286115,0.021505708,0.022639597,0.9335686564445496,True,True,0.8683432,0.767624,0.9421221864648835,0.9985761556199743,0.8049450549229411,5.184863101655287,311.0,364.0,False
d:\Research\Multi-View Fusion Network\datasets\brisc2025\classification_task\test\glioma\brisc2025_test_00102_gl_co_t1.jpg,glioma,glioma,coronal,0.93151826,0.02288033,0.022162518,0.023438888,0.9315182566642761,True,True,0.9611536,0.9252548,0.9379310344719778,0.9997566219119378,0.9855072463649093,0.0,870.0,828.0,False
d:\Research\Multi-View Fusion Network\datasets\brisc2025\classification_task\test\glioma\brisc2025_test_00103_gl_co_t1.jpg,glioma,glioma,coronal,0.9320333,0.022432717,0.022177098,0.023356918,0.9320333003997803,True,True,0.9273533,0.8645899,0.9611032531756641,0.9967597719533661,0.8958470665728686,1.0,1414.0,1517.0,False
d:\Research\Multi-View Fusion Network\datasets\brisc2025\classification_task\test\glioma\brisc2025_test_00104_gl_co_t1.jpg,glioma,glioma,coronal,0.9332488,0.022623414,0.021651734,0.02247604,0.9332488179206848,True,True,0.90553236,0.82745475,0.8635458167244666,0.9991051818105835,0.9517014269928463,1.0,1004.0,911.0,False
d:\Research\Multi-View Fusion Network\datasets\brisc2025\classification_task\test\glioma\brisc2025_test_00105_gl_co_t1.jpg,glioma,glioma,coronal,0.9326994,0.0227198,0.02171272,0.022868099,0.9326993823051453,True,True,0.57098764,0.4,0.9928315411830526,0.9916828667052144,0.40028901733525596,11.0,279.0,692.0,False
d:\Research\Multi-View Fusion Network\datasets\brisc2025\classification_task\test\glioma\brisc2025_test_00106_gl_co_t1.jpg,glioma,glioma,coronal,0.93203926,0.022990797,0.02223639,0.022733457,0.9320392608642578,True,True,0.85951537,0.7536993,0.8737541528190823,0.9940458962164578,0.8456591639826063,4.0,1806.0,1866.0,False
d:\Research\Multi-View Fusion Network\datasets\brisc2025\classification_task\test\glioma\brisc2025_test_00107_gl_co_t1.jpg,glioma,glioma,coronal,0.9327471,0.022839956,0.021883998,0.022528984,0.9327471256256104,True,True,0.87490505,0.7776778,0.8562221120433504,0.9957640316449686,0.8943552563392317,3.605551275463989,2017.0,1931.0,False
d:\Research\Multi-View Fusion Network\datasets\brisc2025\classification_task\test\glioma\brisc2025_test_00108_gl_co_t1.jpg,glioma,glioma,coronal,0.9341399,0.021243788,0.022132786,0.022483505,0.9341399073600769,True,True,0.9442953,0.8945362,0.9262187088152013,0.9994536293176439,0.963013698616945,1.0,759.0,730.0,False
d:\Research\Multi-View Fusion Network\datasets\brisc2025\classification_task\test\glioma\brisc2025_test_00109_gl_co_t1.jpg,glioma,glioma,coronal,0.93248385,0.02253636,0.02205857,0.02292124,0.9324838519096375,True,True,0.953958,0.912037,0.94098883571067,0.9995963591594181,0.9672131147382423,0.0,627.0,610.0,False
d:\Research\Multi-View Fusion Network\datasets\brisc2025\classification_task\test\glioma\brisc2025_test_00110_gl_co_t1.jpg,glioma,glioma,coronal,0.9334645,0.022501698,0.021384563,0.022649199,0.933464527130127,True,True,0.956541,0.9167375,0.9953831948199873,0.9981056362412161,0.9205807002483298,0.0,1083.0,1171.0,False
d:\Research\Multi-View Fusion Network\datasets\brisc2025\classification_task\test\glioma\brisc2025_test_00111_gl_co_t1.jpg,glioma,glioma,coronal,0.93297493,0.021699423,0.023272203,0.02205347,0.9329749345779419,True,True,0.8989071,0.8168317,0.982035928084908,0.9993201223777722,0.8282828282409957,1.0,167.0,198.0,False
d:\Research\Multi-View Fusion Network\datasets\brisc2025\classification_task\test\glioma\brisc2025_test_00112_gl_co_t1.jpg,glioma,glioma,coronal,0.9338784,0.022217594,0.021414438,0.022489578,0.9338784217834473,True,True,0.16576087,0.09081935,0.4417475727940899,0.9838703221931192,0.10144927536118785,21.213203435596427,206.0,897.0,False
d:\Research\Multi-View Fusion Network\datasets\brisc2025\classification_task\test\glioma\brisc2025_test_00113_gl_co_t1.jpg,glioma,glioma,coronal,0.9334683,0.022285398,0.021704987,0.02254136,0.9334682822227478,True,True,0.6664899,0.5,0.9827856024885323,0.987524476653615,0.5040128410874478,14.401328294140031,639.0,1246.0,False
d:\Research\Multi-View Fusion Network\datasets\brisc2025\classification_task\test\glioma\brisc2025_test_00114_gl_co_t1.jpg,glioma,glioma,coronal,0.9309739,0.02320361,0.022576142,0.023246406,0.9309738874435425,True,True,0.82992536,0.7093733,0.815571155068184,0.9951655043302691,0.8446794448060497,5.830951894845301,1567.0,1513.0,False
d:\Research\Multi-View Fusion Network\datasets\brisc2025\classification_task\test\glioma\brisc2025_test_00115_gl_co_t1.jpg,glioma,glioma,coronal,0.93315625,0.022618042,0.021687202,0.022538489,0.9331562519073486,True,True,0.57172555,0.4011628,0.4005847953099244,0.999979933378617,0.9927536231164671,10.057283791424117,342.0,138.0,False
d:\Research\Multi-View Fusion Network\datasets\brisc2025\classification_task\test\glioma\brisc2025_test_00116_gl_co_t1.jpg,glioma,glioma,coronal,0.93245804,0.022790836,0.021904983,0.022846203,0.9324580430984497,True,True,0.84165233,0.727003,0.8776978416950468,0.9988376287624757,0.8079470198407964,2.0,278.0,302.0,False
d:\Research\Multi-View Fusion Network\datasets\brisc2025\classification_task\test\glioma\brisc2025_test_00117_gl_co_t1.jpg,glioma,glioma,coronal,0.9327582,0.022763195,0.021859258,0.02261928,0.9327582120895386,True,True,0.943038,0.8923077,0.9404332129794145,0.9993954294464151,0.945553539002803,1.0,554.0,551.0,False
d:\Research\Multi-View Fusion Network\datasets\brisc2025\classification_task\test\glioma\brisc2025_test_00118_gl_co_t1.jpg,glioma,glioma,coronal,0.93328,0.022470858,0.021655096,0.022594016,0.9332799911499023,True,True,0.9088346,0.8330465,0.9130434782436098,0.998972747597841,0.9044943820055338,1.0,529.0,534.0,False
d:\Research\Multi-View Fusion Network\datasets\brisc2025\classification_task\test\glioma\brisc2025_test_00119_gl_co_t1.jpg,glioma,glioma,coronal,0.93256783,0.02230444,0.022159962,0.02296771,0.932567834854126,True,True,0.7600671,0.613165,0.8250303766606922,0.9942252750590655,0.7043568464657224,4.47213595499958,823.0,964.0,False
d:\Research\Multi-View Fusion Network\datasets\brisc2025\classification_task\test\glioma\brisc2025_test_00120_gl_co_t1.jpg,glioma,glioma,coronal,0.9335897,0.02231475,0.021376206,0.022719292,0.9335896968841553,True,True,0.94110984,0.8888889,0.9606481481259109,0.9992963975552832,0.9222222222017283,1.0,432.0,450.0,False
d:\Research\Multi-View Fusion Network\datasets\brisc2025\classification_task\test\glioma\brisc2025_test_00121_gl_co_t1.jpg,glioma,glioma,coronal,0.93352073,0.022123875,0.0217513,0.022604061,0.9335207343101501,True,True,0.8969588,0.81322956,0.8162866449458223,0.9998766472726713,0.9952343129388783,3.0,1535.0,1259.0,False
d:\Research\Multi-View Fusion Network\datasets\brisc2025\classification_task\test\glioma\brisc2025_test_00122_gl_co_t1.jpg,glioma,glioma,coronal,0.934806,0.021958124,0.021250395,0.021985473,0.9348059892654419,True,True,0.80055916,0.66770184,0.7674418604513874,0.9983070318638777,0.8362573099252192,2.5026295937606298,559.0,513.0,False
d:\Research\Multi-View Fusion Network\datasets\brisc2025\classification_task\test\glioma\brisc2025_test_00123_gl_co_t1.jpg,glioma,glioma,coronal,0.93266153,0.022591665,0.021897083,0.022849707,0.9326615333557129,True,True,0.552226,0.3817967,0.5411764705791399,0.9949577459105313,0.5629370629272213,19.6468827043885,595.0,572.0,False
d:\Research\Multi-View Fusion Network\datasets\brisc2025\classification_task\test\glioma\brisc2025_test_00124_gl_co_t1.jpg,glioma,glioma,coronal,0.9318556,0.022818448,0.022235796,0.02309009,0.9318556189537048,True,True,0.71827793,0.5606596,0.8812615955309598,0.9937748050847164,0.6058673469310476,9.219544457292887,539.0,784.0,False
d:\Research\Multi-View Fusion Network\datasets\brisc2025\classification_task\test\glioma\brisc2025_test_00125_gl_co_t1.jpg,glioma,glioma,coronal,0.92997044,0.023338163,0.02292756,0.023763882,0.9299704432487488,True,True,0.7280385,0.5727788,0.7512437810758397,0.9974685578814246,0.7056074766190279,5.0,402.0,428.0,False
d:\Research\Multi-View Fusion Network\datasets\brisc2025\classification_task\test\glioma\brisc2025_test_00126_gl_co_t1.jpg,glioma,glioma,coronal,0.9339922,0.022159012,0.021515213,0.022333553,0.9339922070503235,True,True,0.8711162,0.7718941,0.8008474576101515,0.9996378561079593,0.9545454545213499,2.0,472.0,396.0,False
d:\Research\Multi-View Fusion Network\datasets\brisc2025\classification_task\test\glioma\brisc2025_test_00127_gl_co_t1.jpg,glioma,glioma,coronal,0.9339891,0.022125626,0.021526229,0.022359096,0.9339891076087952,True,True,0.9594985,0.9222222,0.9557692307508506,0.9996173674881184,0.9631782945549772,0.0,520.0,516.0,False
d:\Research\Multi-View Fusion Network\datasets\brisc2025\classification_task\test\glioma\brisc2025_test_00128_gl_co_t1.jpg,glioma,glioma,coronal,0.9335831,0.02212447,0.02148894,0.022803519,0.9335830807685852,True,True,0.8353846,0.7176781,0.7855072463540432,0.9993377616341236,0.8914473683917287,2.8284271247461903,345.0,304.0,False
d:\Research\Multi-View Fusion Network\datasets\brisc2025\classification_task\test\glioma\brisc2025_test_00129_gl_co_t1.jpg,glioma,glioma,coronal,0.93330854,0.022435535,0.021748755,0.022507116,0.9333085417747498,True,True,0.9247212,0.8601036,0.9169741697247791,0.9992746907359876,0.9324577860988281,1.0,542.0,533.0,False
d:\Research\Multi-View Fusion Network\datasets\brisc2025\classification_task\test\glioma\brisc2025_test_00130_gl_co_t1.jpg,glioma,glioma,coronal,0.93231857,0.022878878,0.021906666,0.022895848,0.9323185682296753,True,True,0.89636666,0.8122663,0.8145645645584493,0.9999181066249694,0.9963269054086656,2.0,1332.0,1089.0,False
d:\Research\Multi-View Fusion Network\datasets\brisc2025\classification_task\test\glioma\brisc2025_test_00131_gl_co_t1.jpg,glioma,glioma,coronal,0.9340133,0.02235456,0.021653553,0.021978593,0.934013307094574,True,True,0.0023980816,0.0023980816,0.0,0.999999999999799,0.0,-1.0,416.0,0.0,True
d:\Research\Multi-View Fusion Network\datasets\brisc2025\classification_task\test\glioma\brisc2025_test_00132_gl_co_t1.jpg,glioma,glioma,coronal,0.93134505,0.02282568,0.022246832,0.023582397,0.9313450455665588,True,True,0.61138016,0.44076654,0.491228070165863,0.9987918571167673,0.8076923076664201,5.602516361020792,513.0,312.0,False
d:\Research\Multi-View Fusion Network\datasets\brisc2025\classification_task\test\glioma\brisc2025_test_00133_gl_co_t1.jpg,glioma,glioma,coronal,0.9335913,0.022189789,0.021326497,0.022892492,0.9335913062095642,True,True,0.9557267,0.91528547,0.982178217802333,0.9992550985482477,0.9305816134909835,0.0,505.0,533.0,False
d:\Research\Multi-View Fusion Network\datasets\brisc2025\classification_task\test\glioma\brisc2025_test_00134_gl_co_t1.jpg,glioma,glioma,coronal,0.93283236,0.022856379,0.021935899,0.022375384,0.9328323602676392,True,True,0.91113126,0.83680266,0.8377814845669818,0.9999372095941648,0.9985089463171049,1.4142135623730951,2398.0,2012.0,False
d:\Research\Multi-View Fusion Network\datasets\brisc2025\classification_task\test\glioma\brisc2025_test_00135_gl_co_t1.jpg,glioma,glioma,coronal,0.9334019,0.022644216,0.021303551,0.022650322,0.933401882648468,True,True,0.76561,0.62052876,0.9364705882132595,0.9956382786273652,0.6471544715341926,32.0,425.0,615.0,False
d:\Research\Multi-View Fusion Network\datasets\brisc2025\classification_task\test\glioma\brisc2025_test_00136_gl_co_t1.jpg,glioma,glioma,coronal,0.9334575,0.022337329,0.021911584,0.02229358,0.9334574937820435,True,True,0.7488789,0.5988539,0.6043478260781978,0.9998585458511499,0.9834905660145403,5.0,690.0,424.0,False
d:\Research\Multi-View Fusion Network\datasets\brisc2025\classification_task\test\glioma\brisc2025_test_00137_gl_co_t1.jpg,glioma,glioma,coronal,0.9318998,0.0226576,0.0221393,0.023303213,0.9318997859954834,True,True,0.8082192,0.6784452,0.7281368821154347,0.9992145015103728,0.9075829383671189,4.0,526.0,422.0,False
d:\Research\Multi-View Fusion Network\datasets\brisc2025\classification_task\test\glioma\brisc2025_test_00138_gl_co_t1.jpg,glioma,glioma,coronal,0.9334414,0.022181237,0.021920659,0.022456678,0.9334414005279541,True,True,0.9269956,0.86397606,0.8710407239753316,0.999774820880041,0.9905660377273537,1.0,1326.0,1166.0,False
d:\Research\Multi-View Fusion Network\datasets\brisc2025\classification_task\test\glioma\brisc2025_test_00139_gl_co_t1.jpg,glioma,glioma,coronal,0.9340594,0.021923054,0.021880642,0.022136874,0.9340593814849854,True,True,0.8415214,0.72677594,0.7260273972403828,0.9999999999997993,0.9999999999622641,2.0,365.0,265.0,False
d:\Research\Multi-View Fusion Network\datasets\brisc2025\classification_task\test\glioma\brisc2025_test_00140_gl_co_t1.jpg,glioma,glioma,coronal,0.9319707,0.02122537,0.02453708,0.022266787,0.9319707155227661,True,True,0.006849315,0.006849315,0.0,0.9999999999998002,0.0,-1.0,145.0,0.0,True
d:\Research\Multi-View Fusion Network\datasets\brisc2025\classification_task\test\glioma\brisc2025_test_00141_gl_co_t1.jpg,glioma,glioma,coronal,0.93248147,0.022758659,0.02189936,0.022860466,0.9324814677238464,True,True,0.59632224,0.42518702,0.5528455284462952,0.9962470490908182,0.646387832687331,60.108235708594876,615.0,526.0,False
d:\Research\Multi-View Fusion Network\datasets\brisc2025\classification_task\test\glioma\brisc2025_test_00142_gl_co_t1.jpg,glioma,glioma,coronal,0.9325481,0.022887547,0.021818142,0.022746248,0.9325481057167053,True,True,0.8683128,0.76811594,0.9722222221322017,0.9994207877284894,0.7835820894937625,1.0,108.0,134.0,False
d:\Research\Multi-View Fusion Network\datasets\brisc2025\classification_task\test\glioma\brisc2025_test_00143_gl_co_t1.jpg,glioma,glioma,coronal,0.9323597,0.022417055,0.022024294,0.023198873,0.9323596954345703,True,True,0.5858209,0.41476274,0.5176211453630479,0.9977072523227148,0.6733524355107922,13.586685862569267,454.0,349.0,False
d:\Research\Multi-View Fusion Network\datasets\brisc2025\classification_task\test\glioma\brisc2025_test_00144_gl_co_t1.jpg,glioma,glioma,coronal,0.9323342,0.023312446,0.021722864,0.022630429,0.9323341846466064,True,True,0.30184332,0.17886178,0.9154929576175362,0.9940724478592967,0.1795580110447636,17.34330557960843,71.0,362.0,False
d:\Research\Multi-View Fusion Network\datasets\brisc2025\classification_task\test\glioma\brisc2025_test_00145_gl_co_t1.jpg,glioma,glioma,coronal,0.93251693,0.022690188,0.021640673,0.023152225,0.9325169324874878,True,True,0.5706085,0.39967898,0.42685025816821254,0.9991733037602584,0.8581314878595802,6.324555320336759,581.0,289.0,False
d:\Research\Multi-View Fusion Network\datasets\brisc2025\classification_task\test\glioma\brisc2025_test_00146_gl_co_t1.jpg,glioma,glioma,coronal,0.9259442,0.027004078,0.022880899,0.024170844,0.9259442090988159,True,True,0.6697531,0.5046296,0.8372093022606814,0.9982816152814359,0.5567010308991391,6.395267345723238,129.0,194.0,False
d:\Research\Multi-View Fusion Network\datasets\brisc2025\classification_task\test\glioma\brisc2025_test_00147_gl_co_t1.jpg,glioma,glioma,coronal,0.9317803,0.023022678,0.021893205,0.023303816,0.9317802786827087,True,True,0.9583333,0.92006034,0.9241274658433365,0.9999394147462488,0.9950980391994265,0.0,659.0,612.0,False
d:\Research\Multi-View Fusion Network\datasets\brisc2025\classification_task\test\glioma\brisc2025_test_00148_gl_co_t1.jpg,glioma,glioma,coronal,0.9319951,0.022949269,0.02186581,0.023189757,0.9319950938224792,True,True,0.9654747,0.93333334,0.9726368158962031,0.9996584562219232,0.9583333333098447,0.0,402.0,408.0,False
d:\Research\Multi-View Fusion Network\datasets\brisc2025\classification_task\test\glioma\brisc2025_test_00149_gl_co_t1.jpg,glioma,glioma,coronal,0.9322891,0.022603936,0.022232845,0.022874078,0.9322891235351562,True,True,0.50506073,0.33829498,0.8586206896255648,0.9910195245156976,0.3572453371541285,23.769728648009426,290.0,697.0,False
d:\Research\Multi-View Fusion Network\datasets\brisc2025\classification_task\test\glioma\brisc2025_test_00150_gl_co_t1.jpg,glioma,glioma,coronal,0.93256885,0.0231774,0.021770475,0.022483291,0.9325688481330872,True,True,0.73913044,0.58655465,0.8550368550158467,0.9962426410012265,0.6504672897074679,5.0,407.0,535.0,False
d:\Research\Multi-View Fusion Network\datasets\brisc2025\classification_task\test\glioma\brisc2025_test_00151_gl_co_t1.jpg,glioma,glioma,coronal,0.929331,0.024213457,0.023525598,0.022929959,0.9293310046195984,True,True,0.7771588,0.63581187,0.6490683229712878,0.9997173544373336,0.9675925925701946,5.0,644.0,432.0,False
d:\Research\Multi-View Fusion Network\datasets\brisc2025\classification_task\test\glioma\brisc2025_test_00152_gl_co_t1.jpg,glioma,glioma,coronal,0.9323973,0.022629928,0.02202993,0.02294283,0.9323973059654236,True,True,0.9553666,0.9145763,0.9393728222931055,0.999199852280216,0.9718817591854948,0.0,1435.0,1387.0,False
d:\Research\Multi-View Fusion Network\datasets\brisc2025\classification_task\test\glioma\brisc2025_test_00153_gl_co_t1.jpg,glioma,glioma,coronal,0.92961067,0.02335166,0.023234915,0.023802724,0.9296106696128845,True,True,0.94392526,0.8938679,0.9076738609003876,0.9997365327710673,0.9831168831041154,1.0,834.0,770.0,False
d:\Research\Multi-View Fusion Network\datasets\brisc2025\classification_task\test\glioma\brisc2025_test_00154_gl_co_t1.jpg,glioma,glioma,coronal,0.9320315,0.022830004,0.022059033,0.023079498,0.932031512260437,True,True,0.53759396,0.36793423,0.36728395061350533,0.9999999999997968,0.9999999999719887,14.021401308570915,972.0,357.0,False
d:\Research\Multi-View Fusion Network\datasets\brisc2025\classification_task\test\glioma\brisc2025_test_00155_gl_co_t1.jpg,glioma,glioma,coronal,0.93094194,0.023039978,0.0225155,0.023502536,0.9309419393539429,True,True,0.9263541,0.86283183,0.8772877287702452,0.9988045172168737,0.9812080536879826,1.0,3333.0,2980.0,False
d:\Research\Multi-View Fusion Network\datasets\brisc2025\classification_task\test\glioma\brisc2025_test_00156_gl_co_t1.jpg,glioma,glioma,coronal,0.93188244,0.022648068,0.022045916,0.023423567,0.9318824410438538,True,True,0.81030667,0.68119025,0.8895833333271558,0.9909512475375511,0.7439024390200702,5.385164807134504,1440.0,1722.0,False
d:\Research\Multi-View Fusion Network\datasets\brisc2025\classification_task\test\glioma\brisc2025_test_00157_gl_co_t1.jpg,glioma,glioma,coronal,0.93173224,0.023162665,0.022016337,0.023088783,0.9317322373390198,True,True,0.8389125,0.7225636,0.8210246174290718,0.9913080347676508,0.8575399583013984,6.662441978239225,3006.0,2878.0,False
d:\Research\Multi-View Fusion Network\datasets\brisc2025\classification_task\test\glioma\brisc2025_test_00158_gl_co_t1.jpg,glioma,glioma,coronal,0.9328912,0.02257656,0.021630876,0.022901393,0.9328911900520325,True,True,0.8586399,0.7523438,0.8406113537081197,0.994382491751035,0.8773928896951806,4.0,2290.0,2194.0,False
d:\Research\Multi-View Fusion Network\datasets\brisc2025\classification_task\test\glioma\brisc2025_test_00159_gl_co_t1.jpg,glioma,glioma,coronal,0.93027335,0.023193032,0.022900354,0.023633162,0.9302733540534973,True,True,0.9091413,0.83350253,0.8658922914375302,0.999248410489549,0.95682613767845,1.0,947.0,857.0,False
d:\Research\Multi-View Fusion Network\datasets\brisc2025\classification_task\test\glioma\brisc2025_test_00160_gl_co_t1.jpg,glioma,glioma,coronal,0.92903334,0.023405585,0.023623647,0.023937413,0.9290333390235901,True,True,0.80112654,0.6683526,0.6774193548337433,0.9996107514543556,0.9798515376354204,6.4031242374328485,1364.0,943.0,False
d:\Research\Multi-View Fusion Network\datasets\brisc2025\classification_task\test\glioma\brisc2025_test_00161_gl_co_t1.jpg,glioma,glioma,coronal,0.9305996,0.022886198,0.023138447,0.023375733,0.930599570274353,True,True,0.90396255,0.8247992,0.8734042553145032,0.9977016730161924,0.9366799771766305,1.4142135623730951,1880.0,1753.0,False
d:\Research\Multi-View Fusion Network\datasets\brisc2025\classification_task\test\glioma\brisc2025_test_00162_gl_co_t1.jpg,glioma,glioma,coronal,0.9308099,0.02313348,0.02253528,0.02352131,0.9308099150657654,True,True,0.7942207,0.65892595,0.6661764705784385,0.9998383707772346,0.9826464208029795,10.63014581273465,680.0,461.0,False
d:\Research\Multi-View Fusion Network\datasets\brisc2025\classification_task\test\glioma\brisc2025_test_00163_gl_co_t1.jpg,glioma,glioma,coronal,0.9311153,0.02316716,0.022346351,0.023371173,0.9311153292655945,True,True,0.9061685,0.82857144,0.9594843462070076,0.9982672818485689,0.8583196045987097,1.0,543.0,607.0,False
d:\Research\Multi-View Fusion Network\datasets\brisc2025\classification_task\test\glioma\brisc2025_test_00164_gl_co_t1.jpg,glioma,glioma,coronal,0.9296452,0.023693874,0.023023644,0.02363721,0.9296451807022095,True,True,0.9001906,0.81853616,0.8578564940923803,0.9977904698376209,0.9468671679150533,2.0,2202.0,1995.0,False
d:\Research\Multi-View Fusion Network\datasets\brisc2025\classification_task\test\glioma\brisc2025_test_00165_gl_co_t1.jpg,glioma,glioma,coronal,0.92979586,0.023527099,0.022898452,0.023778517,0.9297958612442017,True,True,0.9246843,0.85994875,0.8883495145591865,0.9984345648088085,0.9640804597654977,1.0,2266.0,2088.0,False
d:\Research\Multi-View Fusion Network\datasets\brisc2025\classification_task\test\glioma\brisc2025_test_00166_gl_co_t1.jpg,glioma,glioma,coronal,0.9306895,0.023616206,0.022266569,0.023427675,0.9306895136833191,True,True,0.62735426,0.4572175,0.8242924528204683,0.9861741809923399,0.5061549601701221,15.019977827023741,848.0,1381.0,False
d:\Research\Multi-View Fusion Network\datasets\brisc2025\classification_task\test\glioma\brisc2025_test_00167_gl_sa_t1.jpg,glioma,glioma,sagittal,0.93442804,0.022298787,0.021508984,0.021764226,0.9344280362129211,True,True,0.9353274,0.87860394,0.9189189189043097,0.9994146971560338,0.9522240527025992,1.0,629.0,607.0,False
d:\Research\Multi-View Fusion Network\datasets\brisc2025\classification_task\test\glioma\brisc2025_test_00168_gl_sa_t1.jpg,glioma,glioma,sagittal,0.9334816,0.022564039,0.021709902,0.02224449,0.9334815740585327,True,True,0.5073466,0.34002316,0.36154478224995257,0.9967324368478496,0.8494208494126505,40.311288741492746,2434.0,1036.0,False
d:\Research\Multi-View Fusion Network\datasets\brisc2025\classification_task\test\glioma\brisc2025_test_00169_gl_sa_t1.jpg,glioma,glioma,sagittal,0.93258464,0.022685213,0.021993596,0.02273647,0.9325846433639526,True,True,0.8521974,0.74251497,0.7484900776499203,0.9996029921850058,0.9891676168700733,6.0,2318.0,1754.0,False
d:\Research\Multi-View Fusion Network\datasets\brisc2025\classification_task\test\glioma\brisc2025_test_00170_gl_sa_t1.jpg,glioma,glioma,sagittal,0.9336074,0.022418482,0.021599732,0.022374365,0.9336073994636536,True,True,0.84723765,0.73504823,0.7562913907234683,0.9990958780255211,0.9629005058940734,4.123105625617661,1510.0,1186.0,False
d:\Research\Multi-View Fusion Network\datasets\brisc2025\classification_task\test\glioma\brisc2025_test_00171_gl_sa_t1.jpg,glioma,glioma,sagittal,0.9324221,0.022451952,0.022350967,0.022775013,0.9324221014976501,True,True,0.87286454,0.7744891,0.7865329512837641,0.9995489954897501,0.9803571428483897,3.0,1396.0,1120.0,False
d:\Research\Multi-View Fusion Network\datasets\brisc2025\classification_task\test\glioma\brisc2025_test_00172_gl_sa_t1.jpg,glioma,glioma,sagittal,0.93316954,0.022083445,0.022118004,0.022629077,0.9331695437431335,True,True,0.72723156,0.5715302,0.6061980347648814,0.9983419646693145,0.9082672706578905,13.294484657586228,1323.0,883.0,False
d:\Research\Multi-View Fusion Network\datasets\brisc2025\classification_task\test\glioma\brisc2025_test_00173_gl_sa_t1.jpg,glioma,glioma,sagittal,0.933568,0.02268672,0.021593992,0.022151198,0.933568000793457,True,True,0.788,0.6513158,0.6805555555082947,0.9998600895424928,0.9333333332444445,3.0,144.0,105.0,False
d:\Research\Multi-View Fusion Network\datasets\brisc2025\classification_task\test\glioma\brisc2025_test_00174_gl_sa_t1.jpg,glioma,glioma,sagittal,0.93338406,0.022263734,0.021821253,0.022531053,0.9333840608596802,True,True,0.96452326,0.93162394,0.9687499999567522,0.9998198270337525,0.9601769911079567,0.0,224.0,226.0,False
d:\Research\Multi-View Fusion Network\datasets\brisc2025\classification_task\test\glioma\brisc2025_test_00175_gl_sa_t1.jpg,glioma,glioma,sagittal,0.93273526,0.022763804,0.021988394,0.022512542,0.9327352643013,True,True,0.88793105,0.7986231,0.9007782100992067,0.9986710160684229,0.8752362948794852,1.0,514.0,529.0,False
d:\Research\Multi-View Fusion Network\datasets\brisc2025\classification_task\test\glioma\brisc2025_test_00176_gl_sa_t1.jpg,glioma,pituitary,sagittal,0.048680823,0.027063617,0.8926733,0.031582255,0.8926733136177063,False,True,0.0036101083,0.0036101083,0.0,0.9999999999997996,0.0,-1.0,276.0,0.0,True
d:\Research\Multi-View Fusion Network\datasets\brisc2025\classification_task\test\glioma\brisc2025_test_00177_gl_sa_t1.jpg,glioma,glioma,sagittal,0.9311535,0.023087192,0.02286979,0.022889558,0.9311534762382507,True,True,0.91408116,0.8418079,0.9948032665108033,0.9949824899135771,0.8454258675025526,2.0,1347.0,1585.0,False
d:\Research\Multi-View Fusion Network\datasets\brisc2025\classification_task\test\glioma\brisc2025_test_00178_gl_sa_t1.jpg,glioma,glioma,sagittal,0.9329608,0.022265276,0.021896109,0.022877866,0.9329608082771301,True,True,0.76038533,0.6135922,0.6670190274770929,0.9983140361566122,0.8837535013881828,16.557463938239163,946.0,714.0,False
d:\Research\Multi-View Fusion Network\datasets\brisc2025\classification_task\test\glioma\brisc2025_test_00179_gl_sa_t1.jpg,glioma,glioma,sagittal,0.93279773,0.023296546,0.021631803,0.022273881,0.9327977299690247,True,True,0.72554743,0.56979406,0.9959839357029725,0.9962545316159601,0.5701149425156296,7.0710678118654755,249.0,435.0,False
d:\Research\Multi-View Fusion Network\datasets\brisc2025\classification_task\test\glioma\brisc2025_test_00180_gl_sa_t1.jpg,glioma,glioma,sagittal,0.93409526,0.022561386,0.021509426,0.021833887,0.9340952634811401,True,True,0.7987805,0.6655405,0.8305084745410801,0.9988185822985586,0.7686274509502499,1.4142135623730951,236.0,255.0,False
d:\Research\Multi-View Fusion Network\datasets\brisc2025\classification_task\test\glioma\brisc2025_test_00181_gl_sa_t1.jpg,glioma,glioma,sagittal,0.9353049,0.022070669,0.021460937,0.021163566,0.9353048801422119,True,True,0.9584121,0.9202899,0.9656488549249752,0.9997395520292904,0.9511278195131154,0.0,262.0,266.0,False
d:\Research\Multi-View Fusion Network\datasets\brisc2025\classification_task\test\glioma\brisc2025_test_00182_gl_sa_t1.jpg,glioma,glioma,sagittal,0.9329965,0.022283928,0.021929445,0.022790186,0.9329965114593506,True,True,0.651699,0.48381296,0.6104783598949777,0.9976677322715489,0.6979166666484917,55.783478651676475,439.0,384.0,False
d:\Research\Multi-View Fusion Network\datasets\brisc2025\classification_task\test\glioma\brisc2025_test_00183_gl_sa_t1.jpg,glioma,glioma,sagittal,0.93377894,0.022173008,0.021740826,0.022307176,0.9337789416313171,True,True,0.47908533,0.31524926,0.3957564575609248,0.994316792959954,0.6059322033812722,61.56947083462034,1084.0,708.0,False
d:\Research\Multi-View Fusion Network\datasets\brisc2025\classification_task\test\glioma\brisc2025_test_00184_gl_sa_t1.jpg,glioma,glioma,sagittal,0.93264633,0.022627736,0.02211067,0.022615202,0.9326463341712952,True,True,0.9699669,0.9416996,0.9487051792781439,0.9996885899350192,0.9921874999948325,0.0,2008.0,1920.0,False
d:\Research\Multi-View Fusion Network\datasets\brisc2025\classification_task\test\glioma\brisc2025_test_00185_gl_sa_t1.jpg,glioma,glioma,sagittal,0.93332505,0.022869997,0.02157699,0.022228021,0.9333250522613525,True,True,0.9158237,0.84477013,0.9323031640843834,0.9971116619208479,0.8998579545390636,1.0,1359.0,1408.0,False
d:\Research\Multi-View Fusion Network\datasets\brisc2025\classification_task\test\glioma\brisc2025_test_00186_gl_sa_t1.jpg,glioma,glioma,sagittal,0.9340052,0.022343101,0.021465946,0.022185763,0.9340052008628845,True,True,0.668028,0.5017513,0.5478927203012655,0.9980257266138163,0.8550074738287742,15.811388300841896,1044.0,669.0,False
d:\Research\Multi-View Fusion Network\datasets\brisc2025\classification_task\test\glioma\brisc2025_test_00187_gl_sa_t1.jpg,glioma,glioma,sagittal,0.9338112,0.022428535,0.021536998,0.022223296,0.9338111877441406,True,True,0.81513023,0.68808115,0.7188328912403287,0.9989601386479766,0.9409722222113314,3.605551275463989,1131.0,864.0,False
d:\Research\Multi-View Fusion Network\datasets\brisc2025\classification_task\test\glioma\brisc2025_test_00188_gl_sa_t1.jpg,glioma,glioma,sagittal,0.933313,0.02269713,0.021872703,0.022117142,0.9333130121231079,True,True,0.18122555,0.100286536,0.18205804748860005,0.9936140731367364,0.17829457363880374,14.317821063276353,379.0,387.0,False
d:\Research\Multi-View Fusion Network\datasets\brisc2025\classification_task\test\glioma\brisc2025_test_00189_gl_sa_t1.jpg,glioma,glioma,sagittal,0.93318564,0.022294654,0.021870261,0.022649465,0.9331856369972229,True,True,0.9748689,0.95098037,0.9612068965475811,0.999477599464853,0.988913525494506,0.0,2320.0,2255.0,False
d:\Research\Multi-View Fusion Network\datasets\brisc2025\classification_task\test\glioma\brisc2025_test_00190_gl_sa_t1.jpg,glioma,glioma,sagittal,0.93229926,0.022506516,0.02217944,0.023014762,0.9322992563247681,True,True,0.94493747,0.8956422,0.9095145631032641,0.999159681519086,0.9832073887448228,1.0,2575.0,2382.0,False
d:\Research\Multi-View Fusion Network\datasets\brisc2025\classification_task\test\glioma\brisc2025_test_00191_gl_sa_t1.jpg,glioma,glioma,sagittal,0.9322827,0.022878839,0.022169434,0.022669042,0.9322826862335205,True,True,0.47252747,0.3110048,0.9999999998437501,0.9971264367814102,0.30769230767751476,6.037243138634198,64.0,208.0,False
d:\Research\Multi-View Fusion Network\datasets\brisc2025\classification_task\test\glioma\brisc2025_test_00192_gl_sa_t1.jpg,glioma,glioma,sagittal,0.93238425,0.02209239,0.022497691,0.023025686,0.9323842525482178,True,True,0.7241929,0.5677701,0.665689149555237,0.9951651233301247,0.7937062936993557,8.06225774829855,1364.0,1144.0,False
d:\Research\Multi-View Fusion Network\datasets\brisc2025\classification_task\test\glioma\brisc2025_test_00193_gl_sa_t1.jpg,glioma,glioma,sagittal,0.9312961,0.023006158,0.022460992,0.023236807,0.9312961101531982,True,True,0.04326091,0.022204755,0.022852479085854208,0.9958696852565443,0.37458193978680326,55.362442142665635,4901.0,299.0,False
d:\Research\Multi-View Fusion Network\datasets\brisc2025\classification_task\test\glioma\brisc2025_test_00194_gl_sa_t1.jpg,glioma,glioma,sagittal,0.9328553,0.022182072,0.022100324,0.02286226,0.9328553080558777,True,True,0.6534247,0.48577237,0.9444444444069665,0.9952127233392767,0.4989517819601897,34.96282617870146,252.0,477.0,False
d:\Research\Multi-View Fusion Network\datasets\brisc2025\classification_task\test\glioma\brisc2025_test_00195_gl_sa_t1.jpg,glioma,glioma,sagittal,0.9324547,0.022862064,0.022233058,0.022450153,0.9324547052383423,True,True,0.81229234,0.6843575,0.8591549295472128,0.9985368395732787,0.7697160883037945,2.0,284.0,317.0,False
d:\Research\Multi-View Fusion Network\datasets\brisc2025\classification_task\test\glioma\brisc2025_test_00196_gl_sa_t1.jpg,glioma,glioma,sagittal,0.9342389,0.022288715,0.021502389,0.021969894,0.9342389106750488,True,True,0.94686717,0.8991437,0.9682051281951979,0.9984756407388065,0.9263984298240785,1.0,975.0,1019.0,False
d:\Research\Multi-View Fusion Network\datasets\brisc2025\classification_task\test\glioma\brisc2025_test_00197_gl_sa_t1.jpg,glioma,glioma,sagittal,0.93351585,0.021883067,0.022282708,0.022318449,0.9335158467292786,True,True,0.94204545,0.89055794,0.9695550351060994,0.9992361655508656,0.9159292035195591,1.0,427.0,452.0,False
d:\Research\Multi-View Fusion Network\datasets\brisc2025\classification_task\test\glioma\brisc2025_test_00198_gl_sa_t1.jpg,glioma,glioma,sagittal,0.9330356,0.02265252,0.021729195,0.022582624,0.9330356121063232,True,True,0.8563918,0.74891144,0.7913043478220394,0.9976980983386912,0.9330518697169298,8.06225774829855,1955.0,1658.0,False
d:\Research\Multi-View Fusion Network\datasets\brisc2025\classification_task\test\glioma\brisc2025_test_00199_gl_sa_t1.jpg,glioma,glioma,sagittal,0.9343897,0.022302626,0.021324318,0.021983303,0.9343897104263306,True,True,0.9248274,0.8601997,0.9182326053787799,0.9972410645754772,0.9314786192636194,1.0,1969.0,1941.0,False
d:\Research\Multi-View Fusion Network\datasets\brisc2025\classification_task\test\glioma\brisc2025_test_00200_gl_sa_t1.jpg,glioma,glioma,sagittal,0.9345735,0.021921583,0.022042917,0.021462025,0.9345734715461731,True,True,0.92542154,0.86127865,0.9320261437786663,0.9987249802673497,0.9188144329778504,1.0,765.0,776.0,False
d:\Research\Multi-View Fusion Network\datasets\brisc2025\classification_task\test\glioma\brisc2025_test_00201_gl_sa_t1.jpg,glioma,glioma,sagittal,0.9341096,0.021810832,0.022119341,0.021960147,0.934109628200531,True,True,0.9289132,0.86734694,0.9713876966956883,0.9983022414453184,0.8899082568690706,1.0,699.0,763.0,False
d:\Research\Multi-View Fusion Network\datasets\brisc2025\classification_task\test\glioma\brisc2025_test_00202_gl_sa_t1.jpg,glioma,glioma,sagittal,0.9336605,0.022283208,0.02181288,0.02224346,0.9336605072021484,True,True,0.90082645,0.8197425,0.913669064726291,0.9990353503886736,0.8881118880911862,1.0,417.0,429.0,False
d:\Research\Multi-View Fusion Network\datasets\brisc2025\classification_task\test\glioma\brisc2025_test_00203_gl_sa_t1.jpg,glioma,glioma,sagittal,0.9338373,0.022299519,0.021749536,0.022113614,0.9338372945785522,True,True,0.91704315,0.8468537,0.8829113923980783,0.9988959764472933,0.9538461538380014,1.0,1264.0,1170.0,False
d:\Research\Multi-View Fusion Network\datasets\brisc2025\classification_task\test\glioma\brisc2025_test_00204_gl_sa_t1.jpg,glioma,glioma,sagittal,0.9336371,0.022827495,0.021639317,0.021896191,0.9336370825767517,True,True,0.3687231,0.22671354,0.31840796019108436,0.996664925462893,0.4353741496450553,43.0,402.0,294.0,False
d:\Research\Multi-View Fusion Network\datasets\brisc2025\classification_task\test\glioma\brisc2025_test_00205_gl_sa_t1.jpg,glioma,glioma,sagittal,0.9344194,0.022347167,0.021325884,0.021907557,0.9344193935394287,True,True,0.89827937,0.815427,0.8843469591138151,0.9982714091064206,0.9125514403198297,1.4142135623730951,1003.0,972.0,False
d:\Research\Multi-View Fusion Network\datasets\brisc2025\classification_task\test\glioma\brisc2025_test_00206_gl_sa_t1.jpg,glioma,glioma,sagittal,0.93227273,0.022525968,0.02220201,0.022999238,0.932272732257843,True,True,0.8932897,0.8072147,0.8698979591781257,0.9974901250820858,0.9179004037623292,2.23606797749979,1568.0,1486.0,False
d:\Research\Multi-View Fusion Network\datasets\brisc2025\classification_task\test\glioma\brisc2025_test_00207_gl_sa_t1.jpg,glioma,glioma,sagittal,0.9334669,0.022223288,0.022059372,0.02225039,0.933466911315918,True,True,0.6582064,0.49118388,0.5065274151303779,0.9997389191249775,0.937198067587575,7.0390872965260085,383.0,207.0,False
d:\Research\Multi-View Fusion Network\datasets\brisc2025\classification_task\test\glioma\brisc2025_test_00208_gl_sa_t1.jpg,glioma,glioma,sagittal,0.9331494,0.022438748,0.021708086,0.022703843,0.9331493973731995,True,True,0.784128,0.64500535,0.6734006733968946,0.9983675662270121,0.9382329945196386,14.866068747318506,1782.0,1279.0,False
d:\Research\Multi-View Fusion Network\datasets\brisc2025\classification_task\test\glioma\brisc2025_test_00209_gl_sa_t1.jpg,glioma,glioma,sagittal,0.9330208,0.022801887,0.021599969,0.02257738,0.9330207705497742,True,True,0.9419416,0.89028776,0.9154842689641242,0.999052620739162,0.9699346405165364,1.0,1621.0,1530.0,False
d:\Research\Multi-View Fusion Network\datasets\brisc2025\classification_task\test\glioma\brisc2025_test_00210_gl_sa_t1.jpg,glioma,glioma,sagittal,0.93443644,0.022090735,0.021713734,0.021759106,0.9344364404678345,True,True,0.36584532,0.22403686,0.24075743913326983,0.9964760832392935,0.7596017069593228,30.01666203960727,2218.0,703.0,False
d:\Research\Multi-View Fusion Network\datasets\brisc2025\classification_task\test\glioma\brisc2025_test_00211_gl_sa_t1.jpg,glioma,glioma,sagittal,0.9352551,0.021603342,0.02137797,0.021763528,0.9352551102638245,True,True,0.4743266,0.3110866,0.32245131729483134,0.9986372083417306,0.8950715421161356,95.04945885250494,1746.0,629.0,False
d:\Research\Multi-View Fusion Network\datasets\brisc2025\classification_task\test\glioma\brisc2025_test_00212_gl_sa_t1.jpg,glioma,glioma,sagittal,0.9332323,0.022535197,0.022134641,0.02209781,0.933232307434082,True,True,0.9130435,0.8404908,0.8447204968419428,0.9999800059980006,0.9927007298545474,1.0,161.0,137.0,False
d:\Research\Multi-View Fusion Network\datasets\brisc2025\classification_task\test\glioma\brisc2025_test_00213_gl_sa_t1.jpg,glioma,glioma,sagittal,0.93393946,0.022239882,0.021533905,0.022286667,0.9339394569396973,True,True,0.8869779,0.79735684,0.8780487804449731,0.99957975625843,0.895522388015148,1.0,205.0,201.0,False
d:\Research\Multi-View Fusion Network\datasets\brisc2025\classification_task\test\glioma\brisc2025_test_00214_gl_sa_t1.jpg,glioma,glioma,sagittal,0.93294585,0.022520669,0.021983702,0.0225498,0.9329458475112915,True,True,0.949166,0.90332323,0.9100609755958832,0.999899030694467,0.9916943521429951,1.0,656.0,602.0,False
d:\Research\Multi-View Fusion Network\datasets\brisc2025\classification_task\test\glioma\brisc2025_test_00215_gl_sa_t1.jpg,glioma,glioma,sagittal,0.93267524,0.02272218,0.02199505,0.02260758,0.9326752424240112,True,True,0.9659919,0.9342723,0.9475357710501187,0.9998183542896645,0.9851239669258657,0.0,629.0,605.0,False
d:\Research\Multi-View Fusion Network\datasets\brisc2025\classification_task\test\glioma\brisc2025_test_00216_gl_sa_t1.jpg,glioma,glioma,sagittal,0.9327644,0.022415955,0.0219279,0.022891654,0.9327644109725952,True,True,0.7192067,0.5616513,0.5896118721427533,0.9981827193125314,0.9214986619007896,13.906821704543534,1752.0,1121.0,False
d:\Research\Multi-View Fusion Network\datasets\brisc2025\classification_task\test\glioma\brisc2025_test_00217_gl_sa_t1.jpg,glioma,glioma,sagittal,0.9335249,0.02227401,0.021482531,0.022718504,0.9335249066352844,True,True,0.62724215,0.45714286,0.6833740831212302,0.99177438307853,0.5792746113929609,22.344972128615538,818.0,965.0,False
d:\Research\Multi-View Fusion Network\datasets\brisc2025\classification_task\test\glioma\brisc2025_test_00218_gl_sa_t1.jpg,glioma,glioma,sagittal,0.9335751,0.021820953,0.02232376,0.022280253,0.9335750937461853,True,True,0.690407,0.5273669,0.5953177257475308,0.9968354430377713,0.8212226066802627,8.0,1196.0,867.0,False
d:\Research\Multi-View Fusion Network\datasets\brisc2025\classification_task\test\glioma\brisc2025_test_00219_gl_sa_t1.jpg,glioma,glioma,sagittal,0.933109,0.021939535,0.022651983,0.022299469,0.9331089854240417,True,True,0.92135835,0.8543046,0.9809523809336961,0.9984290346617393,0.8684654300022181,1.0,525.0,593.0,False
d:\Research\Multi-View Fusion Network\datasets\brisc2025\classification_task\test\glioma\brisc2025_test_00220_gl_sa_t1.jpg,glioma,glioma,sagittal,0.93317795,0.02220633,0.02201166,0.022604108,0.9331779479980469,True,True,0.86061245,0.7554046,0.7997382198900541,0.9981499753327994,0.9314024390172913,31.908461184600284,1528.0,1312.0,False
d:\Research\Multi-View Fusion Network\datasets\brisc2025\classification_task\test\glioma\brisc2025_test_00221_gl_sa_t1.jpg,glioma,glioma,sagittal,0.93331766,0.02221804,0.022131134,0.022333195,0.9333176612854004,True,True,0.9654662,0.9332698,0.9839034205132404,0.9989020373305277,0.9476744185954684,0.0,994.0,1032.0,False
d:\Research\Multi-View Fusion Network\datasets\brisc2025\classification_task\test\glioma\brisc2025_test_00222_gl_sa_t1.jpg,glioma,glioma,sagittal,0.9334321,0.022699356,0.021746606,0.022121951,0.9334321022033691,True,True,0.93042314,0.8699187,0.8781180928295608,0.9993618243312985,0.9893276414052319,1.0,3167.0,2811.0,False
d:\Research\Multi-View Fusion Network\datasets\brisc2025\classification_task\test\glioma\brisc2025_test_00223_gl_sa_t1.jpg,glioma,glioma,sagittal,0.93331146,0.022287775,0.021935213,0.022465505,0.9333114624023438,True,True,0.9546028,0.913253,0.9219512194897085,0.9999196238393683,0.9895287957856144,0.0,410.0,382.0,False
d:\Research\Multi-View Fusion Network\datasets\brisc2025\classification_task\test\glioma\brisc2025_test_00224_gl_sa_t1.jpg,glioma,glioma,sagittal,0.9330704,0.023274608,0.022242995,0.021411933,0.9330704212188721,True,True,0.013513514,0.013513514,0.0,0.9999999999998005,0.0,-1.0,73.0,0.0,True
d:\Research\Multi-View Fusion Network\datasets\brisc2025\classification_task\test\glioma\brisc2025_test_00225_gl_sa_t1.jpg,glioma,glioma,sagittal,0.9337343,0.022343073,0.021432327,0.022490269,0.9337342977523804,True,True,0.9260204,0.86255926,0.9576719576212872,0.9995798907714007,0.8960396039160377,1.0,189.0,202.0,False
d:\Research\Multi-View Fusion Network\datasets\brisc2025\classification_task\test\glioma\brisc2025_test_00226_gl_sa_t1.jpg,glioma,glioma,sagittal,0.9329845,0.022312148,0.022088611,0.022614751,0.932984471321106,True,True,0.94419444,0.8943782,0.9144851657781067,0.9997379190772736,0.9757914338738214,1.0,573.0,537.0,False
d:\Research\Multi-View Fusion Network\datasets\brisc2025\classification_task\test\glioma\brisc2025_test_00227_gl_sa_t1.jpg,glioma,glioma,sagittal,0.9333308,0.02275403,0.021752074,0.022163093,0.933330774307251,True,True,0.9133065,0.84074074,0.9955947136125288,0.9991591423249717,0.8432835820580864,1.0,227.0,268.0,False
d:\Research\Multi-View Fusion Network\datasets\brisc2025\classification_task\test\glioma\brisc2025_test_00228_gl_sa_t1.jpg,glioma,glioma,sagittal,0.9336162,0.023056196,0.02163486,0.021692699,0.9336162209510803,True,True,0.86041665,0.75547445,0.7892720306211006,0.9997595913050187,0.9449541283970204,1.4142135623730951,261.0,218.0,False
d:\Research\Multi-View Fusion Network\datasets\brisc2025\classification_task\test\glioma\brisc2025_test_00229_gl_sa_t1.jpg,glioma,meningioma,sagittal,0.027112275,0.913747,0.030926688,0.028214011,0.9137470126152039,False,True,0.9160959,0.84542584,0.8668831168549713,0.9998395764817118,0.9709090908737851,1.0,308.0,275.0,False
d:\Research\Multi-View Fusion Network\datasets\brisc2025\classification_task\test\glioma\brisc2025_test_00230_gl_sa_t1.jpg,glioma,glioma,sagittal,0.9326311,0.022516806,0.02174055,0.023111485,0.9326310753822327,True,True,0.89206195,0.80524015,0.9664218258030806,0.9961197001399761,0.8282374100644944,1.0,953.0,1112.0,False
d:\Research\Multi-View Fusion Network\datasets\brisc2025\classification_task\test\glioma\brisc2025_test_00231_gl_sa_t1.jpg,glioma,glioma,sagittal,0.9330412,0.02313677,0.021453517,0.022368444,0.9330412149429321,True,True,0.94467,0.8951923,0.9851694915149876,0.9980703607407788,0.9073170731618799,1.0,944.0,1025.0,False
d:\Research\Multi-View Fusion Network\datasets\brisc2025\classification_task\test\glioma\brisc2025_test_00232_gl_sa_t1.jpg,glioma,glioma,sagittal,0.9331174,0.022918483,0.021492414,0.022471717,0.9331173896789551,True,True,0.8918919,0.80510443,0.9301075268567175,0.9988354349046265,0.8564356435431575,1.0,372.0,404.0,False
d:\Research\Multi-View Fusion Network\datasets\brisc2025\classification_task\test\glioma\brisc2025_test_00233_gl_sa_t1.jpg,glioma,glioma,sagittal,0.9334943,0.022332797,0.021600237,0.02257257,0.9334943294525146,True,True,0.9520958,0.908646,0.9504273504111038,0.9994555463690994,0.9536878215959916,0.0,585.0,583.0,False
d:\Research\Multi-View Fusion Network\datasets\brisc2025\classification_task\test\glioma\brisc2025_test_00234_gl_sa_t1.jpg,glioma,glioma,sagittal,0.9330741,0.023349645,0.021256499,0.022319729,0.9330741167068481,True,True,0.9320652,0.87288135,0.9698113207364186,0.9988115860288848,0.8970331587976085,1.0,530.0,573.0,False
d:\Research\Multi-View Fusion Network\datasets\brisc2025\classification_task\test\glioma\brisc2025_test_00235_gl_sa_t1.jpg,glioma,glioma,sagittal,0.9307497,0.023369357,0.02371865,0.022162283,0.9307497143745422,True,True,0.8583535,0.75211865,0.8100686498670465,0.9993164317736587,0.9123711339971038,2.0,437.0,388.0,False
d:\Research\Multi-View Fusion Network\datasets\brisc2025\classification_task\test\glioma\brisc2025_test_00236_gl_sa_t1.jpg,glioma,glioma,sagittal,0.93332785,0.022001732,0.021828635,0.022841828,0.933327853679657,True,True,0.93766236,0.88269794,0.9289392378895063,0.9989635199672801,0.94648478487989,1.0,971.0,953.0,False
d:\Research\Multi-View Fusion Network\datasets\brisc2025\classification_task\test\glioma\brisc2025_test_00237_gl_sa_t1.jpg,glioma,glioma,sagittal,0.93240416,0.022891968,0.022181971,0.022521913,0.9324041604995728,True,True,0.8126386,0.6847015,0.9708222811413575,0.9968272455268185,0.6984732824294184,2.23606797749979,377.0,524.0,False
d:\Research\Multi-View Fusion Network\datasets\brisc2025\classification_task\test\glioma\brisc2025_test_00238_gl_sa_t1.jpg,glioma,glioma,sagittal,0.93336713,0.022152632,0.02170664,0.022773609,0.933367133140564,True,True,0.9174913,0.84757906,0.8600802407200099,0.9987226119336194,0.9830897105159556,1.4142135623730951,3988.0,3489.0,False
d:\Research\Multi-View Fusion Network\datasets\brisc2025\classification_task\test\glioma\brisc2025_test_00239_gl_sa_t1.jpg,glioma,glioma,sagittal,0.9324893,0.022802502,0.021901643,0.022806564,0.932489275932312,True,True,0.6935637,0.5309391,0.5308252427171583,0.999999999999783,0.9999999999954275,21.02379604162864,4120.0,2187.0,False
d:\Research\Multi-View Fusion Network\datasets\brisc2025\classification_task\test\glioma\brisc2025_test_00240_gl_sa_t1.jpg,glioma,glioma,sagittal,0.9336354,0.022142021,0.021876678,0.02234596,0.933635413646698,True,True,0.9253356,0.86115444,0.8759936406855963,0.9997779885763014,0.9804270462458998,1.0,629.0,562.0,False
d:\Research\Multi-View Fusion Network\datasets\brisc2025\classification_task\test\glioma\brisc2025_test_00241_gl_sa_t1.jpg,glioma,glioma,sagittal,0.9353187,0.02171378,0.021527363,0.021440081,0.9353187084197998,True,True,0.7808951,0.6407448,0.644591611471914,0.9998782220416076,0.9898305084577995,10.0,906.0,590.0,False
d:\Research\Multi-View Fusion Network\datasets\brisc2025\classification_task\test\glioma\brisc2025_test_00242_gl_sa_t1.jpg,glioma,glioma,sagittal,0.93250555,0.022160472,0.02231879,0.023015155,0.9325055480003357,True,True,0.86578655,0.7635659,0.9118329466145746,0.9983113880790033,0.8238993710519098,2.153444185374858,431.0,477.0,False
d:\Research\Multi-View Fusion Network\datasets\brisc2025\classification_task\test\glioma\brisc2025_test_00243_gl_sa_t1.jpg,glioma,glioma,sagittal,0.9319975,0.02246315,0.022237392,0.023301957,0.9319974780082703,True,True,0.891561,0.8044164,0.843543046350633,0.9987951315142545,0.9452690166888195,1.4142135623730951,1208.0,1078.0,False
d:\Research\Multi-View Fusion Network\datasets\brisc2025\classification_task\test\glioma\brisc2025_test_00244_gl_sa_t1.jpg,glioma,glioma,sagittal,0.9328598,0.022637513,0.021904295,0.022598447,0.9328597784042358,True,True,0.9650414,0.9324645,0.9905541561650469,0.9979624598664284,0.9407894736785839,0.0,1588.0,1672.0,False
d:\Research\Multi-View Fusion Network\datasets\brisc2025\classification_task\test\glioma\brisc2025_test_00245_gl_sa_t1.jpg,glioma,glioma,sagittal,0.9322915,0.02301931,0.021958556,0.022730611,0.9322915077209473,True,True,0.9546757,0.91330343,0.9739500265764277,0.997411740345585,0.936126724573653,0.0,1881.0,1957.0,False
d:\Research\Multi-View Fusion Network\datasets\brisc2025\classification_task\test\glioma\brisc2025_test_00246_gl_sa_t1.jpg,glioma,glioma,sagittal,0.93285424,0.02248256,0.022232484,0.022430692,0.9328542351722717,True,True,0.96459,0.9316195,0.9602332979800624,0.9987989231722927,0.9689673622206049,0.0,1886.0,1869.0,False
d:\Research\Multi-View Fusion Network\datasets\brisc2025\classification_task\test\glioma\brisc2025_test_00247_gl_sa_t1.jpg,glioma,glioma,sagittal,0.93351316,0.022195641,0.021872694,0.022418603,0.9335131645202637,True,True,0.93225986,0.87318087,0.8757828809929459,0.9999390466900322,0.9964370546199948,1.0,958.0,842.0,False
d:\Research\Multi-View Fusion Network\datasets\brisc2025\classification_task\test\glioma\brisc2025_test_00248_gl_sa_t1.jpg,glioma,glioma,sagittal,0.9339366,0.022033107,0.02195642,0.02207396,0.933936595916748,True,True,0.9385246,0.88431877,0.895561357678967,0.999899584278714,0.9856321838797232,1.0,383.0,348.0,False
d:\Research\Multi-View Fusion Network\datasets\brisc2025\classification_task\test\glioma\brisc2025_test_00249_gl_sa_t1.jpg,glioma,glioma,sagittal,0.932539,0.02272331,0.022240022,0.022497628,0.9325389862060547,True,True,0.93584377,0.87958115,0.9228650137486814,0.9996386485453598,0.9490084985566853,1.0,363.0,353.0,False
d:\Research\Multi-View Fusion Network\datasets\brisc2025\classification_task\test\glioma\brisc2025_test_00250_gl_sa_t1.jpg,glioma,glioma,sagittal,0.93251944,0.02261095,0.022048716,0.022820944,0.9325194358825684,True,True,0.96497697,0.9323843,0.9474637680987779,0.9998186361436,0.9830827067484382,0.0,552.0,532.0,False
d:\Research\Multi-View Fusion Network\datasets\brisc2025\classification_task\test\glioma\brisc2025_test_00251_gl_sa_t1.jpg,glioma,glioma,sagittal,0.931799,0.02344119,0.021724995,0.023034824,0.9317989945411682,True,True,0.79126215,0.65471095,0.6545259775005114,0.999999999999793,0.9999999999918168,7.810249675906654,1867.0,1222.0,False
d:\Research\Multi-View Fusion Network\datasets\brisc2025\classification_task\test\glioma\brisc2025_test_00252_gl_sa_t1.jpg,glioma,glioma,sagittal,0.93185157,0.022849033,0.022134721,0.023164582,0.9318515658378601,True,True,0.92526627,0.8609487,0.9134482758589192,0.9962560284285904,0.9373673036060249,1.0,2900.0,2826.0,False
d:\Research\Multi-View Fusion Network\datasets\brisc2025\classification_task\test\glioma\brisc2025_test_00253_gl_sa_t1.jpg,glioma,glioma,sagittal,0.9348608,0.021898283,0.021110917,0.02212993,0.9348608255386353,True,True,0.46174142,0.30057144,0.31190476190104877,0.9993108480620644,0.8851351351052319,33.02649865623704,840.0,296.0,False
d:\Research\Multi-View Fusion Network\datasets\brisc2025\classification_task\test\glioma\brisc2025_test_00254_gl_sa_t1.jpg,glioma,glioma,sagittal,0.93284607,0.022889858,0.021503484,0.022760548,0.9328460693359375,True,True,0.85854155,0.75221765,0.7670488835198127,0.9993198540775781,0.9746932515262677,2.0,1657.0,1304.0,False
d:\Research\Multi-View Fusion Network\datasets\brisc2025\classification_task\test\meningioma\brisc2025_test_00255_me_ax_t1.jpg,meningioma,meningioma,axial,0.026056856,0.9117087,0.033031687,0.029202806,0.9117087125778198,True,True,0.9614055,0.92569315,0.9705312136449379,0.9973737840618112,0.952435312020729,0.0,2579.0,2628.0,False
d:\Research\Multi-View Fusion Network\datasets\brisc2025\classification_task\test\meningioma\brisc2025_test_00256_me_ax_t1.jpg,meningioma,meningioma,axial,0.021718184,0.9296079,0.023399834,0.025273988,0.9296079277992249,True,True,0.7662586,0.6212027,0.6236760124571734,0.9998558810810979,0.9930555555457038,36.0,1605.0,1008.0,False
d:\Research\Multi-View Fusion Network\datasets\brisc2025\classification_task\test\meningioma\brisc2025_test_00257_me_ax_t1.jpg,meningioma,meningioma,axial,0.025972333,0.92203075,0.026065752,0.02593112,0.9220307469367981,True,True,0.9754504,0.95208657,0.9754455445505923,0.9986988730559698,0.9754455445505923,0.0,2525.0,2525.0,False
d:\Research\Multi-View Fusion Network\datasets\brisc2025\classification_task\test\meningioma\brisc2025_test_00258_me_ax_t1.jpg,meningioma,meningioma,axial,0.025044234,0.92286295,0.026032878,0.026059939,0.9228629469871521,True,True,0.9624741,0.9276808,0.9572605561227742,0.9987145996597839,0.9677251431495694,0.0,1942.0,1921.0,False
d:\Research\Multi-View Fusion Network\datasets\brisc2025\classification_task\test\meningioma\brisc2025_test_00259_me_ax_t1.jpg,meningioma,meningioma,axial,0.026664006,0.9216531,0.025746515,0.025936378,0.9216530919075012,True,True,0.960381,0.92379093,0.9308222550444835,0.9993277529598389,0.9918677859365376,0.0,4062.0,3812.0,False
d:\Research\Multi-View Fusion Network\datasets\brisc2025\classification_task\test\meningioma\brisc2025_test_00260_me_ax_t1.jpg,meningioma,meningioma,axial,0.02665282,0.9186655,0.027502643,0.027178973,0.9186655282974243,True,True,0.91633576,0.8456306,0.8477690288669409,0.9998964181390484,0.9969135802407598,1.0,1905.0,1620.0,False
d:\Research\Multi-View Fusion Network\datasets\brisc2025\classification_task\test\meningioma\brisc2025_test_00261_me_ax_t1.jpg,meningioma,meningioma,axial,0.024540052,0.9238009,0.025077729,0.026581395,0.9238008856773376,True,True,0.8402622,0.7245722,0.9672272531221767,0.9837641306389905,0.7427152317856202,7.615773105863909,2319.0,3020.0,False
d:\Research\Multi-View Fusion Network\datasets\brisc2025\classification_task\test\meningioma\brisc2025_test_00262_me_ax_t1.jpg,meningioma,meningioma,axial,0.027010549,0.91991013,0.026917558,0.026161807,0.9199101328849792,True,True,0.9678937,0.9378016,0.9711111111057161,0.9986770299319914,0.9646799116944554,0.0,1800.0,1812.0,False
d:\Research\Multi-View Fusion Network\datasets\brisc2025\classification_task\test\meningioma\brisc2025_test_00263_me_ax_t1.jpg,meningioma,meningioma,axial,0.025107203,0.92202395,0.026400108,0.026468756,0.9220239520072937,True,True,0.9249448,0.8604269,0.87032418951895,0.9997141281928819,0.9868049010274572,1.0,1203.0,1061.0,False
d:\Research\Multi-View Fusion Network\datasets\brisc2025\classification_task\test\meningioma\brisc2025_test_00264_me_ax_t1.jpg,meningioma,meningioma,axial,0.027213233,0.9193847,0.026636599,0.026765445,0.9193847179412842,True,True,0.95583797,0.91542166,0.9198353112111411,0.9995656611720635,0.9947616553143144,0.0,4129.0,3818.0,False
d:\Research\Multi-View Fusion Network\datasets\brisc2025\classification_task\test\meningioma\brisc2025_test_00265_me_ax_t1.jpg,meningioma,meningioma,axial,0.027368119,0.9185366,0.02832522,0.025770023,0.9185366034507751,True,True,0.9766738,0.95441896,0.9621052631545189,0.9995140092124838,0.991681735981947,0.0,2850.0,2765.0,False
d:\Research\Multi-View Fusion Network\datasets\brisc2025\classification_task\test\meningioma\brisc2025_test_00266_me_ax_t1.jpg,meningioma,meningioma,axial,0.025576016,0.9220872,0.026333138,0.026003698,0.9220871925354004,True,True,0.9759204,0.95298374,0.9585987261102885,0.999729042477594,0.9938679245236138,0.0,2198.0,2120.0,False
d:\Research\Multi-View Fusion Network\datasets\brisc2025\classification_task\test\meningioma\brisc2025_test_00267_me_ax_t1.jpg,meningioma,meningioma,axial,0.025922572,0.92204404,0.026092408,0.02594101,0.922044038772583,True,True,0.97424304,0.94978917,0.9653156664030971,0.9991178323879439,0.9833267169472675,0.0,2566.0,2519.0,False
d:\Research\Multi-View Fusion Network\datasets\brisc2025\classification_task\test\meningioma\brisc2025_test_00268_me_ax_t1.jpg,meningioma,meningioma,axial,0.026155423,0.9183163,0.028501049,0.0270273,0.9183163046836853,True,True,0.72064996,0.56333053,0.5726013340164655,0.9978118161923352,0.9718432510857131,21.93171219946131,5847.0,3445.0,False
d:\Research\Multi-View Fusion Network\datasets\brisc2025\classification_task\test\meningioma\brisc2025_test_00269_me_ax_t1.jpg,meningioma,pituitary,axial,0.02736974,0.034150857,0.9087002,0.029779186,0.9087002277374268,False,True,0.97028595,0.94229937,0.9530289727789595,0.9994571798402858,0.988165680468875,0.0,2278.0,2197.0,False
d:\Research\Multi-View Fusion Network\datasets\brisc2025\classification_task\test\meningioma\brisc2025_test_00270_me_ax_t1.jpg,meningioma,meningioma,axial,0.025565023,0.9209631,0.026844932,0.026626993,0.9209631085395813,True,True,0.95401853,0.91211224,0.9625585023325854,0.9985478790851642,0.945593869724555,0.0,1282.0,1305.0,False
d:\Research\Multi-View Fusion Network\datasets\brisc2025\classification_task\test\meningioma\brisc2025_test_00271_me_ax_t1.jpg,meningioma,meningioma,axial,0.026193123,0.92068785,0.026720226,0.026398791,0.9206878542900085,True,True,0.9764248,0.9539404,0.968669527894917,0.99841813867629,0.9843000436088437,0.0,4660.0,4586.0,False
d:\Research\Multi-View Fusion Network\datasets\brisc2025\classification_task\test\meningioma\brisc2025_test_00272_me_ax_t1.jpg,meningioma,meningioma,axial,0.026081285,0.91786927,0.028916923,0.027132565,0.9178692698478699,True,True,0.98540014,0.971223,0.9791439970965196,0.9989924320449154,0.9917340191017786,0.0,5514.0,5444.0,False
d:\Research\Multi-View Fusion Network\datasets\brisc2025\classification_task\test\meningioma\brisc2025_test_00273_me_ax_t1.jpg,meningioma,meningioma,axial,0.025325796,0.91890186,0.027734187,0.028038189,0.9189018607139587,True,True,0.9767313,0.95452905,0.9663742690023159,0.9992833052274454,0.9873039581740579,0.0,2736.0,2678.0,False
d:\Research\Multi-View Fusion Network\datasets\brisc2025\classification_task\test\meningioma\brisc2025_test_00274_me_ax_t1.jpg,meningioma,meningioma,axial,0.025200568,0.9232627,0.025986174,0.025550585,0.9232627153396606,True,True,0.9672507,0.93659127,0.9430431244876198,0.9996437403074313,0.992719486077119,0.0,2458.0,2335.0,False
d:\Research\Multi-View Fusion Network\datasets\brisc2025\classification_task\test\meningioma\brisc2025_test_00275_me_ax_t1.jpg,meningioma,meningioma,axial,0.027010549,0.91991013,0.026917558,0.026161807,0.9199101328849792,True,True,0.9747876,0.95082843,0.9684095860513704,0.9992966487378985,0.9812362030850925,0.0,1836.0,1812.0,False
d:\Research\Multi-View Fusion Network\datasets\brisc2025\classification_task\test\meningioma\brisc2025_test_00276_me_ax_t1.jpg,meningioma,meningioma,axial,0.029364869,0.9121697,0.030347299,0.028118195,0.9121696949005127,True,True,0.8453039,0.7324841,0.9541666666269097,0.9985381288046703,0.7582781456702556,2.23606797749979,240.0,302.0,False
d:\Research\Multi-View Fusion Network\datasets\brisc2025\classification_task\test\meningioma\brisc2025_test_00277_me_ax_t1.jpg,meningioma,meningioma,axial,0.02621685,0.91843796,0.028395578,0.026949648,0.9184379577636719,True,True,0.96729326,0.9366812,0.9654654654582173,0.9991605929078292,0.9691032403845584,0.0,1332.0,1327.0,False
d:\Research\Multi-View Fusion Network\datasets\brisc2025\classification_task\test\meningioma\brisc2025_test_00278_me_ax_t1.jpg,meningioma,meningioma,axial,0.025117602,0.9235151,0.025595488,0.025771763,0.9235150814056396,True,True,0.96653545,0.9352557,0.9755820556446588,0.9984302385622228,0.9576365663268805,0.0,1761.0,1794.0,False
d:\Research\Multi-View Fusion Network\datasets\brisc2025\classification_task\test\meningioma\brisc2025_test_00279_me_ax_t1.jpg,meningioma,meningioma,axial,0.025838567,0.92165804,0.026195992,0.026307449,0.9216580390930176,True,True,0.9781109,0.9571651,0.9871451526486686,0.9974807286505755,0.9692348146174883,0.0,3734.0,3803.0,False
d:\Research\Multi-View Fusion Network\datasets\brisc2025\classification_task\test\meningioma\brisc2025_test_00280_me_ax_t1.jpg,meningioma,meningioma,axial,0.024665264,0.92505604,0.023989815,0.026288874,0.9250560402870178,True,True,0.9472639,0.8998174,0.9531854526683606,0.9891565697041655,0.9414087377392162,1.0,7754.0,7851.0,False
d:\Research\Multi-View Fusion Network\datasets\brisc2025\classification_task\test\meningioma\brisc2025_test_00281_me_ax_t1.jpg,meningioma,meningioma,axial,0.030976107,0.91329825,0.029319348,0.02640635,0.9132982492446899,True,True,0.8540112,0.7453214,0.754950495043276,0.9996732293111267,0.9828141782923435,2.8284271247461903,1212.0,931.0,False
d:\Research\Multi-View Fusion Network\datasets\brisc2025\classification_task\test\meningioma\brisc2025_test_00282_me_ax_t1.jpg,meningioma,meningioma,axial,0.026454289,0.9192739,0.027504636,0.026767196,0.9192739129066467,True,True,0.9519203,0.9082774,0.9143661971779473,0.999752071237991,0.9926605504526443,0.0,1775.0,1635.0,False
d:\Research\Multi-View Fusion Network\datasets\brisc2025\classification_task\test\meningioma\brisc2025_test_00283_me_ax_t1.jpg,meningioma,meningioma,axial,0.027498953,0.91949874,0.02653489,0.026467435,0.9194987416267395,True,True,0.97203493,0.9456047,0.9557956777949126,0.9995429995843375,0.9888211382063576,0.0,2036.0,1968.0,False
d:\Research\Multi-View Fusion Network\datasets\brisc2025\classification_task\test\meningioma\brisc2025_test_00284_me_ax_t1.jpg,meningioma,meningioma,axial,0.0222553,0.9283826,0.024490679,0.024871381,0.9283825755119324,True,True,0.95889264,0.921095,0.9694397283366818,0.9993748361463692,0.9485049833729484,0.0,589.0,602.0,False
d:\Research\Multi-View Fusion Network\datasets\brisc2025\classification_task\test\meningioma\brisc2025_test_00285_me_ax_t1.jpg,meningioma,meningioma,axial,0.023595987,0.9207018,0.026827374,0.028874876,0.920701801776886,True,True,0.96797466,0.9379475,0.9591907917650534,0.9986260542389401,0.9769094138508814,0.0,2867.0,2815.0,False
d:\Research\Multi-View Fusion Network\datasets\brisc2025\classification_task\test\meningioma\brisc2025_test_00286_me_ax_t1.jpg,meningioma,meningioma,axial,0.025480103,0.9230201,0.025487011,0.02601279,0.9230201244354248,True,True,0.9477927,0.9008023,0.946319018397651,0.9986495334749962,0.9492307692234675,1.0,1304.0,1300.0,False
d:\Research\Multi-View Fusion Network\datasets\brisc2025\classification_task\test\meningioma\brisc2025_test_00287_me_ax_t1.jpg,meningioma,meningioma,axial,0.026103804,0.917715,0.02900153,0.027179725,0.9177150130271912,True,True,0.98725647,0.9748359,0.9925719591439321,0.9978120604583516,0.9819952232206834,0.0,5385.0,5443.0,False
d:\Research\Multi-View Fusion Network\datasets\brisc2025\classification_task\test\meningioma\brisc2025_test_00288_me_ax_t1.jpg,meningioma,meningioma,axial,0.023952883,0.9231868,0.02611902,0.02674132,0.9231867790222168,True,True,0.9817518,0.9641694,0.9730263157830723,0.9997122657018663,0.9906229068922263,0.0,1520.0,1493.0,False
d:\Research\Multi-View Fusion Network\datasets\brisc2025\classification_task\test\meningioma\brisc2025_test_00289_me_ax_t1.jpg,meningioma,meningioma,axial,0.025902446,0.92338204,0.024748888,0.02596667,0.923382043838501,True,True,0.9666266,0.93542755,0.9464075382747562,0.9995874417259377,0.987707436994544,0.0,1698.0,1627.0,False
d:\Research\Multi-View Fusion Network\datasets\brisc2025\classification_task\test\meningioma\brisc2025_test_00290_me_ax_t1.jpg,meningioma,meningioma,axial,0.02692406,0.9199979,0.02666944,0.026408672,0.9199978709220886,True,True,0.96030307,0.9236453,0.9361215147712524,0.998567335243333,0.9857581069215913,0.0,4806.0,4564.0,False
d:\Research\Multi-View Fusion Network\datasets\brisc2025\classification_task\test\meningioma\brisc2025_test_00291_me_ax_t1.jpg,meningioma,meningioma,axial,0.025429504,0.9194976,0.02758191,0.027490988,0.9194976091384888,True,True,0.9764279,0.9539497,0.9849981705049946,0.9981240646668639,0.9679971233334485,0.0,2733.0,2781.0,False
d:\Research\Multi-View Fusion Network\datasets\brisc2025\classification_task\test\meningioma\brisc2025_test_00292_me_ax_t1.jpg,meningioma,meningioma,axial,0.02599259,0.92150396,0.02636375,0.02613969,0.9215039610862732,True,True,0.9790033,0.9588756,0.978740366726073,0.9983194363645965,0.9792608348817355,0.0,3763.0,3761.0,False
d:\Research\Multi-View Fusion Network\datasets\brisc2025\classification_task\test\meningioma\brisc2025_test_00293_me_ax_t1.jpg,meningioma,meningioma,axial,0.026450118,0.92053056,0.025945622,0.02707364,0.9205305576324463,True,True,0.96080565,0.92460734,0.9514563106693478,0.9994517655178787,0.9702970296922959,0.0,927.0,909.0,False
d:\Research\Multi-View Fusion Network\datasets\brisc2025\classification_task\test\meningioma\brisc2025_test_00294_me_ax_t1.jpg,meningioma,meningioma,axial,0.024738684,0.9140691,0.034579776,0.026612401,0.9140691161155701,True,True,0.9369553,0.8814208,0.8886438809212314,0.9996898391296887,0.9907805777443714,1.0,1814.0,1627.0,False
d:\Research\Multi-View Fusion Network\datasets\brisc2025\classification_task\test\meningioma\brisc2025_test_00295_me_ax_t1.jpg,meningioma,meningioma,axial,0.02506928,0.92246145,0.026194459,0.026274784,0.9224614500999451,True,True,0.9677725,0.93756884,0.9710806697071116,0.9980230503909738,0.9644746787567481,0.0,2628.0,2646.0,False
d:\Research\Multi-View Fusion Network\datasets\brisc2025\classification_task\test\meningioma\brisc2025_test_00296_me_ax_t1.jpg,meningioma,meningioma,axial,0.024521252,0.92320967,0.025740445,0.026528725,0.9232096672058105,True,True,0.9717922,0.9451505,0.9691146190736506,0.9992405427038734,0.9744651483714668,0.0,1457.0,1449.0,False
d:\Research\Multi-View Fusion Network\datasets\brisc2025\classification_task\test\meningioma\brisc2025_test_00297_me_ax_t1.jpg,meningioma,meningioma,axial,0.025812587,0.9225762,0.025866708,0.025744526,0.9225761890411377,True,True,0.9816171,0.9639033,0.9803921568596938,0.9988288652767076,0.9828393135694764,0.0,3213.0,3205.0,False
d:\Research\Multi-View Fusion Network\datasets\brisc2025\classification_task\test\meningioma\brisc2025_test_00298_me_ax_t1.jpg,meningioma,meningioma,axial,0.026649121,0.92089,0.026030064,0.026430858,0.9208899736404419,True,True,0.9547211,0.9133749,0.9755676209255292,0.9940161304307966,0.9347363442872199,0.0,4052.0,4229.0,False
d:\Research\Multi-View Fusion Network\datasets\brisc2025\classification_task\test\meningioma\brisc2025_test_00299_me_ax_t1.jpg,meningioma,meningioma,axial,0.026668493,0.9208329,0.026388772,0.026109926,0.9208328723907471,True,True,0.98062867,0.9619981,0.9776482021356229,0.9985453755968307,0.9836225861623475,0.0,4116.0,4091.0,False
d:\Research\Multi-View Fusion Network\datasets\brisc2025\classification_task\test\meningioma\brisc2025_test_00300_me_ax_t1.jpg,meningioma,meningioma,axial,0.025425032,0.92228144,0.026089976,0.026203569,0.9222814440727234,True,True,0.93993026,0.886697,0.9021627188419045,0.9992951030391427,0.9809630459071615,1.0,1942.0,1786.0,False
d:\Research\Multi-View Fusion Network\datasets\brisc2025\classification_task\test\meningioma\brisc2025_test_00301_me_ax_t1.jpg,meningioma,meningioma,axial,0.029083125,0.9173793,0.027715284,0.025822286,0.9173793196678162,True,True,0.9585089,0.92034847,0.9432035737017026,0.9991976794418731,0.9742913645288446,0.0,1567.0,1517.0,False
d:\Research\Multi-View Fusion Network\datasets\brisc2025\classification_task\test\meningioma\brisc2025_test_00302_me_ax_t1.jpg,meningioma,meningioma,axial,0.028198097,0.9143627,0.029563315,0.027875837,0.9143627285957336,True,True,0.93321615,0.875,0.9778597785617026,0.9993587816850017,0.89225589222585,1.0,271.0,297.0,False
d:\Research\Multi-View Fusion Network\datasets\brisc2025\classification_task\test\meningioma\brisc2025_test_00303_me_ax_t1.jpg,meningioma,meningioma,axial,0.026228797,0.9207018,0.027050719,0.026018718,0.920701801776886,True,True,0.91140884,0.8373016,0.9599271402462667,0.9967195077221981,0.8674897119270166,2.23606797749979,1098.0,1215.0,False
d:\Research\Multi-View Fusion Network\datasets\brisc2025\classification_task\test\meningioma\brisc2025_test_00304_me_ax_t1.jpg,meningioma,meningioma,axial,0.026249042,0.918722,0.02812443,0.02690456,0.9187219738960266,True,True,0.98786205,0.9760174,0.9927911275397545,0.9979225304916683,0.9829795021943942,0.0,5410.0,5464.0,False
d:\Research\Multi-View Fusion Network\datasets\brisc2025\classification_task\test\meningioma\brisc2025_test_00305_me_ax_t1.jpg,meningioma,meningioma,axial,0.028405953,0.91798395,0.027148793,0.026461244,0.9179839491844177,True,True,0.9803396,0.9614441,0.968220338979632,0.9995775599862708,0.9927588703801855,0.0,2832.0,2762.0,False
d:\Research\Multi-View Fusion Network\datasets\brisc2025\classification_task\test\meningioma\brisc2025_test_00306_me_ax_t1.jpg,meningioma,meningioma,axial,0.02560809,0.9198332,0.028145751,0.02641301,0.9198331832885742,True,True,0.9784202,0.9577577,0.9669975851865656,0.9992249564035827,0.9901098901071701,0.0,3727.0,3640.0,False
d:\Research\Multi-View Fusion Network\datasets\brisc2025\classification_task\test\meningioma\brisc2025_test_00307_me_ax_t1.jpg,meningioma,meningioma,axial,0.02715164,0.92006046,0.026066327,0.026721613,0.9200604557991028,True,True,0.95209426,0.9085798,0.9327309236924379,0.9977052303427006,0.9722658294061427,0.0,3984.0,3822.0,False
d:\Research\Multi-View Fusion Network\datasets\brisc2025\classification_task\test\meningioma\brisc2025_test_00308_me_ax_t1.jpg,meningioma,meningioma,axial,0.026536142,0.92099303,0.026232297,0.026238514,0.9209930300712585,True,True,0.91723424,0.84714246,0.9822391373264122,0.9893031069899859,0.8602777777753882,42.177704593597,3153.0,3600.0,False
d:\Research\Multi-View Fusion Network\datasets\brisc2025\classification_task\test\meningioma\brisc2025_test_00309_me_ax_t1.jpg,meningioma,meningioma,axial,0.026382457,0.920527,0.026535409,0.026555052,0.9205269813537598,True,True,0.9362267,0.8801997,0.8994889267308435,0.9997378450864104,0.9759704251205921,1.0,587.0,541.0,False
d:\Research\Multi-View Fusion Network\datasets\brisc2025\classification_task\test\meningioma\brisc2025_test_00310_me_ax_t1.jpg,meningioma,meningioma,axial,0.02518534,0.922175,0.026491275,0.026148349,0.9221749901771545,True,True,0.98086804,0.9624609,0.9826056088002038,0.9987541966677932,0.9791298195932822,0.0,2817.0,2827.0,False
d:\Research\Multi-View Fusion Network\datasets\brisc2025\classification_task\test\meningioma\brisc2025_test_00311_me_ax_t1.jpg,meningioma,meningioma,axial,0.02700727,0.92270637,0.024892839,0.025393471,0.9227063655853271,True,True,0.90485567,0.8263473,0.8422982884982604,0.9996758377565949,0.9773049645251446,1.4142135623730951,818.0,705.0,False
d:\Research\Multi-View Fusion Network\datasets\brisc2025\classification_task\test\meningioma\brisc2025_test_00312_me_ax_t1.jpg,meningioma,meningioma,axial,0.02608391,0.9233456,0.02477308,0.025797302,0.9233456254005432,True,True,0.96556437,0.93343896,0.9740761169278871,0.9983665198600173,0.9571815718105302,0.0,1813.0,1845.0,False
d:\Research\Multi-View Fusion Network\datasets\brisc2025\classification_task\test\meningioma\brisc2025_test_00313_me_ax_t1.jpg,meningioma,meningioma,axial,0.026190158,0.920947,0.026477301,0.026385522,0.9209470152854919,True,True,0.9816672,0.9639983,0.9695355773306997,0.9994063585592105,0.9941022280450107,0.0,4694.0,4578.0,False
d:\Research\Multi-View Fusion Network\datasets\brisc2025\classification_task\test\meningioma\brisc2025_test_00314_me_ax_t1.jpg,meningioma,meningioma,axial,0.024357766,0.92419875,0.024711456,0.026732065,0.9241987466812134,True,True,0.8315513,0.7117175,0.981834293305353,0.9821156534984073,0.7211194272674224,8.06225774829855,2257.0,3073.0,False
d:\Research\Multi-View Fusion Network\datasets\brisc2025\classification_task\test\meningioma\brisc2025_test_00315_me_ax_t1.jpg,meningioma,meningioma,axial,0.025751993,0.9219419,0.025607066,0.026699122,0.921941876411438,True,True,0.93068534,0.8704512,0.8805309734383402,0.9998383773079721,0.9867768594878219,1.0,678.0,605.0,False
d:\Research\Multi-View Fusion Network\datasets\brisc2025\classification_task\test\meningioma\brisc2025_test_00316_me_ax_t1.jpg,meningioma,meningioma,axial,0.02581309,0.9225185,0.025765644,0.025902795,0.9225184917449951,True,True,0.9729571,0.94734836,0.9714285714247693,0.9986350559624959,0.9744797801296644,0.0,2555.0,2547.0,False
d:\Research\Multi-View Fusion Network\datasets\brisc2025\classification_task\test\meningioma\brisc2025_test_00317_me_ax_t1.jpg,meningioma,meningioma,axial,0.026252802,0.9189281,0.027503623,0.02731545,0.9189280867576599,True,True,0.9511133,0.90682656,0.9433237271763371,0.9991452121703472,0.958984374990635,0.0,1041.0,1024.0,False
d:\Research\Multi-View Fusion Network\datasets\brisc2025\classification_task\test\meningioma\brisc2025_test_00318_me_ax_t1.jpg,meningioma,meningioma,axial,0.026824728,0.91929346,0.027302077,0.026579753,0.9192934632301331,True,True,0.9796535,0.96012634,0.9874086108814484,0.9985329253466492,0.9720111955179048,0.0,2462.0,2501.0,False
d:\Research\Multi-View Fusion Network\datasets\brisc2025\classification_task\test\meningioma\brisc2025_test_00319_me_ax_t1.jpg,meningioma,meningioma,axial,0.02740302,0.9129376,0.03207608,0.027583396,0.912937581539154,True,True,0.9038583,0.82468283,0.834112149522966,0.9997972424977698,0.9861878452902461,2.23606797749979,856.0,724.0,False
d:\Research\Multi-View Fusion Network\datasets\brisc2025\classification_task\test\meningioma\brisc2025_test_00320_me_ax_t1.jpg,meningioma,meningioma,axial,0.026900979,0.91956323,0.026697557,0.026838295,0.9195632338523865,True,True,0.960084,0.9232633,0.9524603836451006,0.9992241256097762,0.9677966101612899,0.0,1199.0,1180.0,False
d:\Research\Multi-View Fusion Network\datasets\brisc2025\classification_task\test\meningioma\brisc2025_test_00321_me_ax_t1.jpg,meningioma,meningioma,axial,0.031829987,0.9160163,0.025635844,0.026517889,0.9160162806510925,True,True,0.9631196,0.9288744,0.9640921409181433,0.9976283245805104,0.9621365787661862,0.0,2952.0,2958.0,False
d:\Research\Multi-View Fusion Network\datasets\brisc2025\classification_task\test\meningioma\brisc2025_test_00322_me_ax_t1.jpg,meningioma,meningioma,axial,0.026612151,0.9182683,0.028168298,0.026951255,0.9182683229446411,True,True,0.9701493,0.94204944,0.975824175817027,0.9989961279217802,0.9645184648735372,0.0,1365.0,1381.0,False
d:\Research\Multi-View Fusion Network\datasets\brisc2025\classification_task\test\meningioma\brisc2025_test_00323_me_ax_t1.jpg,meningioma,meningioma,axial,0.028079512,0.918284,0.02705544,0.026581071,0.918283998966217,True,True,0.97780746,0.95658994,0.9791108730531382,0.9990891966298208,0.9764957264905102,0.0,1867.0,1872.0,False
d:\Research\Multi-View Fusion Network\datasets\brisc2025\classification_task\test\meningioma\brisc2025_test_00324_me_ax_t1.jpg,meningioma,meningioma,axial,0.13849203,0.785743,0.049117275,0.026647659,0.785742998123169,True,True,0.8957346,0.81142855,0.8372781064841042,0.9997792848828204,0.9625850339808645,1.0,338.0,294.0,False
d:\Research\Multi-View Fusion Network\datasets\brisc2025\classification_task\test\meningioma\brisc2025_test_00325_me_ax_t1.jpg,meningioma,meningioma,axial,0.027053919,0.91540146,0.030165218,0.027379438,0.9154014587402344,True,True,0.91246057,0.83913046,0.9429037520237699,0.9984665980669051,0.8837920489161499,1.0,613.0,654.0,False
d:\Research\Multi-View Fusion Network\datasets\brisc2025\classification_task\test\meningioma\brisc2025_test_00326_me_ax_t1.jpg,meningioma,meningioma,axial,0.026007272,0.9212554,0.026497852,0.026239505,0.9212554097175598,True,True,0.9624801,0.92769605,0.9754996776210478,0.9983547557838565,0.9497802887573774,0.0,1551.0,1593.0,False
d:\Research\Multi-View Fusion Network\datasets\brisc2025\classification_task\test\meningioma\brisc2025_test_00327_me_ax_t1.jpg,meningioma,meningioma,axial,0.02682809,0.9207325,0.026598383,0.025840983,0.9207324981689453,True,True,0.8868195,0.7969152,0.8655462184631499,0.9993777474455531,0.9088235293850346,1.4142135623730951,357.0,340.0,False
d:\Research\Multi-View Fusion Network\datasets\brisc2025\classification_task\test\meningioma\brisc2025_test_00328_me_ax_t1.jpg,meningioma,meningioma,axial,0.026255883,0.91984266,0.027317071,0.026584303,0.9198426604270935,True,True,0.9661256,0.9345157,0.9539748953841845,0.9996967184939042,0.9785407725181897,0.0,717.0,699.0,False
d:\Research\Multi-View Fusion Network\datasets\brisc2025\classification_task\test\meningioma\brisc2025_test_00329_me_ax_t1.jpg,meningioma,meningioma,axial,0.024724843,0.9162342,0.033973847,0.025067132,0.9162341952323914,True,True,0.7885906,0.6519337,0.6499999999638889,0.9999999999998,0.9999999999145299,2.0472135954999553,180.0,117.0,False
d:\Research\Multi-View Fusion Network\datasets\brisc2025\classification_task\test\meningioma\brisc2025_test_00330_me_ax_t1.jpg,meningioma,meningioma,axial,0.026006263,0.9203123,0.027554331,0.02612709,0.9203122854232788,True,True,0.94299287,0.89221555,0.91820987652904,0.9996163786139155,0.9690553745770512,1.0,648.0,614.0,False
d:\Research\Multi-View Fusion Network\datasets\brisc2025\classification_task\test\meningioma\brisc2025_test_00331_me_ax_t1.jpg,meningioma,meningioma,axial,0.027218921,0.91802263,0.028225247,0.02653317,0.918022632598877,True,True,0.9006309,0.81948423,0.8260869564977945,0.9999397965120107,0.9895833332989727,1.0,345.0,288.0,False
d:\Research\Multi-View Fusion Network\datasets\brisc2025\classification_task\test\meningioma\brisc2025_test_00332_me_ax_t1.jpg,meningioma,meningioma,axial,0.026585486,0.9187626,0.02810143,0.026550362,0.9187626242637634,True,True,0.94631237,0.8981481,0.9159663865450004,0.9996140094260931,0.978675645331328,1.0,952.0,891.0,False
d:\Research\Multi-View Fusion Network\datasets\brisc2025\classification_task\test\meningioma\brisc2025_test_00333_me_ax_t1.jpg,meningioma,meningioma,axial,0.026615907,0.91754955,0.029365126,0.026469376,0.9175495505332947,True,True,0.93928355,0.8855835,0.9358353510782587,0.9990476190474167,0.9426829268177721,1.0,826.0,820.0,False
d:\Research\Multi-View Fusion Network\datasets\brisc2025\classification_task\test\meningioma\brisc2025_test_00334_me_ax_t1.jpg,meningioma,meningioma,axial,0.025293654,0.9227602,0.025820782,0.02612539,0.9227601885795593,True,True,0.95305675,0.91041666,0.9540481400228873,0.9995575132241197,0.9519650654813981,0.0,457.0,458.0,False
d:\Research\Multi-View Fusion Network\datasets\brisc2025\classification_task\test\meningioma\brisc2025_test_00335_me_ax_t1.jpg,meningioma,meningioma,axial,0.025400603,0.9221836,0.026046103,0.026369687,0.9221835732460022,True,True,0.98206276,0.96480936,0.9820359281143103,0.9998796195977289,0.9820359281143103,0.0,334.0,334.0,False
d:\Research\Multi-View Fusion Network\datasets\brisc2025\classification_task\test\meningioma\brisc2025_test_00336_me_ax_t1.jpg,meningioma,meningioma,axial,0.02668071,0.9188262,0.027736247,0.026756784,0.9188262224197388,True,True,0.96431106,0.9310936,0.9374999999967628,0.999576988155457,0.9926873857367726,0.0,2896.0,2735.0,False
d:\Research\Multi-View Fusion Network\datasets\brisc2025\classification_task\test\meningioma\brisc2025_test_00337_me_ax_t1.jpg,meningioma,meningioma,axial,0.025750495,0.9209259,0.026323216,0.027000485,0.9209259152412415,True,True,0.931418,0.8717504,0.8964285714125637,0.9996775233793536,0.9691119690932604,1.0,560.0,518.0,False
d:\Research\Multi-View Fusion Network\datasets\brisc2025\classification_task\test\meningioma\brisc2025_test_00338_me_ax_t1.jpg,meningioma,meningioma,axial,0.025996158,0.9200175,0.027334228,0.026652172,0.9200174808502197,True,True,0.9748279,0.9509022,0.9679487179445815,0.9991220001670292,0.9817945383572528,0.0,2340.0,2307.0,False
d:\Research\Multi-View Fusion Network\datasets\brisc2025\classification_task\test\meningioma\brisc2025_test_00339_me_ax_t1.jpg,meningioma,meningioma,axial,0.025867725,0.9226373,0.02545397,0.026041092,0.9226372838020325,True,True,0.93900114,0.88505745,0.8933236574681181,0.9997335956389607,0.9895498392203413,1.0,1378.0,1244.0,False
d:\Research\Multi-View Fusion Network\datasets\brisc2025\classification_task\test\meningioma\brisc2025_test_00340_me_ax_t1.jpg,meningioma,meningioma,axial,0.025050918,0.92380065,0.02537787,0.025770478,0.9238006472587585,True,True,0.9205608,0.8534483,0.8909090908280992,0.9999001318257901,0.9514563105872373,1.0,110.0,103.0,False
d:\Research\Multi-View Fusion Network\datasets\brisc2025\classification_task\test\meningioma\brisc2025_test_00341_me_ax_t1.jpg,meningioma,meningioma,axial,0.025462208,0.9183515,0.029349059,0.02683727,0.9183514714241028,True,True,0.9715321,0.944668,0.9650205761217591,0.9995732054302497,0.9781021897708227,0.0,972.0,959.0,False
d:\Research\Multi-View Fusion Network\datasets\brisc2025\classification_task\test\meningioma\brisc2025_test_00342_me_ax_t1.jpg,meningioma,meningioma,axial,0.02740139,0.9184682,0.027459655,0.026670758,0.918468177318573,True,True,0.9799807,0.9607565,0.976911976907278,0.9992723038856896,0.983059051302115,0.0,2079.0,2066.0,False
d:\Research\Multi-View Fusion Network\datasets\brisc2025\classification_task\test\meningioma\brisc2025_test_00343_me_ax_t1.jpg,meningioma,meningioma,axial,0.026237832,0.9210691,0.026426613,0.026266431,0.9210690855979919,True,True,0.93768114,0.8828338,0.9444444444168291,0.9995184010914236,0.9308357348434917,1.0,342.0,347.0,False
d:\Research\Multi-View Fusion Network\datasets\brisc2025\classification_task\test\meningioma\brisc2025_test_00344_me_ax_t1.jpg,meningioma,meningioma,axial,0.025315106,0.9216802,0.02674173,0.026262956,0.921680212020874,True,True,0.9572878,0.9181167,0.9333333333236111,0.9996749024705381,0.9824561403401046,0.0,960.0,912.0,False
d:\Research\Multi-View Fusion Network\datasets\brisc2025\classification_task\test\meningioma\brisc2025_test_00345_me_ax_t1.jpg,meningioma,meningioma,axial,0.3317264,0.57898885,0.05653341,0.03275126,0.5789888501167297,True,True,0.6431981,0.4745167,0.47610619468183885,0.9999395295396183,0.9889705881989349,15.524174696260024,565.0,272.0,False
d:\Research\Multi-View Fusion Network\datasets\brisc2025\classification_task\test\meningioma\brisc2025_test_00346_me_ax_t1.jpg,meningioma,meningioma,axial,0.026014732,0.9202321,0.027583292,0.026169822,0.9202321171760559,True,True,0.9800861,0.96097046,0.9743040685120524,0.9997359977253159,0.9859154929470648,0.0,934.0,923.0,False
d:\Research\Multi-View Fusion Network\datasets\brisc2025\classification_task\test\meningioma\brisc2025_test_00347_me_ax_t1.jpg,meningioma,meningioma,axial,0.026331564,0.9204637,0.02711043,0.026094368,0.9204636812210083,True,True,0.9614506,0.9257834,0.931377974538288,0.999772581611983,0.9935064935006287,0.0,1807.0,1694.0,False
d:\Research\Multi-View Fusion Network\datasets\brisc2025\classification_task\test\meningioma\brisc2025_test_00348_me_ax_t1.jpg,meningioma,meningioma,axial,0.025220226,0.9234724,0.02548911,0.025818259,0.9234724044799805,True,True,0.9478543,0.9009009,0.9476047904144331,0.9978410695007478,0.9480778831705039,1.0,2004.0,2003.0,False
d:\Research\Multi-View Fusion Network\datasets\brisc2025\classification_task\test\meningioma\brisc2025_test_00349_me_ax_t1.jpg,meningioma,meningioma,axial,0.021718184,0.9296079,0.023399834,0.025273988,0.9296079277992249,True,True,0.97516143,0.95155036,0.9770916334564035,0.9994509070200522,0.9732142857046308,0.0,1004.0,1008.0,False
d:\Research\Multi-View Fusion Network\datasets\brisc2025\classification_task\test\meningioma\brisc2025_test_00350_me_ax_t1.jpg,meningioma,meningioma,axial,0.030988894,0.9158472,0.027620856,0.02554304,0.9158471822738647,True,True,0.9421146,0.890625,0.9077448747049232,0.9996551584240742,0.9791154791034506,1.0,878.0,814.0,False
d:\Research\Multi-View Fusion Network\datasets\brisc2025\classification_task\test\meningioma\brisc2025_test_00351_me_ax_t1.jpg,meningioma,meningioma,axial,0.029124144,0.9159892,0.028540978,0.02634564,0.9159892201423645,True,True,0.80836123,0.6784512,0.6828716789107808,0.999752101968517,0.9901639344181135,5.0990195135927845,1769.0,1220.0,False
d:\Research\Multi-View Fusion Network\datasets\brisc2025\classification_task\test\meningioma\brisc2025_test_00352_me_ax_t1.jpg,meningioma,meningioma,axial,0.025751993,0.9219419,0.025607066,0.026699122,0.921941876411438,True,True,0.94783306,0.9009146,0.9218749999855957,0.9996971899222789,0.9752066115541288,1.0,640.0,605.0,False
d:\Research\Multi-View Fusion Network\datasets\brisc2025\classification_task\test\meningioma\brisc2025_test_00353_me_ax_t1.jpg,meningioma,meningioma,axial,0.025585338,0.91978145,0.028340705,0.026292522,0.9197814464569092,True,True,0.9612352,0.92541087,0.9300254452807885,0.9999190119455356,0.9945578231157203,0.0,786.0,735.0,False
d:\Research\Multi-View Fusion Network\datasets\brisc2025\classification_task\test\meningioma\brisc2025_test_00354_me_ax_t1.jpg,meningioma,meningioma,axial,0.02740302,0.9129376,0.03207608,0.027583396,0.912937581539154,True,True,0.9069471,0.82983685,0.8424170616013932,0.9997364793641046,0.9820441988814634,1.4142135623730951,844.0,724.0,False
d:\Research\Multi-View Fusion Network\datasets\brisc2025\classification_task\test\meningioma\brisc2025_test_00355_me_ax_t1.jpg,meningioma,meningioma,axial,0.026515054,0.9179007,0.028789759,0.026794484,0.9179006814956665,True,True,0.92153496,0.8545647,0.8720173535697178,0.9996142445281603,0.9769137302432939,1.0,922.0,823.0,False
d:\Research\Multi-View Fusion Network\datasets\brisc2025\classification_task\test\meningioma\brisc2025_test_00356_me_ax_t1.jpg,meningioma,meningioma,axial,0.025798805,0.9203525,0.027521258,0.026327396,0.9203525185585022,True,True,0.9860816,0.9725505,0.987989151487842,0.9991385649751027,0.9841759938209796,0.0,2581.0,2591.0,False
d:\Research\Multi-View Fusion Network\datasets\brisc2025\classification_task\test\meningioma\brisc2025_test_00357_me_ax_t1.jpg,meningioma,meningioma,axial,0.024795027,0.92210495,0.027533155,0.025566842,0.9221049547195435,True,True,0.96578366,0.9339019,0.9479392624523223,0.9998591974251233,0.9842342342120668,0.0,461.0,444.0,False
d:\Research\Multi-View Fusion Network\datasets\brisc2025\classification_task\test\meningioma\brisc2025_test_00358_me_ax_t1.jpg,meningioma,meningioma,axial,0.02446213,0.9225229,0.027094003,0.025920978,0.9225229024887085,True,True,0.9569562,0.91752577,0.9764521192939333,0.999172369244232,0.9381598793221997,0.0,637.0,663.0,False
d:\Research\Multi-View Fusion Network\datasets\brisc2025\classification_task\test\meningioma\brisc2025_test_00359_me_ax_t1.jpg,meningioma,meningioma,axial,0.026348947,0.9193818,0.027593846,0.02667542,0.9193817973136902,True,True,0.97145253,0.9445049,0.9719887955127621,0.9989254200159123,0.9709009513096201,0.0,1785.0,1787.0,False
d:\Research\Multi-View Fusion Network\datasets\brisc2025\classification_task\test\meningioma\brisc2025_test_00360_me_ax_t1.jpg,meningioma,meningioma,axial,0.026737347,0.91921014,0.027511042,0.02654144,0.9192101359367371,True,True,0.94193834,0.8902954,0.9687499999910961,0.9980443285525998,0.9165217391224652,1.0,1088.0,1150.0,False
d:\Research\Multi-View Fusion Network\datasets\brisc2025\classification_task\test\meningioma\brisc2025_test_00361_me_ax_t1.jpg,meningioma,meningioma,axial,0.027641457,0.91994655,0.026230054,0.026181944,0.919946551322937,True,True,0.93452847,0.877193,0.9048338368443378,0.9995758775293858,0.9661290322424818,1.0,662.0,620.0,False
d:\Research\Multi-View Fusion Network\datasets\brisc2025\classification_task\test\meningioma\brisc2025_test_00362_me_ax_t1.jpg,meningioma,meningioma,axial,0.026165996,0.91995674,0.027425488,0.026451802,0.9199567437171936,True,True,0.9423868,0.8911917,0.9527777777513117,0.9994981532035894,0.9320652173659765,1.0,360.0,368.0,False
d:\Research\Multi-View Fusion Network\datasets\brisc2025\classification_task\test\meningioma\brisc2025_test_00363_me_ax_t1.jpg,meningioma,meningioma,axial,0.026886432,0.9198619,0.027125197,0.026126403,0.919861912727356,True,True,0.91522986,0.84391534,0.852546916867224,0.9999196835529989,0.9875776397208826,1.0,373.0,322.0,False
d:\Research\Multi-View Fusion Network\datasets\brisc2025\classification_task\test\meningioma\brisc2025_test_00364_me_ax_t1.jpg,meningioma,meningioma,axial,0.026711911,0.9194274,0.027003301,0.02685748,0.9194273948669434,True,True,0.90805787,0.831758,0.8727634194657502,0.999496708473215,0.9461206896347819,1.0,503.0,464.0,False
d:\Research\Multi-View Fusion Network\datasets\brisc2025\classification_task\test\meningioma\brisc2025_test_00365_me_ax_t1.jpg,meningioma,meningioma,axial,0.024701623,0.9091892,0.039201062,0.02690817,0.9091892242431641,True,True,0.93188405,0.87262875,0.9497041419837365,0.9993980496807658,0.9145299145038596,1.0,338.0,351.0,False
d:\Research\Multi-View Fusion Network\datasets\brisc2025\classification_task\test\meningioma\brisc2025_test_00366_me_ax_t1.jpg,meningioma,meningioma,axial,0.026178649,0.92021227,0.027501028,0.026108054,0.9202122688293457,True,True,0.9704746,0.94265807,0.9622331691244542,0.9992140478601421,0.9788418708186034,0.0,1827.0,1796.0,False
d:\Research\Multi-View Fusion Network\datasets\brisc2025\classification_task\test\meningioma\brisc2025_test_00367_me_ax_t1.jpg,meningioma,pituitary,axial,0.028610494,0.03621768,0.9056694,0.029502353,0.9056693911552429,False,True,0.940625,0.8880157,0.9415448851577966,0.9994164637702478,0.9395833333137587,1.0,479.0,480.0,False
d:\Research\Multi-View Fusion Network\datasets\brisc2025\classification_task\test\meningioma\brisc2025_test_00368_me_ax_t1.jpg,meningioma,meningioma,axial,0.026439616,0.9196814,0.027248101,0.026630929,0.9196813702583313,True,True,0.9641806,0.9308712,0.9869346733569152,0.9987800166729024,0.9424184260946026,0.0,995.0,1042.0,False
d:\Research\Multi-View Fusion Network\datasets\brisc2025\classification_task\test\meningioma\brisc2025_test_00369_me_ax_t1.jpg,meningioma,meningioma,axial,0.026059363,0.92085147,0.027254598,0.025834538,0.920851469039917,True,True,0.8171356,0.6911447,0.999999999968652,0.9971317969390463,0.6904761904612451,4.0,319.0,462.0,False
d:\Research\Multi-View Fusion Network\datasets\brisc2025\classification_task\test\meningioma\brisc2025_test_00370_me_ax_t1.jpg,meningioma,meningioma,axial,0.02633992,0.92028534,0.02751583,0.025858931,0.9202853441238403,True,True,0.9702638,0.9422719,0.9863414634050114,0.9990234176311776,0.954674220954158,0.0,1025.0,1059.0,False
d:\Research\Multi-View Fusion Network\datasets\brisc2025\classification_task\test\meningioma\brisc2025_test_00371_me_ax_t1.jpg,meningioma,meningioma,axial,0.024936002,0.9233808,0.026011515,0.025671668,0.9233807921409607,True,True,0.94135803,0.8893204,0.9934782608479679,0.9989138305573662,0.8943248532114614,1.0,460.0,511.0,False
d:\Research\Multi-View Fusion Network\datasets\brisc2025\classification_task\test\meningioma\brisc2025_test_00372_me_ax_t1.jpg,meningioma,meningioma,axial,0.02445427,0.9248849,0.025308358,0.025352433,0.9248849153518677,True,True,0.92493296,0.8606965,0.8686868686429956,0.9999599823920525,0.988505747069626,1.0,198.0,174.0,False
d:\Research\Multi-View Fusion Network\datasets\brisc2025\classification_task\test\meningioma\brisc2025_test_00373_me_ax_t1.jpg,meningioma,meningioma,axial,0.026292378,0.91953826,0.02776691,0.026402496,0.9195382595062256,True,True,0.967833,0.9377049,0.965090090079222,0.9994724882322271,0.9705549263763243,0.0,888.0,883.0,False
d:\Research\Multi-View Fusion Network\datasets\brisc2025\classification_task\test\meningioma\brisc2025_test_00374_me_ax_t1.jpg,meningioma,meningioma,axial,0.02528492,0.921542,0.027318554,0.025854453,0.9215419888496399,True,True,0.9349382,0.8778999,0.9862637362501887,0.9981799061638493,0.8886138613751409,1.0,728.0,808.0,False
d:\Research\Multi-View Fusion Network\datasets\brisc2025\classification_task\test\meningioma\brisc2025_test_00375_me_ax_t1.jpg,meningioma,meningioma,axial,0.026156673,0.9207232,0.027094025,0.026026137,0.9207231998443604,True,True,0.88327724,0.79116464,0.8053278688359564,0.9998188697470215,0.9776119402741887,1.4142135623730951,488.0,402.0,False
d:\Research\Multi-View Fusion Network\datasets\brisc2025\classification_task\test\meningioma\brisc2025_test_00376_me_ax_t1.jpg,meningioma,meningioma,axial,0.024236793,0.9235109,0.026227698,0.026024543,0.9235109090805054,True,True,0.92572945,0.86206895,0.9206349205862098,0.9997399323822195,0.9304812833727015,1.0,189.0,187.0,False
d:\Research\Multi-View Fusion Network\datasets\brisc2025\classification_task\test\meningioma\brisc2025_test_00377_me_ax_t1.jpg,meningioma,meningioma,axial,0.026175562,0.9199982,0.027285615,0.02654064,0.9199982285499573,True,True,0.9704038,0.9425231,0.9699097291826986,0.9987962309574118,0.9708835341316723,0.0,1994.0,1992.0,False
d:\Research\Multi-View Fusion Network\datasets\brisc2025\classification_task\test\meningioma\brisc2025_test_00378_me_ax_t1.jpg,meningioma,meningioma,axial,0.027758451,0.9177356,0.028953452,0.025552513,0.9177355766296387,True,True,0.7667364,0.6220339,0.6277873070218218,0.999879015183393,0.9838709677154873,8.54400374531753,583.0,372.0,False
d:\Research\Multi-View Fusion Network\datasets\brisc2025\classification_task\test\meningioma\brisc2025_test_00379_me_ax_t1.jpg,meningioma,meningioma,axial,0.025412844,0.9222401,0.026349131,0.025998015,0.9222400784492493,True,True,0.97150946,0.9446075,0.9846977811745039,0.9976662041123171,0.9586592178735246,0.0,2614.0,2685.0,False
d:\Research\Multi-View Fusion Network\datasets\brisc2025\classification_task\test\meningioma\brisc2025_test_00380_me_ax_t1.jpg,meningioma,meningioma,axial,0.025777612,0.92039967,0.027276976,0.02654579,0.9203996658325195,True,True,0.9530464,0.9103522,0.9181034482659687,0.9998375568548977,0.9906976744070849,0.0,928.0,860.0,False
d:\Research\Multi-View Fusion Network\datasets\brisc2025\classification_task\test\meningioma\brisc2025_test_00381_me_ax_t1.jpg,meningioma,meningioma,axial,0.026353855,0.9198373,0.027346512,0.026462425,0.9198372960090637,True,True,0.94073707,0.8881579,0.9411764705788517,0.9987798181927077,0.9402390438153363,1.0,1003.0,1004.0,False
d:\Research\Multi-View Fusion Network\datasets\brisc2025\classification_task\test\meningioma\brisc2025_test_00382_me_ax_t1.jpg,meningioma,meningioma,axial,0.0268594,0.9188376,0.02910371,0.02519927,0.9188376069068909,True,True,0.96265936,0.9280702,0.968807339431765,0.9995164312625175,0.9565217391131065,0.0,545.0,552.0,False
d:\Research\Multi-View Fusion Network\datasets\brisc2025\classification_task\test\meningioma\brisc2025_test_00383_me_ax_t1.jpg,meningioma,meningioma,axial,0.026569424,0.91909784,0.02865635,0.025676327,0.9190978407859802,True,True,0.9334258,0.87532467,0.9081081080835647,0.9997189093681486,0.9599999999725715,1.0,370.0,350.0,False
d:\Research\Multi-View Fusion Network\datasets\brisc2025\classification_task\test\meningioma\brisc2025_test_00384_me_ax_t1.jpg,meningioma,meningioma,axial,0.025154449,0.92240435,0.026498582,0.02594261,0.9224043488502502,True,True,0.9595104,0.92224234,0.9514018691410953,0.9996575411452229,0.9676806083466221,0.0,535.0,526.0,False
d:\Research\Multi-View Fusion Network\datasets\brisc2025\classification_task\test\meningioma\brisc2025_test_00385_me_ax_t1.jpg,meningioma,meningioma,axial,0.026122196,0.9170245,0.029256808,0.027596489,0.9170244932174683,True,True,0.96502644,0.932443,0.9642276422685836,0.9991419114940958,0.9657980455947411,0.0,1230.0,1228.0,False
d:\Research\Multi-View Fusion Network\datasets\brisc2025\classification_task\test\meningioma\brisc2025_test_00386_me_ax_t1.jpg,meningioma,meningioma,axial,0.026318178,0.9141743,0.032687068,0.026820447,0.9141743183135986,True,True,0.9493308,0.90363634,0.9271028037209887,0.9997179750607362,0.9725490195887735,0.7999999999999545,535.0,510.0,False
d:\Research\Multi-View Fusion Network\datasets\brisc2025\classification_task\test\meningioma\brisc2025_test_00387_me_ax_t1.jpg,meningioma,meningioma,axial,0.025964217,0.9217097,0.026337555,0.025988465,0.9217097163200378,True,True,0.97249246,0.9464752,0.9602385685821059,0.9995479483015186,0.985044187620768,0.0,1509.0,1471.0,False
d:\Research\Multi-View Fusion Network\datasets\brisc2025\classification_task\test\meningioma\brisc2025_test_00388_me_ax_t1.jpg,meningioma,meningioma,axial,0.025577305,0.9215752,0.026457714,0.026389776,0.9215751886367798,True,True,0.971978,0.94551283,0.9899216125309079,0.9991477791528521,0.9546436284994099,0.0,893.0,926.0,False
d:\Research\Multi-View Fusion Network\datasets\brisc2025\classification_task\test\meningioma\brisc2025_test_00389_me_ax_t1.jpg,meningioma,meningioma,axial,0.025359798,0.9208817,0.027186913,0.026571576,0.9208816885948181,True,True,0.9748563,0.95098037,0.969957081531188,0.9997170402407181,0.9797687861130091,0.0,699.0,692.0,False
d:\Research\Multi-View Fusion Network\datasets\brisc2025\classification_task\test\meningioma\brisc2025_test_00390_me_ax_t1.jpg,meningioma,meningioma,axial,0.029316239,0.9177577,0.026679784,0.02624629,0.9177576899528503,True,True,0.8949097,0.810089,0.8607594936436468,0.9995988768549942,0.9315068492831675,1.0,316.0,292.0,False
d:\Research\Multi-View Fusion Network\datasets\brisc2025\classification_task\test\meningioma\brisc2025_test_00391_me_ax_t1.jpg,meningioma,meningioma,axial,0.026935225,0.91957814,0.028062891,0.02542367,0.9195781350135803,True,True,0.963881,0.9303279,0.9784172661729724,0.9992724480101455,0.9497206703777972,0.0,695.0,716.0,False
d:\Research\Multi-View Fusion Network\datasets\brisc2025\classification_task\test\meningioma\brisc2025_test_00392_me_co_t1.jpg,meningioma,meningioma,coronal,0.026376136,0.9251549,0.022683414,0.02578558,0.9251549243927002,True,True,0.8465026,0.73390716,0.9176029962503858,0.9888634471271881,0.7855711422814206,5.0,2136.0,2495.0,False
d:\Research\Multi-View Fusion Network\datasets\brisc2025\classification_task\test\meningioma\brisc2025_test_00393_me_co_t1.jpg,meningioma,meningioma,coronal,0.027775045,0.92074746,0.0244853,0.026992114,0.9207474589347839,True,True,0.8426771,0.7282282,0.7540856031069721,0.9990591315372975,0.9546798029462593,12.222726039254011,1285.0,1015.0,False
d:\Research\Multi-View Fusion Network\datasets\brisc2025\classification_task\test\meningioma\brisc2025_test_00394_me_co_t1.jpg,meningioma,meningioma,coronal,0.027872162,0.91712487,0.028240409,0.026762603,0.91712486743927,True,True,0.97071224,0.94310343,0.9592105263115824,0.9991857357606065,0.9824797843621632,0.0,2280.0,2226.0,False
d:\Research\Multi-View Fusion Network\datasets\brisc2025\classification_task\test\meningioma\brisc2025_test_00395_me_co_t1.jpg,meningioma,meningioma,coronal,0.02675374,0.9217972,0.025013734,0.026435364,0.9217972159385681,True,True,0.9689294,0.93975115,0.948412698406426,0.9997123130032469,0.990331491705868,0.0,1512.0,1448.0,False
d:\Research\Multi-View Fusion Network\datasets\brisc2025\classification_task\test\meningioma\brisc2025_test_00396_me_co_t1.jpg,meningioma,meningioma,coronal,0.025948655,0.9237996,0.023495276,0.026756536,0.9237995743751526,True,True,0.9690342,0.9399412,0.9446790540500647,0.9997489959837267,0.9946642952379072,0.0,2368.0,2249.0,False
d:\Research\Multi-View Fusion Network\datasets\brisc2025\classification_task\test\meningioma\brisc2025_test_00397_me_co_t1.jpg,meningioma,meningioma,coronal,0.026434395,0.9213823,0.025818264,0.026365023,0.9213823080062866,True,True,0.9471523,0.899627,0.9057377049149394,0.999576701659118,0.9925149700561657,1.0,2928.0,2672.0,False
d:\Research\Multi-View Fusion Network\datasets\brisc2025\classification_task\test\meningioma\brisc2025_test_00398_me_co_t1.jpg,meningioma,meningioma,coronal,0.027240815,0.9191606,0.026407393,0.027191188,0.9191606044769287,True,True,0.9716994,0.94496393,0.9541284403643979,0.9992253066492363,0.989921612539222,0.0,3706.0,3572.0,False
d:\Research\Multi-View Fusion Network\datasets\brisc2025\classification_task\test\meningioma\brisc2025_test_00399_me_co_t1.jpg,meningioma,meningioma,coronal,0.027139466,0.9215234,0.024879992,0.02645721,0.92152339220047,True,True,0.9671677,0.9364293,0.956155143336939,0.9977989082582767,0.9784296807571647,0.0,4744.0,4636.0,False
d:\Research\Multi-View Fusion Network\datasets\brisc2025\classification_task\test\meningioma\brisc2025_test_00400_me_co_t1.jpg,meningioma,meningioma,coronal,0.026441142,0.9205934,0.026274845,0.026690625,0.9205933809280396,True,True,0.967378,0.93682545,0.9430161675034641,0.9994612417298452,0.9930226067513452,0.0,3773.0,3583.0,False
d:\Research\Multi-View Fusion Network\datasets\brisc2025\classification_task\test\meningioma\brisc2025_test_00401_me_co_t1.jpg,meningioma,meningioma,coronal,0.026023585,0.9236892,0.023546077,0.02674109,0.9236891865730286,True,True,0.9654348,0.93319327,0.9335576114342575,0.9999790786223274,0.9995497523592997,0.0,2378.0,2221.0,False
d:\Research\Multi-View Fusion Network\datasets\brisc2025\classification_task\test\meningioma\brisc2025_test_00402_me_co_t1.jpg,meningioma,meningioma,coronal,0.026385674,0.9193519,0.026928063,0.027334407,0.9193518757820129,True,True,0.8871043,0.797156,0.8004201680638638,0.999790777470709,0.9947780678799228,2.23606797749979,2380.0,1915.0,False
d:\Research\Multi-View Fusion Network\datasets\brisc2025\classification_task\test\meningioma\brisc2025_test_00403_me_co_t1.jpg,meningioma,meningioma,coronal,0.026683398,0.91948026,0.026113285,0.027723009,0.9194802641868591,True,True,0.95262265,0.9095802,0.9525959367838307,0.9991479001823902,0.9525959367838307,0.0,886.0,886.0,False
d:\Research\Multi-View Fusion Network\datasets\brisc2025\classification_task\test\meningioma\brisc2025_test_00404_me_co_t1.jpg,meningioma,meningioma,coronal,0.026638987,0.9185833,0.026817037,0.02796062,0.9185832738876343,True,True,0.94142747,0.8893773,0.9025297618980467,0.9995904325030719,0.9837793998298153,1.0,1344.0,1233.0,False
d:\Research\Multi-View Fusion Network\datasets\brisc2025\classification_task\test\meningioma\brisc2025_test_00405_me_co_t1.jpg,meningioma,meningioma,coronal,0.027500855,0.9148334,0.02924297,0.02842281,0.9148334264755249,True,True,0.9334664,0.87531173,0.9642365887075071,0.9985035086652919,0.9045161290205869,1.0,727.0,775.0,False
d:\Research\Multi-View Fusion Network\datasets\brisc2025\classification_task\test\meningioma\brisc2025_test_00406_me_co_t1.jpg,meningioma,meningioma,coronal,0.026628591,0.9205595,0.024427958,0.028383905,0.9205595254898071,True,True,0.94093853,0.8885496,0.9266347687252531,0.999455084865285,0.9555921052474409,1.0,627.0,608.0,False
d:\Research\Multi-View Fusion Network\datasets\brisc2025\classification_task\test\meningioma\brisc2025_test_00407_me_co_t1.jpg,meningioma,meningioma,coronal,0.027473506,0.9162236,0.030300422,0.026002493,0.9162235856056213,True,True,0.9834197,0.9673913,0.9773351648284524,0.9996921182263958,0.9895688456120336,0.0,1456.0,1438.0,False
d:\Research\Multi-View Fusion Network\datasets\brisc2025\classification_task\test\meningioma\brisc2025_test_00408_me_co_t1.jpg,meningioma,meningioma,coronal,0.026315667,0.91950357,0.026853764,0.027327076,0.9195035696029663,True,True,0.8995046,0.8174025,0.823681936037927,0.9996239187662448,0.9906444906393418,2.0,2314.0,1924.0,False
d:\Research\Multi-View Fusion Network\datasets\brisc2025\classification_task\test\meningioma\brisc2025_test_00409_me_co_t1.jpg,meningioma,meningioma,coronal,0.02641302,0.92125946,0.025926229,0.026401272,0.9212594628334045,True,True,0.97654825,0.9541815,0.9657657657614155,0.9994369839017018,0.9875633348641752,0.0,2220.0,2171.0,False
d:\Research\Multi-View Fusion Network\datasets\brisc2025\classification_task\test\meningioma\brisc2025_test_00410_me_co_t1.jpg,meningioma,meningioma,coronal,0.026322689,0.92070967,0.025872743,0.027094908,0.9207096695899963,True,True,0.98691046,0.97416174,0.9858255140726975,0.9986715965193619,0.9879951980772549,0.0,5009.0,4998.0,False
d:\Research\Multi-View Fusion Network\datasets\brisc2025\classification_task\test\meningioma\brisc2025_test_00411_me_co_t1.jpg,meningioma,meningioma,coronal,0.026602851,0.92122364,0.02670344,0.025470035,0.9212236404418945,True,True,0.96124345,0.92540795,0.9730171708832951,0.9987130512938944,0.949720670383482,0.0,1223.0,1253.0,False
d:\Research\Multi-View Fusion Network\datasets\brisc2025\classification_task\test\meningioma\brisc2025_test_00412_me_co_t1.jpg,meningioma,meningioma,coronal,0.029756311,0.919838,0.02455964,0.025846079,0.919838011264801,True,True,0.7909343,0.65443426,0.6549079754500781,0.9999798077697682,0.9976635513785592,8.258164757385472,652.0,428.0,False
d:\Research\Multi-View Fusion Network\datasets\brisc2025\classification_task\test\meningioma\brisc2025_test_00413_me_co_t1.jpg,meningioma,meningioma,coronal,0.048706032,0.8953348,0.029934466,0.026024735,0.895334780216217,True,True,0.9254097,0.8611987,0.8721590909059938,0.9992398648646539,0.9855537720666712,1.0,2816.0,2492.0,False
d:\Research\Multi-View Fusion Network\datasets\brisc2025\classification_task\test\meningioma\brisc2025_test_00414_me_co_t1.jpg,meningioma,meningioma,coronal,0.025720293,0.9249968,0.023301678,0.025981296,0.9249967932701111,True,True,0.95417327,0.9123737,0.9188501653499902,0.9993945291380691,0.9923076923049662,0.0,3931.0,3640.0,False
d:\Research\Multi-View Fusion Network\datasets\brisc2025\classification_task\test\meningioma\brisc2025_test_00415_me_co_t1.jpg,meningioma,meningioma,coronal,0.027225774,0.9213178,0.02532892,0.02612749,0.9213178157806396,True,True,0.9747447,0.9507425,0.962582538514444,0.9992834562695471,0.9872084273853002,0.0,2726.0,2658.0,False
d:\Research\Multi-View Fusion Network\datasets\brisc2025\classification_task\test\meningioma\brisc2025_test_00416_me_co_t1.jpg,meningioma,meningioma,coronal,0.027225774,0.9213178,0.02532892,0.02612749,0.9213178157806396,True,True,0.9813468,0.9633834,0.9733530717950654,0.999410203479589,0.9894657637284069,0.0,2702.0,2658.0,False
d:\Research\Multi-View Fusion Network\datasets\brisc2025\classification_task\test\meningioma\brisc2025_test_00417_me_co_t1.jpg,meningioma,meningioma,coronal,0.026318999,0.92097723,0.026090061,0.026613778,0.9209772348403931,True,True,0.9770003,0.9550409,0.9690265486698866,0.9988616838485828,0.9850998032021786,0.0,3616.0,3557.0,False
d:\Research\Multi-View Fusion Network\datasets\brisc2025\classification_task\test\meningioma\brisc2025_test_00418_me_co_t1.jpg,meningioma,glioma,coronal,0.58524835,0.09909715,0.25974786,0.055906665,0.5852483510971069,False,True,0.8026188,0.6704453,0.6949579831874374,0.9991017841830321,0.949483352457526,4.0,1190.0,871.0,False
d:\Research\Multi-View Fusion Network\datasets\brisc2025\classification_task\test\meningioma\brisc2025_test_00419_me_co_t1.jpg,meningioma,meningioma,coronal,0.026029255,0.923104,0.025078347,0.025788369,0.9231039881706238,True,True,0.97201437,0.9455604,0.9657941701339506,0.9984619985472298,0.9783067188882847,0.0,3362.0,3319.0,False
d:\Research\Multi-View Fusion Network\datasets\brisc2025\classification_task\test\meningioma\brisc2025_test_00420_me_co_t1.jpg,meningioma,meningioma,coronal,0.02776153,0.9198146,0.025744377,0.026679529,0.9198145866394043,True,True,0.98053366,0.96181893,0.9790301441634818,0.999143817737382,0.9820333041148903,0.0,2289.0,2282.0,False
d:\Research\Multi-View Fusion Network\datasets\brisc2025\classification_task\test\meningioma\brisc2025_test_00421_me_co_t1.jpg,meningioma,meningioma,coronal,0.026815914,0.91971034,0.026723268,0.026750468,0.9197103381156921,True,True,0.8825854,0.789899,0.7938039613976953,0.9997925612460847,0.9936427209091314,6.324555320336759,1969.0,1573.0,False
d:\Research\Multi-View Fusion Network\datasets\brisc2025\classification_task\test\meningioma\brisc2025_test_00422_me_co_t1.jpg,meningioma,meningioma,coronal,0.026607882,0.9205579,0.026234865,0.026599338,0.9205579161643982,True,True,0.969447,0.9407232,0.9772027110229378,0.9987024488701011,0.9617950272834337,0.0,1623.0,1649.0,False
d:\Research\Multi-View Fusion Network\datasets\brisc2025\classification_task\test\meningioma\brisc2025_test_00423_me_co_t1.jpg,meningioma,meningioma,coronal,0.025553526,0.9239821,0.02457662,0.025887849,0.9239820837974548,True,True,0.8838897,0.7922078,0.9681528662112053,0.9985961253056439,0.8128342245771969,2.0,314.0,374.0,False
d:\Research\Multi-View Fusion Network\datasets\brisc2025\classification_task\test\meningioma\brisc2025_test_00424_me_co_t1.jpg,meningioma,meningioma,coronal,0.026147237,0.9197885,0.026956635,0.027107676,0.9197884798049927,True,True,0.9157134,0.84461707,0.8755760368562722,0.9993510180901681,0.9595959595838435,1.0,868.0,792.0,False
d:\Research\Multi-View Fusion Network\datasets\brisc2025\classification_task\test\meningioma\brisc2025_test_00425_me_co_t1.jpg,meningioma,meningioma,coronal,0.02687373,0.9185164,0.027336672,0.02727316,0.9185163974761963,True,True,0.98010343,0.9609984,0.9840127897603197,0.9993868165557488,0.9762093576449151,0.0,1251.0,1261.0,False
d:\Research\Multi-View Fusion Network\datasets\brisc2025\classification_task\test\meningioma\brisc2025_test_00426_me_co_t1.jpg,meningioma,meningioma,coronal,0.037992705,0.65194416,0.27556488,0.0344982,0.6519441604614258,True,True,0.92813766,0.8660377,0.9744680850856496,0.9988130205606972,0.885880077352304,1.0,470.0,517.0,False
d:\Research\Multi-View Fusion Network\datasets\brisc2025\classification_task\test\meningioma\brisc2025_test_00427_me_co_t1.jpg,meningioma,meningioma,coronal,0.025743049,0.92059004,0.027307872,0.026359051,0.9205900430679321,True,True,0.9615968,0.92607003,0.970408163255404,0.9990446377752259,0.9529058116136984,0.0,980.0,998.0,False
d:\Research\Multi-View Fusion Network\datasets\brisc2025\classification_task\test\meningioma\brisc2025_test_00428_me_co_t1.jpg,meningioma,meningioma,coronal,0.026731499,0.92070353,0.026094697,0.026470268,0.9207035303115845,True,True,0.80177516,0.6694079,0.6881355932086757,0.9996571612953254,0.9598108746818012,7.0710678118654755,590.0,423.0,False
d:\Research\Multi-View Fusion Network\datasets\brisc2025\classification_task\test\meningioma\brisc2025_test_00429_me_co_t1.jpg,meningioma,meningioma,coronal,0.028607912,0.91987664,0.025037397,0.026478125,0.9198766350746155,True,True,0.93452847,0.877193,0.9048338368443378,0.9995758775293858,0.9661290322424818,1.0,662.0,620.0,False
d:\Research\Multi-View Fusion Network\datasets\brisc2025\classification_task\test\meningioma\brisc2025_test_00430_me_co_t1.jpg,meningioma,meningioma,coronal,0.02834192,0.9168785,0.027448248,0.027331362,0.9168785214424133,True,True,0.96929824,0.94046175,0.9674593241430856,0.9995341960829942,0.9711055276259911,0.0,799.0,796.0,False
d:\Research\Multi-View Fusion Network\datasets\brisc2025\classification_task\test\meningioma\brisc2025_test_00431_me_co_t1.jpg,meningioma,meningioma,coronal,0.027185593,0.9192721,0.025946463,0.02759593,0.9192721247673035,True,True,0.9463487,0.89830506,0.9323529411490484,0.9997391443934105,0.9606060605769513,1.0,340.0,330.0,False
d:\Research\Multi-View Fusion Network\datasets\brisc2025\classification_task\test\meningioma\brisc2025_test_00432_me_co_t1.jpg,meningioma,meningioma,coronal,0.026365746,0.9212483,0.025508605,0.026877385,0.9212483167648315,True,True,0.9347826,0.8776824,0.9107142856939573,0.9996581402829393,0.9599999999774117,1.0,448.0,425.0,False
d:\Research\Multi-View Fusion Network\datasets\brisc2025\classification_task\test\meningioma\brisc2025_test_00433_me_co_t1.jpg,meningioma,meningioma,coronal,0.02964953,0.90669864,0.034749787,0.028902039,0.9066986441612244,True,True,0.943074,0.8924731,0.9429657794318264,0.9996994770899366,0.9429657794318264,1.0,263.0,263.0,False
d:\Research\Multi-View Fusion Network\datasets\brisc2025\classification_task\test\meningioma\brisc2025_test_00434_me_co_t1.jpg,meningioma,meningioma,coronal,0.027204873,0.9163634,0.029055832,0.02737585,0.9163634181022644,True,True,0.9358766,0.87957317,0.9014084506901188,0.9996770091041042,0.9729729729565376,1.0,639.0,592.0,False
d:\Research\Multi-View Fusion Network\datasets\brisc2025\classification_task\test\meningioma\brisc2025_test_00435_me_co_t1.jpg,meningioma,meningioma,coronal,0.026916549,0.92183954,0.024294592,0.026949285,0.9218395352363586,True,True,0.9144654,0.8425926,0.9260204081396424,0.9992166157799697,0.9029850746044034,1.0,392.0,402.0,False
d:\Research\Multi-View Fusion Network\datasets\brisc2025\classification_task\test\meningioma\brisc2025_test_00436_me_co_t1.jpg,meningioma,meningioma,coronal,0.026770929,0.92202413,0.024984533,0.026220374,0.922024130821228,True,True,0.9502652,0.905303,0.9371727748568432,0.9994535740303977,0.9636608344419426,0.0,764.0,743.0,False
d:\Research\Multi-View Fusion Network\datasets\brisc2025\classification_task\test\meningioma\brisc2025_test_00437_me_co_t1.jpg,meningioma,meningioma,coronal,0.026341729,0.9182128,0.02795514,0.02749039,0.9182127714157104,True,True,0.8655283,0.7631579,0.9806295399278298,0.997628760323735,0.7743785850712356,2.0,413.0,523.0,False
d:\Research\Multi-View Fusion Network\datasets\brisc2025\classification_task\test\meningioma\brisc2025_test_00438_me_co_t1.jpg,meningioma,meningioma,coronal,0.026499484,0.92034197,0.026317121,0.026841344,0.920341968536377,True,True,0.9642038,0.9309123,0.9915014164212324,0.9985951910741702,0.9383378016001936,0.0,1059.0,1119.0,False
d:\Research\Multi-View Fusion Network\datasets\brisc2025\classification_task\test\meningioma\brisc2025_test_00439_me_co_t1.jpg,meningioma,meningioma,coronal,0.025894381,0.92294484,0.025111424,0.02604932,0.9229448437690735,True,True,0.9419577,0.89033455,0.9166666666578864,0.9993690466496379,0.9686234817715726,1.0,1044.0,988.0,False
d:\Research\Multi-View Fusion Network\datasets\brisc2025\classification_task\test\meningioma\brisc2025_test_00440_me_co_t1.jpg,meningioma,meningioma,coronal,0.025850125,0.91997266,0.02784817,0.026329055,0.9199726581573486,True,True,0.89285713,0.80701756,0.8404907974944483,0.9998600363903386,0.9513888888228201,1.0,163.0,144.0,False
d:\Research\Multi-View Fusion Network\datasets\brisc2025\classification_task\test\meningioma\brisc2025_test_00441_me_co_t1.jpg,meningioma,meningioma,coronal,0.02602689,0.91914964,0.027651949,0.027171563,0.91914963722229,True,True,0.9672489,0.9366197,0.992526158430605,0.9991920334496134,0.9431818181684207,0.0,669.0,704.0,False
d:\Research\Multi-View Fusion Network\datasets\brisc2025\classification_task\test\meningioma\brisc2025_test_00442_me_co_t1.jpg,meningioma,meningioma,coronal,0.025862448,0.9187113,0.027810626,0.027615676,0.9187113046646118,True,True,0.9371069,0.88171065,0.9089201877848928,0.9993280527781965,0.9670329670233063,1.0,1065.0,1001.0,False
d:\Research\Multi-View Fusion Network\datasets\brisc2025\classification_task\test\meningioma\brisc2025_test_00443_me_co_t1.jpg,meningioma,meningioma,coronal,0.026269833,0.920661,0.025986657,0.027082603,0.9206609725952148,True,True,0.95598084,0.9157509,0.9432892249349094,0.9996777247364393,0.9689320388161372,0.0,529.0,515.0,False
d:\Research\Multi-View Fusion Network\datasets\brisc2025\classification_task\test\meningioma\brisc2025_test_00444_me_co_t1.jpg,meningioma,meningioma,coronal,0.026521357,0.9222265,0.024478307,0.026773822,0.9222264885902405,True,True,0.8903061,0.8027523,0.8285714285319727,0.9998599047350198,0.9613259667977168,1.0,210.0,181.0,False
d:\Research\Multi-View Fusion Network\datasets\brisc2025\classification_task\test\meningioma\brisc2025_test_00445_me_co_t1.jpg,meningioma,meningioma,coronal,0.027822586,0.91806203,0.027208826,0.026906682,0.9180620312690735,True,True,0.97781336,0.95659953,0.970922308037388,0.9993121417402816,0.9847926267235725,0.0,2201.0,2170.0,False
d:\Research\Multi-View Fusion Network\datasets\brisc2025\classification_task\test\meningioma\brisc2025_test_00446_me_co_t1.jpg,meningioma,meningioma,coronal,0.0279453,0.92378074,0.023538237,0.02473578,0.9237807393074036,True,True,0.9493671,0.9036519,0.9540229884979146,0.9986110543729323,0.944715447146791,1.0,1218.0,1230.0,False
d:\Research\Multi-View Fusion Network\datasets\brisc2025\classification_task\test\meningioma\brisc2025_test_00447_me_co_t1.jpg,meningioma,meningioma,coronal,0.026235467,0.9214238,0.025769982,0.02657071,0.9214237928390503,True,True,0.971668,0.9449185,0.9704944178550998,0.99930501614795,0.972821742598139,0.0,1254.0,1251.0,False
d:\Research\Multi-View Fusion Network\datasets\brisc2025\classification_task\test\meningioma\brisc2025_test_00448_me_co_t1.jpg,meningioma,meningioma,coronal,0.028347373,0.9178718,0.026261788,0.027519014,0.9178717732429504,True,True,0.94600594,0.89761573,0.9247467438361108,0.9995756289782763,0.9681818181671488,1.0,691.0,660.0,False
d:\Research\Multi-View Fusion Network\datasets\brisc2025\classification_task\test\meningioma\brisc2025_test_00449_me_co_t1.jpg,meningioma,meningioma,coronal,0.027573755,0.91917956,0.025919566,0.027327158,0.9191795587539673,True,True,0.87281555,0.77452666,0.9393305439134031,0.997947603525092,0.8148820326530875,2.0,478.0,551.0,False
d:\Research\Multi-View Fusion Network\datasets\brisc2025\classification_task\test\meningioma\brisc2025_test_00450_me_co_t1.jpg,meningioma,meningioma,coronal,0.026429642,0.9206111,0.025950788,0.027008558,0.9206110835075378,True,True,0.96830076,0.93857145,0.9612005856445008,0.9993239090348291,0.9754829123255908,0.0,1366.0,1346.0,False
d:\Research\Multi-View Fusion Network\datasets\brisc2025\classification_task\test\meningioma\brisc2025_test_00451_me_co_t1.jpg,meningioma,meningioma,coronal,0.02847923,0.917143,0.026708739,0.02766906,0.9171429872512817,True,True,0.9319267,0.87257826,0.9582309582231104,0.9975487692777045,0.9069767441790157,1.0,1221.0,1290.0,False
d:\Research\Multi-View Fusion Network\datasets\brisc2025\classification_task\test\meningioma\brisc2025_test_00452_me_co_t1.jpg,meningioma,meningioma,coronal,0.025675727,0.9208258,0.026658969,0.026839452,0.9208257794380188,True,True,0.9516129,0.90784985,0.9430604981870797,0.999779537027558,0.960144927501444,0.0,281.0,276.0,False
d:\Research\Multi-View Fusion Network\datasets\brisc2025\classification_task\test\meningioma\brisc2025_test_00453_me_co_t1.jpg,meningioma,meningioma,coronal,0.02725475,0.9180889,0.027297603,0.027358616,0.9180889129638672,True,True,0.9633401,0.9293194,0.9699042407528057,0.9993528162602894,0.956815114696939,0.0,731.0,741.0,False
d:\Research\Multi-View Fusion Network\datasets\brisc2025\classification_task\test\meningioma\brisc2025_test_00454_me_co_t1.jpg,meningioma,meningioma,coronal,0.026917264,0.92105734,0.025476296,0.026549105,0.9210573434829712,True,True,0.86001384,0.7545565,0.7701863353941591,0.9996556683071035,0.9733124018685508,4.236663934044209,805.0,637.0,False
d:\Research\Multi-View Fusion Network\datasets\brisc2025\classification_task\test\meningioma\brisc2025_test_00455_me_co_t1.jpg,meningioma,meningioma,coronal,0.033852607,0.81944865,0.1098792,0.036819562,0.8194486498832703,True,True,0.7624039,0.61625284,0.9429065743781504,0.9938102342834402,0.6396713614948395,5.830951894845301,578.0,852.0,False
d:\Research\Multi-View Fusion Network\datasets\brisc2025\classification_task\test\meningioma\brisc2025_test_00456_me_co_t1.jpg,meningioma,meningioma,coronal,0.027195351,0.9217325,0.024971662,0.026100475,0.921732485294342,True,True,0.9403846,0.8876812,0.9420849420485681,0.9996794679165416,0.9384615384254438,1.0,259.0,260.0,False
d:\Research\Multi-View Fusion Network\datasets\brisc2025\classification_task\test\meningioma\brisc2025_test_00457_me_co_t1.jpg,meningioma,meningioma,coronal,0.02620498,0.92176986,0.025864115,0.026161052,0.9217698574066162,True,True,0.9542936,0.9126984,0.9322493224679607,0.9998393800066256,0.9772727272449638,0.0,369.0,352.0,False
d:\Research\Multi-View Fusion Network\datasets\brisc2025\classification_task\test\meningioma\brisc2025_test_00458_me_co_t1.jpg,meningioma,meningioma,coronal,0.026551347,0.92004883,0.026997438,0.026402295,0.9200488328933716,True,True,0.964199,0.9309133,0.971848225202303,0.9992706497293302,0.9566265060125707,0.0,817.0,830.0,False
d:\Research\Multi-View Fusion Network\datasets\brisc2025\classification_task\test\meningioma\brisc2025_test_00459_me_co_t1.jpg,meningioma,meningioma,coronal,0.027198255,0.92002636,0.02647723,0.026298188,0.9200263619422913,True,True,0.9195864,0.8512221,0.9999999999875,0.9971646143873548,0.8510638297781802,1.0,800.0,940.0,False
d:\Research\Multi-View Fusion Network\datasets\brisc2025\classification_task\test\meningioma\brisc2025_test_00460_me_co_t1.jpg,meningioma,meningioma,coronal,0.026599359,0.9174744,0.028825367,0.02710079,0.9174743890762329,True,True,0.9298246,0.8690909,0.929687499963684,0.9996394230767229,0.929687499963684,1.0,256.0,256.0,False
d:\Research\Multi-View Fusion Network\datasets\brisc2025\classification_task\test\meningioma\brisc2025_test_00461_me_co_t1.jpg,meningioma,meningioma,coronal,0.026567547,0.9197573,0.026830472,0.026844656,0.9197573065757751,True,True,0.97951144,0.9598559,0.9789915966335138,0.9992127941661835,0.9800210304890641,0.0,1904.0,1902.0,False
d:\Research\Multi-View Fusion Network\datasets\brisc2025\classification_task\test\meningioma\brisc2025_test_00462_me_co_t1.jpg,meningioma,meningioma,coronal,0.026472056,0.9208617,0.026085904,0.02658035,0.9208617210388184,True,True,0.9460687,0.89768445,0.9328107502747324,0.9985534201279194,0.9596774193493107,1.0,1786.0,1736.0,False
d:\Research\Multi-View Fusion Network\datasets\brisc2025\classification_task\test\meningioma\brisc2025_test_00463_me_co_t1.jpg,meningioma,meningioma,coronal,0.026430586,0.92059237,0.025813727,0.027163329,0.9205923676490784,True,True,0.8985944,0.81602913,0.824723247217256,0.9998791151224967,0.9867549668656346,1.4142135623730951,542.0,453.0,False
d:\Research\Multi-View Fusion Network\datasets\brisc2025\classification_task\test\meningioma\brisc2025_test_00464_me_co_t1.jpg,meningioma,meningioma,coronal,0.027912753,0.91666436,0.027916484,0.027506487,0.9166643619537354,True,True,0.97975594,0.9603261,0.9740761169278871,0.9994623989411329,0.9854910714230721,0.0,1813.0,1792.0,False
d:\Research\Multi-View Fusion Network\datasets\brisc2025\classification_task\test\meningioma\brisc2025_test_00465_me_co_t1.jpg,meningioma,meningioma,coronal,0.026810693,0.9192847,0.026364826,0.027539779,0.9192847013473511,True,True,0.97776955,0.95652175,0.9799405646286781,0.9993241859510549,0.9755917159691155,0.0,1346.0,1352.0,False
d:\Research\Multi-View Fusion Network\datasets\brisc2025\classification_task\test\meningioma\brisc2025_test_00466_me_co_t1.jpg,meningioma,meningioma,coronal,0.027672868,0.888251,0.054355863,0.029720282,0.888251006603241,True,True,0.9203036,0.85263157,0.9565217390926276,0.9993790437271399,0.8864468864144158,1.0,253.0,273.0,False
d:\Research\Multi-View Fusion Network\datasets\brisc2025\classification_task\test\meningioma\brisc2025_test_00467_me_co_t1.jpg,meningioma,meningioma,coronal,0.026064252,0.92131925,0.02588905,0.026727408,0.9213192462921143,True,True,0.9117853,0.8379074,0.8618711385663642,0.9986432895009396,0.9677898909763737,2.23606797749979,2266.0,2018.0,False
d:\Research\Multi-View Fusion Network\datasets\brisc2025\classification_task\test\meningioma\brisc2025_test_00468_me_co_t1.jpg,meningioma,meningioma,coronal,0.02687872,0.9197204,0.026559593,0.026841288,0.9197204113006592,True,True,0.9814258,0.9635389,0.9729144095288575,0.9996275605212085,0.9900771775028111,0.0,1846.0,1814.0,False
d:\Research\Multi-View Fusion Network\datasets\brisc2025\classification_task\test\meningioma\brisc2025_test_00469_me_co_t1.jpg,meningioma,meningioma,coronal,0.026446944,0.9209396,0.026458712,0.026154695,0.9209396243095398,True,True,0.97923684,0.95934063,0.9721293199445693,0.9997564885649061,0.9864253393553571,0.0,897.0,884.0,False
d:\Research\Multi-View Fusion Network\datasets\brisc2025\classification_task\test\meningioma\brisc2025_test_00470_me_co_t1.jpg,meningioma,meningioma,coronal,0.026052434,0.9206323,0.026256178,0.027059093,0.9206323027610779,True,True,0.92419356,0.8592814,0.8909657320594715,0.9997593019755291,0.9597315435919553,1.0,321.0,298.0,False
d:\Research\Multi-View Fusion Network\datasets\brisc2025\classification_task\test\meningioma\brisc2025_test_00471_me_co_t1.jpg,meningioma,meningioma,coronal,0.027200926,0.9189529,0.026421268,0.027424956,0.9189528822898865,True,True,0.47081217,0.3084577,0.31302876480011793,0.9997781587171525,0.9438775509722511,20.0,591.0,196.0,False
d:\Research\Multi-View Fusion Network\datasets\brisc2025\classification_task\test\meningioma\brisc2025_test_00472_me_co_t1.jpg,meningioma,meningioma,coronal,0.025947515,0.921418,0.024848126,0.027786314,0.9214180111885071,True,True,0.9696838,0.9411765,0.9523404255238099,0.9997142915448666,0.9876434245279114,0.0,1175.0,1133.0,False
d:\Research\Multi-View Fusion Network\datasets\brisc2025\classification_task\test\meningioma\brisc2025_test_00473_me_co_t1.jpg,meningioma,meningioma,coronal,0.026074734,0.92202336,0.025920965,0.02598097,0.922023355960846,True,True,0.9781043,0.957159,0.979226774374038,0.9991742873065255,0.9769717904376686,0.0,1733.0,1737.0,False
d:\Research\Multi-View Fusion Network\datasets\brisc2025\classification_task\test\meningioma\brisc2025_test_00474_me_co_t1.jpg,meningioma,meningioma,coronal,0.026696833,0.919779,0.026823722,0.026700476,0.9197790026664734,True,True,0.97175366,0.9450801,0.9786561264744771,0.9990799615626345,0.964925954785932,0.0,1265.0,1283.0,False
d:\Research\Multi-View Fusion Network\datasets\brisc2025\classification_task\test\meningioma\brisc2025_test_00475_me_co_t1.jpg,meningioma,meningioma,coronal,0.026249746,0.920455,0.026048558,0.02724674,0.9204549789428711,True,True,0.9642401,0.9310345,0.9666666666418803,0.9996987104806573,0.9617346938530169,0.0,390.0,392.0,False
d:\Research\Multi-View Fusion Network\datasets\brisc2025\classification_task\test\meningioma\brisc2025_test_00476_me_co_t1.jpg,meningioma,meningioma,coronal,0.028810725,0.9158723,0.029216684,0.02610023,0.9158722758293152,True,True,0.97527474,0.95178574,0.974358974341129,0.9997380616560549,0.9761467889729147,0.0,546.0,545.0,False
d:\Research\Multi-View Fusion Network\datasets\brisc2025\classification_task\test\meningioma\brisc2025_test_00477_me_co_t1.jpg,meningioma,meningioma,coronal,0.02720424,0.91818935,0.027382022,0.027224397,0.9181893467903137,True,True,0.97831553,0.9575646,0.9936143039527867,0.9987862579714054,0.9634674922540962,0.0,1566.0,1615.0,False
d:\Research\Multi-View Fusion Network\datasets\brisc2025\classification_task\test\meningioma\brisc2025_test_00478_me_sa_t1.jpg,meningioma,meningioma,sagittal,0.023598885,0.91856045,0.027413107,0.030427624,0.9185604453086853,True,True,0.9729653,0.94736844,0.9584969153058974,0.9995660529413346,0.9878612716705905,0.0,1783.0,1730.0,False
d:\Research\Multi-View Fusion Network\datasets\brisc2025\classification_task\test\meningioma\brisc2025_test_00479_me_sa_t1.jpg,meningioma,meningioma,sagittal,0.025758721,0.9238789,0.023826716,0.026535723,0.9238789081573486,True,True,0.978535,0.9579832,0.9769560557289553,0.9992341130198719,0.9801075268764511,0.0,1866.0,1860.0,False
d:\Research\Multi-View Fusion Network\datasets\brisc2025\classification_task\test\meningioma\brisc2025_test_00480_me_sa_t1.jpg,meningioma,meningioma,sagittal,0.026452892,0.9210639,0.026138123,0.026345056,0.9210638999938965,True,True,0.960936,0.9248232,0.9275578790107261,0.9998315718554467,0.9967897271228059,0.0,2678.0,2492.0,False
d:\Research\Multi-View Fusion Network\datasets\brisc2025\classification_task\test\meningioma\brisc2025_test_00481_me_sa_t1.jpg,meningioma,meningioma,sagittal,0.026539642,0.9181014,0.028123388,0.02723554,0.9181013703346252,True,True,0.95621336,0.91612524,0.9597523219754814,0.9984143654370795,0.9526736324465109,0.0,1615.0,1627.0,False
d:\Research\Multi-View Fusion Network\datasets\brisc2025\classification_task\test\meningioma\brisc2025_test_00482_me_sa_t1.jpg,meningioma,meningioma,sagittal,0.026543213,0.91891736,0.027717082,0.026822384,0.9189173579216003,True,True,0.9462303,0.8980044,0.9120631341498077,0.9997159609647184,0.9829890643865979,1.0,887.0,823.0,False
d:\Research\Multi-View Fusion Network\datasets\brisc2025\classification_task\test\meningioma\brisc2025_test_00483_me_sa_t1.jpg,meningioma,meningioma,sagittal,0.02625131,0.9223821,0.025118886,0.02624777,0.922382116317749,True,True,0.91780823,0.848249,0.9819413092329132,0.9985924838636321,0.8613861385968042,1.0,443.0,505.0,False
d:\Research\Multi-View Fusion Network\datasets\brisc2025\classification_task\test\meningioma\brisc2025_test_00484_me_sa_t1.jpg,meningioma,meningioma,sagittal,0.027057674,0.91921914,0.025607767,0.028115464,0.9192191362380981,True,True,0.9648807,0.9321739,0.9596774193462395,0.9993273542598861,0.9701086956433868,0.0,1116.0,1104.0,False
d:\Research\Multi-View Fusion Network\datasets\brisc2025\classification_task\test\meningioma\brisc2025_test_00485_me_sa_t1.jpg,meningioma,meningioma,sagittal,0.027228456,0.918433,0.02758049,0.026758133,0.9184330105781555,True,True,0.9747191,0.95071197,0.9633333333226296,0.9997564737395488,0.986348122855673,0.0,900.0,879.0,False
d:\Research\Multi-View Fusion Network\datasets\brisc2025\classification_task\test\meningioma\brisc2025_test_00486_me_sa_t1.jpg,meningioma,meningioma,sagittal,0.02647938,0.9182024,0.028075336,0.027242875,0.9182024002075195,True,True,0.9591588,0.9215457,0.9539114614860285,0.9988047890862821,0.9644389944759998,0.0,1649.0,1631.0,False
d:\Research\Multi-View Fusion Network\datasets\brisc2025\classification_task\test\meningioma\brisc2025_test_00487_me_sa_t1.jpg,meningioma,meningioma,sagittal,0.025841538,0.920163,0.02668527,0.02731027,0.9201629757881165,True,True,0.9562937,0.91629463,0.95682613767845,0.9992295058697461,0.9557109556998169,0.0,857.0,858.0,False
d:\Research\Multi-View Fusion Network\datasets\brisc2025\classification_task\test\meningioma\brisc2025_test_00488_me_sa_t1.jpg,meningioma,meningioma,sagittal,0.02827721,0.91426706,0.029875388,0.027580356,0.9142670631408691,True,True,0.97607553,0.953279,0.9703186381450445,0.9991437819774462,0.9818904593596207,0.0,2291.0,2264.0,False
d:\Research\Multi-View Fusion Network\datasets\brisc2025\classification_task\test\meningioma\brisc2025_test_00489_me_sa_t1.jpg,meningioma,meningioma,sagittal,0.02656508,0.91953146,0.027084768,0.02681869,0.9195314645767212,True,True,0.9704663,0.9426559,0.9619732785101545,0.9995935207200782,0.9790794978977083,0.0,973.0,956.0,False
d:\Research\Multi-View Fusion Network\datasets\brisc2025\classification_task\test\meningioma\brisc2025_test_00490_me_sa_t1.jpg,meningioma,meningioma,sagittal,0.027980616,0.919588,0.026117316,0.026313975,0.919588029384613,True,True,0.97016704,0.94208497,0.9553291535975289,0.9996319018402864,0.985448666119762,0.0,1276.0,1237.0,False
d:\Research\Multi-View Fusion Network\datasets\brisc2025\classification_task\test\meningioma\brisc2025_test_00491_me_sa_t1.jpg,meningioma,meningioma,sagittal,0.026670113,0.9202852,0.026222588,0.026822006,0.9202852249145508,True,True,0.9677512,0.93753487,0.9801633605543748,0.9983904915189225,0.9556313993119703,0.0,1714.0,1758.0,False
d:\Research\Multi-View Fusion Network\datasets\brisc2025\classification_task\test\meningioma\brisc2025_test_00492_me_sa_t1.jpg,meningioma,meningioma,sagittal,0.026650295,0.9206473,0.025823863,0.026878519,0.9206473231315613,True,True,0.97241056,0.9463148,0.9602771362542251,0.9993334860758994,0.9848413074325683,0.0,2165.0,2111.0,False
d:\Research\Multi-View Fusion Network\datasets\brisc2025\classification_task\test\meningioma\brisc2025_test_00493_me_sa_t1.jpg,meningioma,meningioma,sagittal,0.027404746,0.92028856,0.02546312,0.026843548,0.9202885627746582,True,True,0.96684647,0.93582886,0.9493540051655056,0.9987906534788151,0.984986595171622,0.0,3870.0,3730.0,False
d:\Research\Multi-View Fusion Network\datasets\brisc2025\classification_task\test\meningioma\brisc2025_test_00494_me_sa_t1.jpg,meningioma,meningioma,sagittal,0.026842453,0.9207391,0.02595945,0.026459038,0.9207391142845154,True,True,0.9785888,0.95809525,0.9738372092928893,0.9996540778119406,0.9833659491097518,0.0,1032.0,1022.0,False
d:\Research\Multi-View Fusion Network\datasets\brisc2025\classification_task\test\meningioma\brisc2025_test_00495_me_sa_t1.jpg,meningioma,meningioma,sagittal,0.02733031,0.9191968,0.026279919,0.027192999,0.9191967844963074,True,True,0.9325359,0.8736559,0.9502439024297538,0.9981689080586361,0.915413533825983,1.0,1025.0,1064.0,False
d:\Research\Multi-View Fusion Network\datasets\brisc2025\classification_task\test\meningioma\brisc2025_test_00496_me_sa_t1.jpg,meningioma,meningioma,sagittal,0.02752366,0.9185532,0.02690002,0.02702305,0.9185531735420227,True,True,0.9250828,0.86066204,0.9530716723468169,0.9974287813237701,0.8986323411029877,1.0,1172.0,1243.0,False
d:\Research\Multi-View Fusion Network\datasets\brisc2025\classification_task\test\meningioma\brisc2025_test_00497_me_sa_t1.jpg,meningioma,meningioma,sagittal,0.026090154,0.9230977,0.025013803,0.025798278,0.9230977296829224,True,True,0.96243167,0.92763156,0.9287598944468501,0.9999797644580922,0.9985815602695236,0.0,758.0,705.0,False
d:\Research\Multi-View Fusion Network\datasets\brisc2025\classification_task\test\meningioma\brisc2025_test_00498_me_sa_t1.jpg,meningioma,meningioma,sagittal,0.026594829,0.91958594,0.026774302,0.027044924,0.9195859432220459,True,True,0.983036,0.9666475,0.9694171956089475,0.9998967859131351,0.9970326409436379,0.0,1733.0,1685.0,False
d:\Research\Multi-View Fusion Network\datasets\brisc2025\classification_task\test\meningioma\brisc2025_test_00499_me_sa_t1.jpg,meningioma,meningioma,sagittal,0.028155258,0.91846913,0.026696412,0.02667927,0.9184691309928894,True,True,0.9520256,0.9085366,0.9158110882768827,0.999919499285355,0.9911111110890864,0.0,487.0,450.0,False
d:\Research\Multi-View Fusion Network\datasets\brisc2025\classification_task\test\meningioma\brisc2025_test_00500_me_sa_t1.jpg,meningioma,meningioma,sagittal,0.027212828,0.920143,0.026116543,0.0265277,0.9201430082321167,True,True,0.85406697,0.74583334,0.8855721392594242,0.9992396198097051,0.8240740740359225,1.4142135623730951,201.0,216.0,False
d:\Research\Multi-View Fusion Network\datasets\brisc2025\classification_task\test\meningioma\brisc2025_test_00501_me_sa_t1.jpg,meningioma,meningioma,sagittal,0.027518678,0.9194438,0.026916986,0.026120493,0.9194437861442566,True,True,0.9703143,0.94237286,0.9509132419982772,0.9998377281945234,0.9904875148514806,0.0,876.0,841.0,False
d:\Research\Multi-View Fusion Network\datasets\brisc2025\classification_task\test\meningioma\brisc2025_test_00502_me_sa_t1.jpg,meningioma,meningioma,sagittal,0.026663156,0.9208378,0.025742372,0.026756577,0.9208378195762634,True,True,0.94127244,0.8892308,0.9350649350345758,0.9996791529636241,0.9473684210214681,1.0,308.0,304.0,False
d:\Research\Multi-View Fusion Network\datasets\brisc2025\classification_task\test\meningioma\brisc2025_test_00503_me_sa_t1.jpg,meningioma,meningioma,sagittal,0.027258283,0.9187297,0.027997209,0.026014747,0.9187297224998474,True,True,0.9332298,0.875,0.9374999999707031,0.9995386713733554,0.9287925696306875,1.0,320.0,323.0,False
d:\Research\Multi-View Fusion Network\datasets\brisc2025\classification_task\test\meningioma\brisc2025_test_00504_me_sa_t1.jpg,meningioma,meningioma,sagittal,0.028500553,0.92091924,0.024828983,0.025751315,0.9209192395210266,True,True,0.9241803,0.8593156,0.892857142821712,0.9997996955370163,0.9574468084698958,1.0,252.0,235.0,False
d:\Research\Multi-View Fusion Network\datasets\brisc2025\classification_task\test\meningioma\brisc2025_test_00505_me_sa_t1.jpg,meningioma,meningioma,sagittal,0.026986133,0.9193613,0.026493479,0.027159108,0.9193612933158875,True,True,0.9600737,0.92325854,0.9713930348137886,0.9991493154012397,0.9489671931840952,0.0,804.0,823.0,False
d:\Research\Multi-View Fusion Network\datasets\brisc2025\classification_task\test\meningioma\brisc2025_test_00506_me_sa_t1.jpg,meningioma,meningioma,sagittal,0.027776057,0.91906637,0.02653248,0.026625121,0.9190663695335388,True,True,0.94484997,0.8955453,0.9494290375049033,0.999253475374574,0.9402261712287524,1.0,613.0,619.0,False
d:\Research\Multi-View Fusion Network\datasets\brisc2025\classification_task\test\meningioma\brisc2025_test_00507_me_sa_t1.jpg,meningioma,meningioma,sagittal,0.032100208,0.9236195,0.023567969,0.020712378,0.9236195087432861,True,True,0.957877,0.91922456,0.9709401709235737,0.9993345566733886,0.9450915141273695,0.0,585.0,601.0,False
d:\Research\Multi-View Fusion Network\datasets\brisc2025\classification_task\test\meningioma\brisc2025_test_00508_me_sa_t1.jpg,meningioma,meningioma,sagittal,0.027376931,0.91616577,0.030038,0.026419317,0.9161657691001892,True,True,0.9667984,0.9357798,0.974481658676643,0.999475266907304,0.9591836734543299,0.0,627.0,637.0,False
d:\Research\Multi-View Fusion Network\datasets\brisc2025\classification_task\test\meningioma\brisc2025_test_00509_me_sa_t1.jpg,meningioma,meningioma,sagittal,0.027096499,0.9202143,0.026241666,0.026447605,0.9202142953872681,True,True,0.9513633,0.9073034,0.9110169491396749,0.9999393547341716,0.9953703703550097,0.0,708.0,648.0,False
d:\Research\Multi-View Fusion Network\datasets\brisc2025\classification_task\test\meningioma\brisc2025_test_00510_me_sa_t1.jpg,meningioma,meningioma,sagittal,0.027124695,0.9196557,0.026244577,0.026975017,0.9196556806564331,True,True,0.9745935,0.95046234,0.9749152542306786,0.9992197285474633,0.9742547425408249,0.0,1475.0,1476.0,False
d:\Research\Multi-View Fusion Network\datasets\brisc2025\classification_task\test\meningioma\brisc2025_test_00511_me_sa_t1.jpg,meningioma,meningioma,sagittal,0.026111566,0.9217817,0.025482308,0.026624419,0.9217817187309265,True,True,0.9746032,0.9504863,0.9675675675588509,0.9995923857659073,0.9817184643420319,0.0,1110.0,1094.0,False
d:\Research\Multi-View Fusion Network\datasets\brisc2025\classification_task\test\meningioma\brisc2025_test_00512_me_sa_t1.jpg,meningioma,meningioma,sagittal,0.027577719,0.92123413,0.025231058,0.025957068,0.921234130859375,True,True,0.9423256,0.8910369,0.956521739112353,0.9992144540453605,0.9284403669554414,1.0,529.0,545.0,False
d:\Research\Multi-View Fusion Network\datasets\brisc2025\classification_task\test\meningioma\brisc2025_test_00513_me_sa_t1.jpg,meningioma,meningioma,sagittal,0.026707686,0.91818744,0.028841365,0.026263552,0.9181874394416809,True,True,0.9203297,0.8527919,0.9488636363097236,0.9995999999998001,0.8930481282944893,1.0,176.0,187.0,False
d:\Research\Multi-View Fusion Network\datasets\brisc2025\classification_task\test\meningioma\brisc2025_test_00514_me_sa_t1.jpg,meningioma,meningioma,sagittal,0.026194181,0.92073685,0.026639571,0.026429411,0.9207368493080139,True,True,0.97930616,0.9594756,0.9769137302432939,0.9996960671081799,0.9816849816729953,0.0,823.0,819.0,False
d:\Research\Multi-View Fusion Network\datasets\brisc2025\classification_task\test\meningioma\brisc2025_test_00515_me_sa_t1.jpg,meningioma,meningioma,sagittal,0.02709457,0.91688013,0.02869411,0.027331168,0.9168801307678223,True,True,0.98152924,0.9637437,0.9836347975798138,0.9995103539730696,0.9794168095970891,0.0,1161.0,1166.0,False
d:\Research\Multi-View Fusion Network\datasets\brisc2025\classification_task\test\meningioma\brisc2025_test_00516_me_sa_t1.jpg,meningioma,meningioma,sagittal,0.026043613,0.9219057,0.025681656,0.026368983,0.9219056963920593,True,True,0.97085494,0.9433962,0.965206185554572,0.9996356275301621,0.9765319426209057,0.0,776.0,767.0,False
d:\Research\Multi-View Fusion Network\datasets\brisc2025\classification_task\test\meningioma\brisc2025_test_00517_me_sa_t1.jpg,meningioma,meningioma,sagittal,0.026751317,0.9209611,0.024976416,0.027311165,0.9209610819816589,True,True,0.86392814,0.76072234,0.819512195101963,0.9993569907163528,0.9130434782360586,3.2287687024627107,410.0,368.0,False
d:\Research\Multi-View Fusion Network\datasets\brisc2025\classification_task\test\meningioma\brisc2025_test_00518_me_sa_t1.jpg,meningioma,meningioma,sagittal,0.027310815,0.92050934,0.026274066,0.025905836,0.9205093383789062,True,True,0.97763944,0.9562669,0.978762696209701,0.9989377213078529,0.9765085214142032,0.0,2166.0,2171.0,False
d:\Research\Multi-View Fusion Network\datasets\brisc2025\classification_task\test\meningioma\brisc2025_test_00519_me_sa_t1.jpg,meningioma,meningioma,sagittal,0.026287021,0.92109406,0.026124114,0.026494753,0.9210940599441528,True,True,0.97047436,0.94266915,0.9579349904306126,0.9996539792385509,0.983316977419202,0.0,1046.0,1019.0,False
d:\Research\Multi-View Fusion Network\datasets\brisc2025\classification_task\test\meningioma\brisc2025_test_00520_me_sa_t1.jpg,meningioma,meningioma,sagittal,0.026491283,0.9227211,0.025032824,0.025754752,0.9227210879325867,True,True,0.9558719,0.91553134,0.9477401129809642,0.9994946227862458,0.9640804597562632,0.0,708.0,696.0,False
d:\Research\Multi-View Fusion Network\datasets\brisc2025\classification_task\test\meningioma\brisc2025_test_00521_me_sa_t1.jpg,meningioma,meningioma,sagittal,0.026927192,0.91953987,0.027497442,0.02603555,0.9195398688316345,True,True,0.86513156,0.7630058,0.9562043794922478,0.9993005455742523,0.7891566264584845,1.3727922061357762,137.0,166.0,False
d:\Research\Multi-View Fusion Network\datasets\brisc2025\classification_task\test\meningioma\brisc2025_test_00522_me_sa_t1.jpg,meningioma,meningioma,sagittal,0.027185896,0.91985565,0.02598326,0.026975239,0.9198556542396545,True,True,0.9338843,0.8761062,0.9059633027315146,0.9996984318453962,0.9634146341228436,1.0,436.0,410.0,False
d:\Research\Multi-View Fusion Network\datasets\brisc2025\classification_task\test\meningioma\brisc2025_test_00523_me_sa_t1.jpg,meningioma,meningioma,sagittal,0.026555836,0.9199039,0.026416723,0.027123543,0.9199038743972778,True,True,0.9270687,0.86422974,0.9677419354554914,0.9991772850404337,0.8894878705959707,1.0,341.0,371.0,False
d:\Research\Multi-View Fusion Network\datasets\brisc2025\classification_task\test\meningioma\brisc2025_test_00524_me_sa_t1.jpg,meningioma,meningioma,sagittal,0.027872108,0.9185376,0.026258543,0.027331775,0.9185376167297363,True,True,0.9507476,0.9061453,0.976506024090503,0.9973410833537396,0.9262857142804213,0.0,1660.0,1750.0,False
d:\Research\Multi-View Fusion Network\datasets\brisc2025\classification_task\test\meningioma\brisc2025_test_00525_me_sa_t1.jpg,meningioma,meningioma,sagittal,0.026997345,0.91939884,0.026431076,0.027172681,0.919398844242096,True,True,0.9627944,0.9282766,0.9453207150318332,0.9992749720344287,0.9809056191981402,0.0,1902.0,1833.0,False
d:\Research\Multi-View Fusion Network\datasets\brisc2025\classification_task\test\meningioma\brisc2025_test_00526_me_sa_t1.jpg,meningioma,meningioma,sagittal,0.027112866,0.9206726,0.025418524,0.026796058,0.920672595500946,True,True,0.82494277,0.70233464,0.9651474530572346,0.9971889243617861,0.7199999999855999,2.23606797749979,373.0,500.0,False
d:\Research\Multi-View Fusion Network\datasets\brisc2025\classification_task\test\meningioma\brisc2025_test_00527_me_sa_t1.jpg,meningioma,meningioma,sagittal,0.026379302,0.9176232,0.02883162,0.027165832,0.9176232218742371,True,True,0.927305,0.8646865,0.8877551020106206,0.9998396215065556,0.970260223012258,1.0,294.0,269.0,False
d:\Research\Multi-View Fusion Network\datasets\brisc2025\classification_task\test\meningioma\brisc2025_test_00528_me_sa_t1.jpg,meningioma,meningioma,sagittal,0.028266013,0.91905695,0.025969563,0.02670748,0.9190569519996643,True,True,0.93557584,0.87901497,0.9050772626831669,0.9994519991879441,0.9681227862931745,1.0,906.0,847.0,False
d:\Research\Multi-View Fusion Network\datasets\brisc2025\classification_task\test\meningioma\brisc2025_test_00529_me_sa_t1.jpg,meningioma,meningioma,sagittal,0.026252085,0.92217976,0.025532788,0.026035372,0.9221797585487366,True,True,0.95678335,0.9171908,0.9347593582787727,0.9996344509654558,0.9798206277917061,0.0,935.0,892.0,False
d:\Research\Multi-View Fusion Network\datasets\brisc2025\classification_task\test\meningioma\brisc2025_test_00530_me_sa_t1.jpg,meningioma,meningioma,sagittal,0.026163772,0.92094195,0.026122574,0.026771668,0.920941948890686,True,True,0.9854413,0.9713262,0.9890310785925223,0.9997985049062041,0.9818511796555017,0.0,547.0,551.0,False
d:\Research\Multi-View Fusion Network\datasets\brisc2025\classification_task\test\meningioma\brisc2025_test_00531_me_sa_t1.jpg,meningioma,meningioma,sagittal,0.028939636,0.9174641,0.0274608,0.026135476,0.9174640774726868,True,True,0.95901144,0.9212963,0.9464285714173044,0.9995338089830956,0.9718826405749158,0.0,840.0,818.0,False
d:\Research\Multi-View Fusion Network\datasets\brisc2025\classification_task\test\meningioma\brisc2025_test_00532_me_sa_t1.jpg,meningioma,meningioma,sagittal,0.02686455,0.9193925,0.02701804,0.026724877,0.9193925261497498,True,True,0.96458775,0.93163264,0.9691817215624954,0.9992281913271049,0.9599999999898947,0.0,941.0,950.0,False
d:\Research\Multi-View Fusion Network\datasets\brisc2025\classification_task\test\meningioma\brisc2025_test_00533_me_sa_t1.jpg,meningioma,meningioma,sagittal,0.41543394,0.45619816,0.09572351,0.032644358,0.45619815587997437,True,True,0.93256706,0.8737446,0.9790660225285175,0.9984865301178493,0.8901903367366004,1.0,621.0,683.0,False
d:\Research\Multi-View Fusion Network\datasets\brisc2025\classification_task\test\meningioma\brisc2025_test_00534_me_sa_t1.jpg,meningioma,meningioma,sagittal,0.030482171,0.9203105,0.024832068,0.024375243,0.9203104972839355,True,True,0.9685,0.93895346,0.9807497466972568,0.9991054910648725,0.9565217391209829,0.0,987.0,1012.0,False
d:\Research\Multi-View Fusion Network\datasets\brisc2025\classification_task\test\meningioma\brisc2025_test_00535_me_sa_t1.jpg,meningioma,meningioma,sagittal,0.026444418,0.92011386,0.027128946,0.026312811,0.9201138615608215,True,True,0.95087004,0.90643275,0.9626556016397789,0.9993963053887795,0.9392712550417152,0.0,482.0,494.0,False
d:\Research\Multi-View Fusion Network\datasets\brisc2025\classification_task\test\meningioma\brisc2025_test_00536_me_sa_t1.jpg,meningioma,meningioma,sagittal,0.029143527,0.9184529,0.026749898,0.025653584,0.9184529185295105,True,True,0.9723866,0.9462687,0.9792494481192969,0.9983511093483756,0.9656073138834759,0.0,2265.0,2297.0,False
d:\Research\Multi-View Fusion Network\datasets\brisc2025\classification_task\test\meningioma\brisc2025_test_00537_me_sa_t1.jpg,meningioma,meningioma,sagittal,0.027515894,0.9183885,0.027184363,0.026911315,0.9183884859085083,True,True,0.9775102,0.9560195,0.9632781012048219,0.9996454122601841,0.9921586715821396,0.0,2233.0,2168.0,False
d:\Research\Multi-View Fusion Network\datasets\brisc2025\classification_task\test\meningioma\brisc2025_test_00538_me_sa_t1.jpg,meningioma,meningioma,sagittal,0.02579778,0.9242836,0.023638917,0.026279647,0.9242836236953735,True,True,0.8947368,0.8096515,0.9694533761902017,0.9975178593047994,0.8305785123852537,3.0,622.0,726.0,False
d:\Research\Multi-View Fusion Network\datasets\brisc2025\classification_task\test\meningioma\brisc2025_test_00539_me_sa_t1.jpg,meningioma,meningioma,sagittal,0.02797411,0.9187718,0.026026294,0.02722776,0.9187718033790588,True,True,0.9437063,0.89344805,0.941381716671728,0.9984202859895783,0.9460028050424545,1.0,1433.0,1426.0,False
d:\Research\Multi-View Fusion Network\datasets\brisc2025\classification_task\test\meningioma\brisc2025_test_00540_me_sa_t1.jpg,meningioma,meningioma,sagittal,0.02708701,0.9181633,0.02744501,0.027304744,0.9181632995605469,True,True,0.9829134,0.9664065,0.9796971782485214,0.9991537973342502,0.9861447869726839,0.0,2906.0,2887.0,False
d:\Research\Multi-View Fusion Network\datasets\brisc2025\classification_task\test\meningioma\brisc2025_test_00541_me_sa_t1.jpg,meningioma,meningioma,sagittal,0.02754589,0.9187703,0.026542293,0.027141487,0.9187703132629395,True,True,0.8848804,0.7936047,0.9061461793944673,0.9965082087721563,0.8645007923861767,2.0,1204.0,1262.0,False
d:\Research\Multi-View Fusion Network\datasets\brisc2025\classification_task\test\meningioma\brisc2025_test_00542_me_sa_t1.jpg,meningioma,meningioma,sagittal,0.026340509,0.91787106,0.02885744,0.02693104,0.9178710579872131,True,True,0.9134276,0.84090906,0.8486842104983985,0.9999398460055743,0.988505747088563,1.0,304.0,261.0,False
d:\Research\Multi-View Fusion Network\datasets\brisc2025\classification_task\test\meningioma\brisc2025_test_00543_me_sa_t1.jpg,meningioma,meningioma,sagittal,0.027565317,0.9209345,0.024987988,0.02651215,0.9209344983100891,True,True,0.9093695,0.8338684,0.9999999999903662,0.9957873743333071,0.8337349397523396,1.4142135623730951,1038.0,1245.0,False
d:\Research\Multi-View Fusion Network\datasets\brisc2025\classification_task\test\meningioma\brisc2025_test_00544_me_sa_t1.jpg,meningioma,meningioma,sagittal,0.025889281,0.92235994,0.026589194,0.025161669,0.9223599433898926,True,True,0.92389005,0.85882354,0.9437229436820899,0.999539493442587,0.9045643153151632,1.0,231.0,241.0,False
d:\Research\Multi-View Fusion Network\datasets\brisc2025\classification_task\test\meningioma\brisc2025_test_00545_me_sa_t1.jpg,meningioma,meningioma,sagittal,0.02701781,0.91768086,0.028088868,0.027212545,0.9176808595657349,True,True,0.96495324,0.93231046,0.9791271347155681,0.9989210537028218,0.9511520737239526,0.0,1054.0,1085.0,False
d:\Research\Multi-View Fusion Network\datasets\brisc2025\classification_task\test\meningioma\brisc2025_test_00546_me_sa_t1.jpg,meningioma,meningioma,sagittal,0.027118701,0.92099816,0.025511008,0.026372138,0.9209981560707092,True,True,0.96558243,0.93347955,0.9868522815082225,0.9984861812898148,0.9451851851781838,0.0,1293.0,1350.0,False
d:\Research\Multi-View Fusion Network\datasets\brisc2025\classification_task\test\meningioma\brisc2025_test_00547_me_sa_t1.jpg,meningioma,meningioma,sagittal,0.027643489,0.91903836,0.026480218,0.026837975,0.9190383553504944,True,True,0.9848485,0.97015876,0.9838917525709802,0.999547548535497,0.9857972885669091,0.0,1552.0,1549.0,False
d:\Research\Multi-View Fusion Network\datasets\brisc2025\classification_task\test\meningioma\brisc2025_test_00548_me_sa_t1.jpg,meningioma,meningioma,sagittal,0.026648836,0.92161816,0.025776671,0.025956318,0.9216181635856628,True,True,0.9561856,0.91609085,0.9747634069298132,0.9987607922801425,0.9382591093022443,0.0,951.0,988.0,False
d:\Research\Multi-View Fusion Network\datasets\brisc2025\classification_task\test\meningioma\brisc2025_test_00549_me_sa_t1.jpg,meningioma,meningioma,sagittal,0.026918786,0.9193374,0.026812814,0.026930965,0.9193373918533325,True,True,0.9777448,0.95647967,0.9929648241106235,0.9992273438927637,0.9629629629535774,0.0,995.0,1026.0,False
d:\Research\Multi-View Fusion Network\datasets\brisc2025\classification_task\test\meningioma\brisc2025_test_00550_me_sa_t1.jpg,meningioma,meningioma,sagittal,0.026742099,0.92000306,0.027151585,0.026103243,0.9200030565261841,True,True,0.9207373,0.85324234,0.9039855072300003,0.9993349991937371,0.937969924794399,1.0,552.0,532.0,False
d:\Research\Multi-View Fusion Network\datasets\brisc2025\classification_task\test\meningioma\brisc2025_test_00551_me_sa_t1.jpg,meningioma,meningioma,sagittal,0.027380552,0.91823506,0.027483901,0.026900392,0.9182350635528564,True,True,0.9860491,0.9724972,0.9932508436333718,0.9996145028098689,0.9789356984370406,0.0,889.0,902.0,False
d:\Research\Multi-View Fusion Network\datasets\brisc2025\classification_task\test\meningioma\brisc2025_test_00552_me_sa_t1.jpg,meningioma,meningioma,sagittal,0.05775124,0.55820787,0.35357365,0.030467257,0.5582078695297241,True,True,0.9286927,0.8670886,0.9161073825195937,0.9996591683706244,0.9413793103123662,1.0,298.0,290.0,False
d:\Research\Multi-View Fusion Network\datasets\brisc2025\classification_task\test\meningioma\brisc2025_test_00553_me_sa_t1.jpg,meningioma,meningioma,sagittal,0.02632418,0.921082,0.026371049,0.026222825,0.9210820198059082,True,True,0.9696468,0.9411135,0.9616648411723805,0.9995940157925828,0.9777282850670631,0.0,913.0,898.0,False
d:\Research\Multi-View Fusion Network\datasets\brisc2025\classification_task\test\meningioma\brisc2025_test_00554_me_sa_t1.jpg,meningioma,meningioma,sagittal,0.026252422,0.9192564,0.027471958,0.027019182,0.9192563891410828,True,True,0.9856878,0.97178686,0.99199573105127,0.9991925800171838,0.9794520547893601,0.0,1874.0,1898.0,False
d:\Research\Multi-View Fusion Network\datasets\brisc2025\classification_task\test\meningioma\brisc2025_test_00555_me_sa_t1.jpg,meningioma,meningioma,sagittal,0.027724897,0.91884243,0.027495971,0.025936637,0.9188424348831177,True,True,0.9617108,0.92627454,0.9719934102061616,0.9987745598625468,0.9516129032181322,0.0,1214.0,1240.0,False
d:\Research\Multi-View Fusion Network\datasets\brisc2025\classification_task\test\meningioma\brisc2025_test_00556_me_sa_t1.jpg,meningioma,meningioma,sagittal,0.026687745,0.91895086,0.02751691,0.026844546,0.9189508557319641,True,True,0.9470486,0.8995058,0.9819819819642887,0.9989722093466479,0.9144295301859995,1.0,555.0,596.0,False
d:\Research\Multi-View Fusion Network\datasets\brisc2025\classification_task\test\meningioma\brisc2025_test_00557_me_sa_t1.jpg,meningioma,meningioma,sagittal,0.026904006,0.9196453,0.026796775,0.02665397,0.9196453094482422,True,True,0.96879065,0.9395466,0.9867374005043306,0.999618466234061,0.9514066495920356,0.0,377.0,391.0,False
d:\Research\Multi-View Fusion Network\datasets\brisc2025\classification_task\test\meningioma\brisc2025_test_00558_me_sa_t1.jpg,meningioma,meningioma,sagittal,0.026002096,0.9238733,0.025541272,0.024583248,0.9238733053207397,True,True,0.91855204,0.85,0.9999999999009902,0.9996405391910136,0.8487394957269967,1.0,101.0,119.0,False
d:\Research\Multi-View Fusion Network\datasets\brisc2025\classification_task\test\meningioma\brisc2025_test_00559_me_sa_t1.jpg,meningioma,meningioma,sagittal,0.026465386,0.91930526,0.02753452,0.026694825,0.9193052649497986,True,True,0.8297389,0.7093023,0.9999999999726027,0.9969886169719546,0.708737864063908,3.0081138830084115,365.0,515.0,False
d:\Research\Multi-View Fusion Network\datasets\brisc2025\classification_task\test\meningioma\brisc2025_test_00560_me_sa_t1.jpg,meningioma,meningioma,sagittal,0.026614306,0.9192827,0.027376719,0.026726335,0.9192826747894287,True,True,0.96957767,0.9409722,0.9720028714933813,0.9990570485617943,0.967142857135949,0.0,1393.0,1400.0,False
d:\Research\Multi-View Fusion Network\datasets\brisc2025\classification_task\test\no_tumor\brisc2025_test_00561_no_ax_t1.jpg,no_tumor,no_tumor,axial,0.019390406,0.020655425,0.01972221,0.9402319,0.9402319192886353,True,True,1.0,1.0,0.0,0.9999999999998007,0.0,0.0,0.0,0.0,False
d:\Research\Multi-View Fusion Network\datasets\brisc2025\classification_task\test\no_tumor\brisc2025_test_00562_no_ax_t1.jpg,no_tumor,no_tumor,axial,0.020065272,0.020734278,0.019712472,0.93948793,0.9394879341125488,True,True,1.0,1.0,0.0,0.9999999999998007,0.0,0.0,0.0,0.0,False
d:\Research\Multi-View Fusion Network\datasets\brisc2025\classification_task\test\no_tumor\brisc2025_test_00563_no_ax_t1.jpg,no_tumor,no_tumor,axial,0.019416418,0.020791207,0.01941659,0.9403758,0.940375804901123,True,True,1.0,1.0,0.0,0.9999999999998007,0.0,0.0,0.0,0.0,False
d:\Research\Multi-View Fusion Network\datasets\brisc2025\classification_task\test\no_tumor\brisc2025_test_00564_no_ax_t1.jpg,no_tumor,no_tumor,axial,0.01900535,0.020424874,0.020001099,0.94056875,0.940568745136261,True,True,1.0,1.0,0.0,0.9999999999998007,0.0,0.0,0.0,0.0,False
d:\Research\Multi-View Fusion Network\datasets\brisc2025\classification_task\test\no_tumor\brisc2025_test_00565_no_ax_t1.jpg,no_tumor,no_tumor,axial,0.019868383,0.020797096,0.019976255,0.93935823,0.9393582344055176,True,True,1.0,1.0,0.0,0.9999999999998007,0.0,0.0,0.0,0.0,False
d:\Research\Multi-View Fusion Network\datasets\brisc2025\classification_task\test\no_tumor\brisc2025_test_00566_no_ax_t1.jpg,no_tumor,no_tumor,axial,0.019779578,0.020853342,0.019734574,0.93963253,0.9396325349807739,True,True,1.0,1.0,0.0,0.9999999999998007,0.0,0.0,0.0,0.0,False
d:\Research\Multi-View Fusion Network\datasets\brisc2025\classification_task\test\no_tumor\brisc2025_test_00567_no_ax_t1.jpg,no_tumor,no_tumor,axial,0.019559097,0.020462576,0.019945867,0.9400324,0.940032422542572,True,True,1.0,1.0,0.0,0.9999999999998007,0.0,0.0,0.0,0.0,False
d:\Research\Multi-View Fusion Network\datasets\brisc2025\classification_task\test\no_tumor\brisc2025_test_00568_no_ax_t1.jpg,no_tumor,no_tumor,axial,0.01984093,0.021385139,0.02007586,0.9386981,0.9386981129646301,True,True,1.0,1.0,0.0,0.9999999999998007,0.0,0.0,0.0,0.0,False
d:\Research\Multi-View Fusion Network\datasets\brisc2025\classification_task\test\no_tumor\brisc2025_test_00569_no_ax_t1.jpg,no_tumor,no_tumor,axial,0.019499002,0.020481236,0.020131161,0.93988866,0.9398886561393738,True,True,1.0,1.0,0.0,0.9999999999998007,0.0,0.0,0.0,0.0,False
d:\Research\Multi-View Fusion Network\datasets\brisc2025\classification_task\test\no_tumor\brisc2025_test_00570_no_ax_t1.jpg,no_tumor,no_tumor,axial,0.019549115,0.020893993,0.020230642,0.9393262,0.9393262267112732,True,True,1.0,1.0,0.0,0.9999999999998007,0.0,0.0,0.0,0.0,False
d:\Research\Multi-View Fusion Network\datasets\brisc2025\classification_task\test\no_tumor\brisc2025_test_00571_no_ax_t1.jpg,no_tumor,no_tumor,axial,0.019785281,0.020893516,0.020203207,0.939118,0.9391180276870728,True,True,1.0,1.0,0.0,0.9999999999998007,0.0,0.0,0.0,0.0,False
d:\Research\Multi-View Fusion Network\datasets\brisc2025\classification_task\test\no_tumor\brisc2025_test_00572_no_ax_t1.jpg,no_tumor,no_tumor,axial,0.01950547,0.020951567,0.020332292,0.93921065,0.9392106533050537,True,True,1.0,1.0,0.0,0.9999999999998007,0.0,0.0,0.0,0.0,False
d:\Research\Multi-View Fusion Network\datasets\brisc2025\classification_task\test\no_tumor\brisc2025_test_00573_no_ax_t1.jpg,no_tumor,no_tumor,axial,0.020070463,0.021017095,0.020198483,0.93871397,0.9387139678001404,True,True,1.0,1.0,0.0,0.9999999999998007,0.0,0.0,0.0,0.0,False
d:\Research\Multi-View Fusion Network\datasets\brisc2025\classification_task\test\no_tumor\brisc2025_test_00574_no_ax_t1.jpg,no_tumor,no_tumor,axial,0.019547785,0.020847257,0.020182936,0.9394221,0.939422070980072,True,True,1.0,1.0,0.0,0.9999999999998007,0.0,0.0,0.0,0.0,False
d:\Research\Multi-View Fusion Network\datasets\brisc2025\classification_task\test\no_tumor\brisc2025_test_00575_no_ax_t1.jpg,no_tumor,no_tumor,axial,0.01951742,0.020517211,0.020241324,0.9397241,0.9397240877151489,True,True,1.0,1.0,0.0,0.9999999999998007,0.0,0.0,0.0,0.0,False
d:\Research\Multi-View Fusion Network\datasets\brisc2025\classification_task\test\no_tumor\brisc2025_test_00576_no_ax_t1.jpg,no_tumor,no_tumor,axial,0.019598898,0.020576144,0.020238392,0.93958664,0.9395866394042969,True,True,1.0,1.0,0.0,0.9999999999998007,0.0,0.0,0.0,0.0,False
d:\Research\Multi-View Fusion Network\datasets\brisc2025\classification_task\test\no_tumor\brisc2025_test_00577_no_ax_t1.jpg,no_tumor,no_tumor,axial,0.020212153,0.021077821,0.020110473,0.9385996,0.9385995864868164,True,True,1.0,1.0,0.0,0.9999999999998007,0.0,0.0,0.0,0.0,False
d:\Research\Multi-View Fusion Network\datasets\brisc2025\classification_task\test\no_tumor\brisc2025_test_00578_no_ax_t1.jpg,no_tumor,no_tumor,axial,0.019860381,0.0207621,0.019968487,0.93940896,0.9394089579582214,True,True,1.0,1.0,0.0,0.9999999999998007,0.0,0.0,0.0,0.0,False
d:\Research\Multi-View Fusion Network\datasets\brisc2025\classification_task\test\no_tumor\brisc2025_test_00579_no_ax_t1.jpg,no_tumor,no_tumor,axial,0.019548532,0.020507758,0.02020591,0.9397378,0.9397377967834473,True,True,1.0,1.0,0.0,0.9999999999998007,0.0,0.0,0.0,0.0,False
d:\Research\Multi-View Fusion Network\datasets\brisc2025\classification_task\test\no_tumor\brisc2025_test_00580_no_ax_t1.jpg,no_tumor,no_tumor,axial,0.019344132,0.020288792,0.019988976,0.9403782,0.9403781890869141,True,True,1.0,1.0,0.0,0.9999999999998007,0.0,0.0,0.0,0.0,False
d:\Research\Multi-View Fusion Network\datasets\brisc2025\classification_task\test\no_tumor\brisc2025_test_00581_no_ax_t1.jpg,no_tumor,no_tumor,axial,0.019544417,0.020355955,0.02008192,0.9400177,0.9400177001953125,True,True,1.0,1.0,0.0,0.9999999999998007,0.0,0.0,0.0,0.0,False
d:\Research\Multi-View Fusion Network\datasets\brisc2025\classification_task\test\no_tumor\brisc2025_test_00582_no_ax_t1.jpg,no_tumor,no_tumor,axial,0.01965674,0.020692388,0.019754302,0.9398966,0.9398965835571289,True,True,1.0,1.0,0.0,0.9999999999998007,0.0,0.0,0.0,0.0,False
d:\Research\Multi-View Fusion Network\datasets\brisc2025\classification_task\test\no_tumor\brisc2025_test_00583_no_ax_t1.jpg,no_tumor,no_tumor,axial,0.019759743,0.02095646,0.019932562,0.9393512,0.9393512010574341,True,True,1.0,1.0,0.0,0.9999999999998007,0.0,0.0,0.0,0.0,False
d:\Research\Multi-View Fusion Network\datasets\brisc2025\classification_task\test\no_tumor\brisc2025_test_00584_no_ax_t1.jpg,no_tumor,no_tumor,axial,0.019375583,0.020575957,0.019738918,0.9403096,0.9403095841407776,True,True,1.0,1.0,0.0,0.9999999999998007,0.0,0.0,0.0,0.0,False
d:\Research\Multi-View Fusion Network\datasets\brisc2025\classification_task\test\no_tumor\brisc2025_test_00585_no_ax_t1.jpg,no_tumor,no_tumor,axial,0.019503765,0.020245228,0.019602194,0.9406488,0.9406487941741943,True,True,1.0,1.0,0.0,0.9999999999998007,0.0,0.0,0.0,0.0,False
d:\Research\Multi-View Fusion Network\datasets\brisc2025\classification_task\test\no_tumor\brisc2025_test_00586_no_ax_t1.jpg,no_tumor,no_tumor,axial,0.019508377,0.020724636,0.019889975,0.939877,0.9398769736289978,True,True,1.0,1.0,0.0,0.9999999999998007,0.0,0.0,0.0,0.0,False
d:\Research\Multi-View Fusion Network\datasets\brisc2025\classification_task\test\no_tumor\brisc2025_test_00587_no_ax_t1.jpg,no_tumor,no_tumor,axial,0.019514771,0.020647163,0.01988675,0.93995136,0.9399513602256775,True,True,1.0,1.0,0.0,0.9999999999998007,0.0,0.0,0.0,0.0,False
d:\Research\Multi-View Fusion Network\datasets\brisc2025\classification_task\test\no_tumor\brisc2025_test_00588_no_ax_t1.jpg,no_tumor,no_tumor,axial,0.019261373,0.020684207,0.019690746,0.94036365,0.9403636455535889,True,True,1.0,1.0,0.0,0.9999999999998007,0.0,0.0,0.0,0.0,False
d:\Research\Multi-View Fusion Network\datasets\brisc2025\classification_task\test\no_tumor\brisc2025_test_00589_no_ax_t1.jpg,no_tumor,no_tumor,axial,0.019495567,0.021171626,0.02069616,0.93863666,0.9386366605758667,True,True,1.0,1.0,0.0,0.9999999999998007,0.0,0.0,0.0,0.0,False
d:\Research\Multi-View Fusion Network\datasets\brisc2025\classification_task\test\no_tumor\brisc2025_test_00590_no_ax_t1.jpg,no_tumor,no_tumor,axial,0.020492876,0.021966701,0.020782031,0.9367584,0.9367583990097046,True,True,1.0,1.0,0.0,0.9999999999998007,0.0,0.0,0.0,0.0,False
d:\Research\Multi-View Fusion Network\datasets\brisc2025\classification_task\test\no_tumor\brisc2025_test_00591_no_ax_t1.jpg,no_tumor,no_tumor,axial,0.019366652,0.020839047,0.020249972,0.9395443,0.9395443201065063,True,True,1.0,1.0,0.0,0.9999999999998007,0.0,0.0,0.0,0.0,False
d:\Research\Multi-View Fusion Network\datasets\brisc2025\classification_task\test\no_tumor\brisc2025_test_00592_no_ax_t1.jpg,no_tumor,no_tumor,axial,0.020529453,0.02090663,0.020286696,0.9382773,0.9382773041725159,True,True,1.0,1.0,0.0,0.9999999999998007,0.0,0.0,0.0,0.0,False
d:\Research\Multi-View Fusion Network\datasets\brisc2025\classification_task\test\no_tumor\brisc2025_test_00593_no_ax_t1.jpg,no_tumor,no_tumor,axial,0.020029986,0.021239173,0.02014689,0.938584,0.93858402967453,True,True,1.0,1.0,0.0,0.9999999999998007,0.0,0.0,0.0,0.0,False
d:\Research\Multi-View Fusion Network\datasets\brisc2025\classification_task\test\no_tumor\brisc2025_test_00594_no_ax_t1.jpg,no_tumor,no_tumor,axial,0.021734407,0.02365666,0.022378417,0.9322305,0.9322304725646973,True,True,1.0,1.0,0.0,0.9999999999998007,0.0,0.0,0.0,0.0,False
d:\Research\Multi-View Fusion Network\datasets\brisc2025\classification_task\test\no_tumor\brisc2025_test_00595_no_ax_t1.jpg,no_tumor,no_tumor,axial,0.019893978,0.02090257,0.02040122,0.9388022,0.938802182674408,True,True,1.0,1.0,0.0,0.9999999999998007,0.0,0.0,0.0,0.0,False
d:\Research\Multi-View Fusion Network\datasets\brisc2025\classification_task\test\no_tumor\brisc2025_test_00596_no_ax_t1.jpg,no_tumor,no_tumor,axial,0.019501774,0.020607982,0.019837089,0.9400532,0.9400532245635986,True,True,1.0,1.0,0.0,0.9999999999998007,0.0,0.0,0.0,0.0,False
d:\Research\Multi-View Fusion Network\datasets\brisc2025\classification_task\test\no_tumor\brisc2025_test_00597_no_ax_t1.jpg,no_tumor,no_tumor,axial,0.020422485,0.021163486,0.020224664,0.93818945,0.9381894469261169,True,True,1.0,1.0,0.0,0.9999999999998007,0.0,0.0,0.0,0.0,False
d:\Research\Multi-View Fusion Network\datasets\brisc2025\classification_task\test\no_tumor\brisc2025_test_00598_no_ax_t1.jpg,no_tumor,no_tumor,axial,0.019749025,0.021058524,0.020832991,0.93835944,0.9383594393730164,True,True,1.0,1.0,0.0,0.9999999999998007,0.0,0.0,0.0,0.0,False
d:\Research\Multi-View Fusion Network\datasets\brisc2025\classification_task\test\no_tumor\brisc2025_test_00599_no_ax_t1.jpg,no_tumor,no_tumor,axial,0.020070767,0.020930685,0.019891435,0.9391071,0.9391071200370789,True,True,1.0,1.0,0.0,0.9999999999998007,0.0,0.0,0.0,0.0,False
d:\Research\Multi-View Fusion Network\datasets\brisc2025\classification_task\test\no_tumor\brisc2025_test_00600_no_ax_t1.jpg,no_tumor,no_tumor,axial,0.019344546,0.020926952,0.019956429,0.9397721,0.9397721290588379,True,True,1.0,1.0,0.0,0.9999999999998007,0.0,0.0,0.0,0.0,False
d:\Research\Multi-View Fusion Network\datasets\brisc2025\classification_task\test\no_tumor\brisc2025_test_00601_no_ax_t1.jpg,no_tumor,no_tumor,axial,0.02037562,0.020680672,0.01939538,0.9395484,0.9395483732223511,True,True,1.0,1.0,0.0,0.9999999999998007,0.0,0.0,0.0,0.0,False
d:\Research\Multi-View Fusion Network\datasets\brisc2025\classification_task\test\no_tumor\brisc2025_test_00602_no_ax_t1.jpg,no_tumor,no_tumor,axial,0.020103471,0.020272437,0.01934816,0.94027597,0.9402759671211243,True,True,1.0,1.0,0.0,0.9999999999998007,0.0,0.0,0.0,0.0,False
d:\Research\Multi-View Fusion Network\datasets\brisc2025\classification_task\test\no_tumor\brisc2025_test_00603_no_ax_t1.jpg,no_tumor,no_tumor,axial,0.020154541,0.02109244,0.020335909,0.9384172,0.9384171962738037,True,True,1.0,1.0,0.0,0.9999999999998007,0.0,0.0,0.0,0.0,False
d:\Research\Multi-View Fusion Network\datasets\brisc2025\classification_task\test\no_tumor\brisc2025_test_00604_no_ax_t1.jpg,no_tumor,no_tumor,axial,0.020555466,0.020041604,0.020739447,0.9386634,0.9386634230613708,True,True,1.0,1.0,0.0,0.9999999999998007,0.0,0.0,0.0,0.0,False
d:\Research\Multi-View Fusion Network\datasets\brisc2025\classification_task\test\no_tumor\brisc2025_test_00605_no_ax_t1.jpg,no_tumor,no_tumor,axial,0.020198323,0.020826329,0.019947462,0.93902785,0.9390278458595276,True,True,1.0,1.0,0.0,0.9999999999998007,0.0,0.0,0.0,0.0,False
d:\Research\Multi-View Fusion Network\datasets\brisc2025\classification_task\test\no_tumor\brisc2025_test_00606_no_ax_t1.jpg,no_tumor,no_tumor,axial,0.020674745,0.021587335,0.02088908,0.93684894,0.9368489384651184,True,True,1.0,1.0,0.0,0.9999999999998007,0.0,0.0,0.0,0.0,False
d:\Research\Multi-View Fusion Network\datasets\brisc2025\classification_task\test\no_tumor\brisc2025_test_00607_no_ax_t1.jpg,no_tumor,no_tumor,axial,0.02008497,0.020725846,0.019505013,0.9396841,0.9396840929985046,True,True,1.0,1.0,0.0,0.9999999999998007,0.0,0.0,0.0,0.0,False
d:\Research\Multi-View Fusion Network\datasets\brisc2025\classification_task\test\no_tumor\brisc2025_test_00608_no_ax_t1.jpg,no_tumor,no_tumor,axial,0.019449314,0.020651741,0.01961436,0.9402846,0.9402846097946167,True,True,1.0,1.0,0.0,0.9999999999998007,0.0,0.0,0.0,0.0,False
d:\Research\Multi-View Fusion Network\datasets\brisc2025\classification_task\test\no_tumor\brisc2025_test_00609_no_ax_t1.jpg,no_tumor,no_tumor,axial,0.020519935,0.021158515,0.0200791,0.93824244,0.9382424354553223,True,True,1.0,1.0,0.0,0.9999999999998007,0.0,0.0,0.0,0.0,False
d:\Research\Multi-View Fusion Network\datasets\brisc2025\classification_task\test\no_tumor\brisc2025_test_00610_no_ax_t1.jpg,no_tumor,no_tumor,axial,0.019606957,0.020818293,0.020119399,0.93945533,0.9394553303718567,True,True,1.0,1.0,0.0,0.9999999999998007,0.0,0.0,0.0,0.0,False
d:\Research\Multi-View Fusion Network\datasets\brisc2025\classification_task\test\no_tumor\brisc2025_test_00611_no_ax_t1.jpg,no_tumor,no_tumor,axial,0.020824809,0.020385845,0.019456208,0.9393332,0.9393332004547119,True,True,1.0,1.0,0.0,0.9999999999998007,0.0,0.0,0.0,0.0,False
d:\Research\Multi-View Fusion Network\datasets\brisc2025\classification_task\test\no_tumor\brisc2025_test_00612_no_ax_t1.jpg,no_tumor,no_tumor,axial,0.019748658,0.020935215,0.02020453,0.93911153,0.9391115307807922,True,True,1.0,1.0,0.0,0.9999999999998007,0.0,0.0,0.0,0.0,False
d:\Research\Multi-View Fusion Network\datasets\brisc2025\classification_task\test\no_tumor\brisc2025_test_00613_no_co_t1.jpg,no_tumor,no_tumor,coronal,0.019928243,0.020108754,0.019429948,0.9405331,0.9405331015586853,True,True,1.0,1.0,0.0,0.9999999999998007,0.0,0.0,0.0,0.0,False
d:\Research\Multi-View Fusion Network\datasets\brisc2025\classification_task\test\no_tumor\brisc2025_test_00614_no_co_t1.jpg,no_tumor,no_tumor,coronal,0.0203272,0.020734547,0.020376278,0.938562,0.9385619759559631,True,True,1.0,1.0,0.0,0.9999999999998007,0.0,0.0,0.0,0.0,False
d:\Research\Multi-View Fusion Network\datasets\brisc2025\classification_task\test\no_tumor\brisc2025_test_00615_no_co_t1.jpg,no_tumor,no_tumor,coronal,0.020335156,0.020018669,0.019926764,0.9397194,0.9397193789482117,True,True,1.0,1.0,0.0,0.9999999999998007,0.0,0.0,0.0,0.0,False
d:\Research\Multi-View Fusion Network\datasets\brisc2025\classification_task\test\no_tumor\brisc2025_test_00616_no_co_t1.jpg,no_tumor,no_tumor,coronal,0.020038266,0.020506084,0.019838896,0.93961674,0.9396167397499084,True,True,1.0,1.0,0.0,0.9999999999998007,0.0,0.0,0.0,0.0,False
d:\Research\Multi-View Fusion Network\datasets\brisc2025\classification_task\test\no_tumor\brisc2025_test_00617_no_co_t1.jpg,no_tumor,no_tumor,coronal,0.020042907,0.020296684,0.019187491,0.9404729,0.9404729008674622,True,True,1.0,1.0,0.0,0.9999999999998007,0.0,0.0,0.0,0.0,False
d:\Research\Multi-View Fusion Network\datasets\brisc2025\classification_task\test\no_tumor\brisc2025_test_00618_no_co_t1.jpg,no_tumor,no_tumor,coronal,0.019765405,0.020075925,0.01970651,0.9404522,0.9404522180557251,True,True,1.0,1.0,0.0,0.9999999999998007,0.0,0.0,0.0,0.0,False
d:\Research\Multi-View Fusion Network\datasets\brisc2025\classification_task\test\no_tumor\brisc2025_test_00619_no_co_t1.jpg,no_tumor,no_tumor,coronal,0.020183068,0.02025891,0.019843701,0.9397143,0.9397143125534058,True,True,1.0,1.0,0.0,0.9999999999998007,0.0,0.0,0.0,0.0,False
d:\Research\Multi-View Fusion Network\datasets\brisc2025\classification_task\test\no_tumor\brisc2025_test_00620_no_co_t1.jpg,no_tumor,no_tumor,coronal,0.02013631,0.020364992,0.019699523,0.9397992,0.9397991895675659,True,True,1.0,1.0,0.0,0.9999999999998007,0.0,0.0,0.0,0.0,False
d:\Research\Multi-View Fusion Network\datasets\brisc2025\classification_task\test\no_tumor\brisc2025_test_00621_no_co_t1.jpg,no_tumor,no_tumor,coronal,0.019898774,0.020254638,0.019708581,0.94013804,0.940138041973114,True,True,1.0,1.0,0.0,0.9999999999998007,0.0,0.0,0.0,0.0,False
d:\Research\Multi-View Fusion Network\datasets\brisc2025\classification_task\test\no_tumor\brisc2025_test_00622_no_co_t1.jpg,no_tumor,no_tumor,coronal,0.019595305,0.020014243,0.019635187,0.94075525,0.9407552480697632,True,True,1.0,1.0,0.0,0.9999999999998007,0.0,0.0,0.0,0.0,False
d:\Research\Multi-View Fusion Network\datasets\brisc2025\classification_task\test\no_tumor\brisc2025_test_00623_no_co_t1.jpg,no_tumor,no_tumor,coronal,0.019943565,0.020223608,0.019662308,0.94017047,0.9401704668998718,True,True,1.0,1.0,0.0,0.9999999999998007,0.0,0.0,0.0,0.0,False
d:\Research\Multi-View Fusion Network\datasets\brisc2025\classification_task\test\no_tumor\brisc2025_test_00624_no_co_t1.jpg,no_tumor,no_tumor,coronal,0.02031926,0.020506147,0.019778704,0.9393959,0.9393959045410156,True,True,1.0,1.0,0.0,0.9999999999998007,0.0,0.0,0.0,0.0,False
d:\Research\Multi-View Fusion Network\datasets\brisc2025\classification_task\test\no_tumor\brisc2025_test_00625_no_co_t1.jpg,no_tumor,no_tumor,coronal,0.020157821,0.020233551,0.019556426,0.9400523,0.9400522708892822,True,True,1.0,1.0,0.0,0.9999999999998007,0.0,0.0,0.0,0.0,False
d:\Research\Multi-View Fusion Network\datasets\brisc2025\classification_task\test\no_tumor\brisc2025_test_00626_no_co_t1.jpg,no_tumor,no_tumor,coronal,0.019263731,0.020073215,0.019529676,0.9411334,0.9411333799362183,True,True,1.0,1.0,0.0,0.9999999999998007,0.0,0.0,0.0,0.0,False
d:\Research\Multi-View Fusion Network\datasets\brisc2025\classification_task\test\no_tumor\brisc2025_test_00627_no_co_t1.jpg,no_tumor,no_tumor,coronal,0.020120684,0.020563064,0.019976739,0.9393395,0.9393395185470581,True,True,1.0,1.0,0.0,0.9999999999998007,0.0,0.0,0.0,0.0,False
d:\Research\Multi-View Fusion Network\datasets\brisc2025\classification_task\test\no_tumor\brisc2025_test_00628_no_co_t1.jpg,no_tumor,no_tumor,coronal,0.02023147,0.02064703,0.019545348,0.9395762,0.9395762085914612,True,True,1.0,1.0,0.0,0.9999999999998007,0.0,0.0,0.0,0.0,False
d:\Research\Multi-View Fusion Network\datasets\brisc2025\classification_task\test\no_tumor\brisc2025_test_00629_no_co_t1.jpg,no_tumor,no_tumor,coronal,0.019829938,0.020337686,0.019963419,0.93986887,0.9398688673973083,True,True,1.0,1.0,0.0,0.9999999999998007,0.0,0.0,0.0,0.0,False
d:\Research\Multi-View Fusion Network\datasets\brisc2025\classification_task\test\no_tumor\brisc2025_test_00630_no_co_t1.jpg,no_tumor,no_tumor,coronal,0.020564375,0.020911044,0.020212794,0.9383118,0.9383118152618408,True,True,1.0,1.0,0.0,0.9999999999998007,0.0,0.0,0.0,0.0,False
d:\Research\Multi-View Fusion Network\datasets\brisc2025\classification_task\test\no_tumor\brisc2025_test_00631_no_co_t1.jpg,no_tumor,no_tumor,coronal,0.019621717,0.020436501,0.019702649,0.9402392,0.9402391910552979,True,True,1.0,1.0,0.0,0.9999999999998007,0.0,0.0,0.0,0.0,False
d:\Research\Multi-View Fusion Network\datasets\brisc2025\classification_task\test\no_tumor\brisc2025_test_00632_no_co_t1.jpg,no_tumor,no_tumor,coronal,0.020074705,0.020606881,0.019704752,0.9396137,0.9396136999130249,True,True,1.0,1.0,0.0,0.9999999999998007,0.0,0.0,0.0,0.0,False
d:\Research\Multi-View Fusion Network\datasets\brisc2025\classification_task\test\no_tumor\brisc2025_test_00633_no_co_t1.jpg,no_tumor,no_tumor,coronal,0.020523395,0.020479945,0.020190582,0.938806,0.9388059973716736,True,True,1.0,1.0,0.0,0.9999999999998007,0.0,0.0,0.0,0.0,False
d:\Research\Multi-View Fusion Network\datasets\brisc2025\classification_task\test\no_tumor\brisc2025_test_00634_no_co_t1.jpg,no_tumor,no_tumor,coronal,0.01985047,0.020398885,0.019706814,0.9400438,0.9400438070297241,True,True,1.0,1.0,0.0,0.9999999999998007,0.0,0.0,0.0,0.0,False
d:\Research\Multi-View Fusion Network\datasets\brisc2025\classification_task\test\no_tumor\brisc2025_test_00635_no_co_t1.jpg,no_tumor,no_tumor,coronal,0.019794393,0.020676062,0.020066034,0.93946344,0.9394634366035461,True,True,1.0,1.0,0.0,0.9999999999998007,0.0,0.0,0.0,0.0,False
d:\Research\Multi-View Fusion Network\datasets\brisc2025\classification_task\test\no_tumor\brisc2025_test_00636_no_co_t1.jpg,no_tumor,no_tumor,coronal,0.01918916,0.020276124,0.019415217,0.94111943,0.9411194324493408,True,True,1.0,1.0,0.0,0.9999999999998007,0.0,0.0,0.0,0.0,False
d:\Research\Multi-View Fusion Network\datasets\brisc2025\classification_task\test\no_tumor\brisc2025_test_00637_no_co_t1.jpg,no_tumor,no_tumor,coronal,0.020215781,0.020751243,0.020258583,0.93877435,0.9387743473052979,True,True,1.0,1.0,0.0,0.9999999999998007,0.0,0.0,0.0,0.0,False
d:\Research\Multi-View Fusion Network\datasets\brisc2025\classification_task\test\no_tumor\brisc2025_test_00638_no_co_t1.jpg,no_tumor,no_tumor,coronal,0.02038077,0.02106201,0.020253705,0.93830353,0.938303530216217,True,True,1.0,1.0,0.0,0.9999999999998007,0.0,0.0,0.0,0.0,False
d:\Research\Multi-View Fusion Network\datasets\brisc2025\classification_task\test\no_tumor\brisc2025_test_00639_no_co_t1.jpg,no_tumor,no_tumor,coronal,0.019571027,0.020508861,0.02010752,0.93981254,0.9398125410079956,True,True,1.0,1.0,0.0,0.9999999999998007,0.0,0.0,0.0,0.0,False
d:\Research\Multi-View Fusion Network\datasets\brisc2025\classification_task\test\no_tumor\brisc2025_test_00640_no_co_t1.jpg,no_tumor,no_tumor,coronal,0.020423545,0.020804113,0.01970747,0.93906486,0.9390648603439331,True,True,1.0,1.0,0.0,0.9999999999998007,0.0,0.0,0.0,0.0,False
d:\Research\Multi-View Fusion Network\datasets\brisc2025\classification_task\test\no_tumor\brisc2025_test_00641_no_co_t1.jpg,no_tumor,no_tumor,coronal,0.020054383,0.02072939,0.019943165,0.9392731,0.9392731189727783,True,True,1.0,1.0,0.0,0.9999999999998007,0.0,0.0,0.0,0.0,False
d:\Research\Multi-View Fusion Network\datasets\brisc2025\classification_task\test\no_tumor\brisc2025_test_00642_no_co_t1.jpg,no_tumor,no_tumor,coronal,0.019908607,0.020647671,0.019950526,0.9394932,0.9394931793212891,True,True,1.0,1.0,0.0,0.9999999999998007,0.0,0.0,0.0,0.0,False
d:\Research\Multi-View Fusion Network\datasets\brisc2025\classification_task\test\no_tumor\brisc2025_test_00643_no_co_t1.jpg,no_tumor,no_tumor,coronal,0.020576105,0.021062251,0.020129768,0.9382318,0.9382318258285522,True,True,1.0,1.0,0.0,0.9999999999998007,0.0,0.0,0.0,0.0,False
d:\Research\Multi-View Fusion Network\datasets\brisc2025\classification_task\test\no_tumor\brisc2025_test_00644_no_co_t1.jpg,no_tumor,no_tumor,coronal,0.019774605,0.020630369,0.019743504,0.9398515,0.9398515224456787,True,True,1.0,1.0,0.0,0.9999999999998007,0.0,0.0,0.0,0.0,False
d:\Research\Multi-View Fusion Network\datasets\brisc2025\classification_task\test\no_tumor\brisc2025_test_00645_no_co_t1.jpg,no_tumor,no_tumor,coronal,0.020091567,0.020788908,0.020273544,0.93884605,0.9388460516929626,True,True,1.0,1.0,0.0,0.9999999999998007,0.0,0.0,0.0,0.0,False
d:\Research\Multi-View Fusion Network\datasets\brisc2025\classification_task\test\no_tumor\brisc2025_test_00646_no_co_t1.jpg,no_tumor,no_tumor,coronal,0.019732602,0.020212727,0.019777063,0.94027764,0.940277636051178,True,True,1.0,1.0,0.0,0.9999999999998007,0.0,0.0,0.0,0.0,False
d:\Research\Multi-View Fusion Network\datasets\brisc2025\classification_task\test\no_tumor\brisc2025_test_00647_no_co_t1.jpg,no_tumor,no_tumor,coronal,0.019887522,0.020639842,0.019896155,0.93957645,0.9395764470100403,True,True,1.0,1.0,0.0,0.9999999999998007,0.0,0.0,0.0,0.0,False
d:\Research\Multi-View Fusion Network\datasets\brisc2025\classification_task\test\no_tumor\brisc2025_test_00648_no_co_t1.jpg,no_tumor,no_tumor,coronal,0.019954626,0.0203784,0.019768462,0.9398985,0.9398984909057617,True,True,1.0,1.0,0.0,0.9999999999998007,0.0,0.0,0.0,0.0,False
d:\Research\Multi-View Fusion Network\datasets\brisc2025\classification_task\test\no_tumor\brisc2025_test_00649_no_co_t1.jpg,no_tumor,no_tumor,coronal,0.020550642,0.021028671,0.020302443,0.93811834,0.9381183385848999,True,True,1.0,1.0,0.0,0.9999999999998007,0.0,0.0,0.0,0.0,False
d:\Research\Multi-View Fusion Network\datasets\brisc2025\classification_task\test\no_tumor\brisc2025_test_00650_no_co_t1.jpg,no_tumor,no_tumor,coronal,0.019688554,0.020303814,0.019588476,0.9404191,0.94041907787323,True,True,1.0,1.0,0.0,0.9999999999998007,0.0,0.0,0.0,0.0,False
d:\Research\Multi-View Fusion Network\datasets\brisc2025\classification_task\test\no_tumor\brisc2025_test_00651_no_co_t1.jpg,no_tumor,no_tumor,coronal,0.02035382,0.020723825,0.01982487,0.9390975,0.93909752368927,True,True,1.0,1.0,0.0,0.9999999999998007,0.0,0.0,0.0,0.0,False
d:\Research\Multi-View Fusion Network\datasets\brisc2025\classification_task\test\no_tumor\brisc2025_test_00652_no_co_t1.jpg,no_tumor,no_tumor,coronal,0.019943068,0.020660821,0.019798584,0.9395976,0.9395976066589355,True,True,1.0,1.0,0.0,0.9999999999998007,0.0,0.0,0.0,0.0,False
d:\Research\Multi-View Fusion Network\datasets\brisc2025\classification_task\test\no_tumor\brisc2025_test_00653_no_co_t1.jpg,no_tumor,no_tumor,coronal,0.019896192,0.020579722,0.019704645,0.9398194,0.9398193955421448,True,True,1.0,1.0,0.0,0.9999999999998007,0.0,0.0,0.0,0.0,False
d:\Research\Multi-View Fusion Network\datasets\brisc2025\classification_task\test\no_tumor\brisc2025_test_00654_no_co_t1.jpg,no_tumor,no_tumor,coronal,0.020396546,0.020660779,0.019598339,0.9393442,0.9393442273139954,True,True,1.0,1.0,0.0,0.9999999999998007,0.0,0.0,0.0,0.0,False
d:\Research\Multi-View Fusion Network\datasets\brisc2025\classification_task\test\no_tumor\brisc2025_test_00655_no_co_t1.jpg,no_tumor,no_tumor,coronal,0.019445727,0.020329962,0.019661885,0.9405624,0.9405624270439148,True,True,1.0,1.0,0.0,0.9999999999998007,0.0,0.0,0.0,0.0,False
d:\Research\Multi-View Fusion Network\datasets\brisc2025\classification_task\test\no_tumor\brisc2025_test_00656_no_co_t1.jpg,no_tumor,no_tumor,coronal,0.019984724,0.020240618,0.019638333,0.9401363,0.9401363134384155,True,True,1.0,1.0,0.0,0.9999999999998007,0.0,0.0,0.0,0.0,False
d:\Research\Multi-View Fusion Network\datasets\brisc2025\classification_task\test\no_tumor\brisc2025_test_00657_no_co_t1.jpg,no_tumor,no_tumor,coronal,0.020315668,0.020430785,0.019549817,0.9397037,0.9397037029266357,True,True,1.0,1.0,0.0,0.9999999999998007,0.0,0.0,0.0,0.0,False
d:\Research\Multi-View Fusion Network\datasets\brisc2025\classification_task\test\no_tumor\brisc2025_test_00658_no_co_t1.jpg,no_tumor,no_tumor,coronal,0.020205887,0.020331958,0.019628925,0.93983316,0.9398331642150879,True,True,1.0,1.0,0.0,0.9999999999998007,0.0,0.0,0.0,0.0,False
d:\Research\Multi-View Fusion Network\datasets\brisc2025\classification_task\test\no_tumor\brisc2025_test_00659_no_co_t1.jpg,no_tumor,no_tumor,coronal,0.020075057,0.020260215,0.01971728,0.9399474,0.9399474263191223,True,True,1.0,1.0,0.0,0.9999999999998007,0.0,0.0,0.0,0.0,False
d:\Research\Multi-View Fusion Network\datasets\brisc2025\classification_task\test\no_tumor\brisc2025_test_00660_no_co_t1.jpg,no_tumor,no_tumor,coronal,0.020075057,0.020260215,0.01971728,0.9399474,0.9399474263191223,True,True,1.0,1.0,0.0,0.9999999999998007,0.0,0.0,0.0,0.0,False
d:\Research\Multi-View Fusion Network\datasets\brisc2025\classification_task\test\no_tumor\brisc2025_test_00661_no_sa_t1.jpg,no_tumor,no_tumor,sagittal,0.019258883,0.020022795,0.01962539,0.94109297,0.9410929679870605,True,True,1.0,1.0,0.0,0.9999999999998007,0.0,0.0,0.0,0.0,False
d:\Research\Multi-View Fusion Network\datasets\brisc2025\classification_task\test\no_tumor\brisc2025_test_00662_no_sa_t1.jpg,no_tumor,no_tumor,sagittal,0.019585852,0.020701012,0.019516036,0.9401971,0.9401971101760864,True,True,1.0,1.0,0.0,0.9999999999998007,0.0,0.0,0.0,0.0,False
d:\Research\Multi-View Fusion Network\datasets\brisc2025\classification_task\test\no_tumor\brisc2025_test_00663_no_sa_t1.jpg,no_tumor,no_tumor,sagittal,0.019626008,0.020398373,0.019904602,0.9400711,0.9400711059570312,True,True,1.0,1.0,0.0,0.9999999999998007,0.0,0.0,0.0,0.0,False
d:\Research\Multi-View Fusion Network\datasets\brisc2025\classification_task\test\no_tumor\brisc2025_test_00664_no_sa_t1.jpg,no_tumor,no_tumor,sagittal,0.020188956,0.020669729,0.019632146,0.9395092,0.9395092129707336,True,True,1.0,1.0,0.0,0.9999999999998007,0.0,0.0,0.0,0.0,False
d:\Research\Multi-View Fusion Network\datasets\brisc2025\classification_task\test\no_tumor\brisc2025_test_00665_no_sa_t1.jpg,no_tumor,no_tumor,sagittal,0.019563653,0.020242402,0.019553214,0.94064075,0.9406407475471497,True,True,1.0,1.0,0.0,0.9999999999998007,0.0,0.0,0.0,0.0,False
d:\Research\Multi-View Fusion Network\datasets\brisc2025\classification_task\test\no_tumor\brisc2025_test_00666_no_sa_t1.jpg,no_tumor,no_tumor,sagittal,0.020395393,0.020840509,0.02015261,0.93861145,0.9386114478111267,True,True,1.0,1.0,0.0,0.9999999999998007,0.0,0.0,0.0,0.0,False
d:\Research\Multi-View Fusion Network\datasets\brisc2025\classification_task\test\no_tumor\brisc2025_test_00667_no_sa_t1.jpg,no_tumor,no_tumor,sagittal,0.020507578,0.020596558,0.01993376,0.93896204,0.9389620423316956,True,True,1.0,1.0,0.0,0.9999999999998007,0.0,0.0,0.0,0.0,False
d:\Research\Multi-View Fusion Network\datasets\brisc2025\classification_task\test\no_tumor\brisc2025_test_00668_no_sa_t1.jpg,no_tumor,no_tumor,sagittal,0.020004058,0.020505022,0.019723456,0.9397675,0.9397674798965454,True,True,1.0,1.0,0.0,0.9999999999998007,0.0,0.0,0.0,0.0,False
d:\Research\Multi-View Fusion Network\datasets\brisc2025\classification_task\test\no_tumor\brisc2025_test_00669_no_sa_t1.jpg,no_tumor,no_tumor,sagittal,0.019888783,0.02079863,0.02021272,0.93909985,0.9390998482704163,True,True,1.0,1.0,0.0,0.9999999999998007,0.0,0.0,0.0,0.0,False
d:\Research\Multi-View Fusion Network\datasets\brisc2025\classification_task\test\no_tumor\brisc2025_test_00670_no_sa_t1.jpg,no_tumor,no_tumor,sagittal,0.020537702,0.02063698,0.020057427,0.93876785,0.9387678503990173,True,True,1.0,1.0,0.0,0.9999999999998007,0.0,0.0,0.0,0.0,False
d:\Research\Multi-View Fusion Network\datasets\brisc2025\classification_task\test\no_tumor\brisc2025_test_00671_no_sa_t1.jpg,no_tumor,no_tumor,sagittal,0.020416321,0.020267684,0.019608354,0.9397077,0.9397076964378357,True,True,1.0,1.0,0.0,0.9999999999998007,0.0,0.0,0.0,0.0,False
d:\Research\Multi-View Fusion Network\datasets\brisc2025\classification_task\test\no_tumor\brisc2025_test_00672_no_sa_t1.jpg,no_tumor,no_tumor,sagittal,0.020486765,0.02056234,0.019674415,0.9392764,0.939276397228241,True,True,1.0,1.0,0.0,0.9999999999998007,0.0,0.0,0.0,0.0,False
d:\Research\Multi-View Fusion Network\datasets\brisc2025\classification_task\test\no_tumor\brisc2025_test_00673_no_sa_t1.jpg,no_tumor,no_tumor,sagittal,0.021637391,0.018876672,0.018817594,0.9406683,0.9406682848930359,True,True,1.0,1.0,0.0,0.9999999999998007,0.0,0.0,0.0,0.0,False
d:\Research\Multi-View Fusion Network\datasets\brisc2025\classification_task\test\no_tumor\brisc2025_test_00674_no_sa_t1.jpg,no_tumor,no_tumor,sagittal,0.020483214,0.020379549,0.019371971,0.93976516,0.9397651553153992,True,True,1.0,1.0,0.0,0.9999999999998007,0.0,0.0,0.0,0.0,False
d:\Research\Multi-View Fusion Network\datasets\brisc2025\classification_task\test\no_tumor\brisc2025_test_00675_no_sa_t1.jpg,no_tumor,no_tumor,sagittal,0.020353371,0.020390462,0.019477049,0.93977916,0.9397791624069214,True,True,1.0,1.0,0.0,0.9999999999998007,0.0,0.0,0.0,0.0,False
d:\Research\Multi-View Fusion Network\datasets\brisc2025\classification_task\test\no_tumor\brisc2025_test_00676_no_sa_t1.jpg,no_tumor,no_tumor,sagittal,0.020127676,0.020702919,0.019586524,0.9395829,0.939582884311676,True,True,1.0,1.0,0.0,0.9999999999998007,0.0,0.0,0.0,0.0,False
d:\Research\Multi-View Fusion Network\datasets\brisc2025\classification_task\test\no_tumor\brisc2025_test_00677_no_sa_t1.jpg,no_tumor,no_tumor,sagittal,0.02005429,0.02041113,0.0197272,0.9398074,0.9398074150085449,True,True,1.0,1.0,0.0,0.9999999999998007,0.0,0.0,0.0,0.0,False
d:\Research\Multi-View Fusion Network\datasets\brisc2025\classification_task\test\no_tumor\brisc2025_test_00678_no_sa_t1.jpg,no_tumor,no_tumor,sagittal,0.020167101,0.02041657,0.019540323,0.93987596,0.9398759603500366,True,True,1.0,1.0,0.0,0.9999999999998007,0.0,0.0,0.0,0.0,False
d:\Research\Multi-View Fusion Network\datasets\brisc2025\classification_task\test\no_tumor\brisc2025_test_00679_no_sa_t1.jpg,no_tumor,no_tumor,sagittal,0.019945387,0.020422533,0.019178536,0.94045347,0.9404534697532654,True,True,1.0,1.0,0.0,0.9999999999998007,0.0,0.0,0.0,0.0,False
d:\Research\Multi-View Fusion Network\datasets\brisc2025\classification_task\test\no_tumor\brisc2025_test_00680_no_sa_t1.jpg,no_tumor,no_tumor,sagittal,0.019534146,0.020631528,0.019722685,0.9401117,0.9401116967201233,True,True,1.0,1.0,0.0,0.9999999999998007,0.0,0.0,0.0,0.0,False
d:\Research\Multi-View Fusion Network\datasets\brisc2025\classification_task\test\no_tumor\brisc2025_test_00681_no_sa_t1.jpg,no_tumor,no_tumor,sagittal,0.019909795,0.020654509,0.01919263,0.94024307,0.9402430653572083,True,True,1.0,1.0,0.0,0.9999999999998007,0.0,0.0,0.0,0.0,False
d:\Research\Multi-View Fusion Network\datasets\brisc2025\classification_task\test\no_tumor\brisc2025_test_00682_no_sa_t1.jpg,no_tumor,no_tumor,sagittal,0.019646768,0.019981973,0.019181436,0.94118977,0.9411897659301758,True,True,1.0,1.0,0.0,0.9999999999998007,0.0,0.0,0.0,0.0,False
d:\Research\Multi-View Fusion Network\datasets\brisc2025\classification_task\test\no_tumor\brisc2025_test_00683_no_sa_t1.jpg,no_tumor,no_tumor,sagittal,0.019949801,0.020119617,0.019835848,0.9400948,0.9400948286056519,True,True,1.0,1.0,0.0,0.9999999999998007,0.0,0.0,0.0,0.0,False
d:\Research\Multi-View Fusion Network\datasets\brisc2025\classification_task\test\no_tumor\brisc2025_test_00684_no_sa_t1.jpg,no_tumor,no_tumor,sagittal,0.020353163,0.020813202,0.019845812,0.9389879,0.9389879107475281,True,True,1.0,1.0,0.0,0.9999999999998007,0.0,0.0,0.0,0.0,False
d:\Research\Multi-View Fusion Network\datasets\brisc2025\classification_task\test\no_tumor\brisc2025_test_00685_no_sa_t1.jpg,no_tumor,no_tumor,sagittal,0.020030297,0.02046286,0.019235339,0.94027156,0.9402715563774109,True,True,1.0,1.0,0.0,0.9999999999998007,0.0,0.0,0.0,0.0,False
d:\Research\Multi-View Fusion Network\datasets\brisc2025\classification_task\test\no_tumor\brisc2025_test_00686_no_sa_t1.jpg,no_tumor,no_tumor,sagittal,0.020035872,0.020816999,0.019473605,0.9396735,0.9396734833717346,True,True,1.0,1.0,0.0,0.9999999999998007,0.0,0.0,0.0,0.0,False
d:\Research\Multi-View Fusion Network\datasets\brisc2025\classification_task\test\no_tumor\brisc2025_test_00687_no_sa_t1.jpg,no_tumor,no_tumor,sagittal,0.019879714,0.020619849,0.019902354,0.93959814,0.9395981431007385,True,True,1.0,1.0,0.0,0.9999999999998007,0.0,0.0,0.0,0.0,False
d:\Research\Multi-View Fusion Network\datasets\brisc2025\classification_task\test\no_tumor\brisc2025_test_00688_no_sa_t1.jpg,no_tumor,no_tumor,sagittal,0.020150049,0.020741913,0.01965642,0.93945163,0.9394516348838806,True,True,1.0,1.0,0.0,0.9999999999998007,0.0,0.0,0.0,0.0,False
d:\Research\Multi-View Fusion Network\datasets\brisc2025\classification_task\test\no_tumor\brisc2025_test_00689_no_sa_t1.jpg,no_tumor,no_tumor,sagittal,0.01954041,0.01987876,0.01961212,0.9409687,0.9409686923027039,True,True,1.0,1.0,0.0,0.9999999999998007,0.0,0.0,0.0,0.0,False
d:\Research\Multi-View Fusion Network\datasets\brisc2025\classification_task\test\no_tumor\brisc2025_test_00690_no_sa_t1.jpg,no_tumor,no_tumor,sagittal,0.020362034,0.020472545,0.019920914,0.9392445,0.9392445087432861,True,True,1.0,1.0,0.0,0.9999999999998007,0.0,0.0,0.0,0.0,False
d:\Research\Multi-View Fusion Network\datasets\brisc2025\classification_task\test\no_tumor\brisc2025_test_00691_no_sa_t1.jpg,no_tumor,no_tumor,sagittal,0.020268707,0.020404836,0.019874722,0.93945175,0.9394517540931702,True,True,1.0,1.0,0.0,0.9999999999998007,0.0,0.0,0.0,0.0,False
d:\Research\Multi-View Fusion Network\datasets\brisc2025\classification_task\test\no_tumor\brisc2025_test_00692_no_sa_t1.jpg,no_tumor,no_tumor,sagittal,0.020178158,0.020774718,0.019970126,0.939077,0.9390770196914673,True,True,1.0,1.0,0.0,0.9999999999998007,0.0,0.0,0.0,0.0,False
d:\Research\Multi-View Fusion Network\datasets\brisc2025\classification_task\test\no_tumor\brisc2025_test_00693_no_sa_t1.jpg,no_tumor,no_tumor,sagittal,0.019538043,0.02020074,0.019800117,0.94046104,0.9404610395431519,True,True,1.0,1.0,0.0,0.9999999999998007,0.0,0.0,0.0,0.0,False
d:\Research\Multi-View Fusion Network\datasets\brisc2025\classification_task\test\no_tumor\brisc2025_test_00694_no_sa_t1.jpg,no_tumor,no_tumor,sagittal,0.02075567,0.020872734,0.020219812,0.9381518,0.9381517767906189,True,True,1.0,1.0,0.0,0.9999999999998007,0.0,0.0,0.0,0.0,False
d:\Research\Multi-View Fusion Network\datasets\brisc2025\classification_task\test\no_tumor\brisc2025_test_00695_no_sa_t1.jpg,no_tumor,no_tumor,sagittal,0.019932082,0.020829462,0.019830683,0.93940777,0.9394077658653259,True,True,1.0,1.0,0.0,0.9999999999998007,0.0,0.0,0.0,0.0,False
d:\Research\Multi-View Fusion Network\datasets\brisc2025\classification_task\test\no_tumor\brisc2025_test_00696_no_sa_t1.jpg,no_tumor,no_tumor,sagittal,0.019567637,0.020414032,0.019973373,0.940045,0.9400449991226196,True,True,1.0,1.0,0.0,0.9999999999998007,0.0,0.0,0.0,0.0,False
d:\Research\Multi-View Fusion Network\datasets\brisc2025\classification_task\test\no_tumor\brisc2025_test_00697_no_sa_t1.jpg,no_tumor,no_tumor,sagittal,0.01997154,0.020689582,0.01967096,0.9396679,0.9396678805351257,True,True,1.0,1.0,0.0,0.9999999999998007,0.0,0.0,0.0,0.0,False
d:\Research\Multi-View Fusion Network\datasets\brisc2025\classification_task\test\no_tumor\brisc2025_test_00698_no_sa_t1.jpg,no_tumor,no_tumor,sagittal,0.020026267,0.020643435,0.01992054,0.9394098,0.9394097924232483,True,True,1.0,1.0,0.0,0.9999999999998007,0.0,0.0,0.0,0.0,False
d:\Research\Multi-View Fusion Network\datasets\brisc2025\classification_task\test\no_tumor\brisc2025_test_00699_no_sa_t1.jpg,no_tumor,no_tumor,sagittal,0.01998687,0.020555535,0.01937728,0.9400803,0.9400802850723267,True,True,1.0,1.0,0.0,0.9999999999998007,0.0,0.0,0.0,0.0,False
d:\Research\Multi-View Fusion Network\datasets\brisc2025\classification_task\test\no_tumor\brisc2025_test_00700_no_sa_t1.jpg,no_tumor,no_tumor,sagittal,0.019733183,0.020553257,0.019661989,0.9400516,0.9400516152381897,True,True,1.0,1.0,0.0,0.9999999999998007,0.0,0.0,0.0,0.0,False
d:\Research\Multi-View Fusion Network\datasets\brisc2025\classification_task\test\pituitary\brisc2025_test_00701_pi_ax_t1.jpg,pituitary,pituitary,axial,0.028376384,0.030654317,0.9123171,0.028652279,0.9123170971870422,True,True,0.92201835,0.85552406,0.8749999999745639,0.9998394605873737,0.974110032330935,1.0,344.0,309.0,False
d:\Research\Multi-View Fusion Network\datasets\brisc2025\classification_task\test\pituitary\brisc2025_test_00702_pi_ax_t1.jpg,pituitary,pituitary,axial,0.028366318,0.031192858,0.9123971,0.02804374,0.9123970866203308,True,True,0.9540582,0.9122807,0.9628482971838127,0.9996389384789282,0.9452887537706599,0.0,323.0,329.0,False
d:\Research\Multi-View Fusion Network\datasets\brisc2025\classification_task\test\pituitary\brisc2025_test_00703_pi_ax_t1.jpg,pituitary,pituitary,axial,0.028299408,0.03220255,0.91111434,0.02838369,0.9111143350601196,True,True,0.87333333,0.7764706,0.970149253586545,0.9996607395874993,0.7926829267325997,1.0,67.0,82.0,False
d:\Research\Multi-View Fusion Network\datasets\brisc2025\classification_task\test\pituitary\brisc2025_test_00704_pi_ax_t1.jpg,pituitary,pituitary,axial,0.028163888,0.030523747,0.9127785,0.02853385,0.9127784967422485,True,True,0.8802083,0.7863777,0.8939929328306009,0.9992183272200511,0.866438356134711,1.1242640687119096,283.0,292.0,False
d:\Research\Multi-View Fusion Network\datasets\brisc2025\classification_task\test\pituitary\brisc2025_test_00705_pi_ax_t1.jpg,pituitary,pituitary,axial,0.02808482,0.031728946,0.9115281,0.028658101,0.9115281105041504,True,True,0.72434914,0.5683453,0.951612903187435,0.9966351546224571,0.5841584158271248,5.656854249492381,248.0,404.0,False
d:\Research\Multi-View Fusion Network\datasets\brisc2025\classification_task\test\pituitary\brisc2025_test_00706_pi_ax_t1.jpg,pituitary,pituitary,axial,0.027737653,0.02941078,0.9149268,0.027924716,0.9149268269538879,True,True,0.84586465,0.73376626,0.8549618319958043,0.9995603956437208,0.8358208954600134,1.0,131.0,134.0,False
d:\Research\Multi-View Fusion Network\datasets\brisc2025\classification_task\test\pituitary\brisc2025_test_00707_pi_ax_t1.jpg,pituitary,pituitary,axial,0.02775114,0.029786048,0.9145096,0.02795317,0.9145095944404602,True,True,0.82574433,0.70342773,0.975155279482916,0.9962368945322287,0.7158054711137416,6.0,483.0,658.0,False
d:\Research\Multi-View Fusion Network\datasets\brisc2025\classification_task\test\pituitary\brisc2025_test_00708_pi_ax_t1.jpg,pituitary,pituitary,axial,0.028634535,0.029727947,0.9130694,0.028568095,0.9130694270133972,True,True,0.9424342,0.8913044,0.9438943894077922,0.9996390832713092,0.9407894736532635,1.0,303.0,304.0,False
d:\Research\Multi-View Fusion Network\datasets\brisc2025\classification_task\test\pituitary\brisc2025_test_00709_pi_ax_t1.jpg,pituitary,pituitary,axial,0.028362267,0.033429485,0.9097484,0.02845983,0.909748375415802,True,True,0.9541041,0.9123103,0.9490333918989625,0.9995363557560426,0.959147424494509,0.0,569.0,563.0,False
d:\Research\Multi-View Fusion Network\datasets\brisc2025\classification_task\test\pituitary\brisc2025_test_00710_pi_ax_t1.jpg,pituitary,pituitary,axial,0.028758805,0.03621163,0.9060111,0.029018534,0.9060111045837402,True,True,0.7957317,0.66104555,0.9774999999755625,0.996142719382635,0.6706689536763178,3.1622776601683795,400.0,583.0,False
d:\Research\Multi-View Fusion Network\datasets\brisc2025\classification_task\test\pituitary\brisc2025_test_00711_pi_ax_t1.jpg,pituitary,pituitary,axial,0.028123919,0.034293197,0.9090284,0.028554464,0.9090284109115601,True,True,0.92705166,0.86440676,0.9743589742965154,0.9996001599358258,0.8837209301811789,1.0,156.0,172.0,False
d:\Research\Multi-View Fusion Network\datasets\brisc2025\classification_task\test\pituitary\brisc2025_test_00712_pi_ax_t1.jpg,pituitary,pituitary,axial,0.02951527,0.038159125,0.9029481,0.029377492,0.9029480814933777,True,True,0.74407583,0.5929648,0.9957627118222134,0.9967761313574296,0.5934343434193577,4.123105625617661,236.0,396.0,False
d:\Research\Multi-View Fusion Network\datasets\brisc2025\classification_task\test\pituitary\brisc2025_test_00713_pi_ax_t1.jpg,pituitary,pituitary,axial,0.028718434,0.028638294,0.91355556,0.029087706,0.9135555624961853,True,True,0.844732,0.7316294,0.9913043477829867,0.998358226884836,0.7354838709440167,1.4142135623730951,230.0,310.0,False
d:\Research\Multi-View Fusion Network\datasets\brisc2025\classification_task\test\pituitary\brisc2025_test_00714_pi_ax_t1.jpg,pituitary,pituitary,axial,0.028696362,0.03077298,0.9118792,0.02865154,0.9118791818618774,True,True,0.9494471,0.9039039,0.9584664536434995,0.9996189559390732,0.9404388714438734,0.4499999999999318,313.0,319.0,False
d:\Research\Multi-View Fusion Network\datasets\brisc2025\classification_task\test\pituitary\brisc2025_test_00715_pi_ax_t1.jpg,pituitary,pituitary,axial,0.028687268,0.029732134,0.91237605,0.029204488,0.9123760461807251,True,True,0.94621515,0.8981132,0.9518072288774374,0.9996995613593849,0.94047619043887,1.0,249.0,252.0,False
d:\Research\Multi-View Fusion Network\datasets\brisc2025\classification_task\test\pituitary\brisc2025_test_00716_pi_ax_t1.jpg,pituitary,pituitary,axial,0.027231008,0.029473906,0.9157242,0.027570913,0.9157242178916931,True,True,0.65555555,0.489011,0.9999999998863637,0.9981432678483873,0.48618784527700615,3.1622776601683795,88.0,181.0,False
d:\Research\Multi-View Fusion Network\datasets\brisc2025\classification_task\test\pituitary\brisc2025_test_00717_pi_ax_t1.jpg,pituitary,pituitary,axial,0.02949844,0.029425941,0.9119121,0.029163519,0.9119120836257935,True,True,0.9079218,0.8314501,0.9910112359439213,0.9965304548957115,0.8376068375988832,1.0,890.0,1053.0,False
d:\Research\Multi-View Fusion Network\datasets\brisc2025\classification_task\test\pituitary\brisc2025_test_00718_pi_ax_t1.jpg,pituitary,pituitary,axial,0.028778026,0.029857632,0.9122819,0.029082373,0.91228187084198,True,True,0.98015434,0.9610951,0.9722830050986705,0.9996721647370148,0.988139362483409,0.0,1371.0,1349.0,False
d:\Research\Multi-View Fusion Network\datasets\brisc2025\classification_task\test\pituitary\brisc2025_test_00719_pi_ax_t1.jpg,pituitary,pituitary,axial,0.028067155,0.029483493,0.91392165,0.028527712,0.9139216542243958,True,True,0.87184465,0.7729358,0.9897058823383866,0.9961411023110966,0.7789351851761698,2.0,680.0,864.0,False
d:\Research\Multi-View Fusion Network\datasets\brisc2025\classification_task\test\pituitary\brisc2025_test_00720_pi_ax_t1.jpg,pituitary,pituitary,axial,0.029582882,0.030046066,0.91214985,0.028221117,0.9121498465538025,True,True,0.94071764,0.8882353,0.9204892966079361,0.999759273004273,0.9616613418223111,1.0,327.0,313.0,False
d:\Research\Multi-View Fusion Network\datasets\brisc2025\classification_task\test\pituitary\brisc2025_test_00721_pi_ax_t1.jpg,pituitary,pituitary,axial,0.028170919,0.030291915,0.91315293,0.028384272,0.9131529331207275,True,True,0.8993711,0.8174905,0.9683257918113879,0.9991792613350017,0.8392156862415994,1.0,221.0,255.0,False
d:\Research\Multi-View Fusion Network\datasets\brisc2025\classification_task\test\pituitary\brisc2025_test_00722_pi_ax_t1.jpg,pituitary,pituitary,axial,0.027301557,0.03281207,0.91208035,0.027806016,0.9120803475379944,True,True,0.7765018,0.63492066,0.8458574180954556,0.9965161004488801,0.7173202614261875,2.8284271247461903,519.0,612.0,False
d:\Research\Multi-View Fusion Network\datasets\brisc2025\classification_task\test\pituitary\brisc2025_test_00723_pi_ax_t1.jpg,pituitary,pituitary,axial,0.028871488,0.031311605,0.9118874,0.027929509,0.9118874073028564,True,True,0.5785838,0.407767,0.9940476189884495,0.995140777475405,0.4073170731607971,10.44030650891055,168.0,410.0,False
d:\Research\Multi-View Fusion Network\datasets\brisc2025\classification_task\test\pituitary\brisc2025_test_00724_pi_ax_t1.jpg,pituitary,pituitary,axial,0.028003253,0.031498186,0.912386,0.028112633,0.9123860001564026,True,True,0.9020356,0.8217593,0.9242819843100709,0.9990360090773807,0.8805970149034678,1.0,383.0,402.0,False
d:\Research\Multi-View Fusion Network\datasets\brisc2025\classification_task\test\pituitary\brisc2025_test_00725_pi_ax_t1.jpg,pituitary,pituitary,axial,0.02759197,0.031773623,0.91206634,0.02856814,0.9120663404464722,True,True,0.9300477,0.8694362,0.9299363057028682,0.9995587822387791,0.9299363057028682,1.0,314.0,314.0,False
d:\Research\Multi-View Fusion Network\datasets\brisc2025\classification_task\test\pituitary\brisc2025_test_00726_pi_ax_t1.jpg,pituitary,pituitary,axial,0.028560873,0.029207869,0.91353816,0.028692996,0.9135381579399109,True,True,0.9355972,0.8791209,0.9279069767226068,0.9995175491494795,0.9432624113252184,1.0,430.0,423.0,False
d:\Research\Multi-View Fusion Network\datasets\brisc2025\classification_task\test\pituitary\brisc2025_test_00727_pi_ax_t1.jpg,pituitary,pituitary,axial,0.028392643,0.034348153,0.9085403,0.028718943,0.9085403084754944,True,True,0.9109027,0.8365591,0.9216152018783464,0.9991357652495229,0.9002320185405979,1.0,421.0,431.0,False
d:\Research\Multi-View Fusion Network\datasets\brisc2025\classification_task\test\pituitary\brisc2025_test_00728_pi_ax_t1.jpg,pituitary,pituitary,axial,0.028433021,0.031703252,0.91135997,0.02850376,0.911359965801239,True,True,0.9123288,0.83919597,0.9595375721988706,0.9995000299980003,0.8691099475984759,1.0,173.0,191.0,False
d:\Research\Multi-View Fusion Network\datasets\brisc2025\classification_task\test\pituitary\brisc2025_test_00729_pi_ax_t1.jpg,pituitary,pituitary,axial,0.028883716,0.03049363,0.9123393,0.028283337,0.9123393297195435,True,True,0.90604025,0.82857144,0.8898678413704904,0.9996596528457028,0.9223744291816267,1.0,227.0,219.0,False
d:\Research\Multi-View Fusion Network\datasets\brisc2025\classification_task\test\pituitary\brisc2025_test_00730_pi_ax_t1.jpg,pituitary,pituitary,axial,0.02796359,0.03031995,0.9136296,0.028086927,0.9136295914649963,True,True,0.79737335,0.6635514,0.8617886178511468,0.9985179250949333,0.7412587412328231,2.23606797749979,246.0,286.0,False
d:\Research\Multi-View Fusion Network\datasets\brisc2025\classification_task\test\pituitary\brisc2025_test_00731_pi_ax_t1.jpg,pituitary,pituitary,axial,0.028697316,0.031347815,0.9110732,0.028881768,0.9110732078552246,True,True,0.67057294,0.50489235,0.9999999999610895,0.9949317894987891,0.5039215686175702,3.88166538263917,257.0,510.0,False
d:\Research\Multi-View Fusion Network\datasets\brisc2025\classification_task\test\pituitary\brisc2025_test_00732_pi_ax_t1.jpg,pituitary,pituitary,axial,0.02857583,0.030594025,0.9121037,0.028726412,0.9121037125587463,True,True,0.9309623,0.87109375,0.9866666666228148,0.9993994114229947,0.8809523809174225,1.0,225.0,252.0,False
d:\Research\Multi-View Fusion Network\datasets\brisc2025\classification_task\test\pituitary\brisc2025_test_00733_pi_ax_t1.jpg,pituitary,pituitary,axial,0.028566066,0.031675294,0.9111297,0.028628876,0.9111297130584717,True,True,0.94413406,0.8943662,0.9511278195131154,0.9996593868962133,0.937037037002332,1.0,266.0,270.0,False
d:\Research\Multi-View Fusion Network\datasets\brisc2025\classification_task\test\pituitary\brisc2025_test_00734_pi_ax_t1.jpg,pituitary,pituitary,axial,0.028143756,0.03188298,0.9114954,0.028477801,0.9114953875541687,True,True,0.95521295,0.91432583,0.9433962264014021,0.9995554388019077,0.967261904747511,0.0,689.0,672.0,False
d:\Research\Multi-View Fusion Network\datasets\brisc2025\classification_task\test\pituitary\brisc2025_test_00735_pi_ax_t1.jpg,pituitary,pituitary,axial,0.02850224,0.03042249,0.9129132,0.028162142,0.9129132032394409,True,True,0.9266263,0.86338025,0.8960468521098676,0.9994746731859052,0.959247648887786,1.0,683.0,638.0,False
d:\Research\Multi-View Fusion Network\datasets\brisc2025\classification_task\test\pituitary\brisc2025_test_00736_pi_ax_t1.jpg,pituitary,pituitary,axial,0.028350718,0.032804817,0.9103455,0.028499,0.9103454947471619,True,True,0.9539682,0.91212124,0.9803921568307061,0.9995388008820936,0.9287925696306875,0.0,306.0,323.0,False
d:\Research\Multi-View Fusion Network\datasets\brisc2025\classification_task\test\pituitary\brisc2025_test_00737_pi_ax_t1.jpg,pituitary,pituitary,axial,0.028507298,0.03060664,0.9123986,0.02848747,0.9123985767364502,True,True,0.88439304,0.79296064,0.8603603603409828,0.9992359044476395,0.9095238095021542,1.4142135623730951,444.0,420.0,False
d:\Research\Multi-View Fusion Network\datasets\brisc2025\classification_task\test\pituitary\brisc2025_test_00738_pi_ax_t1.jpg,pituitary,pituitary,axial,0.028156098,0.030800592,0.9126705,0.028372759,0.9126704931259155,True,True,0.9391468,0.8853428,0.9714285714159555,0.9984819657529453,0.9088699878382883,1.0,770.0,823.0,False
d:\Research\Multi-View Fusion Network\datasets\brisc2025\classification_task\test\pituitary\brisc2025_test_00739_pi_ax_t1.jpg,pituitary,pituitary,axial,0.028681109,0.029731859,0.9126095,0.028977549,0.9126095175743103,True,True,0.85882354,0.7528604,0.9704142011547214,0.9980336289576232,0.7699530516251185,1.4142135623730951,338.0,426.0,False
d:\Research\Multi-View Fusion Network\datasets\brisc2025\classification_task\test\pituitary\brisc2025_test_00740_pi_ax_t1.jpg,pituitary,pituitary,axial,0.028373307,0.031344425,0.9116615,0.028620675,0.9116615056991577,True,True,0.95340234,0.91101694,0.9498525073606217,0.9994141177419291,0.956909361055618,0.0,678.0,673.0,False
d:\Research\Multi-View Fusion Network\datasets\brisc2025\classification_task\test\pituitary\brisc2025_test_00741_pi_ax_t1.jpg,pituitary,pituitary,axial,0.028118296,0.029149953,0.9146737,0.02805807,0.9146736860275269,True,True,0.8104027,0.68169016,0.9717741935092026,0.9978769427974288,0.6945244956572183,2.8284271247461903,248.0,347.0,False
d:\Research\Multi-View Fusion Network\datasets\brisc2025\classification_task\test\pituitary\brisc2025_test_00742_pi_ax_t1.jpg,pituitary,pituitary,axial,0.028490067,0.03038474,0.9126965,0.02842864,0.9126964807510376,True,True,0.9340836,0.87650603,0.9265175718553827,0.9996390108896377,0.9415584415278715,1.0,313.0,308.0,False
d:\Research\Multi-View Fusion Network\datasets\brisc2025\classification_task\test\pituitary\brisc2025_test_00743_pi_ax_t1.jpg,pituitary,pituitary,axial,0.028529404,0.031122511,0.91168064,0.028667456,0.9116806387901306,True,True,0.9578518,0.91916555,0.9887640449299331,0.9989082969430295,0.9287598944468501,0.0,712.0,758.0,False
d:\Research\Multi-View Fusion Network\datasets\brisc2025\classification_task\test\pituitary\brisc2025_test_00744_pi_ax_t1.jpg,pituitary,pituitary,axial,0.028489145,0.02886437,0.9139331,0.02871336,0.9139330983161926,True,True,0.86532664,0.76283187,0.9817351597949375,0.9974667256421655,0.773381294950119,2.23606797749979,438.0,556.0,False
d:\Research\Multi-View Fusion Network\datasets\brisc2025\classification_task\test\pituitary\brisc2025_test_00745_pi_ax_t1.jpg,pituitary,pituitary,axial,0.028259894,0.031812057,0.9115437,0.028384294,0.9115437269210815,True,True,0.9589257,0.92121214,0.9680511181799345,0.9996791207907668,0.9498432601583121,0.0,313.0,319.0,False
d:\Research\Multi-View Fusion Network\datasets\brisc2025\classification_task\test\pituitary\brisc2025_test_00746_pi_ax_t1.jpg,pituitary,pituitary,axial,0.02834511,0.029917005,0.9131631,0.028574776,0.9131631255149841,True,True,0.8911483,0.8038793,0.9162561576129,0.9988547317659235,0.8671328671126542,1.0,406.0,429.0,False
d:\Research\Multi-View Fusion Network\datasets\brisc2025\classification_task\test\pituitary\brisc2025_test_00747_pi_ax_t1.jpg,pituitary,pituitary,axial,0.028266387,0.03280678,0.90991783,0.02900901,0.9099178314208984,True,True,0.44779116,0.28940567,0.99999999990991,0.9945071407168692,0.2875647668319284,6.016552506059643,111.0,386.0,False
d:\Research\Multi-View Fusion Network\datasets\brisc2025\classification_task\test\pituitary\brisc2025_test_00748_pi_ax_t1.jpg,pituitary,pituitary,axial,0.028309261,0.030441675,0.9135477,0.027701456,0.913547694683075,True,True,0.82414305,0.7012658,0.9752650176333828,0.9977752390112846,0.713178294555215,2.0,283.0,387.0,False
d:\Research\Multi-View Fusion Network\datasets\brisc2025\classification_task\test\pituitary\brisc2025_test_00749_pi_ax_t1.jpg,pituitary,pituitary,axial,0.028748253,0.029493693,0.9131877,0.028570266,0.9131876826286316,True,True,0.94093406,0.88860106,0.9318801089664338,0.999638619526391,0.9499999999736111,1.0,367.0,360.0,False
d:\Research\Multi-View Fusion Network\datasets\brisc2025\classification_task\test\pituitary\brisc2025_test_00750_pi_ax_t1.jpg,pituitary,pituitary,axial,0.027877674,0.03189439,0.91187656,0.028351316,0.9118765592575073,True,True,0.9257576,0.86197186,0.944272445791199,0.9993781718249656,0.9077380952110792,1.0,323.0,336.0,False
d:\Research\Multi-View Fusion Network\datasets\brisc2025\classification_task\test\pituitary\brisc2025_test_00751_pi_ax_t1.jpg,pituitary,pituitary,axial,0.028083932,0.03157892,0.9119299,0.02840725,0.9119299054145813,True,True,0.9519301,0.90833336,0.9560761346858554,0.9992726244113311,0.947750362830947,0.0,683.0,689.0,False
d:\Research\Multi-View Fusion Network\datasets\brisc2025\classification_task\test\pituitary\brisc2025_test_00752_pi_ax_t1.jpg,pituitary,pituitary,axial,0.028322175,0.032058496,0.9110386,0.028580822,0.9110385775566101,True,True,0.9191291,0.85057473,0.9218749999711914,0.9994584403078869,0.9161490682945295,1.0,320.0,322.0,False
d:\Research\Multi-View Fusion Network\datasets\brisc2025\classification_task\test\pituitary\brisc2025_test_00753_pi_ax_t1.jpg,pituitary,pituitary,axial,0.028365564,0.030731084,0.9121618,0.028741505,0.9121618270874023,True,True,0.92804426,0.8659794,0.9400749063318323,0.9995391612733175,0.9160583941271512,1.0,267.0,274.0,False
d:\Research\Multi-View Fusion Network\datasets\brisc2025\classification_task\test\pituitary\brisc2025_test_00754_pi_ax_t1.jpg,pituitary,pituitary,axial,0.029045958,0.03254069,0.9096643,0.02874913,0.9096642732620239,True,True,0.6661743,0.5,0.9955752211948861,0.9954954954952963,0.4999999999888889,7.0,226.0,450.0,False
d:\Research\Multi-View Fusion Network\datasets\brisc2025\classification_task\test\pituitary\brisc2025_test_00755_pi_ax_t1.jpg,pituitary,pituitary,axial,0.028472416,0.029619055,0.91389775,0.028010804,0.9138977527618408,True,True,0.92230445,0.85588235,0.9266737513185264,0.9984157611453238,0.9178947368324432,1.0,941.0,950.0,False
d:\Research\Multi-View Fusion Network\datasets\brisc2025\classification_task\test\pituitary\brisc2025_test_00756_pi_ax_t1.jpg,pituitary,pituitary,axial,0.028230282,0.031265423,0.9115516,0.02895273,0.9115515947341919,True,True,0.8992995,0.8171701,0.9903474903283717,0.9977848483626007,0.8234349919611006,1.0,518.0,623.0,False
d:\Research\Multi-View Fusion Network\datasets\brisc2025\classification_task\test\pituitary\brisc2025_test_00757_pi_ax_t1.jpg,pituitary,pituitary,axial,0.028413672,0.030337412,0.91242564,0.028823303,0.9124256372451782,True,True,0.9769874,0.9550409,0.9641873278104106,0.9998584428713854,0.9900990098869858,0.0,726.0,707.0,False
d:\Research\Multi-View Fusion Network\datasets\brisc2025\classification_task\test\pituitary\brisc2025_test_00758_pi_ax_t1.jpg,pituitary,pituitary,axial,0.027916275,0.029080344,0.9152822,0.027721198,0.9152821898460388,True,True,0.79450417,0.65940595,0.9651162790417117,0.996789211751285,0.6747967479537643,3.605551275463989,344.0,492.0,False
d:\Research\Multi-View Fusion Network\datasets\brisc2025\classification_task\test\pituitary\brisc2025_test_00759_pi_ax_t1.jpg,pituitary,pituitary,axial,0.028160542,0.029959127,0.91335577,0.028524637,0.9133557677268982,True,True,0.9321357,0.8731343,0.924603174566484,0.9996995433056247,0.9395161289943743,1.0,252.0,248.0,False
d:\Research\Multi-View Fusion Network\datasets\brisc2025\classification_task\test\pituitary\brisc2025_test_00760_pi_ax_t1.jpg,pituitary,pituitary,axial,0.028492995,0.030772386,0.91223675,0.028497776,0.912236750125885,True,True,0.96540254,0.933162,0.9718498659387151,0.9993728504954483,0.9589947089820239,0.0,746.0,756.0,False
d:\Research\Multi-View Fusion Network\datasets\brisc2025\classification_task\test\pituitary\brisc2025_test_00761_pi_ax_t1.jpg,pituitary,pituitary,axial,0.028861308,0.028176192,0.9140639,0.028898599,0.9140638709068298,True,True,0.7778926,0.6368243,0.9920844326915017,0.995742715424424,0.63945578230205,5.0,379.0,588.0,False
d:\Research\Multi-View Fusion Network\datasets\brisc2025\classification_task\test\pituitary\brisc2025_test_00762_pi_ax_t1.jpg,pituitary,pituitary,axial,0.028054615,0.03011953,0.91331553,0.02851022,0.9133155345916748,True,True,0.92426366,0.859375,0.9373219372952329,0.9993577521322631,0.9113573406949762,1.0,351.0,361.0,False
d:\Research\Multi-View Fusion Network\datasets\brisc2025\classification_task\test\pituitary\brisc2025_test_00763_pi_ax_t1.jpg,pituitary,pituitary,axial,0.027916085,0.030513724,0.91332114,0.028249023,0.9133211374282837,True,True,0.9495114,0.9040248,0.9897959183336804,0.9994386752734455,0.9122257053005571,0.39999999999997726,294.0,319.0,False
d:\Research\Multi-View Fusion Network\datasets\brisc2025\classification_task\test\pituitary\brisc2025_test_00764_pi_ax_t1.jpg,pituitary,pituitary,axial,0.028328469,0.030354062,0.9127679,0.02854955,0.9127678871154785,True,True,0.9078788,0.83148557,0.9565217391059713,0.998814904087376,0.863741339471969,1.0,391.0,433.0,False
d:\Research\Multi-View Fusion Network\datasets\brisc2025\classification_task\test\pituitary\brisc2025_test_00765_pi_ax_t1.jpg,pituitary,pituitary,axial,0.02795137,0.031139912,0.9120771,0.028831514,0.9120771288871765,True,True,0.4549266,0.29539296,0.9999999999074075,0.994807062394944,0.29347826086159023,6.0,108.0,368.0,False
d:\Research\Multi-View Fusion Network\datasets\brisc2025\classification_task\test\pituitary\brisc2025_test_00766_pi_ax_t1.jpg,pituitary,pituitary,axial,0.02914724,0.030344691,0.91227317,0.028234879,0.9122731685638428,True,True,0.84893614,0.73800737,0.9567307691847725,0.9987592058915709,0.7624521072504807,1.4142135623730951,208.0,261.0,False
d:\Research\Multi-View Fusion Network\datasets\brisc2025\classification_task\test\pituitary\brisc2025_test_00767_pi_ax_t1.jpg,pituitary,pituitary,axial,0.028418612,0.029821776,0.91352475,0.028234895,0.9135247468948364,True,True,0.65095985,0.48320413,0.9999999999462366,0.9959991998397688,0.4818652849616097,3.605551275463989,186.0,386.0,False
d:\Research\Multi-View Fusion Network\datasets\brisc2025\classification_task\test\pituitary\brisc2025_test_00768_pi_ax_t1.jpg,pituitary,pituitary,axial,0.02821747,0.030027848,0.91328204,0.028472617,0.913282036781311,True,True,0.8459168,0.73333335,0.9927536231524364,0.9980360721440886,0.7365591397651462,2.0,276.0,372.0,False
d:\Research\Multi-View Fusion Network\datasets\brisc2025\classification_task\test\pituitary\brisc2025_test_00769_pi_ax_t1.jpg,pituitary,pituitary,axial,0.028333,0.029998656,0.9130602,0.028608156,0.913060188293457,True,True,0.85980284,0.7543186,0.8183716074985726,0.9991750005028475,0.9053117782700851,2.0,479.0,433.0,False
d:\Research\Multi-View Fusion Network\datasets\brisc2025\classification_task\test\pituitary\brisc2025_test_00770_pi_ax_t1.jpg,pituitary,pituitary,axial,0.028645735,0.030401165,0.9127226,0.028230436,0.9127225875854492,True,True,0.8847458,0.7939394,0.955882352870891,0.9994404476416868,0.8227848100745072,1.0,136.0,158.0,False
d:\Research\Multi-View Fusion Network\datasets\brisc2025\classification_task\test\pituitary\brisc2025_test_00771_pi_ax_t1.jpg,pituitary,pituitary,axial,0.027856529,0.033274304,0.9104831,0.028386096,0.9104831218719482,True,True,0.7504873,0.6012461,0.9320388349062116,0.9977186311785076,0.6274509803716519,4.055397531527946,206.0,306.0,False
d:\Research\Multi-View Fusion Network\datasets\brisc2025\classification_task\test\pituitary\brisc2025_test_00772_pi_ax_t1.jpg,pituitary,pituitary,axial,0.02889901,0.029898241,0.91231334,0.028889371,0.9123133420944214,True,True,0.9207819,0.85333335,0.8975903614277592,0.9994766294937398,0.9450317124535934,1.0,498.0,473.0,False
d:\Research\Multi-View Fusion Network\datasets\brisc2025\classification_task\test\pituitary\brisc2025_test_00773_pi_ax_t1.jpg,pituitary,pituitary,axial,0.028685154,0.029556686,0.9127406,0.029017542,0.9127405881881714,True,True,0.8024602,0.6702899,0.721354166657274,0.9988058613987616,0.9037520391369698,3.605551275463989,768.0,613.0,False
d:\Research\Multi-View Fusion Network\datasets\brisc2025\classification_task\test\pituitary\brisc2025_test_00774_pi_ax_t1.jpg,pituitary,pituitary,axial,0.028696401,0.029267788,0.9131055,0.028930256,0.9131054878234863,True,True,0.9458042,0.89735097,0.9407665504898687,0.9997193770167774,0.9507042253186372,1.0,287.0,284.0,False
d:\Research\Multi-View Fusion Network\datasets\brisc2025\classification_task\test\pituitary\brisc2025_test_00775_pi_ax_t1.jpg,pituitary,pituitary,axial,0.028156329,0.032232884,0.9107806,0.028830202,0.9107806086540222,True,True,0.93640697,0.880597,0.967105263126082,0.9993984600575475,0.907407407379401,1.0,304.0,324.0,False
d:\Research\Multi-View Fusion Network\datasets\brisc2025\classification_task\test\pituitary\brisc2025_test_00776_pi_ax_t1.jpg,pituitary,pituitary,axial,0.030835722,0.0365783,0.9037917,0.0287942,0.9037917256355286,True,True,0.9541608,0.91239893,0.9657142857004898,0.9991713153850353,0.94281729426858,0.0,700.0,717.0,False
d:\Research\Multi-View Fusion Network\datasets\brisc2025\classification_task\test\pituitary\brisc2025_test_00777_pi_ax_t1.jpg,pituitary,pituitary,axial,0.028904118,0.029750282,0.9124165,0.028929044,0.9124165177345276,True,True,0.7132132,0.5547786,0.9957983192858908,0.9961952821496664,0.5550351287926221,6.0,238.0,427.0,False
d:\Research\Multi-View Fusion Network\datasets\brisc2025\classification_task\test\pituitary\brisc2025_test_00778_pi_ax_t1.jpg,pituitary,pituitary,axial,0.027977092,0.031125922,0.912647,0.028249927,0.912647008895874,True,True,0.8164852,0.6902887,0.87919463084298,0.9983559886120137,0.7616279069546038,3.1622776601683795,298.0,344.0,False
d:\Research\Multi-View Fusion Network\datasets\brisc2025\classification_task\test\pituitary\brisc2025_test_00779_pi_ax_t1.jpg,pituitary,pituitary,axial,0.028718522,0.030452084,0.9121333,0.028696153,0.9121332764625549,True,True,0.7265372,0.57106596,0.7392739273683407,0.9981954163573481,0.713375796155625,7.0,303.0,314.0,False
d:\Research\Multi-View Fusion Network\datasets\brisc2025\classification_task\test\pituitary\brisc2025_test_00780_pi_ax_t1.jpg,pituitary,pituitary,axial,0.028226431,0.030245217,0.9128184,0.02870998,0.9128183722496033,True,True,0.89580685,0.81149423,0.9048843187428051,0.9990961495970838,0.8866498740330818,1.0,389.0,397.0,False
d:\Research\Multi-View Fusion Network\datasets\brisc2025\classification_task\test\pituitary\brisc2025_test_00781_pi_ax_t1.jpg,pituitary,pituitary,axial,0.027213577,0.030195948,0.9147465,0.027843941,0.9147465229034424,True,True,0.778563,0.63776493,0.9510086455057346,0.9965682634608368,0.6586826347173915,3.1622776601683795,347.0,501.0,False
d:\Research\Multi-View Fusion Network\datasets\brisc2025\classification_task\test\pituitary\brisc2025_test_00782_pi_ax_t1.jpg,pituitary,pituitary,axial,0.028813528,0.029617809,0.91279083,0.028777815,0.912790834903717,True,True,0.9139535,0.8418803,0.9560975609289708,0.9994396750113067,0.8749999999609375,1.0,205.0,224.0,False
d:\Research\Multi-View Fusion Network\datasets\brisc2025\classification_task\test\pituitary\brisc2025_test_00783_pi_ax_t1.jpg,pituitary,pituitary,axial,0.028178185,0.030521858,0.91261435,0.028685624,0.9126143455505371,True,True,0.8611111,0.7569444,0.8244274808530971,0.9997602158055751,0.899999999925,1.0,131.0,120.0,False
d:\Research\Multi-View Fusion Network\datasets\brisc2025\classification_task\test\pituitary\brisc2025_test_00784_pi_ax_t1.jpg,pituitary,pituitary,axial,0.02838295,0.030505367,0.91231436,0.028797347,0.9123143553733826,True,True,0.79946524,0.6661721,0.9552238805766476,0.9958959502683735,0.6871165644066393,5.0,469.0,652.0,False
d:\Research\Multi-View Fusion Network\datasets\brisc2025\classification_task\test\pituitary\brisc2025_test_00785_pi_ax_t1.jpg,pituitary,pituitary,axial,0.028747965,0.030709408,0.91156036,0.02898232,0.9115603566169739,True,True,0.9734042,0.94827586,0.9856115107559132,0.9997795502823762,0.9614035087381964,0.0,278.0,285.0,False
d:\Research\Multi-View Fusion Network\datasets\brisc2025\classification_task\test\pituitary\brisc2025_test_00786_pi_ax_t1.jpg,pituitary,pituitary,axial,0.028538607,0.030928658,0.9123072,0.028225554,0.9123072028160095,True,True,0.9277929,0.8654822,0.9315068492895477,0.9994378751679349,0.9239130434531545,1.0,365.0,368.0,False
d:\Research\Multi-View Fusion Network\datasets\brisc2025\classification_task\test\pituitary\brisc2025_test_00787_pi_ax_t1.jpg,pituitary,pituitary,axial,0.028692609,0.033705864,0.9086335,0.028968064,0.9086334705352783,True,True,0.8704612,0.7708333,0.9779249447907743,0.9975464070951074,0.7840707964462996,2.035410196624963,453.0,565.0,False
d:\Research\Multi-View Fusion Network\datasets\brisc2025\classification_task\test\pituitary\brisc2025_test_00788_pi_ax_t1.jpg,pituitary,pituitary,axial,0.028335428,0.033756234,0.90940636,0.028501946,0.9094063639640808,True,True,0.9352751,0.8787879,0.9536423840428051,0.9997401299348327,0.9171974521708791,1.0,151.0,157.0,False
d:\Research\Multi-View Fusion Network\datasets\brisc2025\classification_task\test\pituitary\brisc2025_test_00789_pi_ax_t1.jpg,pituitary,pituitary,axial,0.028539946,0.02983965,0.91280615,0.028814232,0.9128061532974243,True,True,0.81642514,0.6910569,0.9767441859329368,0.999281293671192,0.6999999999416667,2.0,86.0,120.0,False
d:\Research\Multi-View Fusion Network\datasets\brisc2025\classification_task\test\pituitary\brisc2025_test_00790_pi_ax_t1.jpg,pituitary,pituitary,axial,0.02863256,0.035430457,0.90677685,0.029160187,0.9067768454551697,True,True,0.91775703,0.84827584,0.9799999999608,0.9992188438887556,0.8626760563076522,1.0,250.0,284.0,False
d:\Research\Multi-View Fusion Network\datasets\brisc2025\classification_task\test\pituitary\brisc2025_test_00791_pi_ax_t1.jpg,pituitary,pituitary,axial,0.028722996,0.031310532,0.91110724,0.028859263,0.9111072421073914,True,True,0.9295082,0.86850154,0.9370860926842024,0.9995187873439068,0.9218241042045008,1.0,302.0,307.0,False
d:\Research\Multi-View Fusion Network\datasets\brisc2025\classification_task\test\pituitary\brisc2025_test_00792_pi_ax_t1.jpg,pituitary,pituitary,axial,0.02870425,0.02983196,0.91256595,0.028897846,0.9125659465789795,True,True,0.94337016,0.8929504,0.9687499999724787,0.9993978805392985,0.919137466282503,1.0,352.0,371.0,False
d:\Research\Multi-View Fusion Network\datasets\brisc2025\classification_task\test\pituitary\brisc2025_test_00793_pi_ax_t1.jpg,pituitary,pituitary,axial,0.028837636,0.030200906,0.911714,0.029247347,0.9117140173912048,True,True,0.43448275,0.278169,0.8051282050869165,0.9925571717250571,0.2967863894083783,14.317821063276353,195.0,529.0,False
d:\Research\Multi-View Fusion Network\datasets\brisc2025\classification_task\test\pituitary\brisc2025_test_00794_pi_ax_t1.jpg,pituitary,pituitary,axial,0.028987199,0.029736552,0.91214144,0.029134829,0.9121414422988892,True,True,0.8611111,0.7564935,0.9707112970305142,0.9986382842379401,0.7733333333075555,2.0,239.0,300.0,False
d:\Research\Multi-View Fusion Network\datasets\brisc2025\classification_task\test\pituitary\brisc2025_test_00795_pi_ax_t1.jpg,pituitary,pituitary,axial,0.027656505,0.031136382,0.9132226,0.027984513,0.91322261095047,True,True,0.8980392,0.81560284,0.942148760252715,0.9996204175405056,0.8571428570784103,1.0,121.0,133.0,False
d:\Research\Multi-View Fusion Network\datasets\brisc2025\classification_task\test\pituitary\brisc2025_test_00796_pi_ax_t1.jpg,pituitary,pituitary,axial,0.028258327,0.030375438,0.9136544,0.02771186,0.9136543869972229,True,True,0.92089844,0.85352623,0.9217221134848977,0.9991744689417097,0.9199218749820328,1.0,511.0,512.0,False
d:\Research\Multi-View Fusion Network\datasets\brisc2025\classification_task\test\pituitary\brisc2025_test_00797_pi_ax_t1.jpg,pituitary,pituitary,axial,0.029241685,0.029486531,0.91226065,0.029011186,0.9122606515884399,True,True,0.9089537,0.8331797,0.9901315789365117,0.9965086066902817,0.8399999999921861,1.4142135623730951,912.0,1075.0,False
d:\Research\Multi-View Fusion Network\datasets\brisc2025\classification_task\test\pituitary\brisc2025_test_00798_pi_ax_t1.jpg,pituitary,pituitary,axial,0.02857606,0.029983783,0.9123732,0.029066976,0.9123731851577759,True,True,0.98323005,0.9670251,0.9796511627835782,0.9996311475407789,0.9868228404027319,0.0,1376.0,1366.0,False
d:\Research\Multi-View Fusion Network\datasets\brisc2025\classification_task\test\pituitary\brisc2025_test_00799_pi_ax_t1.jpg,pituitary,pituitary,axial,0.028356154,0.030083315,0.91307795,0.028482534,0.9130779504776001,True,True,0.8814714,0.7883212,0.9999999999690402,0.9982548693155883,0.7878048780295657,1.4142135623730951,323.0,410.0,False
d:\Research\Multi-View Fusion Network\datasets\brisc2025\classification_task\test\pituitary\brisc2025_test_00800_pi_ax_t1.jpg,pituitary,pituitary,axial,0.028580809,0.029780034,0.9128995,0.02873964,0.9128994941711426,True,True,0.85429937,0.74583334,0.9640287769610786,0.996715034260178,0.7668097281721487,2.0,556.0,699.0,False
d:\Research\Multi-View Fusion Network\datasets\brisc2025\classification_task\test\pituitary\brisc2025_test_00801_pi_ax_t1.jpg,pituitary,pituitary,axial,0.02830381,0.030261563,0.9128053,0.02862927,0.9128053188323975,True,True,0.92852503,0.8666667,0.9972067038966871,0.997816417306713,0.8686131386755643,1.0,716.0,822.0,False
d:\Research\Multi-View Fusion Network\datasets\brisc2025\classification_task\test\pituitary\brisc2025_test_00802_pi_ax_t1.jpg,pituitary,pituitary,axial,0.028899977,0.030050965,0.91197085,0.029078158,0.911970853805542,True,True,0.7470489,0.5967742,0.9910313900900882,0.9970372149818836,0.5989159891436608,3.605551275463989,223.0,369.0,False
d:\Research\Multi-View Fusion Network\datasets\brisc2025\classification_task\test\pituitary\brisc2025_test_00803_pi_ax_t1.jpg,pituitary,pituitary,axial,0.028245598,0.030238258,0.91309786,0.028418276,0.9130978584289551,True,True,0.92867756,0.867036,0.9203539822737359,0.9995786263216085,0.9369369369088006,1.0,339.0,333.0,False
d:\Research\Multi-View Fusion Network\datasets\brisc2025\classification_task\test\pituitary\brisc2025_test_00804_pi_ax_t1.jpg,pituitary,pituitary,axial,0.028473927,0.031603582,0.9111596,0.0287629,0.9111595749855042,True,True,0.9003831,0.8194444,0.8540145984778091,0.9998800935268491,0.9512195121177871,1.0,137.0,123.0,False
d:\Research\Multi-View Fusion Network\datasets\brisc2025\classification_task\test\pituitary\brisc2025_test_00805_pi_ax_t1.jpg,pituitary,pituitary,axial,0.027350886,0.03392898,0.910256,0.028464185,0.910256028175354,True,True,0.6565836,0.489418,0.9999999999456521,0.996139382300969,0.4880636604645076,5.385164807134504,184.0,377.0,False
d:\Research\Multi-View Fusion Network\datasets\brisc2025\classification_task\test\pituitary\brisc2025_test_00806_pi_ax_t1.jpg,pituitary,pituitary,axial,0.026840214,0.0316407,0.91466075,0.026858361,0.9146607518196106,True,True,0.88377726,0.7922078,0.9891304347288515,0.9990798527762444,0.7982456140000769,1.0,184.0,228.0,False
d:\Research\Multi-View Fusion Network\datasets\brisc2025\classification_task\test\pituitary\brisc2025_test_00807_pi_ax_t1.jpg,pituitary,pituitary,axial,0.02805647,0.03142244,0.9124399,0.028081194,0.9124398827552795,True,True,0.91225964,0.8388521,0.8692660550259342,0.9996783273017693,0.9594936708617849,1.0,436.0,395.0,False
d:\Research\Multi-View Fusion Network\datasets\brisc2025\classification_task\test\pituitary\brisc2025_test_00808_pi_ax_t1.jpg,pituitary,pituitary,axial,0.027705688,0.031053957,0.91261387,0.028626557,0.9126138687133789,True,True,0.94520545,0.8962536,0.936555891210376,0.9996990671078344,0.9538461538168047,1.0,331.0,325.0,False
d:\Research\Multi-View Fusion Network\datasets\brisc2025\classification_task\test\pituitary\brisc2025_test_00809_pi_ax_t1.jpg,pituitary,pituitary,axial,0.028738806,0.031093732,0.911324,0.028843401,0.9113240242004395,True,True,0.9261229,0.86248624,0.9200940070397169,0.9988443993915868,0.9321428571317601,1.0,851.0,840.0,False
d:\Research\Multi-View Fusion Network\datasets\brisc2025\classification_task\test\pituitary\brisc2025_test_00810_pi_ax_t1.jpg,pituitary,pituitary,axial,0.028782735,0.029054085,0.91345876,0.028704336,0.9134587645530701,True,True,0.9561707,0.9161148,0.9583333333111497,0.9995979414600757,0.9539170506692646,0.0,432.0,434.0,False
d:\Research\Multi-View Fusion Network\datasets\brisc2025\classification_task\test\pituitary\brisc2025_test_00811_pi_ax_t1.jpg,pituitary,pituitary,axial,0.02850753,0.031440407,0.9115874,0.028464628,0.9115874171257019,True,True,0.76054955,0.613924,0.9370460048199263,0.9956192351745282,0.6396694214770302,5.830951894845301,413.0,605.0,False
d:\Research\Multi-View Fusion Network\datasets\brisc2025\classification_task\test\pituitary\brisc2025_test_00812_pi_ax_t1.jpg,pituitary,pituitary,axial,0.028311571,0.034959756,0.9080896,0.028639087,0.9080895781517029,True,True,0.92330384,0.8579235,0.8813559321535956,0.99989999799976,0.9689440993186991,1.0,177.0,161.0,False
d:\Research\Multi-View Fusion Network\datasets\brisc2025\classification_task\test\pituitary\brisc2025_test_00813_pi_ax_t1.jpg,pituitary,pituitary,axial,0.025965374,0.030128103,0.9164571,0.027449332,0.9164571166038513,True,True,0.36202532,0.22222222,0.2198142414792627,0.9999999999997995,0.999999999859155,11.092603621796348,323.0,71.0,False
d:\Research\Multi-View Fusion Network\datasets\brisc2025\classification_task\test\pituitary\brisc2025_test_00814_pi_ax_t1.jpg,pituitary,pituitary,axial,0.028189646,0.030521099,0.91289306,0.028396182,0.9128930568695068,True,True,0.9122402,0.83898306,0.9516908212100632,0.9994396525844025,0.875555555516642,1.0,207.0,225.0,False
d:\Research\Multi-View Fusion Network\datasets\brisc2025\classification_task\test\pituitary\brisc2025_test_00815_pi_ax_t1.jpg,pituitary,pituitary,axial,0.02769211,0.03005538,0.9141319,0.028120587,0.9141318798065186,True,True,0.5321782,0.36363637,0.9727272726388431,0.9962849039266176,0.36518771329811645,11.040824915468534,110.0,293.0,False
d:\Research\Multi-View Fusion Network\datasets\brisc2025\classification_task\test\pituitary\brisc2025_test_00816_pi_ax_t1.jpg,pituitary,pituitary,axial,0.028674016,0.030754147,0.91183645,0.028735403,0.9118364453315735,True,True,0.82632744,0.70433146,0.9539641943490035,0.9972079943756158,0.7285156249857712,2.0,391.0,512.0,False
d:\Research\Multi-View Fusion Network\datasets\brisc2025\classification_task\test\pituitary\brisc2025_test_00817_pi_ax_t1.jpg,pituitary,pituitary,axial,0.028703507,0.030713134,0.9116539,0.02892942,0.9116538763046265,True,True,0.93657506,0.88095236,0.9735682818954375,0.999519509899898,0.9020408162897126,1.0,227.0,245.0,False
d:\Research\Multi-View Fusion Network\datasets\brisc2025\classification_task\test\pituitary\brisc2025_test_00818_pi_ax_t1.jpg,pituitary,pituitary,axial,0.02840201,0.031572163,0.9114166,0.02860924,0.9114165902137756,True,True,0.9480519,0.90140843,0.9622641509070844,0.9996393580571419,0.9340659340317191,1.0,265.0,273.0,False
d:\Research\Multi-View Fusion Network\datasets\brisc2025\classification_task\test\pituitary\brisc2025_test_00819_pi_ax_t1.jpg,pituitary,pituitary,axial,0.028782962,0.030692084,0.91173625,0.028788704,0.911736249923706,True,True,0.83469385,0.7164527,0.9684044233654281,0.9954988595763286,0.7332535885079754,3.0,633.0,836.0,False
d:\Research\Multi-View Fusion Network\datasets\brisc2025\classification_task\test\pituitary\brisc2025_test_00820_pi_ax_t1.jpg,pituitary,pituitary,axial,0.026583867,0.033267457,0.91102904,0.02911964,0.911029040813446,True,True,0.87828946,0.7836257,0.9109589040471946,0.9995202878271039,0.8471337579078259,1.0,146.0,157.0,False
d:\Research\Multi-View Fusion Network\datasets\brisc2025\classification_task\test\pituitary\brisc2025_test_00821_pi_ax_t1.jpg,pituitary,pituitary,axial,0.028732086,0.029271275,0.91326267,0.028734066,0.913262665271759,True,True,0.98396224,0.9684601,0.990494296559116,0.9997583081568984,0.9774859286871016,0.0,526.0,533.0,False
d:\Research\Multi-View Fusion Network\datasets\brisc2025\classification_task\test\pituitary\brisc2025_test_00822_pi_ax_t1.jpg,pituitary,pituitary,axial,0.02819195,0.03307674,0.9101227,0.02860863,0.9101226925849915,True,True,0.96537393,0.93315506,0.9613259668242727,0.9997791785439837,0.9693593314493214,0.0,362.0,359.0,False
d:\Research\Multi-View Fusion Network\datasets\brisc2025\classification_task\test\pituitary\brisc2025_test_00823_pi_ax_t1.jpg,pituitary,pituitary,axial,0.028618691,0.030401703,0.9123813,0.028598301,0.9123812913894653,True,True,0.960644,0.9243986,0.9675090252358299,0.9997394737367483,0.9537366547703297,0.0,277.0,281.0,False
d:\Research\Multi-View Fusion Network\datasets\brisc2025\classification_task\test\pituitary\brisc2025_test_00824_pi_ax_t1.jpg,pituitary,pituitary,axial,0.027736502,0.032467805,0.9113026,0.028493019,0.9113026261329651,True,True,0.8327465,0.71385545,0.808219178054513,0.9992181861917651,0.8581818181506116,2.23606797749979,292.0,275.0,False
d:\Research\Multi-View Fusion Network\datasets\brisc2025\classification_task\test\pituitary\brisc2025_test_00825_pi_co_t1.jpg,pituitary,pituitary,coronal,0.028904183,0.029044965,0.9132022,0.028848609,0.9132022261619568,True,True,0.95026374,0.9053085,0.9388971683913726,0.9994950005047977,0.9618320610540179,0.0,671.0,655.0,False
d:\Research\Multi-View Fusion Network\datasets\brisc2025\classification_task\test\pituitary\brisc2025_test_00826_pi_co_t1.jpg,pituitary,meningioma,coronal,0.026763357,0.9088185,0.037557792,0.026860414,0.9088184833526611,False,True,0.9198783,0.8517824,0.9536842105062382,0.9988531417876907,0.8882352941002307,1.0,475.0,510.0,False
d:\Research\Multi-View Fusion Network\datasets\brisc2025\classification_task\test\pituitary\brisc2025_test_00827_pi_co_t1.jpg,pituitary,pituitary,coronal,0.02881844,0.029710779,0.9127251,0.028745707,0.9127250909805298,True,True,0.9464627,0.89855075,0.9320754716629405,0.9997996433649898,0.9610894941260276,1.0,265.0,257.0,False
d:\Research\Multi-View Fusion Network\datasets\brisc2025\classification_task\test\pituitary\brisc2025_test_00828_pi_co_t1.jpg,pituitary,pituitary,coronal,0.028871952,0.029950093,0.912026,0.029151928,0.9120259881019592,True,True,0.9439825,0.89395195,0.9522968197795735,0.9984911508031568,0.935763888880766,1.0,1132.0,1152.0,False
d:\Research\Multi-View Fusion Network\datasets\brisc2025\classification_task\test\pituitary\brisc2025_test_00829_pi_co_t1.jpg,pituitary,pituitary,coronal,0.02914226,0.030003522,0.9120737,0.028780472,0.9120736718177795,True,True,0.9270763,0.86415094,0.987050359698028,0.9979992320282537,0.873885350307339,1.0,695.0,785.0,False
d:\Research\Multi-View Fusion Network\datasets\brisc2025\classification_task\test\pituitary\brisc2025_test_00830_pi_co_t1.jpg,pituitary,pituitary,coronal,0.029747622,0.02969148,0.9112989,0.02926211,0.9112988710403442,True,True,0.86259544,0.7589286,0.7971698112831523,0.9997798414856698,0.9388888888367284,3.1622776601683795,212.0,180.0,False
d:\Research\Multi-View Fusion Network\datasets\brisc2025\classification_task\test\pituitary\brisc2025_test_00831_pi_co_t1.jpg,pituitary,pituitary,coronal,0.02966846,0.030647771,0.9105375,0.029146237,0.9105374813079834,True,True,0.91435766,0.8425926,0.8578199051726152,0.9999199439605725,0.978378378325493,1.0,211.0,185.0,False
d:\Research\Multi-View Fusion Network\datasets\brisc2025\classification_task\test\pituitary\brisc2025_test_00832_pi_co_t1.jpg,pituitary,pituitary,coronal,0.02997712,0.030679008,0.9094722,0.029871624,0.9094722270965576,True,True,0.92517984,0.86096257,0.9093484419005851,0.9995985789693517,0.9413489735794326,1.0,353.0,341.0,False
d:\Research\Multi-View Fusion Network\datasets\brisc2025\classification_task\test\pituitary\brisc2025_test_00833_pi_co_t1.jpg,pituitary,pituitary,coronal,0.029509213,0.02996088,0.91150016,0.029029714,0.9115001559257507,True,True,0.9177438,0.84815615,0.9725685785293624,0.9988146659967858,0.8685968819405657,1.0,401.0,449.0,False
d:\Research\Multi-View Fusion Network\datasets\brisc2025\classification_task\test\pituitary\brisc2025_test_00834_pi_co_t1.jpg,pituitary,pituitary,coronal,0.029259117,0.030106686,0.91154355,0.029090626,0.9115435481071472,True,True,0.9639684,0.9304762,0.981891348078653,0.9988817046885042,0.9466537342294215,0.0,994.0,1031.0,False
d:\Research\Multi-View Fusion Network\datasets\brisc2025\classification_task\test\pituitary\brisc2025_test_00835_pi_co_t1.jpg,pituitary,pituitary,coronal,0.029436186,0.031730086,0.9093693,0.029464524,0.9093692898750305,True,True,0.76399255,0.6184012,0.8872017353386724,0.995956954641256,0.6704918032676969,2.23606797749979,461.0,610.0,False
d:\Research\Multi-View Fusion Network\datasets\brisc2025\classification_task\test\pituitary\brisc2025_test_00836_pi_co_t1.jpg,pituitary,pituitary,coronal,0.030045534,0.03302234,0.90721226,0.0297199,0.9072122573852539,True,True,0.49620894,0.33034715,0.352517985607284,0.9988245308254634,0.8352272727035447,18.027756377319946,834.0,352.0,False
d:\Research\Multi-View Fusion Network\datasets\brisc2025\classification_task\test\pituitary\brisc2025_test_00837_pi_co_t1.jpg,pituitary,pituitary,coronal,0.028869538,0.030798005,0.9116845,0.028647892,0.911684513092041,True,True,0.8955087,0.8109453,0.8370497426957624,0.9996168814145143,0.9625246548133625,1.4142135623730951,583.0,507.0,False
d:\Research\Multi-View Fusion Network\datasets\brisc2025\classification_task\test\pituitary\brisc2025_test_00838_pi_co_t1.jpg,pituitary,pituitary,coronal,0.028900782,0.030272437,0.9118063,0.029020479,0.9118062853813171,True,True,0.46022728,0.30147058,0.99999999975,0.9981051539809722,0.2962962962743484,10.608214556237376,40.0,135.0,False
d:\Research\Multi-View Fusion Network\datasets\brisc2025\classification_task\test\pituitary\brisc2025_test_00839_pi_co_t1.jpg,pituitary,pituitary,coronal,0.02917948,0.029644428,0.9121807,0.02899538,0.9121807217597961,True,True,0.89737743,0.8140496,0.9800498752872805,0.998352586639679,0.8273684210352132,1.0,401.0,475.0,False
d:\Research\Multi-View Fusion Network\datasets\brisc2025\classification_task\test\pituitary\brisc2025_test_00840_pi_co_t1.jpg,pituitary,pituitary,coronal,0.029304083,0.030240085,0.9115899,0.02886598,0.9115899205207825,True,True,0.8018293,0.6693795,0.9507959478878322,0.9941194301301417,0.6930379746762337,7.0710678118654755,691.0,948.0,False
d:\Research\Multi-View Fusion Network\datasets\brisc2025\classification_task\test\pituitary\brisc2025_test_00841_pi_co_t1.jpg,pituitary,pituitary,coronal,0.02990617,0.029795574,0.91080964,0.029488506,0.9108096361160278,True,True,0.8750908,0.7780645,0.7818181818080283,0.9999190381732989,0.9933993399176007,2.8284271247461903,770.0,606.0,False
d:\Research\Multi-View Fusion Network\datasets\brisc2025\classification_task\test\pituitary\brisc2025_test_00842_pi_co_t1.jpg,pituitary,pituitary,coronal,0.029367387,0.031043842,0.9101351,0.029453568,0.9101350903511047,True,True,0.49882168,0.33263597,0.9406528189631853,0.9876000722323909,0.3390374331514541,15.033296378372908,337.0,935.0,False
d:\Research\Multi-View Fusion Network\datasets\brisc2025\classification_task\test\pituitary\brisc2025_test_00843_pi_co_t1.jpg,pituitary,pituitary,coronal,0.029069459,0.0292207,0.9127934,0.028916383,0.9127933979034424,True,True,0.5775,0.4063232,0.9226666666420622,0.9904017991604606,0.41990291261626334,18.03605776721543,375.0,824.0,False
d:\Research\Multi-View Fusion Network\datasets\brisc2025\classification_task\test\pituitary\brisc2025_test_00844_pi_co_t1.jpg,pituitary,pituitary,coronal,0.029405437,0.030360311,0.91093993,0.029294364,0.9109399318695068,True,True,0.89776355,0.8146718,0.9745370370144782,0.998291251205975,0.8320158102602369,1.0,432.0,506.0,False
d:\Research\Multi-View Fusion Network\datasets\brisc2025\classification_task\test\pituitary\brisc2025_test_00845_pi_co_t1.jpg,pituitary,pituitary,coronal,0.030735254,0.031729277,0.90829456,0.029240891,0.9082945585250854,True,True,0.9132275,0.8404669,0.9707207206988576,0.9986125633392989,0.86199999998276,1.0,444.0,500.0,False
d:\Research\Multi-View Fusion Network\datasets\brisc2025\classification_task\test\pituitary\brisc2025_test_00846_pi_co_t1.jpg,pituitary,pituitary,coronal,0.029563792,0.031092154,0.9105534,0.028790656,0.9105533957481384,True,True,0.8057199,0.6749175,0.9951219511952409,0.9960816621787976,0.6766169154116647,4.170919650218307,410.0,603.0,False
d:\Research\Multi-View Fusion Network\datasets\brisc2025\classification_task\test\pituitary\brisc2025_test_00847_pi_co_t1.jpg,pituitary,pituitary,coronal,0.02924295,0.029527225,0.91221046,0.029019376,0.9122104644775391,True,True,0.6913003,0.5285714,0.98399999997376,0.9934941065438458,0.5324675324598489,11.598668929814732,375.0,693.0,False
d:\Research\Multi-View Fusion Network\datasets\brisc2025\classification_task\test\pituitary\brisc2025_test_00848_pi_co_t1.jpg,pituitary,pituitary,coronal,0.029217238,0.02924429,0.91265965,0.028878815,0.9126596450805664,True,True,0.872156,0.7735125,0.846315789455867,0.9990945856218187,0.8993288590402835,1.4142135623730951,475.0,447.0,False
d:\Research\Multi-View Fusion Network\datasets\brisc2025\classification_task\test\pituitary\brisc2025_test_00849_pi_co_t1.jpg,pituitary,pituitary,coronal,0.02993021,0.028723972,0.9120012,0.029344553,0.9120011925697327,True,True,0.91283524,0.83978873,0.9482071712958524,0.9986914683735961,0.8798521256768974,1.0,502.0,541.0,False
d:\Research\Multi-View Fusion Network\datasets\brisc2025\classification_task\test\pituitary\brisc2025_test_00850_pi_co_t1.jpg,pituitary,pituitary,coronal,0.029531667,0.029218081,0.911849,0.029401263,0.9118490219116211,True,True,0.91247976,0.83928573,0.9335548172447323,0.9993182957391481,0.8920634920351725,1.0,301.0,315.0,False
d:\Research\Multi-View Fusion Network\datasets\brisc2025\classification_task\test\pituitary\brisc2025_test_00851_pi_co_t1.jpg,pituitary,pituitary,coronal,0.02957918,0.02950528,0.91167444,0.029241083,0.911674439907074,True,True,0.83934706,0.72337276,0.775834658175265,0.9990715885924478,0.9138576778855083,3.1622776601683795,629.0,534.0,False
d:\Research\Multi-View Fusion Network\datasets\brisc2025\classification_task\test\pituitary\brisc2025_test_00852_pi_co_t1.jpg,pituitary,pituitary,coronal,0.030703375,0.029519254,0.909963,0.029814316,0.9099630117416382,True,True,0.91442305,0.84247786,0.8911819887262442,0.9993755413651473,0.9387351778470605,1.0,533.0,506.0,False
d:\Research\Multi-View Fusion Network\datasets\brisc2025\classification_task\test\pituitary\brisc2025_test_00853_pi_co_t1.jpg,pituitary,pituitary,coronal,0.0294981,0.029960306,0.9114045,0.029137064,0.9114044904708862,True,True,0.9364575,0.880597,0.956168831153309,0.998930589184625,0.9174454828517532,1.0,616.0,642.0,False
d:\Research\Multi-View Fusion Network\datasets\brisc2025\classification_task\test\pituitary\brisc2025_test_00854_pi_co_t1.jpg,pituitary,pituitary,coronal,0.029100645,0.028726608,0.91327757,0.028895242,0.9132775664329529,True,True,0.75436485,0.6057971,0.9920760697148641,0.9918659804216386,0.60835762875988,4.47213595499958,631.0,1029.0,False
d:\Research\Multi-View Fusion Network\datasets\brisc2025\classification_task\test\pituitary\brisc2025_test_00855_pi_co_t1.jpg,pituitary,pituitary,coronal,0.029254103,0.030256968,0.9113419,0.029146986,0.9113419055938721,True,True,0.71602434,0.5583596,0.59259259257264,0.999619078168969,0.9025641025178172,9.024923312161837,297.0,195.0,False
d:\Research\Multi-View Fusion Network\datasets\brisc2025\classification_task\test\pituitary\brisc2025_test_00856_pi_co_t1.jpg,pituitary,pituitary,coronal,0.029342882,0.030929983,0.9107545,0.028972637,0.9107545018196106,True,True,0.97190475,0.9453704,0.9807692307598004,0.9992062845976476,0.9631728045234829,0.0,1040.0,1059.0,False
d:\Research\Multi-View Fusion Network\datasets\brisc2025\classification_task\test\pituitary\brisc2025_test_00857_pi_co_t1.jpg,pituitary,pituitary,coronal,0.029163603,0.031443186,0.9105795,0.028813735,0.91057950258255,True,True,0.960199,0.9235669,0.9569536423524188,0.9997794441991821,0.9633333333012222,0.0,302.0,300.0,False
d:\Research\Multi-View Fusion Network\datasets\brisc2025\classification_task\test\pituitary\brisc2025_test_00858_pi_co_t1.jpg,pituitary,pituitary,coronal,0.02881668,0.029558573,0.9128391,0.028785601,0.9128391146659851,True,True,0.9407616,0.88829786,0.9327731092175694,0.9996386920650757,0.9487179486909197,1.0,357.0,351.0,False
d:\Research\Multi-View Fusion Network\datasets\brisc2025\classification_task\test\pituitary\brisc2025_test_00859_pi_co_t1.jpg,pituitary,pituitary,coronal,0.028283073,0.030248202,0.9125144,0.02895434,0.9125143885612488,True,True,0.89588946,0.8114704,0.9022403258594553,0.9966121183497944,0.8895582329257727,1.4142135623730951,1473.0,1494.0,False
d:\Research\Multi-View Fusion Network\datasets\brisc2025\classification_task\test\pituitary\brisc2025_test_00860_pi_co_t1.jpg,pituitary,pituitary,coronal,0.029097455,0.030228224,0.912081,0.028593209,0.9120810031890869,True,True,0.96407187,0.93068033,0.9602122015787771,0.9995143863054916,0.9679144384897338,0.0,754.0,748.0,False
d:\Research\Multi-View Fusion Network\datasets\brisc2025\classification_task\test\pituitary\brisc2025_test_00861_pi_co_t1.jpg,pituitary,pituitary,coronal,0.029768338,0.029128982,0.91200817,0.029094554,0.9120081663131714,True,True,0.9215947,0.8546798,0.9154557463551459,0.9989073028590221,0.9277108433610748,1.0,757.0,747.0,False
d:\Research\Multi-View Fusion Network\datasets\brisc2025\classification_task\test\pituitary\brisc2025_test_00862_pi_co_t1.jpg,pituitary,pituitary,coronal,0.028803732,0.029211883,0.91301733,0.02896701,0.9130173325538635,True,True,0.7880068,0.6504178,0.8519195612275701,0.9965745834086932,0.7327044025042028,5.0,547.0,636.0,False
d:\Research\Multi-View Fusion Network\datasets\brisc2025\classification_task\test\pituitary\brisc2025_test_00863_pi_co_t1.jpg,pituitary,pituitary,coronal,0.02931734,0.029643979,0.9119801,0.029058594,0.9119800925254822,True,True,0.7849265,0.6465257,0.7029702970065026,0.999458624907064,0.8874999999630208,2.982842712474615,303.0,240.0,False
d:\Research\Multi-View Fusion Network\datasets\brisc2025\classification_task\test\pituitary\brisc2025_test_00864_pi_co_t1.jpg,pituitary,pituitary,coronal,0.029773537,0.031452253,0.90956926,0.029204963,0.909569263458252,True,True,0.79904306,0.6657825,0.7440476190254748,0.999197431781501,0.8620689654875149,2.23606797749979,336.0,290.0,False
d:\Research\Multi-View Fusion Network\datasets\brisc2025\classification_task\test\pituitary\brisc2025_test_00865_pi_co_t1.jpg,pituitary,pituitary,coronal,0.02972432,0.030737719,0.91004694,0.029491011,0.9100469350814819,True,True,0.9071429,0.8302872,0.8830083565213647,0.9995383102151877,0.9323529411490484,1.0,359.0,340.0,False
d:\Research\Multi-View Fusion Network\datasets\brisc2025\classification_task\test\pituitary\brisc2025_test_00866_pi_co_t1.jpg,pituitary,pituitary,coronal,0.029308403,0.029900795,0.91171306,0.029077658,0.9117130637168884,True,True,0.91324735,0.8405172,0.919621749387243,0.9991960283799974,0.9067599067387702,1.0,423.0,429.0,False
d:\Research\Multi-View Fusion Network\datasets\brisc2025\classification_task\test\pituitary\brisc2025_test_00867_pi_co_t1.jpg,pituitary,pituitary,coronal,0.029492736,0.029723004,0.9119665,0.02881779,0.9119665026664734,True,True,0.8052209,0.67449665,0.9174311926184664,0.998418671684015,0.7168458781105073,3.0,218.0,279.0,False
d:\Research\Multi-View Fusion Network\datasets\brisc2025\classification_task\test\pituitary\brisc2025_test_00868_pi_co_t1.jpg,pituitary,pituitary,coronal,0.029937869,0.030348314,0.90989333,0.029820513,0.9098933339118958,True,True,0.9123457,0.83900225,0.8999999999780488,0.9993971787965681,0.9248120300520097,1.0,410.0,399.0,False
d:\Research\Multi-View Fusion Network\datasets\brisc2025\classification_task\test\pituitary\brisc2025_test_00869_pi_co_t1.jpg,pituitary,pituitary,coronal,0.029770669,0.030308073,0.91090167,0.029019542,0.910901665687561,True,True,0.8303647,0.71014494,0.7465648854847853,0.9993134225881951,0.934990439752677,4.242640687119285,655.0,523.0,False
d:\Research\Multi-View Fusion Network\datasets\brisc2025\classification_task\test\pituitary\brisc2025_test_00870_pi_co_t1.jpg,pituitary,pituitary,coronal,0.029050909,0.030930499,0.9112525,0.02876617,0.911252498626709,True,True,0.9625213,0.9277899,0.9825986078772321,0.9989658109257009,0.9432071269382716,0.0,862.0,898.0,False
d:\Research\Multi-View Fusion Network\datasets\brisc2025\classification_task\test\pituitary\brisc2025_test_00871_pi_co_t1.jpg,pituitary,pituitary,coronal,0.029172482,0.029987507,0.9118399,0.029000029,0.9118399024009705,True,True,0.9696616,0.94113207,0.9681429681354458,0.9992431835380149,0.9711613406003807,0.0,1287.0,1283.0,False
d:\Research\Multi-View Fusion Network\datasets\brisc2025\classification_task\test\pituitary\brisc2025_test_00872_pi_co_t1.jpg,pituitary,pituitary,coronal,0.02962844,0.031756017,0.9094731,0.029142361,0.9094731211662292,True,True,0.8659103,0.76363635,0.9610538373314885,0.9954161004399337,0.7877934272226499,14.317821063276353,873.0,1065.0,False
d:\Research\Multi-View Fusion Network\datasets\brisc2025\classification_task\test\pituitary\brisc2025_test_00873_pi_co_t1.jpg,pituitary,pituitary,coronal,0.02988043,0.030088834,0.910681,0.029349757,0.9106810092926025,True,True,0.7771588,0.6357013,0.6587901701260984,0.999205993729183,0.9470108695523504,7.0,1058.0,736.0,False
d:\Research\Multi-View Fusion Network\datasets\brisc2025\classification_task\test\pituitary\brisc2025_test_00874_pi_co_t1.jpg,pituitary,pituitary,coronal,0.028982373,0.03103812,0.9111094,0.02887018,0.9111093878746033,True,True,0.9423329,0.8910891,0.9472295514261945,0.9995180432554172,0.9373368145969364,1.0,379.0,383.0,False
d:\Research\Multi-View Fusion Network\datasets\brisc2025\classification_task\test\pituitary\brisc2025_test_00875_pi_co_t1.jpg,pituitary,pituitary,coronal,0.030059889,0.031022374,0.9089714,0.029946296,0.9089714288711548,True,True,0.9632937,0.9292543,0.9472656249814987,0.9997986469070153,0.9797979797781858,0.0,512.0,495.0,False
d:\Research\Multi-View Fusion Network\datasets\brisc2025\classification_task\test\pituitary\brisc2025_test_00876_pi_co_t1.jpg,pituitary,pituitary,coronal,0.029657578,0.02953217,0.91118175,0.029628528,0.9111817479133606,True,True,0.49452555,0.3292978,0.8181818181322313,0.9950610865607576,0.3534031413520051,14.28627586535901,165.0,382.0,False
d:\Research\Multi-View Fusion Network\datasets\brisc2025\classification_task\test\pituitary\brisc2025_test_00877_pi_co_t1.jpg,pituitary,pituitary,coronal,0.029856093,0.029630253,0.9110705,0.029443102,0.9110705256462097,True,True,0.939089,0.8852295,0.9630434782504017,0.9983555302905234,0.9162357807557783,1.0,920.0,967.0,False
d:\Research\Multi-View Fusion Network\datasets\brisc2025\classification_task\test\pituitary\brisc2025_test_00878_pi_co_t1.jpg,pituitary,pituitary,coronal,0.0303165,0.029144308,0.9107823,0.029756881,0.9107822775840759,True,True,0.88718414,0.7974068,0.8450946643572272,0.999294283697752,0.933460076027881,1.4142135623730951,581.0,526.0,False
d:\Research\Multi-View Fusion Network\datasets\brisc2025\classification_task\test\pituitary\brisc2025_test_00879_pi_co_t1.jpg,pituitary,pituitary,coronal,0.029236808,0.031216906,0.9102643,0.029281933,0.9102643132209778,True,True,0.8513274,0.74153847,0.8540925266599967,0.9991381901992186,0.8480565370725068,1.4142135623730951,281.0,283.0,False
d:\Research\Multi-View Fusion Network\datasets\brisc2025\classification_task\test\pituitary\brisc2025_test_00880_pi_co_t1.jpg,pituitary,pituitary,coronal,0.02932931,0.03145711,0.910027,0.02918658,0.910027027130127,True,True,0.64918417,0.4810345,0.8057971014259189,0.9953041279522797,0.5429687499893951,12.239107867957546,345.0,512.0,False
d:\Research\Multi-View Fusion Network\datasets\brisc2025\classification_task\test\pituitary\brisc2025_test_00881_pi_co_t1.jpg,pituitary,pituitary,coronal,0.029655823,0.029326782,0.9118417,0.029175675,0.9118416905403137,True,True,0.98176867,0.9641975,0.9677685950373233,0.9998115420049838,0.9961718417652227,0.0,2420.0,2351.0,False
d:\Research\Multi-View Fusion Network\datasets\brisc2025\classification_task\test\pituitary\brisc2025_test_00882_pi_co_t1.jpg,pituitary,pituitary,coronal,0.029670008,0.029211814,0.912085,0.029033229,0.9120849967002869,True,True,0.8729323,0.77466667,0.8978328173235629,0.9979204522509595,0.8491947291237306,1.4142135623730951,646.0,683.0,False
d:\Research\Multi-View Fusion Network\datasets\brisc2025\classification_task\test\pituitary\brisc2025_test_00883_pi_co_t1.jpg,pituitary,pituitary,coronal,0.028942984,0.02999968,0.9121824,0.02887503,0.9121823906898499,True,True,0.84726965,0.7352071,0.7447447447335623,0.9998182185415069,0.982178217802333,7.810249675906654,666.0,505.0,False
d:\Research\Multi-View Fusion Network\datasets\brisc2025\classification_task\test\pituitary\brisc2025_test_00884_pi_co_t1.jpg,pituitary,pituitary,coronal,0.029016796,0.028920677,0.9135979,0.028464649,0.9135978817939758,True,True,0.92157894,0.85463417,0.8820564516040115,0.999349381912614,0.964718853352098,1.0,992.0,907.0,False
d:\Research\Multi-View Fusion Network\datasets\brisc2025\classification_task\test\pituitary\brisc2025_test_00885_pi_co_t1.jpg,pituitary,pituitary,coronal,0.029654738,0.02971303,0.9113832,0.02924906,0.9113832116127014,True,True,0.9140155,0.84177214,0.8676470588093521,0.9996166572510291,0.9654545454369917,1.0,612.0,550.0,False
d:\Research\Multi-View Fusion Network\datasets\brisc2025\classification_task\test\pituitary\brisc2025_test_00886_pi_co_t1.jpg,pituitary,pituitary,coronal,0.029163776,0.030857086,0.91073984,0.029239245,0.9107398390769958,True,True,0.8445946,0.73255813,0.7848101264829355,0.9998802323490429,0.91176470574827,1.0,79.0,68.0,False
d:\Research\Multi-View Fusion Network\datasets\brisc2025\classification_task\test\pituitary\brisc2025_test_00887_pi_co_t1.jpg,pituitary,pituitary,coronal,0.029144732,0.030021966,0.91189927,0.02893398,0.9118992686271667,True,True,0.8776722,0.782241,0.9534883720683853,0.9982927955972206,0.8127753303785732,10.770329614269007,387.0,454.0,False
d:\Research\Multi-View Fusion Network\datasets\brisc2025\classification_task\test\pituitary\brisc2025_test_00888_pi_co_t1.jpg,pituitary,pituitary,coronal,0.028778937,0.030008502,0.9122766,0.028936002,0.9122766256332397,True,True,0.75298804,0.60509557,0.912621359134697,0.9989415453435986,0.6394557822694248,2.0,103.0,147.0,False
d:\Research\Multi-View Fusion Network\datasets\brisc2025\classification_task\test\pituitary\brisc2025_test_00889_pi_co_t1.jpg,pituitary,pituitary,coronal,0.029108578,0.029519612,0.9127066,0.028665263,0.9127066135406494,True,True,0.9238477,0.85873604,0.9871244634769474,0.9992992010890417,0.8679245282691349,1.0,233.0,265.0,False
d:\Research\Multi-View Fusion Network\datasets\brisc2025\classification_task\test\pituitary\brisc2025_test_00890_pi_co_t1.jpg,pituitary,pituitary,coronal,0.029789636,0.03127379,0.9100678,0.028868748,0.9100677967071533,True,True,0.8558282,0.7486631,0.9652777777107445,0.9991605372559564,0.7679558010625438,2.0,144.0,181.0,False
d:\Research\Multi-View Fusion Network\datasets\brisc2025\classification_task\test\pituitary\brisc2025_test_00891_pi_co_t1.jpg,pituitary,pituitary,coronal,0.02953844,0.03035897,0.91088223,0.029220393,0.9108822345733643,True,True,0.96260995,0.9279661,0.9590643274713587,0.9995352784286351,0.9661266568340776,0.0,684.0,679.0,False
d:\Research\Multi-View Fusion Network\datasets\brisc2025\classification_task\test\pituitary\brisc2025_test_00892_pi_co_t1.jpg,pituitary,pituitary,coronal,0.029671684,0.030316763,0.9106392,0.029372336,0.910639226436615,True,True,0.84240365,0.72798437,0.9137931034257686,0.9979103877836051,0.7810526315625042,3.0,406.0,475.0,False
d:\Research\Multi-View Fusion Network\datasets\brisc2025\classification_task\test\pituitary\brisc2025_test_00893_pi_co_t1.jpg,pituitary,pituitary,coronal,0.029605942,0.03032941,0.91083574,0.029228775,0.9108357429504395,True,True,0.92233634,0.8559524,0.9434954007760381,0.998421531923303,0.9020100502399245,1.0,761.0,796.0,False
d:\Research\Multi-View Fusion Network\datasets\brisc2025\classification_task\test\pituitary\brisc2025_test_00894_pi_co_t1.jpg,pituitary,pituitary,coronal,0.029195784,0.03033926,0.9113113,0.029153626,0.9113113284111023,True,True,0.92829704,0.86624205,0.8709935897366107,0.9998569326355053,0.9936014625137697,1.0,1248.0,1094.0,False
d:\Research\Multi-View Fusion Network\datasets\brisc2025\classification_task\test\pituitary\brisc2025_test_00895_pi_co_t1.jpg,pituitary,pituitary,coronal,0.029451655,0.029859575,0.912104,0.028584806,0.9121040105819702,True,True,0.9177305,0.84816754,0.9728915662357562,0.9990169328302305,0.8682795698691322,1.0,332.0,372.0,False
d:\Research\Multi-View Fusion Network\datasets\brisc2025\classification_task\test\pituitary\brisc2025_test_00896_pi_co_t1.jpg,pituitary,pituitary,coronal,0.02926128,0.031220755,0.91054404,0.02897394,0.9105440378189087,True,True,0.93948656,0.8859447,0.9264173703145184,0.999229943056113,0.9528535980030663,1.0,829.0,806.0,False
d:\Research\Multi-View Fusion Network\datasets\brisc2025\classification_task\test\pituitary\brisc2025_test_00897_pi_co_t1.jpg,pituitary,pituitary,coronal,0.029603623,0.030012041,0.91111475,0.029269531,0.9111147522926331,True,True,0.8909396,0.8036254,0.8333333333071279,0.9997593164585423,0.9566787003264736,1.0,318.0,277.0,False
d:\Research\Multi-View Fusion Network\datasets\brisc2025\classification_task\test\pituitary\brisc2025_test_00898_pi_co_t1.jpg,pituitary,pituitary,coronal,0.029144729,0.02963012,0.91240466,0.028820528,0.9124046564102173,True,True,0.9441771,0.8943534,0.9386973179896801,0.9994763765253556,0.9496124030823718,1.0,522.0,516.0,False
d:\Research\Multi-View Fusion Network\datasets\brisc2025\classification_task\test\pituitary\brisc2025_test_00899_pi_co_t1.jpg,pituitary,pituitary,coronal,0.02888456,0.030847205,0.91155714,0.02871112,0.911557137966156,True,True,0.5407047,0.37104824,0.9327731092045053,0.9927510112537562,0.38013698629486065,12.982455532033653,238.0,584.0,False
d:\Research\Multi-View Fusion Network\datasets\brisc2025\classification_task\test\pituitary\brisc2025_test_00900_pi_co_t1.jpg,pituitary,pituitary,coronal,0.029969512,0.029325018,0.9117228,0.0289827,0.9117227792739868,True,True,0.88873816,0.8,0.9478260869290485,0.9987156589269734,0.836317135528483,1.0,345.0,391.0,False
d:\Research\Multi-View Fusion Network\datasets\brisc2025\classification_task\test\pituitary\brisc2025_test_00901_pi_co_t1.jpg,pituitary,pituitary,coronal,0.029691659,0.029570226,0.9116679,0.029070333,0.9116678833961487,True,True,0.9460293,0.8976608,0.9041297934969892,0.9998989858174069,0.9919093850972183,1.0,678.0,618.0,False
d:\Research\Multi-View Fusion Network\datasets\brisc2025\classification_task\test\pituitary\brisc2025_test_00902_pi_co_t1.jpg,pituitary,pituitary,coronal,0.029769104,0.030523788,0.91015726,0.029549774,0.9101572632789612,True,True,0.9552573,0.9145299,0.9260869564814744,0.9999399351297402,0.9861111110654578,0.0,230.0,216.0,False
d:\Research\Multi-View Fusion Network\datasets\brisc2025\classification_task\test\pituitary\brisc2025_test_00903_pi_co_t1.jpg,pituitary,pituitary,coronal,0.030089743,0.030969135,0.909065,0.029876156,0.9090650081634521,True,True,0.6430206,0.47474748,0.915032679678756,0.997141314994903,0.494699646625629,8.06225774829855,153.0,283.0,False
d:\Research\Multi-View Fusion Network\datasets\brisc2025\classification_task\test\pituitary\brisc2025_test_00904_pi_co_t1.jpg,pituitary,pituitary,coronal,0.029881058,0.029930614,0.9103293,0.029859038,0.910329282283783,True,True,0.97054493,0.94279176,0.9815256257390851,0.9985772609177701,0.9597902097846167,0.0,1678.0,1716.0,False
d:\Research\Multi-View Fusion Network\datasets\brisc2025\classification_task\test\pituitary\brisc2025_test_00905_pi_co_t1.jpg,pituitary,pituitary,coronal,0.029517965,0.02988209,0.9111207,0.029479232,0.9111207127571106,True,True,0.7590113,0.6119403,0.6226734348456401,0.9997781587171525,0.9709762532725336,8.94427190999916,591.0,379.0,False
d:\Research\Multi-View Fusion Network\datasets\brisc2025\classification_task\test\pituitary\brisc2025_test_00906_pi_co_t1.jpg,pituitary,pituitary,coronal,0.029730333,0.028910287,0.91241235,0.02894704,0.9124123454093933,True,True,0.9617438,0.92636985,0.962566844902628,0.9995565857097654,0.9608540925095933,0.0,561.0,562.0,False
d:\Research\Multi-View Fusion Network\datasets\brisc2025\classification_task\test\pituitary\brisc2025_test_00907_pi_co_t1.jpg,pituitary,pituitary,coronal,0.029394237,0.029095342,0.9125394,0.02897107,0.9125394225120544,True,True,0.9155501,0.84431136,0.9510548523126494,0.9969382131409857,0.8825371965475135,1.0,1185.0,1277.0,False
d:\Research\Multi-View Fusion Network\datasets\brisc2025\classification_task\test\pituitary\brisc2025_test_00908_pi_co_t1.jpg,pituitary,pituitary,coronal,0.029528791,0.029810587,0.9112334,0.029427247,0.9112334251403809,True,True,0.9692853,0.9404353,0.9579439252224539,0.9996755879965532,0.9808612440074059,0.0,856.0,836.0,False
d:\Research\Multi-View Fusion Network\datasets\brisc2025\classification_task\test\pituitary\brisc2025_test_00909_pi_co_t1.jpg,pituitary,pituitary,coronal,0.029307287,0.031714473,0.90947855,0.02949967,0.9094785451889038,True,True,0.9282219,0.8662614,0.972602739692719,0.99927832571546,0.8874999999722656,1.0,292.0,320.0,False
d:\Research\Multi-View Fusion Network\datasets\brisc2025\classification_task\test\pituitary\brisc2025_test_00910_pi_co_t1.jpg,pituitary,pituitary,coronal,0.029446065,0.031946152,0.90907407,0.029533682,0.909074068069458,True,True,0.7943182,0.65913373,0.8724999999781875,0.9973882995819277,0.7286012525943925,8.49115361134646,400.0,479.0,False
d:\Research\Multi-View Fusion Network\datasets\brisc2025\classification_task\test\pituitary\brisc2025_test_00911_pi_co_t1.jpg,pituitary,pituitary,coronal,0.029263811,0.030453734,0.9114544,0.028827988,0.9114543795585632,True,True,0.8603239,0.7553192,0.782287822849362,0.9997996192764254,0.9549549549119389,1.4142135623730951,271.0,222.0,False
d:\Research\Multi-View Fusion Network\datasets\brisc2025\classification_task\test\pituitary\brisc2025_test_00912_pi_co_t1.jpg,pituitary,pituitary,coronal,0.029768983,0.030190945,0.9105869,0.029453142,0.9105868935585022,True,True,0.9168111,0.84664536,0.9530685920233549,0.9992985831377384,0.8829431437831792,1.0,277.0,299.0,False
d:\Research\Multi-View Fusion Network\datasets\brisc2025\classification_task\test\pituitary\brisc2025_test_00913_pi_co_t1.jpg,pituitary,pituitary,coronal,0.029446578,0.030259242,0.91123086,0.029063335,0.9112308621406555,True,True,0.9673077,0.93672454,0.9666666666542735,0.9994938861444248,0.9679075738001552,0.0,780.0,779.0,False
d:\Research\Multi-View Fusion Network\datasets\brisc2025\classification_task\test\pituitary\brisc2025_test_00914_pi_co_t1.jpg,pituitary,pituitary,coronal,0.029564971,0.030345624,0.91114634,0.028943162,0.911146342754364,True,True,0.90339625,0.82393396,0.9432176656002647,0.9981429897862424,0.8666666666541063,1.0,634.0,690.0,False
d:\Research\Multi-View Fusion Network\datasets\brisc2025\classification_task\test\pituitary\brisc2025_test_00915_pi_sa_t1.jpg,pituitary,pituitary,sagittal,0.029672362,0.031656593,0.9092734,0.02939761,0.9092733860015869,True,True,0.916309,0.8458498,0.8912133890840496,0.9997396719865032,0.9424778760644921,1.0,239.0,226.0,False
d:\Research\Multi-View Fusion Network\datasets\brisc2025\classification_task\test\pituitary\brisc2025_test_00916_pi_sa_t1.jpg,pituitary,pituitary,sagittal,0.029280545,0.030841423,0.9108428,0.029035203,0.910842776298523,True,True,0.90275526,0.82300884,0.829850746243885,0.9999398085911199,0.9893238433811629,1.4142135623730951,335.0,281.0,False
d:\Research\Multi-View Fusion Network\datasets\brisc2025\classification_task\test\pituitary\brisc2025_test_00917_pi_sa_t1.jpg,pituitary,pituitary,sagittal,0.029499812,0.031016018,0.91059333,0.0288909,0.9105933308601379,True,True,0.9337931,0.875969,0.8965517241141499,0.9998192734791864,0.9740634005482979,1.0,377.0,347.0,False
d:\Research\Multi-View Fusion Network\datasets\brisc2025\classification_task\test\pituitary\brisc2025_test_00918_pi_sa_t1.jpg,pituitary,pituitary,sagittal,0.029991455,0.031535696,0.90996933,0.02850351,0.9099693298339844,True,True,0.9414414,0.8898305,0.9369369368525282,0.9998801557972636,0.9454545453685951,1.0,111.0,110.0,False
d:\Research\Multi-View Fusion Network\datasets\brisc2025\classification_task\test\pituitary\brisc2025_test_00919_pi_sa_t1.jpg,pituitary,pituitary,sagittal,0.028890613,0.02989719,0.9128534,0.028358784,0.9128534197807312,True,True,0.8372483,0.7204611,0.9841897232812573,0.9981371311818205,0.7280701754173079,2.0,253.0,342.0,False
d:\Research\Multi-View Fusion Network\datasets\brisc2025\classification_task\test\pituitary\brisc2025_test_00920_pi_sa_t1.jpg,pituitary,pituitary,sagittal,0.029551012,0.030266337,0.91133726,0.028845383,0.9113372564315796,True,True,0.9614561,0.92582417,0.983918128640586,0.9991311727145804,0.9399441340650846,0.0,684.0,716.0,False
d:\Research\Multi-View Fusion Network\datasets\brisc2025\classification_task\test\pituitary\brisc2025_test_00921_pi_sa_t1.jpg,pituitary,pituitary,sagittal,0.02944923,0.030264804,0.91167915,0.028606877,0.9116791486740112,True,True,0.93636364,0.8804205,0.9176954732384404,0.9993730661109878,0.9557142857006327,1.0,729.0,700.0,False
d:\Research\Multi-View Fusion Network\datasets\brisc2025\classification_task\test\pituitary\brisc2025_test_00922_pi_sa_t1.jpg,pituitary,pituitary,sagittal,0.029265838,0.029681187,0.9127983,0.028254677,0.912798285484314,True,True,0.97603834,0.95322245,0.9786324786220232,0.9994922826967914,0.9734325185868923,0.0,936.0,941.0,False
d:\Research\Multi-View Fusion Network\datasets\brisc2025\classification_task\test\pituitary\brisc2025_test_00923_pi_sa_t1.jpg,pituitary,pituitary,sagittal,0.02928736,0.02961564,0.9127734,0.02832369,0.9127733707427979,True,True,0.9370861,0.8817427,0.9318681318476513,0.9994770821180187,0.9422222222012839,1.0,455.0,450.0,False
d:\Research\Multi-View Fusion Network\datasets\brisc2025\classification_task\test\pituitary\brisc2025_test_00924_pi_sa_t1.jpg,pituitary,pituitary,sagittal,0.029630713,0.030324457,0.91168135,0.028363494,0.9116813540458679,True,True,0.9469697,0.8995215,0.93499999995325,0.9998399231629183,0.9589743589251808,1.0,200.0,195.0,False
d:\Research\Multi-View Fusion Network\datasets\brisc2025\classification_task\test\pituitary\brisc2025_test_00925_pi_sa_t1.jpg,pituitary,pituitary,sagittal,0.030204201,0.0290317,0.91207576,0.02868836,0.9120757579803467,True,True,0.9746218,0.9505233,0.9832512315174063,0.9992880535381707,0.9661181026043939,0.0,1015.0,1033.0,False
d:\Research\Multi-View Fusion Network\datasets\brisc2025\classification_task\test\pituitary\brisc2025_test_00926_pi_sa_t1.jpg,pituitary,pituitary,sagittal,0.028924571,0.030974358,0.91139036,0.028710809,0.9113903641700745,True,True,0.86519605,0.76293105,0.7787610619124442,0.9998998998996997,0.9723756905540123,1.4142135623730951,226.0,181.0,False
d:\Research\Multi-View Fusion Network\datasets\brisc2025\classification_task\test\pituitary\brisc2025_test_00927_pi_sa_t1.jpg,pituitary,pituitary,sagittal,0.028868709,0.030708035,0.91159505,0.02882826,0.9115950465202332,True,True,0.93190414,0.8726415,0.8978102189562577,0.9997588666731639,0.968503936982454,1.0,411.0,381.0,False
d:\Research\Multi-View Fusion Network\datasets\brisc2025\classification_task\test\pituitary\brisc2025_test_00928_pi_sa_t1.jpg,pituitary,pituitary,sagittal,0.029292816,0.030399304,0.9117531,0.02855488,0.9117531180381775,True,True,0.90459967,0.82608694,0.8774834436795536,0.9996190399805511,0.9330985915164401,1.0,302.0,284.0,False
d:\Research\Multi-View Fusion Network\datasets\brisc2025\classification_task\test\pituitary\brisc2025_test_00929_pi_sa_t1.jpg,pituitary,pituitary,sagittal,0.02807512,0.029602248,0.9148017,0.027520902,0.9148017168045044,True,True,0.6970588,0.536036,0.9999999999152543,0.9979423868310764,0.5339366515595504,2.8284271247461903,118.0,221.0,False
d:\Research\Multi-View Fusion Network\datasets\brisc2025\classification_task\test\pituitary\brisc2025_test_00930_pi_sa_t1.jpg,pituitary,pituitary,sagittal,0.030237904,0.029892832,0.9115387,0.028330524,0.9115387201309204,True,True,0.8501171,0.7398374,0.874396135223459,0.9992395285074749,0.8264840182271012,2.0,207.0,219.0,False
d:\Research\Multi-View Fusion Network\datasets\brisc2025\classification_task\test\pituitary\brisc2025_test_00931_pi_sa_t1.jpg,pituitary,pituitary,sagittal,0.0290972,0.029581187,0.9129324,0.028389193,0.9129323959350586,True,True,0.8628527,0.75895315,0.9615384615216515,0.9969155713246922,0.7823613086659692,2.0,572.0,703.0,False
d:\Research\Multi-View Fusion Network\datasets\brisc2025\classification_task\test\pituitary\brisc2025_test_00932_pi_sa_t1.jpg,pituitary,pituitary,sagittal,0.029232271,0.029490989,0.91257554,0.028701229,0.9125755429267883,True,True,0.7419355,0.590106,0.9970059879941016,0.9953653545200845,0.590425531904425,11.065607847734011,334.0,564.0,False
d:\Research\Multi-View Fusion Network\datasets\brisc2025\classification_task\test\pituitary\brisc2025_test_00933_pi_sa_t1.jpg,pituitary,pituitary,sagittal,0.029258959,0.03157454,0.91096675,0.028199764,0.9109667539596558,True,True,0.875,0.7781457,0.9034749034400202,0.9991586032812471,0.8478260869258034,1.0,259.0,276.0,False
d:\Research\Multi-View Fusion Network\datasets\brisc2025\classification_task\test\pituitary\brisc2025_test_00934_pi_sa_t1.jpg,pituitary,pituitary,sagittal,0.029542582,0.029844848,0.91243273,0.028179878,0.9124327301979065,True,True,0.9584942,0.9203704,0.9538461538278107,0.9996173674881184,0.9631067960978037,0.0,520.0,515.0,False
d:\Research\Multi-View Fusion Network\datasets\brisc2025\classification_task\test\pituitary\brisc2025_test_00935_pi_sa_t1.jpg,pituitary,pituitary,sagittal,0.029558742,0.031658947,0.90972424,0.029058104,0.909724235534668,True,True,0.92967033,0.86885244,0.8865546218114893,0.9998998758458489,0.9768518518066271,1.0,238.0,216.0,False
d:\Research\Multi-View Fusion Network\datasets\brisc2025\classification_task\test\pituitary\brisc2025_test_00936_pi_sa_t1.jpg,pituitary,pituitary,sagittal,0.029025573,0.030961206,0.9111281,0.028885067,0.9111281037330627,True,True,0.8185185,0.69375,0.9909909909017126,0.9990412463795069,0.6962025316015061,3.4282418293457426,111.0,158.0,False
d:\Research\Multi-View Fusion Network\datasets\brisc2025\classification_task\test\pituitary\brisc2025_test_00937_pi_sa_t1.jpg,pituitary,pituitary,sagittal,0.028947588,0.029475993,0.91257924,0.028997175,0.9125792384147644,True,True,0.96484375,0.9321267,0.9762658227693629,0.999394477635839,0.9536321483623859,0.0,632.0,647.0,False
d:\Research\Multi-View Fusion Network\datasets\brisc2025\classification_task\test\pituitary\brisc2025_test_00938_pi_sa_t1.jpg,pituitary,pituitary,sagittal,0.029243968,0.029200396,0.9132103,0.028345343,0.9132102727890015,True,True,0.8762475,0.78014183,0.7963636363346777,0.9998797619284183,0.973333333290074,1.4142135623730951,275.0,225.0,False
d:\Research\Multi-View Fusion Network\datasets\brisc2025\classification_task\test\pituitary\brisc2025_test_00939_pi_sa_t1.jpg,pituitary,pituitary,sagittal,0.029032594,0.030017756,0.91244316,0.028506506,0.9124431610107422,True,True,0.9039088,0.82492584,0.9518900343315502,0.9990979252278243,0.8602484471782531,1.0,291.0,322.0,False
d:\Research\Multi-View Fusion Network\datasets\brisc2025\classification_task\test\pituitary\brisc2025_test_00940_pi_sa_t1.jpg,pituitary,pituitary,sagittal,0.028635623,0.029757941,0.91302997,0.028576553,0.9130299687385559,True,True,0.80290794,0.671159,0.9959839357029725,0.9975764616337859,0.6720867208489949,2.23606797749979,249.0,369.0,False
d:\Research\Multi-View Fusion Network\datasets\brisc2025\classification_task\test\pituitary\brisc2025_test_00941_pi_sa_t1.jpg,pituitary,pituitary,sagittal,0.029291973,0.029979572,0.91198623,0.028742159,0.911986231803894,True,True,0.90868926,0.8328841,0.9595015576025078,0.9990171497340289,0.8627450980150492,1.0,321.0,357.0,False
d:\Research\Multi-View Fusion Network\datasets\brisc2025\classification_task\test\pituitary\brisc2025_test_00942_pi_sa_t1.jpg,pituitary,pituitary,sagittal,0.029600035,0.031830307,0.9097475,0.028822172,0.9097474813461304,True,True,0.95043963,0.90563166,0.928124999985498,0.9996770025837776,0.9737704917873152,0.0,640.0,610.0,False
d:\Research\Multi-View Fusion Network\datasets\brisc2025\classification_task\test\pituitary\brisc2025_test_00943_pi_sa_t1.jpg,pituitary,pituitary,sagittal,0.029927138,0.029721135,0.9126264,0.027725356,0.9126263856887817,True,True,0.9377652,0.88297874,0.9376770537977995,0.9995584368663069,0.9376770537977995,1.0,353.0,353.0,False
d:\Research\Multi-View Fusion Network\datasets\brisc2025\classification_task\test\pituitary\brisc2025_test_00944_pi_sa_t1.jpg,pituitary,pituitary,sagittal,0.029570037,0.030428255,0.91089344,0.029108224,0.910893440246582,True,True,0.90654206,0.82935154,0.9272030650985745,0.9993789442049485,0.8864468864144158,1.0,261.0,273.0,False
d:\Research\Multi-View Fusion Network\datasets\brisc2025\classification_task\test\pituitary\brisc2025_test_00945_pi_sa_t1.jpg,pituitary,pituitary,sagittal,0.029039202,0.030466858,0.9119003,0.028593687,0.9119002819061279,True,True,0.9185606,0.8496503,0.9029850745931721,0.9996593732465738,0.9343629343268586,1.0,268.0,259.0,False
d:\Research\Multi-View Fusion Network\datasets\brisc2025\classification_task\test\pituitary\brisc2025_test_00946_pi_sa_t1.jpg,pituitary,pituitary,sagittal,0.029217364,0.030176751,0.91166836,0.0289375,0.9116683602333069,True,True,0.9579646,0.9194915,0.9599999999573333,0.9997998038075315,0.9557522123470906,0.0,225.0,226.0,False
d:\Research\Multi-View Fusion Network\datasets\brisc2025\classification_task\test\pituitary\brisc2025_test_00947_pi_sa_t1.jpg,pituitary,pituitary,sagittal,0.02956926,0.030691516,0.9107613,0.028977944,0.910761296749115,True,True,0.91290325,0.84023666,0.8650306747935563,0.9999000259930418,0.9657534245913867,1.0,163.0,146.0,False
d:\Research\Multi-View Fusion Network\datasets\brisc2025\classification_task\test\pituitary\brisc2025_test_00948_pi_sa_t1.jpg,pituitary,pituitary,sagittal,0.029020691,0.028785778,0.9136893,0.028504198,0.9136893153190613,True,True,0.8224138,0.6988304,0.959677419316142,0.9981373177373422,0.7190332326066757,2.0,248.0,331.0,False
d:\Research\Multi-View Fusion Network\datasets\brisc2025\classification_task\test\pituitary\brisc2025_test_00949_pi_sa_t1.jpg,pituitary,pituitary,sagittal,0.029647427,0.030273968,0.91122323,0.028855365,0.9112232327461243,True,True,0.9541876,0.9124487,0.9940298507314324,0.9987880256936535,0.9173553718881907,0.0,670.0,726.0,False
d:\Research\Multi-View Fusion Network\datasets\brisc2025\classification_task\test\pituitary\brisc2025_test_00950_pi_sa_t1.jpg,pituitary,pituitary,sagittal,0.029306544,0.03055389,0.9111192,0.029020362,0.9111192226409912,True,True,0.9143401,0.84228975,0.9836065573636119,0.9975123371893461,0.8540925266802599,1.0,732.0,843.0,False
d:\Research\Multi-View Fusion Network\datasets\brisc2025\classification_task\test\pituitary\brisc2025_test_00951_pi_sa_t1.jpg,pituitary,pituitary,sagittal,0.029022843,0.030796269,0.91125655,0.028924251,0.9112565517425537,True,True,0.8959227,0.8116505,0.9881516587443566,0.9981509024398043,0.8192534380978536,1.4142135623730951,422.0,509.0,False
d:\Research\Multi-View Fusion Network\datasets\brisc2025\classification_task\test\pituitary\brisc2025_test_00952_pi_sa_t1.jpg,pituitary,pituitary,sagittal,0.029227486,0.030403823,0.91146064,0.028907975,0.9114606380462646,True,True,0.74332345,0.5919811,0.9881422924510616,0.9965947559239235,0.5952380952239229,5.0,253.0,420.0,False
d:\Research\Multi-View Fusion Network\datasets\brisc2025\classification_task\test\pituitary\brisc2025_test_00953_pi_sa_t1.jpg,pituitary,pituitary,sagittal,0.02929972,0.030872509,0.91107804,0.028749658,0.9110780358314514,True,True,0.9527845,0.9099307,0.9703703703464106,0.9994575154204257,0.9357142856920068,0.0,405.0,420.0,False
d:\Research\Multi-View Fusion Network\datasets\brisc2025\classification_task\test\pituitary\brisc2025_test_00954_pi_sa_t1.jpg,pituitary,pituitary,sagittal,0.029865408,0.029400244,0.9128208,0.027913554,0.9128208160400391,True,True,0.8626761,0.7592593,0.8714285713663265,0.9995803021822289,0.8531468530871925,1.3727922061357762,140.0,143.0,False
d:\Research\Multi-View Fusion Network\datasets\brisc2025\classification_task\test\pituitary\brisc2025_test_00955_pi_sa_t1.jpg,pituitary,pituitary,sagittal,0.029907195,0.030075459,0.91186893,0.02814843,0.9118689298629761,True,True,0.87,0.7705882,0.928571428505102,0.9994204172993446,0.8176100628416597,1.4142135623730951,140.0,159.0,False
d:\Research\Multi-View Fusion Network\datasets\brisc2025\classification_task\test\pituitary\brisc2025_test_00956_pi_sa_t1.jpg,pituitary,pituitary,sagittal,0.029403957,0.029581325,0.9122381,0.028776618,0.9122381210327148,True,True,0.9222615,0.85620916,0.970149253658944,0.9996403021459975,0.8783783783190284,1.0,134.0,148.0,False
d:\Research\Multi-View Fusion Network\datasets\brisc2025\classification_task\test\pituitary\brisc2025_test_00957_pi_sa_t1.jpg,pituitary,pituitary,sagittal,0.029678222,0.032540675,0.90853304,0.029248124,0.9085330367088318,True,True,0.9290541,0.8679245,0.9319727890522467,0.9997801275258351,0.92567567561313,1.0,147.0,148.0,False
d:\Research\Multi-View Fusion Network\datasets\brisc2025\classification_task\test\pituitary\brisc2025_test_00958_pi_sa_t1.jpg,pituitary,pituitary,sagittal,0.029406648,0.029377203,0.91250277,0.028713353,0.9125027656555176,True,True,0.9430147,0.8923611,0.944649446459607,0.9996793908424007,0.9411764705536332,1.0,271.0,272.0,False
d:\Research\Multi-View Fusion Network\datasets\brisc2025\classification_task\test\pituitary\brisc2025_test_00959_pi_sa_t1.jpg,pituitary,pituitary,sagittal,0.028982373,0.030043082,0.9123798,0.028594665,0.912379801273346,True,True,0.88550985,0.7948718,0.87900355868758,0.9993987373482315,0.8916967508703358,1.0,281.0,277.0,False
d:\Research\Multi-View Fusion Network\datasets\brisc2025\classification_task\test\pituitary\brisc2025_test_00960_pi_sa_t1.jpg,pituitary,pituitary,sagittal,0.029211907,0.030301336,0.91210693,0.02837977,0.9121069312095642,True,True,0.8017493,0.6699029,0.9013157894143871,0.9989405085556935,0.7210526315409972,2.0,152.0,190.0,False
d:\Research\Multi-View Fusion Network\datasets\brisc2025\classification_task\test\pituitary\brisc2025_test_00961_pi_sa_t1.jpg,pituitary,pituitary,sagittal,0.029186293,0.03006015,0.9124062,0.028347366,0.9124062061309814,True,True,0.9509646,0.906585,0.9656862744940248,0.9991929626339684,0.9366085578298478,0.0,612.0,631.0,False
d:\Research\Multi-View Fusion Network\datasets\brisc2025\classification_task\test\pituitary\brisc2025_test_00962_pi_sa_t1.jpg,pituitary,pituitary,sagittal,0.02893557,0.02996246,0.9125084,0.028593574,0.9125084280967712,True,True,0.9423503,0.8910614,0.9578947368277008,0.998990123406718,0.9272197962019327,1.0,665.0,687.0,False
d:\Research\Multi-View Fusion Network\datasets\brisc2025\classification_task\test\pituitary\brisc2025_test_00963_pi_sa_t1.jpg,pituitary,pituitary,sagittal,0.029172327,0.030621009,0.9113428,0.028863799,0.9113427996635437,True,True,0.9638844,0.9303405,0.9693053311636622,0.99947535161511,0.9584664536588104,0.0,619.0,626.0,False
d:\Research\Multi-View Fusion Network\datasets\brisc2025\classification_task\test\pituitary\brisc2025_test_00964_pi_sa_t1.jpg,pituitary,pituitary,sagittal,0.028763296,0.030424532,0.91227704,0.028535226,0.9122770428657532,True,True,0.90208876,0.82185274,0.9857142856861224,0.9985951109860317,0.8313253011847873,1.0,350.0,415.0,False
d:\Research\Multi-View Fusion Network\datasets\brisc2025\classification_task\test\pituitary\brisc2025_test_00965_pi_sa_t1.jpg,pituitary,pituitary,sagittal,0.028729048,0.030670805,0.9117956,0.028804561,0.9117956161499023,True,True,0.95441175,0.91292137,0.967164179075607,0.9995987239419355,0.9418604650888994,0.0,335.0,344.0,False
d:\Research\Multi-View Fusion Network\datasets\brisc2025\classification_task\test\pituitary\brisc2025_test_00966_pi_sa_t1.jpg,pituitary,pituitary,sagittal,0.029597552,0.02956261,0.91196144,0.028878406,0.9119614362716675,True,True,0.92804426,0.8659794,0.9543726235378566,0.9994590587620461,0.902877697809249,1.0,263.0,278.0,False
d:\Research\Multi-View Fusion Network\datasets\brisc2025\classification_task\test\pituitary\brisc2025_test_00967_pi_sa_t1.jpg,pituitary,pituitary,sagittal,0.02952222,0.03083094,0.91031766,0.029329192,0.9103176593780518,True,True,0.9251152,0.8608137,0.97804878046395,0.9988747337537679,0.8774617067641693,1.0,410.0,457.0,False
d:\Research\Multi-View Fusion Network\datasets\brisc2025\classification_task\test\pituitary\brisc2025_test_00968_pi_sa_t1.jpg,pituitary,pituitary,sagittal,0.029055854,0.029754238,0.9121563,0.029033598,0.9121562838554382,True,True,0.71417326,0.55569154,0.5860284605357564,0.9991296075135115,0.9133064515944898,7.615773105863909,773.0,496.0,False
d:\Research\Multi-View Fusion Network\datasets\brisc2025\classification_task\test\pituitary\brisc2025_test_00969_pi_sa_t1.jpg,pituitary,pituitary,sagittal,0.029163785,0.030278126,0.91173494,0.028823115,0.911734938621521,True,True,0.9183673,0.8491921,0.8724584103350747,0.9996977938952354,0.9691991786248624,1.0,541.0,487.0,False
d:\Research\Multi-View Fusion Network\datasets\brisc2025\classification_task\test\pituitary\brisc2025_test_00970_pi_sa_t1.jpg,pituitary,pituitary,sagittal,0.029135145,0.029977039,0.9125162,0.028371654,0.912516176700592,True,True,0.7144013,0.55597484,0.5668380462652077,0.9996761002467712,0.964989059059847,9.449836686591162,778.0,457.0,False
d:\Research\Multi-View Fusion Network\datasets\brisc2025\classification_task\test\pituitary\brisc2025_test_00971_pi_sa_t1.jpg,pituitary,pituitary,sagittal,0.029255232,0.030662093,0.9108047,0.029277964,0.9108046889305115,True,True,0.8574879,0.7510548,0.7763157894396352,0.9998398334265637,0.9567567567050401,2.0,228.0,185.0,False
d:\Research\Multi-View Fusion Network\datasets\brisc2025\classification_task\test\pituitary\brisc2025_test_00972_pi_sa_t1.jpg,pituitary,pituitary,sagittal,0.029783882,0.02974395,0.9115187,0.028953418,0.9115186929702759,True,True,0.9013743,0.82058823,0.928333333317861,0.9984064870096422,0.8757861635082423,1.0,600.0,636.0,False
d:\Research\Multi-View Fusion Network\datasets\brisc2025\classification_task\test\pituitary\brisc2025_test_00973_pi_sa_t1.jpg,pituitary,pituitary,sagittal,0.029834293,0.030010153,0.9114277,0.028727876,0.9114276766777039,True,True,0.973012,0.94745284,0.9664347114164289,0.9989734565183419,0.9796680497884661,0.0,2443.0,2410.0,False
d:\Research\Multi-View Fusion Network\datasets\brisc2025\classification_task\test\pituitary\brisc2025_test_00974_pi_sa_t1.jpg,pituitary,pituitary,sagittal,0.028162416,0.032977033,0.9116973,0.027163265,0.9116973280906677,True,True,0.94040316,0.8876033,0.9241379310185494,0.9995160900070572,0.9571428571257653,1.0,580.0,560.0,False
d:\Research\Multi-View Fusion Network\datasets\brisc2025\classification_task\test\pituitary\brisc2025_test_00975_pi_sa_t1.jpg,pituitary,pituitary,sagittal,0.029255468,0.029800532,0.9124087,0.02853531,0.912408709526062,True,True,0.94699454,0.8993776,0.9506037321520241,0.9989444839133261,0.9433551198154319,1.0,911.0,918.0,False
d:\Research\Multi-View Fusion Network\datasets\brisc2025\classification_task\test\pituitary\brisc2025_test_00976_pi_sa_t1.jpg,pituitary,pituitary,sagittal,0.029158484,0.030509263,0.91168857,0.028643724,0.9116885662078857,True,True,0.8560606,0.7488987,0.8243902438622248,0.99957975625843,0.8894736841637119,1.1242640687119096,205.0,190.0,False
d:\Research\Multi-View Fusion Network\datasets\brisc2025\classification_task\test\pituitary\brisc2025_test_00977_pi_sa_t1.jpg,pituitary,pituitary,sagittal,0.029707657,0.030217098,0.9114196,0.028655708,0.9114195704460144,True,True,0.92016804,0.8523316,0.9647058823245674,0.9990970382853763,0.879356568341036,1.0,340.0,373.0,False
d:\Research\Multi-View Fusion Network\datasets\brisc2025\classification_task\test\pituitary\brisc2025_test_00978_pi_sa_t1.jpg,pituitary,pituitary,sagittal,0.029036654,0.030090557,0.91227823,0.028594553,0.9122782349586487,True,True,0.9457547,0.8973214,0.9389671361061518,0.9997998518901988,0.9523809523356008,1.0,213.0,210.0,False
d:\Research\Multi-View Fusion Network\datasets\brisc2025\classification_task\test\pituitary\brisc2025_test_00979_pi_sa_t1.jpg,pituitary,pituitary,sagittal,0.029134274,0.029904537,0.9123701,0.02859109,0.9123700857162476,True,True,0.9081272,0.83225805,0.8827586206287752,0.9998201115306511,0.9343065692748681,1.0,145.0,137.0,False
d:\Research\Multi-View Fusion Network\datasets\brisc2025\classification_task\test\pituitary\brisc2025_test_00980_pi_sa_t1.jpg,pituitary,pituitary,sagittal,0.029393885,0.029885814,0.9121291,0.028591182,0.9121291041374207,True,True,0.8982301,0.816,0.9711538460604661,0.9996005751715531,0.8347107437326686,1.0,104.0,121.0,False
d:\Research\Multi-View Fusion Network\datasets\brisc2025\classification_task\test\pituitary\brisc2025_test_00981_pi_sa_t1.jpg,pituitary,pituitary,sagittal,0.029772555,0.030734776,0.91091055,0.028582083,0.9109105467796326,True,True,0.87725633,0.78205127,0.9166666665972222,0.9995404044438895,0.8402777777194251,1.0,132.0,144.0,False
d:\Research\Multi-View Fusion Network\datasets\brisc2025\classification_task\test\pituitary\brisc2025_test_00982_pi_sa_t1.jpg,pituitary,pituitary,sagittal,0.0293207,0.03040744,0.91195923,0.028312534,0.9119592308998108,True,True,0.8063063,0.6766917,0.9999999998876405,0.9991414938005873,0.6742424241913453,1.4142135623730951,89.0,132.0,False
d:\Research\Multi-View Fusion Network\datasets\brisc2025\classification_task\test\pituitary\brisc2025_test_00983_pi_sa_t1.jpg,pituitary,pituitary,sagittal,0.029561667,0.02993812,0.91138774,0.02911245,0.9113877415657043,True,True,0.950553,0.90582407,0.9720372836088943,0.9988872028323725,0.9299363057206378,0.0,751.0,785.0,False
d:\Research\Multi-View Fusion Network\datasets\brisc2025\classification_task\test\pituitary\brisc2025_test_00984_pi_sa_t1.jpg,pituitary,pituitary,sagittal,0.029317878,0.029974487,0.9117617,0.028945953,0.9117617011070251,True,True,0.84073293,0.7253949,0.912710566601643,0.996587444217637,0.7790849673100773,2.23606797749979,653.0,765.0,False
d:\Research\Multi-View Fusion Network\datasets\brisc2025\classification_task\test\pituitary\brisc2025_test_00985_pi_sa_t1.jpg,pituitary,pituitary,sagittal,0.029297285,0.029255899,0.9124902,0.02895656,0.91249018907547,True,True,0.9198085,0.8516058,0.8727272727173554,0.9995537163256655,0.9721518987218715,1.0,880.0,790.0,False
d:\Research\Multi-View Fusion Network\datasets\brisc2025\classification_task\test\pituitary\brisc2025_test_00986_pi_sa_t1.jpg,pituitary,pituitary,sagittal,0.029334197,0.030385086,0.9112567,0.02902405,0.9112566709518433,True,True,0.8031746,0.6719577,0.9767441859707949,0.9988211081581316,0.6810810810442659,2.23606797749979,129.0,185.0,False
d:\Research\Multi-View Fusion Network\datasets\brisc2025\classification_task\test\pituitary\brisc2025_test_00987_pi_sa_t1.jpg,pituitary,pituitary,sagittal,0.029402666,0.029715274,0.9126057,0.02827641,0.9126057028770447,True,True,0.844732,0.7316294,0.9956331877294483,0.998338238532645,0.7331189710375202,2.23606797749979,229.0,311.0,False
d:\Research\Multi-View Fusion Network\datasets\brisc2025\classification_task\test\pituitary\brisc2025_test_00988_pi_sa_t1.jpg,pituitary,pituitary,sagittal,0.029356014,0.030399071,0.9115168,0.02872811,0.9115167856216431,True,True,0.865,0.7631579,0.8958333332400175,0.9996605431307909,0.8349514562296164,1.0,96.0,103.0,False
d:\Research\Multi-View Fusion Network\datasets\brisc2025\classification_task\test\pituitary\brisc2025_test_00989_pi_sa_t1.jpg,pituitary,pituitary,sagittal,0.029177612,0.030358573,0.91151,0.02895379,0.9115099906921387,True,True,0.88643533,0.7966102,0.8974358973783695,0.9996001599358258,0.8749999999453124,1.0,156.0,160.0,False
d:\Research\Multi-View Fusion Network\datasets\brisc2025\classification_task\test\pituitary\brisc2025_test_00990_pi_sa_t1.jpg,pituitary,pituitary,sagittal,0.029783001,0.02955084,0.9118399,0.028826304,0.9118399024009705,True,True,0.9403315,0.8875,0.9725400457443355,0.9991555921910374,0.9100642398092064,1.0,437.0,467.0,False
d:\Research\Multi-View Fusion Network\datasets\brisc2025\classification_task\test\pituitary\brisc2025_test_00991_pi_sa_t1.jpg,pituitary,pituitary,sagittal,0.028803905,0.030474156,0.9127653,0.02795668,0.9127653241157532,True,True,0.8020134,0.6703911,0.9834710742988867,0.9988612526219162,0.6761363635979468,2.0,121.0,176.0,False
d:\Research\Multi-View Fusion Network\datasets\brisc2025\classification_task\test\pituitary\brisc2025_test_00992_pi_sa_t1.jpg,pituitary,pituitary,sagittal,0.029185876,0.033121914,0.90885305,0.028839247,0.9088530540466309,True,True,0.4625,0.3027027,0.9999999998181818,0.9974262285267658,0.2989130434620156,6.1069418093020715,55.0,184.0,False
d:\Research\Multi-View Fusion Network\datasets\brisc2025\classification_task\test\pituitary\brisc2025_test_00993_pi_sa_t1.jpg,pituitary,pituitary,sagittal,0.028636854,0.02974096,0.9132371,0.028385034,0.9132370948791504,True,True,0.9497908,0.9044586,0.9174757281404939,0.999818394608136,0.9843749999829101,0.34999999999990905,618.0,576.0,False
d:\Research\Multi-View Fusion Network\datasets\brisc2025\classification_task\test\pituitary\brisc2025_test_00994_pi_sa_t1.jpg,pituitary,pituitary,sagittal,0.029037759,0.031200785,0.9109836,0.02877781,0.9109836220741272,True,True,0.92676765,0.86384976,0.9481865284482804,0.9996198707558571,0.9059405940145574,1.0,193.0,202.0,False
d:\Research\Multi-View Fusion Network\datasets\brisc2025\classification_task\test\pituitary\brisc2025_test_00995_pi_sa_t1.jpg,pituitary,pituitary,sagittal,0.029217117,0.031082751,0.91079146,0.028908601,0.9107914566993713,True,True,0.9340159,0.87633264,0.9534883720708491,0.9992361194867931,0.9151785714081433,1.0,430.0,448.0,False
d:\Research\Multi-View Fusion Network\datasets\brisc2025\classification_task\test\pituitary\brisc2025_test_00996_pi_sa_t1.jpg,pituitary,pituitary,sagittal,0.029605055,0.030792488,0.91071445,0.028887985,0.9107144474983215,True,True,0.56621623,0.39548022,0.3943396226340691,0.9999999999997986,0.999999999952153,16.55294535724685,530.0,209.0,False
d:\Research\Multi-View Fusion Network\datasets\brisc2025\classification_task\test\pituitary\brisc2025_test_00997_pi_sa_t1.jpg,pituitary,pituitary,sagittal,0.029252278,0.030042322,0.9115675,0.02913785,0.9115675091743469,True,True,0.9625206,0.92777777,0.9881556683503541,0.9984283789849782,0.9381526104342318,0.0,1182.0,1245.0,False
d:\Research\Multi-View Fusion Network\datasets\brisc2025\classification_task\test\pituitary\brisc2025_test_00998_pi_sa_t1.jpg,pituitary,pituitary,sagittal,0.029618915,0.02990103,0.91118145,0.02929851,0.9111814498901367,True,True,0.85883087,0.75272334,0.9530386740199857,0.9960972255922924,0.7814269535585342,2.23606797749979,724.0,883.0,False
d:\Research\Multi-View Fusion Network\datasets\brisc2025\classification_task\test\pituitary\brisc2025_test_00999_pi_sa_t1.jpg,pituitary,pituitary,sagittal,0.029348833,0.029450512,0.91266245,0.02853819,0.9126624464988708,True,True,0.95887727,0.92105263,0.9839142091020923,0.9989682379119971,0.9350318471218467,0.0,746.0,785.0,False
d:\Research\Multi-View Fusion Network\datasets\brisc2025\classification_task\test\pituitary\brisc2025_test_01000_pi_sa_t1.jpg,pituitary,pituitary,sagittal,0.02940967,0.02949032,0.91227007,0.028829945,0.9122700691223145,True,True,0.97496426,0.9511855,0.9756446991264234,0.9996362019481387,0.9742489270246888,0.0,698.0,699.0,False
