abs_path,true_label,pred_label,plane,prob_0,prob_1,prob_2,prob_3,max_prob,correct,has_mask,dice,iou,gt_area,pred_area,fn_mask
d:\Research\Multi-View Fusion Network\datasets\brisc2025\classification_task\test\glioma\brisc2025_test_00001_gl_ax_t1.jpg,glioma,glioma,axial,0.92804307,0.023840358,0.024259198,0.023857335,0.92804307,True,True,0.00065919576,0.00065919576,222.0,1294.0,False
d:\Research\Multi-View Fusion Network\datasets\brisc2025\classification_task\test\glioma\brisc2025_test_00002_gl_ax_t1.jpg,glioma,glioma,axial,0.9285608,0.023759272,0.024451802,0.023228176,0.9285608,True,True,0.0013071896,0.0013071896,419.0,345.0,False
d:\Research\Multi-View Fusion Network\datasets\brisc2025\classification_task\test\glioma\brisc2025_test_00003_gl_ax_t1.jpg,glioma,glioma,axial,0.9310504,0.022881852,0.02319246,0.022875216,0.9310504,True,True,0.7055243,0.5451916,1117.0,1018.0,False
d:\Research\Multi-View Fusion Network\datasets\brisc2025\classification_task\test\glioma\brisc2025_test_00004_gl_ax_t1.jpg,glioma,glioma,axial,0.9183531,0.028129768,0.028195491,0.025321681,0.9183531,True,True,0.0011210763,0.0011210763,758.0,133.0,False
d:\Research\Multi-View Fusion Network\datasets\brisc2025\classification_task\test\glioma\brisc2025_test_00005_gl_ax_t1.jpg,glioma,glioma,axial,0.8870402,0.036722712,0.047897797,0.028339263,0.8870402,True,True,0.004347826,0.004347826,229.0,0.0,True
d:\Research\Multi-View Fusion Network\datasets\brisc2025\classification_task\test\glioma\brisc2025_test_00006_gl_ax_t1.jpg,glioma,glioma,axial,0.9295632,0.023254067,0.023462672,0.02372004,0.9295632,True,True,0.9716238,0.9448417,966.0,936.0,False
d:\Research\Multi-View Fusion Network\datasets\brisc2025\classification_task\test\glioma\brisc2025_test_00007_gl_ax_t1.jpg,glioma,glioma,axial,0.9270885,0.024724148,0.024590064,0.023597373,0.9270885,True,True,0.0064935065,0.0064935065,153.0,0.0,True
d:\Research\Multi-View Fusion Network\datasets\brisc2025\classification_task\test\glioma\brisc2025_test_00008_gl_ax_t1.jpg,glioma,glioma,axial,0.9306698,0.023131883,0.023415321,0.022783028,0.9306698,True,True,0.91100127,0.8367347,368.0,440.0,False
d:\Research\Multi-View Fusion Network\datasets\brisc2025\classification_task\test\glioma\brisc2025_test_00009_gl_ax_t1.jpg,glioma,glioma,axial,0.931037,0.02265882,0.023619173,0.02268504,0.931037,True,True,0.60007757,0.42880887,1792.0,785.0,False
d:\Research\Multi-View Fusion Network\datasets\brisc2025\classification_task\test\glioma\brisc2025_test_00010_gl_ax_t1.jpg,glioma,glioma,axial,0.9294529,0.023507882,0.02392938,0.023109837,0.9294529,True,True,0.006369427,0.006369427,156.0,0.0,True
d:\Research\Multi-View Fusion Network\datasets\brisc2025\classification_task\test\glioma\brisc2025_test_00011_gl_ax_t1.jpg,glioma,glioma,axial,0.92752475,0.02440709,0.024242075,0.023826111,0.92752475,True,True,0.0031746032,0.0031746032,61.0,253.0,False
d:\Research\Multi-View Fusion Network\datasets\brisc2025\classification_task\test\glioma\brisc2025_test_00012_gl_ax_t1.jpg,glioma,glioma,axial,0.93005997,0.023366345,0.023706544,0.022867175,0.93005997,True,True,0.0016207455,0.0016207455,349.0,267.0,False
d:\Research\Multi-View Fusion Network\datasets\brisc2025\classification_task\test\glioma\brisc2025_test_00013_gl_ax_t1.jpg,glioma,glioma,axial,0.9305833,0.023104629,0.023479728,0.022832282,0.9305833,True,True,0.9718398,0.94525546,786.0,811.0,False
d:\Research\Multi-View Fusion Network\datasets\brisc2025\classification_task\test\glioma\brisc2025_test_00014_gl_ax_t1.jpg,glioma,glioma,axial,0.92898315,0.02377125,0.023864098,0.02338152,0.92898315,True,True,0.96009517,0.9232724,1850.0,1933.0,False
d:\Research\Multi-View Fusion Network\datasets\brisc2025\classification_task\test\glioma\brisc2025_test_00015_gl_ax_t1.jpg,glioma,glioma,axial,0.93054134,0.023243364,0.02344645,0.022768827,0.93054134,True,True,0.73409307,0.5802099,626.0,426.0,False
d:\Research\Multi-View Fusion Network\datasets\brisc2025\classification_task\test\glioma\brisc2025_test_00016_gl_ax_t1.jpg,glioma,glioma,axial,0.93003154,0.023382114,0.02348323,0.023103094,0.93003154,True,True,0.6225914,0.45226616,561.0,943.0,False
d:\Research\Multi-View Fusion Network\datasets\brisc2025\classification_task\test\glioma\brisc2025_test_00017_gl_ax_t1.jpg,glioma,glioma,axial,0.9286683,0.023383662,0.02340497,0.024543043,0.9286683,True,True,0.6659619,0.5,271.0,201.0,False
d:\Research\Multi-View Fusion Network\datasets\brisc2025\classification_task\test\glioma\brisc2025_test_00018_gl_ax_t1.jpg,glioma,glioma,axial,0.93020004,0.023320206,0.023427993,0.023051793,0.93020004,True,True,0.7420727,0.590043,1556.0,1029.0,False
d:\Research\Multi-View Fusion Network\datasets\brisc2025\classification_task\test\glioma\brisc2025_test_00019_gl_ax_t1.jpg,glioma,glioma,axial,0.92942065,0.02329841,0.023280004,0.024000874,0.92942065,True,True,0.7777778,0.6364508,2062.0,1348.0,False
d:\Research\Multi-View Fusion Network\datasets\brisc2025\classification_task\test\glioma\brisc2025_test_00020_gl_ax_t1.jpg,glioma,glioma,axial,0.9285647,0.023837214,0.023838367,0.02375969,0.9285647,True,True,0.9502488,0.9052632,939.0,869.0,False
d:\Research\Multi-View Fusion Network\datasets\brisc2025\classification_task\test\glioma\brisc2025_test_00021_gl_ax_t1.jpg,glioma,glioma,axial,0.92999107,0.023385977,0.023621218,0.023001624,0.92999107,True,True,0.8900566,0.80203784,570.0,666.0,False
d:\Research\Multi-View Fusion Network\datasets\brisc2025\classification_task\test\glioma\brisc2025_test_00022_gl_ax_t1.jpg,glioma,glioma,axial,0.9289306,0.023764534,0.023937939,0.023366971,0.9289306,True,True,0.76658624,0.6217009,974.0,683.0,False
d:\Research\Multi-View Fusion Network\datasets\brisc2025\classification_task\test\glioma\brisc2025_test_00023_gl_ax_t1.jpg,glioma,glioma,axial,0.92964554,0.02351697,0.023686456,0.023151044,0.92964554,True,True,0.90340906,0.8239645,645.0,586.0,False
d:\Research\Multi-View Fusion Network\datasets\brisc2025\classification_task\test\glioma\brisc2025_test_00024_gl_ax_t1.jpg,glioma,glioma,axial,0.9289167,0.023626922,0.023633016,0.023823308,0.9289167,True,True,0.96781826,0.93767184,1074.0,1038.0,False
d:\Research\Multi-View Fusion Network\datasets\brisc2025\classification_task\test\glioma\brisc2025_test_00025_gl_ax_t1.jpg,glioma,glioma,axial,0.9298897,0.023035794,0.023641463,0.023432996,0.9298897,True,True,0.7736842,0.6314286,235.0,334.0,False
d:\Research\Multi-View Fusion Network\datasets\brisc2025\classification_task\test\glioma\brisc2025_test_00026_gl_ax_t1.jpg,glioma,glioma,axial,0.93055636,0.023039563,0.02353726,0.022866832,0.93055636,True,True,0.68471146,0.52079564,1105.0,575.0,False
d:\Research\Multi-View Fusion Network\datasets\brisc2025\classification_task\test\glioma\brisc2025_test_00027_gl_ax_t1.jpg,glioma,glioma,axial,0.9299871,0.023572907,0.02342251,0.023017477,0.9299871,True,True,0.9556962,0.9151786,1528.0,1473.0,False
d:\Research\Multi-View Fusion Network\datasets\brisc2025\classification_task\test\glioma\brisc2025_test_00028_gl_ax_t1.jpg,glioma,glioma,axial,0.9308528,0.023014331,0.023461832,0.022671025,0.9308528,True,True,0.957698,0.91886795,1037.0,995.0,False
d:\Research\Multi-View Fusion Network\datasets\brisc2025\classification_task\test\glioma\brisc2025_test_00029_gl_ax_t1.jpg,glioma,glioma,axial,0.9304433,0.023078104,0.023508403,0.022970205,0.9304433,True,True,0.87417585,0.77658534,963.0,856.0,False
d:\Research\Multi-View Fusion Network\datasets\brisc2025\classification_task\test\glioma\brisc2025_test_00030_gl_ax_t1.jpg,glioma,glioma,axial,0.9251401,0.026543435,0.024978003,0.02333849,0.9251401,True,True,0.9137324,0.8414239,306.0,261.0,False
d:\Research\Multi-View Fusion Network\datasets\brisc2025\classification_task\test\glioma\brisc2025_test_00031_gl_ax_t1.jpg,glioma,glioma,axial,0.93069583,0.022567911,0.023693416,0.02304285,0.93069583,True,True,0.8181507,0.69235224,1458.0,1461.0,False
d:\Research\Multi-View Fusion Network\datasets\brisc2025\classification_task\test\glioma\brisc2025_test_00032_gl_ax_t1.jpg,glioma,glioma,axial,0.930475,0.022943707,0.023574684,0.02300662,0.930475,True,True,0.8649589,0.76211697,1662.0,1499.0,False
d:\Research\Multi-View Fusion Network\datasets\brisc2025\classification_task\test\glioma\brisc2025_test_00033_gl_ax_t1.jpg,glioma,glioma,axial,0.93204594,0.022615822,0.022945333,0.022392884,0.93204594,True,True,0.96027803,0.9236641,504.0,502.0,False
d:\Research\Multi-View Fusion Network\datasets\brisc2025\classification_task\test\glioma\brisc2025_test_00034_gl_ax_t1.jpg,glioma,glioma,axial,0.9308667,0.02294458,0.023431342,0.022757351,0.9308667,True,True,0.6763006,0.51122195,514.0,696.0,False
d:\Research\Multi-View Fusion Network\datasets\brisc2025\classification_task\test\glioma\brisc2025_test_00035_gl_ax_t1.jpg,glioma,glioma,axial,0.9300042,0.023211222,0.023707172,0.02307744,0.9300042,True,True,0.864486,0.7614571,659.0,838.0,False
d:\Research\Multi-View Fusion Network\datasets\brisc2025\classification_task\test\glioma\brisc2025_test_00036_gl_ax_t1.jpg,glioma,glioma,axial,0.9310094,0.022994934,0.023130486,0.022865131,0.9310094,True,True,0.93168604,0.8722826,324.0,363.0,False
d:\Research\Multi-View Fusion Network\datasets\brisc2025\classification_task\test\glioma\brisc2025_test_00037_gl_ax_t1.jpg,glioma,glioma,axial,0.9292846,0.023631645,0.023894902,0.023188962,0.9292846,True,True,0.960316,0.92367494,2789.0,2653.0,False
d:\Research\Multi-View Fusion Network\datasets\brisc2025\classification_task\test\glioma\brisc2025_test_00038_gl_ax_t1.jpg,glioma,glioma,axial,0.9287306,0.023662796,0.02391034,0.023696274,0.9287306,True,True,0.9619729,0.9267585,1336.0,1319.0,False
d:\Research\Multi-View Fusion Network\datasets\brisc2025\classification_task\test\glioma\brisc2025_test_00039_gl_ax_t1.jpg,glioma,glioma,axial,0.9302944,0.023049464,0.023480596,0.023175562,0.9302944,True,True,0.8941368,0.8086359,1003.0,838.0,False
d:\Research\Multi-View Fusion Network\datasets\brisc2025\classification_task\test\glioma\brisc2025_test_00040_gl_ax_t1.jpg,glioma,glioma,axial,0.93031555,0.023262015,0.023577861,0.022844622,0.93031555,True,True,0.68654054,0.5228261,1396.0,1404.0,False
d:\Research\Multi-View Fusion Network\datasets\brisc2025\classification_task\test\glioma\brisc2025_test_00041_gl_ax_t1.jpg,glioma,glioma,axial,0.9301041,0.023448858,0.023321263,0.02312583,0.9301041,True,True,0.0005399568,0.0005399568,1198.0,653.0,False
d:\Research\Multi-View Fusion Network\datasets\brisc2025\classification_task\test\glioma\brisc2025_test_00042_gl_ax_t1.jpg,glioma,glioma,axial,0.9293575,0.023757178,0.023944639,0.022940634,0.9293575,True,True,0.6219063,0.4514897,1275.0,623.0,False
d:\Research\Multi-View Fusion Network\datasets\brisc2025\classification_task\test\glioma\brisc2025_test_00043_gl_ax_t1.jpg,glioma,glioma,axial,0.9298633,0.02339005,0.023556102,0.023190692,0.9298633,True,True,0.66214806,0.49501246,2084.0,2710.0,False
d:\Research\Multi-View Fusion Network\datasets\brisc2025\classification_task\test\glioma\brisc2025_test_00044_gl_ax_t1.jpg,glioma,glioma,axial,0.9302553,0.023173437,0.023672462,0.022898762,0.9302553,True,True,0.92420727,0.8591954,601.0,691.0,False
d:\Research\Multi-View Fusion Network\datasets\brisc2025\classification_task\test\glioma\brisc2025_test_00045_gl_ax_t1.jpg,glioma,glioma,axial,0.9267091,0.024473503,0.024599839,0.024217542,0.9267091,True,True,0.13204096,0.07086922,2419.0,314.0,False
d:\Research\Multi-View Fusion Network\datasets\brisc2025\classification_task\test\glioma\brisc2025_test_00046_gl_ax_t1.jpg,glioma,glioma,axial,0.93040603,0.023077164,0.02376922,0.022747563,0.93040603,True,True,0.49770853,0.33143553,2391.0,881.0,False
d:\Research\Multi-View Fusion Network\datasets\brisc2025\classification_task\test\glioma\brisc2025_test_00047_gl_ax_t1.jpg,glioma,glioma,axial,0.9299106,0.023304734,0.023568284,0.023216369,0.9299106,True,True,0.8425129,0.7280832,519.0,642.0,False
d:\Research\Multi-View Fusion Network\datasets\brisc2025\classification_task\test\glioma\brisc2025_test_00048_gl_ax_t1.jpg,glioma,glioma,axial,0.92973506,0.023343647,0.023374256,0.023547085,0.92973506,True,True,0.38824886,0.24142857,590.0,277.0,False
d:\Research\Multi-View Fusion Network\datasets\brisc2025\classification_task\test\glioma\brisc2025_test_00049_gl_ax_t1.jpg,glioma,glioma,axial,0.9290261,0.023715436,0.023932185,0.023326231,0.9290261,True,True,0.9023836,0.822314,414.0,466.0,False
d:\Research\Multi-View Fusion Network\datasets\brisc2025\classification_task\test\glioma\brisc2025_test_00050_gl_ax_t1.jpg,glioma,glioma,axial,0.92943436,0.023401823,0.023166273,0.023997558,0.92943436,True,True,0.5684411,0.397878,155.0,370.0,False
d:\Research\Multi-View Fusion Network\datasets\brisc2025\classification_task\test\glioma\brisc2025_test_00051_gl_ax_t1.jpg,glioma,glioma,axial,0.92927796,0.02370739,0.023959091,0.02305552,0.92927796,True,True,0.7199886,0.5625835,1882.0,1624.0,False
d:\Research\Multi-View Fusion Network\datasets\brisc2025\classification_task\test\glioma\brisc2025_test_00052_gl_ax_t1.jpg,glioma,glioma,axial,0.92913127,0.023663536,0.024119979,0.023085125,0.92913127,True,True,0.95239836,0.9091544,1376.0,1354.0,False
d:\Research\Multi-View Fusion Network\datasets\brisc2025\classification_task\test\glioma\brisc2025_test_00053_gl_ax_t1.jpg,glioma,glioma,axial,0.9303138,0.023417847,0.023468161,0.022800177,0.9303138,True,True,0.007142857,0.007142857,48.0,91.0,False
d:\Research\Multi-View Fusion Network\datasets\brisc2025\classification_task\test\glioma\brisc2025_test_00054_gl_ax_t1.jpg,glioma,glioma,axial,0.93066144,0.023574067,0.022968907,0.022795629,0.93066144,True,True,0.48016605,0.31614077,1442.0,725.0,False
d:\Research\Multi-View Fusion Network\datasets\brisc2025\classification_task\test\glioma\brisc2025_test_00055_gl_ax_t1.jpg,glioma,glioma,axial,0.9277579,0.024258358,0.024381684,0.02360213,0.9277579,True,True,0.91141343,0.83729434,1430.0,1583.0,False
d:\Research\Multi-View Fusion Network\datasets\brisc2025\classification_task\test\glioma\brisc2025_test_00056_gl_ax_t1.jpg,glioma,glioma,axial,0.9283421,0.023878295,0.023998458,0.023781154,0.9283421,True,True,0.86627907,0.76450515,287.0,228.0,False
d:\Research\Multi-View Fusion Network\datasets\brisc2025\classification_task\test\glioma\brisc2025_test_00057_gl_ax_t1.jpg,glioma,glioma,axial,0.9272922,0.024379656,0.02370102,0.024627134,0.9272922,True,True,0.010869565,0.0072727273,125.0,150.0,False
d:\Research\Multi-View Fusion Network\datasets\brisc2025\classification_task\test\glioma\brisc2025_test_00058_gl_ax_t1.jpg,glioma,glioma,axial,0.9288989,0.023383887,0.023532314,0.02418492,0.9288989,True,True,0.75941426,0.61279464,260.0,217.0,False
d:\Research\Multi-View Fusion Network\datasets\brisc2025\classification_task\test\glioma\brisc2025_test_00059_gl_ax_t1.jpg,glioma,glioma,axial,0.930111,0.02351422,0.02346602,0.02290877,0.930111,True,True,0.88572806,0.7949827,1100.0,973.0,False
d:\Research\Multi-View Fusion Network\datasets\brisc2025\classification_task\test\glioma\brisc2025_test_00060_gl_ax_t1.jpg,glioma,glioma,axial,0.92457193,0.024820209,0.026988044,0.023619702,0.92457193,True,True,0.001490313,0.001490313,564.0,106.0,False
d:\Research\Multi-View Fusion Network\datasets\brisc2025\classification_task\test\glioma\brisc2025_test_00061_gl_ax_t1.jpg,glioma,glioma,axial,0.9271203,0.024194144,0.025051542,0.023633987,0.9271203,True,True,0.28111887,0.16422765,555.0,159.0,False
d:\Research\Multi-View Fusion Network\datasets\brisc2025\classification_task\test\glioma\brisc2025_test_00062_gl_ax_t1.jpg,glioma,glioma,axial,0.92979217,0.023542335,0.02368914,0.022976348,0.92979217,True,True,0.7274735,0.57182515,1329.0,934.0,False
d:\Research\Multi-View Fusion Network\datasets\brisc2025\classification_task\test\glioma\brisc2025_test_00063_gl_ax_t1.jpg,glioma,glioma,axial,0.929991,0.023266478,0.023089644,0.02365282,0.929991,True,True,0.88141453,0.7880228,2037.0,1723.0,False
d:\Research\Multi-View Fusion Network\datasets\brisc2025\classification_task\test\glioma\brisc2025_test_00064_gl_ax_t1.jpg,glioma,glioma,axial,0.92986697,0.023472678,0.023374662,0.02328571,0.92986697,True,True,0.9702006,0.9421579,872.0,872.0,False
d:\Research\Multi-View Fusion Network\datasets\brisc2025\classification_task\test\glioma\brisc2025_test_00065_gl_ax_t1.jpg,glioma,glioma,axial,0.92788774,0.023956617,0.024568211,0.023587434,0.92788774,True,True,0.6232339,0.45330295,275.0,361.0,False
d:\Research\Multi-View Fusion Network\datasets\brisc2025\classification_task\test\glioma\brisc2025_test_00066_gl_ax_t1.jpg,glioma,glioma,axial,0.92892593,0.023767022,0.023828788,0.023478286,0.92892593,True,True,0.9267113,0.86347884,1304.0,1383.0,False
d:\Research\Multi-View Fusion Network\datasets\brisc2025\classification_task\test\glioma\brisc2025_test_00067_gl_ax_t1.jpg,glioma,glioma,axial,0.9307012,0.02263226,0.023552753,0.023113754,0.9307012,True,True,0.1448598,0.07885906,46.0,595.0,False
d:\Research\Multi-View Fusion Network\datasets\brisc2025\classification_task\test\glioma\brisc2025_test_00068_gl_ax_t1.jpg,glioma,glioma,axial,0.9318105,0.022781737,0.022996476,0.02241131,0.9318105,True,True,0.91155493,0.8376963,321.0,379.0,False
d:\Research\Multi-View Fusion Network\datasets\brisc2025\classification_task\test\glioma\brisc2025_test_00069_gl_ax_t1.jpg,glioma,glioma,axial,0.93134576,0.02304505,0.02304688,0.022562305,0.93134576,True,True,0.5518617,0.38165137,509.0,242.0,False
d:\Research\Multi-View Fusion Network\datasets\brisc2025\classification_task\test\glioma\brisc2025_test_00070_gl_ax_t1.jpg,glioma,glioma,axial,0.9304019,0.0231353,0.023486009,0.022976775,0.9304019,True,True,0.5787402,0.4077491,283.0,478.0,False
d:\Research\Multi-View Fusion Network\datasets\brisc2025\classification_task\test\glioma\brisc2025_test_00071_gl_ax_t1.jpg,glioma,glioma,axial,0.92784137,0.02415924,0.024031917,0.023967518,0.92784137,True,True,0.96777004,0.9376054,578.0,569.0,False
d:\Research\Multi-View Fusion Network\datasets\brisc2025\classification_task\test\glioma\brisc2025_test_00072_gl_ax_t1.jpg,glioma,glioma,axial,0.9278634,0.02367303,0.024704423,0.023759123,0.9278634,True,True,0.9026659,0.82262146,3343.0,3858.0,False
d:\Research\Multi-View Fusion Network\datasets\brisc2025\classification_task\test\glioma\brisc2025_test_00073_gl_ax_t1.jpg,glioma,glioma,axial,0.9283566,0.023375012,0.02450435,0.023764051,0.9283566,True,True,0.9497315,0.90428543,4260.0,4492.0,False
d:\Research\Multi-View Fusion Network\datasets\brisc2025\classification_task\test\glioma\brisc2025_test_00074_gl_ax_t1.jpg,glioma,glioma,axial,0.93030703,0.023109112,0.023543293,0.023040554,0.93030703,True,True,0.911237,0.8370884,510.0,548.0,False
d:\Research\Multi-View Fusion Network\datasets\brisc2025\classification_task\test\glioma\brisc2025_test_00075_gl_ax_t1.jpg,glioma,glioma,axial,0.93049896,0.022954017,0.023494825,0.023052152,0.93049896,True,True,0.9711816,0.94402987,520.0,520.0,False
d:\Research\Multi-View Fusion Network\datasets\brisc2025\classification_task\test\glioma\brisc2025_test_00076_gl_ax_t1.jpg,glioma,glioma,axial,0.9322209,0.022551604,0.022871787,0.022355821,0.9322209,True,True,0.88639367,0.79620856,416.0,340.0,False
d:\Research\Multi-View Fusion Network\datasets\brisc2025\classification_task\test\glioma\brisc2025_test_00077_gl_ax_t1.jpg,glioma,glioma,axial,0.93034744,0.022427522,0.02338543,0.023839572,0.93034744,True,True,0.76723367,0.6226415,466.0,650.0,False
d:\Research\Multi-View Fusion Network\datasets\brisc2025\classification_task\test\glioma\brisc2025_test_00078_gl_ax_t1.jpg,glioma,glioma,axial,0.9303065,0.022825575,0.023307487,0.023560526,0.9303065,True,True,0.94636554,0.8982597,741.0,675.0,False
d:\Research\Multi-View Fusion Network\datasets\brisc2025\classification_task\test\glioma\brisc2025_test_00079_gl_ax_t1.jpg,glioma,glioma,axial,0.93040246,0.023027632,0.023349501,0.023220405,0.93040246,True,True,0.9179198,0.8483796,859.0,736.0,False
d:\Research\Multi-View Fusion Network\datasets\brisc2025\classification_task\test\glioma\brisc2025_test_00080_gl_ax_t1.jpg,glioma,glioma,axial,0.9293939,0.023663482,0.023571681,0.023370977,0.9293939,True,True,0.8715596,0.7724077,2275.0,1757.0,False
d:\Research\Multi-View Fusion Network\datasets\brisc2025\classification_task\test\glioma\brisc2025_test_00081_gl_ax_t1.jpg,glioma,glioma,axial,0.929603,0.023420036,0.023995847,0.022981122,0.929603,True,True,0.94668585,0.8989071,350.0,343.0,False
d:\Research\Multi-View Fusion Network\datasets\brisc2025\classification_task\test\glioma\brisc2025_test_00082_gl_ax_t1.jpg,glioma,glioma,axial,0.9284771,0.02364975,0.023748947,0.024124205,0.9284771,True,True,0.8052073,0.67419356,427.0,609.0,False
d:\Research\Multi-View Fusion Network\datasets\brisc2025\classification_task\test\glioma\brisc2025_test_00083_gl_ax_t1.jpg,glioma,glioma,axial,0.930427,0.023166183,0.023496266,0.022910625,0.930427,True,True,0.71078974,0.55172414,509.0,389.0,False
d:\Research\Multi-View Fusion Network\datasets\brisc2025\classification_task\test\glioma\brisc2025_test_00084_gl_ax_t1.jpg,glioma,glioma,axial,0.9306392,0.023133187,0.023331739,0.022895819,0.9306392,True,True,0.71681416,0.55870295,2641.0,1539.0,False
d:\Research\Multi-View Fusion Network\datasets\brisc2025\classification_task\test\glioma\brisc2025_test_00085_gl_ax_t1.jpg,glioma,glioma,axial,0.930485,0.02317034,0.02348181,0.02286281,0.930485,True,True,0.5762082,0.40625,83.0,185.0,False
d:\Research\Multi-View Fusion Network\datasets\brisc2025\classification_task\test\glioma\brisc2025_test_00086_gl_co_t1.jpg,glioma,glioma,coronal,0.92941767,0.023696443,0.023634186,0.023251751,0.92941767,True,True,0.9550736,0.91407406,625.0,665.0,False
d:\Research\Multi-View Fusion Network\datasets\brisc2025\classification_task\test\glioma\brisc2025_test_00087_gl_co_t1.jpg,glioma,glioma,coronal,0.9281842,0.023852183,0.024178239,0.023785282,0.9281842,True,True,0.7975708,0.66352624,739.0,495.0,False
d:\Research\Multi-View Fusion Network\datasets\brisc2025\classification_task\test\glioma\brisc2025_test_00088_gl_co_t1.jpg,glioma,glioma,coronal,0.92870337,0.023925388,0.023529826,0.023841389,0.92870337,True,True,0.6914601,0.5286195,1161.0,653.0,False
d:\Research\Multi-View Fusion Network\datasets\brisc2025\classification_task\test\glioma\brisc2025_test_00089_gl_co_t1.jpg,glioma,glioma,coronal,0.92994964,0.023104839,0.023737438,0.023208136,0.92994964,True,True,0.9273128,0.86456907,665.0,696.0,False
d:\Research\Multi-View Fusion Network\datasets\brisc2025\classification_task\test\glioma\brisc2025_test_00090_gl_co_t1.jpg,glioma,glioma,coronal,0.93059176,0.023076884,0.023352826,0.022978492,0.93059176,True,True,0.9327957,0.87416106,528.0,587.0,False
d:\Research\Multi-View Fusion Network\datasets\brisc2025\classification_task\test\glioma\brisc2025_test_00091_gl_co_t1.jpg,glioma,glioma,coronal,0.9311163,0.022653537,0.023250556,0.022979664,0.9311163,True,True,0.95032716,0.90538245,1628.0,1733.0,False
d:\Research\Multi-View Fusion Network\datasets\brisc2025\classification_task\test\glioma\brisc2025_test_00092_gl_co_t1.jpg,glioma,glioma,coronal,0.9272131,0.025767969,0.023901487,0.02311738,0.9272131,True,True,0.9137324,0.8414239,306.0,261.0,False
d:\Research\Multi-View Fusion Network\datasets\brisc2025\classification_task\test\glioma\brisc2025_test_00093_gl_co_t1.jpg,glioma,glioma,coronal,0.92840755,0.023869962,0.02374167,0.023980806,0.92840755,True,True,0.86002123,0.75464684,470.0,472.0,False
d:\Research\Multi-View Fusion Network\datasets\brisc2025\classification_task\test\glioma\brisc2025_test_00094_gl_co_t1.jpg,glioma,glioma,coronal,0.92580235,0.025098164,0.024770178,0.024329357,0.92580235,True,True,0.8524272,0.7432432,232.0,282.0,False
d:\Research\Multi-View Fusion Network\datasets\brisc2025\classification_task\test\glioma\brisc2025_test_00095_gl_co_t1.jpg,glioma,glioma,coronal,0.9298482,0.022947077,0.023490846,0.023713864,0.9298482,True,True,0.91595036,0.8450704,538.0,508.0,False
d:\Research\Multi-View Fusion Network\datasets\brisc2025\classification_task\test\glioma\brisc2025_test_00096_gl_co_t1.jpg,glioma,glioma,coronal,0.92810607,0.023782387,0.024203446,0.023908004,0.92810607,True,True,0.0010775862,0.0010775862,207.0,720.0,False
d:\Research\Multi-View Fusion Network\datasets\brisc2025\classification_task\test\glioma\brisc2025_test_00097_gl_co_t1.jpg,glioma,glioma,coronal,0.9298945,0.022969097,0.023764525,0.023371866,0.9298945,True,True,0.92368495,0.8582109,3432.0,3525.0,False
d:\Research\Multi-View Fusion Network\datasets\brisc2025\classification_task\test\glioma\brisc2025_test_00098_gl_co_t1.jpg,glioma,glioma,coronal,0.9298948,0.023327833,0.023874938,0.022902355,0.9298948,True,True,0.92440945,0.8596491,331.0,303.0,False
d:\Research\Multi-View Fusion Network\datasets\brisc2025\classification_task\test\glioma\brisc2025_test_00099_gl_co_t1.jpg,glioma,glioma,coronal,0.92975587,0.02330308,0.023693465,0.02324761,0.92975587,True,True,0.0017636684,0.0017636684,50.0,516.0,False
d:\Research\Multi-View Fusion Network\datasets\brisc2025\classification_task\test\glioma\brisc2025_test_00100_gl_co_t1.jpg,glioma,glioma,coronal,0.92998666,0.023069622,0.023759449,0.023184234,0.92998666,True,True,0.6355634,0.46649486,361.0,206.0,False
d:\Research\Multi-View Fusion Network\datasets\brisc2025\classification_task\test\glioma\brisc2025_test_00101_gl_co_t1.jpg,glioma,glioma,coronal,0.92916113,0.023417747,0.024132362,0.023288762,0.92916113,True,True,0.9200627,0.8521739,311.0,326.0,False
d:\Research\Multi-View Fusion Network\datasets\brisc2025\classification_task\test\glioma\brisc2025_test_00102_gl_co_t1.jpg,glioma,glioma,coronal,0.9286598,0.023717629,0.0238098,0.0238127,0.9286598,True,True,0.9559859,0.91573036,870.0,833.0,False
d:\Research\Multi-View Fusion Network\datasets\brisc2025\classification_task\test\glioma\brisc2025_test_00103_gl_co_t1.jpg,glioma,glioma,coronal,0.9294427,0.023517974,0.023295077,0.023744224,0.9294427,True,True,0.9518851,0.90821916,1414.0,1370.0,False
d:\Research\Multi-View Fusion Network\datasets\brisc2025\classification_task\test\glioma\brisc2025_test_00104_gl_co_t1.jpg,glioma,glioma,coronal,0.93028617,0.023055047,0.023639431,0.023019338,0.93028617,True,True,0.8357788,0.71802324,1004.0,767.0,False
d:\Research\Multi-View Fusion Network\datasets\brisc2025\classification_task\test\glioma\brisc2025_test_00105_gl_co_t1.jpg,glioma,glioma,coronal,0.93067807,0.023009133,0.023337958,0.02297491,0.93067807,True,True,0.5848261,0.41369048,279.0,669.0,False
d:\Research\Multi-View Fusion Network\datasets\brisc2025\classification_task\test\glioma\brisc2025_test_00106_gl_co_t1.jpg,glioma,glioma,coronal,0.9296051,0.023542527,0.023736326,0.023115957,0.9296051,True,True,0.85932887,0.75341177,1806.0,1918.0,False
d:\Research\Multi-View Fusion Network\datasets\brisc2025\classification_task\test\glioma\brisc2025_test_00107_gl_co_t1.jpg,glioma,glioma,coronal,0.9303778,0.023364311,0.023338214,0.022919716,0.9303778,True,True,0.8631109,0.7592421,2017.0,1788.0,False
d:\Research\Multi-View Fusion Network\datasets\brisc2025\classification_task\test\glioma\brisc2025_test_00108_gl_co_t1.jpg,glioma,glioma,coronal,0.9282586,0.02381462,0.023898963,0.024027785,0.9282586,True,True,0.9469086,0.8992347,759.0,728.0,False
d:\Research\Multi-View Fusion Network\datasets\brisc2025\classification_task\test\glioma\brisc2025_test_00109_gl_co_t1.jpg,glioma,glioma,coronal,0.92994654,0.02320938,0.02366409,0.023179883,0.92994654,True,True,0.9625796,0.9279141,627.0,628.0,False
d:\Research\Multi-View Fusion Network\datasets\brisc2025\classification_task\test\glioma\brisc2025_test_00110_gl_co_t1.jpg,glioma,glioma,coronal,0.93104756,0.022686236,0.02332278,0.022943396,0.93104756,True,True,0.96001774,0.9231426,1083.0,1167.0,False
d:\Research\Multi-View Fusion Network\datasets\brisc2025\classification_task\test\glioma\brisc2025_test_00111_gl_co_t1.jpg,glioma,glioma,coronal,0.9302676,0.023072667,0.023228472,0.023431199,0.9302676,True,True,0.8994565,0.817734,167.0,200.0,False
d:\Research\Multi-View Fusion Network\datasets\brisc2025\classification_task\test\glioma\brisc2025_test_00112_gl_co_t1.jpg,glioma,glioma,coronal,0.93179524,0.022674795,0.022885617,0.022644306,0.93179524,True,True,0.26044777,0.15008576,206.0,1133.0,False
d:\Research\Multi-View Fusion Network\datasets\brisc2025\classification_task\test\glioma\brisc2025_test_00113_gl_co_t1.jpg,glioma,glioma,coronal,0.93105656,0.022749687,0.023243483,0.022950303,0.93105656,True,True,0.6596074,0.49229583,639.0,1296.0,False
d:\Research\Multi-View Fusion Network\datasets\brisc2025\classification_task\test\glioma\brisc2025_test_00114_gl_co_t1.jpg,glioma,glioma,coronal,0.9299441,0.022981692,0.023446936,0.023627296,0.9299441,True,True,0.81169254,0.6831522,1567.0,1528.0,False
d:\Research\Multi-View Fusion Network\datasets\brisc2025\classification_task\test\glioma\brisc2025_test_00115_gl_co_t1.jpg,glioma,glioma,coronal,0.92974126,0.023367496,0.023942087,0.022949172,0.92974126,True,True,0.70731705,0.5478261,342.0,190.0,False
d:\Research\Multi-View Fusion Network\datasets\brisc2025\classification_task\test\glioma\brisc2025_test_00116_gl_co_t1.jpg,glioma,glioma,coronal,0.93014383,0.023224395,0.023531886,0.023099886,0.93014383,True,True,0.81042653,0.6816976,278.0,354.0,False
d:\Research\Multi-View Fusion Network\datasets\brisc2025\classification_task\test\glioma\brisc2025_test_00117_gl_co_t1.jpg,glioma,glioma,coronal,0.93010515,0.022932937,0.02360746,0.023354469,0.93010515,True,True,0.8360489,0.7185315,554.0,427.0,False
d:\Research\Multi-View Fusion Network\datasets\brisc2025\classification_task\test\glioma\brisc2025_test_00118_gl_co_t1.jpg,glioma,glioma,coronal,0.9301693,0.02314289,0.02335276,0.023334997,0.9301693,True,True,0.7719442,0.6288385,529.0,689.0,False
d:\Research\Multi-View Fusion Network\datasets\brisc2025\classification_task\test\glioma\brisc2025_test_00119_gl_co_t1.jpg,glioma,glioma,coronal,0.93128985,0.023073,0.023053793,0.022583418,0.93128985,True,True,0.7768166,0.6352498,823.0,910.0,False
d:\Research\Multi-View Fusion Network\datasets\brisc2025\classification_task\test\glioma\brisc2025_test_00120_gl_co_t1.jpg,glioma,glioma,coronal,0.9291921,0.023325458,0.023905857,0.023576483,0.9291921,True,True,0.95102507,0.9067245,432.0,445.0,False
d:\Research\Multi-View Fusion Network\datasets\brisc2025\classification_task\test\glioma\brisc2025_test_00121_gl_co_t1.jpg,glioma,glioma,coronal,0.93002844,0.023285462,0.023310123,0.023376055,0.93002844,True,True,0.8778264,0.78232616,1535.0,1206.0,False
d:\Research\Multi-View Fusion Network\datasets\brisc2025\classification_task\test\glioma\brisc2025_test_00122_gl_co_t1.jpg,glioma,glioma,coronal,0.9305329,0.022851583,0.02302149,0.02359401,0.9305329,True,True,0.73689514,0.58373207,559.0,432.0,False
d:\Research\Multi-View Fusion Network\datasets\brisc2025\classification_task\test\glioma\brisc2025_test_00123_gl_co_t1.jpg,glioma,glioma,coronal,0.930143,0.023135995,0.023652721,0.023068346,0.930143,True,True,0.58863634,0.41738197,595.0,724.0,False
d:\Research\Multi-View Fusion Network\datasets\brisc2025\classification_task\test\glioma\brisc2025_test_00124_gl_co_t1.jpg,glioma,glioma,coronal,0.92993873,0.023332616,0.023667594,0.023061037,0.92993873,True,True,0.834555,0.7163375,539.0,415.0,False
d:\Research\Multi-View Fusion Network\datasets\brisc2025\classification_task\test\glioma\brisc2025_test_00125_gl_co_t1.jpg,glioma,glioma,coronal,0.93025696,0.023466112,0.02340108,0.022875842,0.93025696,True,True,0.7506329,0.6012146,402.0,387.0,False
d:\Research\Multi-View Fusion Network\datasets\brisc2025\classification_task\test\glioma\brisc2025_test_00126_gl_co_t1.jpg,glioma,glioma,coronal,0.9306176,0.022981321,0.023203993,0.023197135,0.9306176,True,True,0.87070936,0.7712551,472.0,401.0,False
d:\Research\Multi-View Fusion Network\datasets\brisc2025\classification_task\test\glioma\brisc2025_test_00127_gl_co_t1.jpg,glioma,glioma,coronal,0.93036985,0.023083393,0.02334842,0.023198359,0.93036985,True,True,0.957323,0.91821563,520.0,510.0,False
d:\Research\Multi-View Fusion Network\datasets\brisc2025\classification_task\test\glioma\brisc2025_test_00128_gl_co_t1.jpg,glioma,glioma,coronal,0.9310681,0.022824464,0.02319147,0.022916023,0.9310681,True,True,0.8387574,0.7226463,345.0,330.0,False
d:\Research\Multi-View Fusion Network\datasets\brisc2025\classification_task\test\glioma\brisc2025_test_00129_gl_co_t1.jpg,glioma,glioma,coronal,0.9300973,0.02297314,0.023742039,0.023187555,0.9300973,True,True,0.930127,0.8694915,542.0,559.0,False
d:\Research\Multi-View Fusion Network\datasets\brisc2025\classification_task\test\glioma\brisc2025_test_00130_gl_co_t1.jpg,glioma,glioma,coronal,0.9292812,0.023466067,0.023877284,0.023375494,0.9292812,True,True,0.8438581,0.7299925,1332.0,979.0,False
d:\Research\Multi-View Fusion Network\datasets\brisc2025\classification_task\test\glioma\brisc2025_test_00131_gl_co_t1.jpg,glioma,glioma,coronal,0.92674303,0.024706347,0.024620872,0.023929764,0.92674303,True,True,0.0023980816,0.0023980816,416.0,0.0,True
d:\Research\Multi-View Fusion Network\datasets\brisc2025\classification_task\test\glioma\brisc2025_test_00132_gl_co_t1.jpg,glioma,glioma,coronal,0.9289859,0.023816286,0.024120377,0.02307735,0.9289859,True,True,0.1827451,0.10094909,513.0,761.0,False
d:\Research\Multi-View Fusion Network\datasets\brisc2025\classification_task\test\glioma\brisc2025_test_00133_gl_co_t1.jpg,glioma,glioma,coronal,0.930948,0.022815553,0.02349902,0.02273738,0.930948,True,True,0.9628543,0.92843693,505.0,517.0,False
d:\Research\Multi-View Fusion Network\datasets\brisc2025\classification_task\test\glioma\brisc2025_test_00134_gl_co_t1.jpg,glioma,glioma,coronal,0.9288823,0.023933563,0.023507716,0.023676367,0.9288823,True,True,0.92742294,0.8646961,2398.0,2079.0,False
d:\Research\Multi-View Fusion Network\datasets\brisc2025\classification_task\test\glioma\brisc2025_test_00135_gl_co_t1.jpg,glioma,glioma,coronal,0.9308151,0.022790099,0.023260765,0.02313405,0.9308151,True,True,0.6292602,0.45939395,425.0,777.0,False
d:\Research\Multi-View Fusion Network\datasets\brisc2025\classification_task\test\glioma\brisc2025_test_00136_gl_co_t1.jpg,glioma,glioma,coronal,0.9299443,0.023654006,0.023606725,0.022794962,0.9299443,True,True,0.8546939,0.74643874,690.0,534.0,False
d:\Research\Multi-View Fusion Network\datasets\brisc2025\classification_task\test\glioma\brisc2025_test_00137_gl_co_t1.jpg,glioma,glioma,coronal,0.9302515,0.022907969,0.023336787,0.023503724,0.9302515,True,True,0.6257511,0.4556804,526.0,638.0,False
d:\Research\Multi-View Fusion Network\datasets\brisc2025\classification_task\test\glioma\brisc2025_test_00138_gl_co_t1.jpg,glioma,glioma,coronal,0.93162733,0.022565333,0.023179501,0.022627892,0.93162733,True,True,0.9077869,0.8312078,1326.0,1113.0,False
d:\Research\Multi-View Fusion Network\datasets\brisc2025\classification_task\test\glioma\brisc2025_test_00139_gl_co_t1.jpg,glioma,glioma,coronal,0.93071955,0.023011062,0.023211235,0.023058068,0.93071955,True,True,0.93248945,0.8736842,365.0,345.0,False
d:\Research\Multi-View Fusion Network\datasets\brisc2025\classification_task\test\glioma\brisc2025_test_00140_gl_co_t1.jpg,glioma,glioma,coronal,0.92764616,0.023927286,0.024070932,0.024355602,0.92764616,True,True,0.006849315,0.006849315,145.0,0.0,True
d:\Research\Multi-View Fusion Network\datasets\brisc2025\classification_task\test\glioma\brisc2025_test_00141_gl_co_t1.jpg,glioma,glioma,coronal,0.92827636,0.023928875,0.024152802,0.023641953,0.92827636,True,True,0.5248175,0.3560831,615.0,754.0,False
d:\Research\Multi-View Fusion Network\datasets\brisc2025\classification_task\test\glioma\brisc2025_test_00142_gl_co_t1.jpg,glioma,glioma,coronal,0.9301005,0.02287603,0.02334902,0.023674436,0.9301005,True,True,0.8613445,0.75735295,108.0,129.0,False
d:\Research\Multi-View Fusion Network\datasets\brisc2025\classification_task\test\glioma\brisc2025_test_00143_gl_co_t1.jpg,glioma,glioma,coronal,0.9292377,0.023290312,0.023863666,0.02360832,0.9292377,True,True,0.4814815,0.31752306,454.0,544.0,False
d:\Research\Multi-View Fusion Network\datasets\brisc2025\classification_task\test\glioma\brisc2025_test_00144_gl_co_t1.jpg,glioma,glioma,coronal,0.93107337,0.022899318,0.022730883,0.023296477,0.93107337,True,True,0.2721239,0.15856777,71.0,380.0,False
d:\Research\Multi-View Fusion Network\datasets\brisc2025\classification_task\test\glioma\brisc2025_test_00145_gl_co_t1.jpg,glioma,glioma,coronal,0.9317963,0.022189332,0.022807635,0.023206772,0.9317963,True,True,0.7528011,0.6038159,581.0,846.0,False
d:\Research\Multi-View Fusion Network\datasets\brisc2025\classification_task\test\glioma\brisc2025_test_00146_gl_co_t1.jpg,glioma,glioma,coronal,0.9238078,0.028195566,0.024058394,0.023938172,0.9238078,True,True,0.7129032,0.555,129.0,180.0,False
d:\Research\Multi-View Fusion Network\datasets\brisc2025\classification_task\test\glioma\brisc2025_test_00147_gl_co_t1.jpg,glioma,glioma,coronal,0.92695373,0.024793718,0.023915088,0.02433745,0.92695373,True,True,0.9553292,0.91454273,659.0,616.0,False
d:\Research\Multi-View Fusion Network\datasets\brisc2025\classification_task\test\glioma\brisc2025_test_00148_gl_co_t1.jpg,glioma,glioma,coronal,0.9289656,0.02365583,0.023707448,0.02367116,0.9289656,True,True,0.96817625,0.93838865,402.0,414.0,False
d:\Research\Multi-View Fusion Network\datasets\brisc2025\classification_task\test\glioma\brisc2025_test_00149_gl_co_t1.jpg,glioma,glioma,coronal,0.9267989,0.024093488,0.023765177,0.025342457,0.9267989,True,True,0.92321116,0.85760516,290.0,282.0,False
d:\Research\Multi-View Fusion Network\datasets\brisc2025\classification_task\test\glioma\brisc2025_test_00150_gl_co_t1.jpg,glioma,glioma,coronal,0.92959297,0.023167955,0.023555953,0.023683079,0.92959297,True,True,0.78708947,0.6492537,407.0,475.0,False
d:\Research\Multi-View Fusion Network\datasets\brisc2025\classification_task\test\glioma\brisc2025_test_00151_gl_co_t1.jpg,glioma,glioma,coronal,0.92971087,0.023136199,0.023409907,0.02374308,0.92971087,True,True,0.71817297,0.56060606,644.0,384.0,False
d:\Research\Multi-View Fusion Network\datasets\brisc2025\classification_task\test\glioma\brisc2025_test_00152_gl_co_t1.jpg,glioma,glioma,coronal,0.9307731,0.022380505,0.023057112,0.023789294,0.9307731,True,True,0.9600694,0.92323095,1435.0,1444.0,False
d:\Research\Multi-View Fusion Network\datasets\brisc2025\classification_task\test\glioma\brisc2025_test_00153_gl_co_t1.jpg,glioma,glioma,coronal,0.928289,0.023650404,0.02389961,0.024161031,0.928289,True,True,0.9240102,0.8588375,834.0,731.0,False
d:\Research\Multi-View Fusion Network\datasets\brisc2025\classification_task\test\glioma\brisc2025_test_00154_gl_co_t1.jpg,glioma,glioma,coronal,0.92880726,0.023397578,0.023732595,0.024062565,0.92880726,True,True,0.81560284,0.6887661,972.0,860.0,False
d:\Research\Multi-View Fusion Network\datasets\brisc2025\classification_task\test\glioma\brisc2025_test_00155_gl_co_t1.jpg,glioma,glioma,coronal,0.92907345,0.023438707,0.024206525,0.02328127,0.92907345,True,True,0.9640473,0.9306003,3333.0,3258.0,False
d:\Research\Multi-View Fusion Network\datasets\brisc2025\classification_task\test\glioma\brisc2025_test_00156_gl_co_t1.jpg,glioma,glioma,coronal,0.9294225,0.022927057,0.023764499,0.023885906,0.9294225,True,True,0.74047995,0.5879917,1440.0,2393.0,False
d:\Research\Multi-View Fusion Network\datasets\brisc2025\classification_task\test\glioma\brisc2025_test_00157_gl_co_t1.jpg,glioma,glioma,coronal,0.93044734,0.022657953,0.023354463,0.023540232,0.93044734,True,True,0.8162965,0.6896552,3006.0,3117.0,False
d:\Research\Multi-View Fusion Network\datasets\brisc2025\classification_task\test\glioma\brisc2025_test_00158_gl_co_t1.jpg,glioma,glioma,coronal,0.9309164,0.022561546,0.023078287,0.023443824,0.9309164,True,True,0.8005404,0.66748565,2290.0,1780.0,False
d:\Research\Multi-View Fusion Network\datasets\brisc2025\classification_task\test\glioma\brisc2025_test_00159_gl_co_t1.jpg,glioma,glioma,coronal,0.92861897,0.023687534,0.023706784,0.023986764,0.92861897,True,True,0.9024646,0.82234955,947.0,959.0,False
d:\Research\Multi-View Fusion Network\datasets\brisc2025\classification_task\test\glioma\brisc2025_test_00160_gl_co_t1.jpg,glioma,glioma,coronal,0.92885935,0.023716697,0.023568098,0.02385589,0.92885935,True,True,0.60985917,0.43889263,1364.0,765.0,False
d:\Research\Multi-View Fusion Network\datasets\brisc2025\classification_task\test\glioma\brisc2025_test_00161_gl_co_t1.jpg,glioma,glioma,coronal,0.92909175,0.023260888,0.023353862,0.024293438,0.92909175,True,True,0.9225389,0.85625,1880.0,1979.0,False
d:\Research\Multi-View Fusion Network\datasets\brisc2025\classification_task\test\glioma\brisc2025_test_00162_gl_co_t1.jpg,glioma,glioma,coronal,0.9306955,0.022650383,0.023031903,0.023622159,0.9306955,True,True,0.88314784,0.7908962,680.0,577.0,False
d:\Research\Multi-View Fusion Network\datasets\brisc2025\classification_task\test\glioma\brisc2025_test_00163_gl_co_t1.jpg,glioma,glioma,coronal,0.9288582,0.023867114,0.023786249,0.023488343,0.9288582,True,True,0.8951965,0.81042653,543.0,601.0,False
d:\Research\Multi-View Fusion Network\datasets\brisc2025\classification_task\test\glioma\brisc2025_test_00164_gl_co_t1.jpg,glioma,glioma,coronal,0.9296758,0.023524506,0.023536133,0.02326356,0.9296758,True,True,0.8981031,0.8150927,2202.0,1909.0,False
d:\Research\Multi-View Fusion Network\datasets\brisc2025\classification_task\test\glioma\brisc2025_test_00165_gl_co_t1.jpg,glioma,glioma,coronal,0.9302355,0.022974791,0.023468392,0.023321208,0.9302355,True,True,0.9481069,0.9013548,2266.0,2223.0,False
d:\Research\Multi-View Fusion Network\datasets\brisc2025\classification_task\test\glioma\brisc2025_test_00166_gl_co_t1.jpg,glioma,glioma,coronal,0.9299945,0.022738153,0.023563538,0.02370372,0.9299945,True,True,0.67062193,0.50461537,848.0,1595.0,False
d:\Research\Multi-View Fusion Network\datasets\brisc2025\classification_task\test\glioma\brisc2025_test_00167_gl_sa_t1.jpg,glioma,glioma,sagittal,0.9309724,0.022852626,0.023306234,0.022868732,0.9309724,True,True,0.93457186,0.8772727,629.0,608.0,False
d:\Research\Multi-View Fusion Network\datasets\brisc2025\classification_task\test\glioma\brisc2025_test_00168_gl_sa_t1.jpg,glioma,glioma,sagittal,0.9289174,0.023721052,0.024359323,0.023002286,0.9289174,True,True,0.28816408,0.1684996,2434.0,539.0,False
d:\Research\Multi-View Fusion Network\datasets\brisc2025\classification_task\test\glioma\brisc2025_test_00169_gl_sa_t1.jpg,glioma,glioma,sagittal,0.93053114,0.022992857,0.023323601,0.023152338,0.93053114,True,True,0.84138787,0.72626173,2318.0,1716.0,False
d:\Research\Multi-View Fusion Network\datasets\brisc2025\classification_task\test\glioma\brisc2025_test_00170_gl_sa_t1.jpg,glioma,glioma,sagittal,0.9306609,0.022613825,0.023442224,0.023282988,0.9306609,True,True,0.83275795,0.71353483,1510.0,1096.0,False
d:\Research\Multi-View Fusion Network\datasets\brisc2025\classification_task\test\glioma\brisc2025_test_00171_gl_sa_t1.jpg,glioma,glioma,sagittal,0.93046445,0.023042101,0.023553733,0.022939686,0.93046445,True,True,0.80312634,0.6711362,1396.0,970.0,False
d:\Research\Multi-View Fusion Network\datasets\brisc2025\classification_task\test\glioma\brisc2025_test_00172_gl_sa_t1.jpg,glioma,glioma,sagittal,0.9298217,0.023359586,0.023792494,0.023026101,0.9298217,True,True,0.6998079,0.5384047,1323.0,758.0,False
d:\Research\Multi-View Fusion Network\datasets\brisc2025\classification_task\test\glioma\brisc2025_test_00173_gl_sa_t1.jpg,glioma,glioma,sagittal,0.9301894,0.023112541,0.0239396,0.022758491,0.9301894,True,True,0.772,0.6298701,144.0,105.0,False
d:\Research\Multi-View Fusion Network\datasets\brisc2025\classification_task\test\glioma\brisc2025_test_00174_gl_sa_t1.jpg,glioma,glioma,sagittal,0.92903507,0.02399119,0.024009835,0.02296386,0.92903507,True,True,0.9712389,0.944206,224.0,227.0,False
d:\Research\Multi-View Fusion Network\datasets\brisc2025\classification_task\test\glioma\brisc2025_test_00175_gl_sa_t1.jpg,glioma,glioma,sagittal,0.9299243,0.023037208,0.024148693,0.022889841,0.9299243,True,True,0.86316776,0.7594728,514.0,552.0,False
d:\Research\Multi-View Fusion Network\datasets\brisc2025\classification_task\test\glioma\brisc2025_test_00176_gl_sa_t1.jpg,glioma,glioma,sagittal,0.9217757,0.02509247,0.029247003,0.02388478,0.9217757,True,True,0.0019047619,0.0019047619,276.0,248.0,False
d:\Research\Multi-View Fusion Network\datasets\brisc2025\classification_task\test\glioma\brisc2025_test_00177_gl_sa_t1.jpg,glioma,glioma,sagittal,0.9300197,0.023208277,0.024207173,0.022564916,0.9300197,True,True,0.893254,0.8071685,1347.0,1172.0,False
d:\Research\Multi-View Fusion Network\datasets\brisc2025\classification_task\test\glioma\brisc2025_test_00178_gl_sa_t1.jpg,glioma,glioma,sagittal,0.92987746,0.023660377,0.023678046,0.022784084,0.92987746,True,True,0.74450386,0.5931883,946.0,736.0,False
d:\Research\Multi-View Fusion Network\datasets\brisc2025\classification_task\test\glioma\brisc2025_test_00179_gl_sa_t1.jpg,glioma,glioma,sagittal,0.93087655,0.022796515,0.023479776,0.022847207,0.93087655,True,True,0.57621247,0.40518638,249.0,616.0,False
d:\Research\Multi-View Fusion Network\datasets\brisc2025\classification_task\test\glioma\brisc2025_test_00180_gl_sa_t1.jpg,glioma,glioma,sagittal,0.9307243,0.022986952,0.023218334,0.02307034,0.9307243,True,True,0.71175164,0.5532646,236.0,214.0,False
d:\Research\Multi-View Fusion Network\datasets\brisc2025\classification_task\test\glioma\brisc2025_test_00181_gl_sa_t1.jpg,glioma,glioma,sagittal,0.9297902,0.023321258,0.023934284,0.02295434,0.9297902,True,True,0.94609666,0.89788735,262.0,275.0,False
d:\Research\Multi-View Fusion Network\datasets\brisc2025\classification_task\test\glioma\brisc2025_test_00182_gl_sa_t1.jpg,glioma,glioma,sagittal,0.9309067,0.022513822,0.02361501,0.02296448,0.9309067,True,True,0.76131225,0.61496353,439.0,444.0,False
d:\Research\Multi-View Fusion Network\datasets\brisc2025\classification_task\test\glioma\brisc2025_test_00183_gl_sa_t1.jpg,glioma,glioma,sagittal,0.93122596,0.022746872,0.023382585,0.022644684,0.93122596,True,True,0.4722671,0.3093728,1084.0,772.0,False
d:\Research\Multi-View Fusion Network\datasets\brisc2025\classification_task\test\glioma\brisc2025_test_00184_gl_sa_t1.jpg,glioma,glioma,sagittal,0.9301146,0.02319059,0.023903236,0.022791503,0.9301146,True,True,0.9757257,0.9526136,2008.0,1987.0,False
d:\Research\Multi-View Fusion Network\datasets\brisc2025\classification_task\test\glioma\brisc2025_test_00185_gl_sa_t1.jpg,glioma,glioma,sagittal,0.9302423,0.02294424,0.023729078,0.023084328,0.9302423,True,True,0.9216673,0.8547635,1359.0,1423.0,False
d:\Research\Multi-View Fusion Network\datasets\brisc2025\classification_task\test\glioma\brisc2025_test_00186_gl_sa_t1.jpg,glioma,glioma,sagittal,0.9326096,0.022372888,0.0231009,0.021916633,0.9326096,True,True,0.6713881,0.5055413,1044.0,720.0,False
d:\Research\Multi-View Fusion Network\datasets\brisc2025\classification_task\test\glioma\brisc2025_test_00187_gl_sa_t1.jpg,glioma,glioma,sagittal,0.9313439,0.022865774,0.023370704,0.022419592,0.9313439,True,True,0.63521636,0.465669,1131.0,532.0,False
d:\Research\Multi-View Fusion Network\datasets\brisc2025\classification_task\test\glioma\brisc2025_test_00188_gl_sa_t1.jpg,glioma,glioma,sagittal,0.93145114,0.022722157,0.023251439,0.022575367,0.93145114,True,True,0.002631579,0.002631579,379.0,0.0,True
d:\Research\Multi-View Fusion Network\datasets\brisc2025\classification_task\test\glioma\brisc2025_test_00189_gl_sa_t1.jpg,glioma,glioma,sagittal,0.92971474,0.02362388,0.02371185,0.02294952,0.92971474,True,True,0.9738163,0.9489796,2320.0,2262.0,False
d:\Research\Multi-View Fusion Network\datasets\brisc2025\classification_task\test\glioma\brisc2025_test_00190_gl_sa_t1.jpg,glioma,glioma,sagittal,0.9301005,0.023255086,0.023709198,0.022935271,0.9301005,True,True,0.9632937,0.9292002,2575.0,2464.0,False
d:\Research\Multi-View Fusion Network\datasets\brisc2025\classification_task\test\glioma\brisc2025_test_00191_gl_sa_t1.jpg,glioma,glioma,sagittal,0.9294332,0.0236998,0.02391654,0.022950472,0.9294332,True,True,0.4574468,0.29816514,64.0,217.0,False
d:\Research\Multi-View Fusion Network\datasets\brisc2025\classification_task\test\glioma\brisc2025_test_00192_gl_sa_t1.jpg,glioma,glioma,sagittal,0.9326102,0.0221196,0.022969881,0.022300262,0.9326102,True,True,0.75036657,0.60058653,1364.0,1363.0,False
d:\Research\Multi-View Fusion Network\datasets\brisc2025\classification_task\test\glioma\brisc2025_test_00193_gl_sa_t1.jpg,glioma,glioma,sagittal,0.93055403,0.022810677,0.02358268,0.02305259,0.93055403,True,True,0.018800713,0.009588494,4901.0,151.0,False
d:\Research\Multi-View Fusion Network\datasets\brisc2025\classification_task\test\glioma\brisc2025_test_00194_gl_sa_t1.jpg,glioma,glioma,sagittal,0.9306443,0.0227082,0.02387189,0.022775592,0.9306443,True,True,0.72993827,0.5752427,252.0,395.0,False
d:\Research\Multi-View Fusion Network\datasets\brisc2025\classification_task\test\glioma\brisc2025_test_00195_gl_sa_t1.jpg,glioma,glioma,sagittal,0.92858434,0.02393226,0.024257876,0.023225471,0.92858434,True,True,0.7814286,0.6416862,284.0,415.0,False
d:\Research\Multi-View Fusion Network\datasets\brisc2025\classification_task\test\glioma\brisc2025_test_00196_gl_sa_t1.jpg,glioma,glioma,sagittal,0.930729,0.022804676,0.023455113,0.023011263,0.930729,True,True,0.94190663,0.8902439,975.0,1038.0,False
d:\Research\Multi-View Fusion Network\datasets\brisc2025\classification_task\test\glioma\brisc2025_test_00197_gl_sa_t1.jpg,glioma,glioma,sagittal,0.9313577,0.022486325,0.023580546,0.022575393,0.9313577,True,True,0.9492925,0.90358746,427.0,420.0,False
d:\Research\Multi-View Fusion Network\datasets\brisc2025\classification_task\test\glioma\brisc2025_test_00198_gl_sa_t1.jpg,glioma,glioma,sagittal,0.93042743,0.022936987,0.023682116,0.022953466,0.93042743,True,True,0.9087793,0.8328502,1955.0,1837.0,False
d:\Research\Multi-View Fusion Network\datasets\brisc2025\classification_task\test\glioma\brisc2025_test_00199_gl_sa_t1.jpg,glioma,glioma,sagittal,0.93037975,0.022921752,0.023671657,0.023026856,0.93037975,True,True,0.9434673,0.89300996,1969.0,2010.0,False
d:\Research\Multi-View Fusion Network\datasets\brisc2025\classification_task\test\glioma\brisc2025_test_00200_gl_sa_t1.jpg,glioma,glioma,sagittal,0.9306496,0.02284317,0.023580713,0.022926498,0.9306496,True,True,0.91513616,0.8436406,765.0,813.0,False
d:\Research\Multi-View Fusion Network\datasets\brisc2025\classification_task\test\glioma\brisc2025_test_00201_gl_sa_t1.jpg,glioma,glioma,sagittal,0.930645,0.0230091,0.02380284,0.022543017,0.930645,True,True,0.93659544,0.88082904,699.0,751.0,False
d:\Research\Multi-View Fusion Network\datasets\brisc2025\classification_task\test\glioma\brisc2025_test_00202_gl_sa_t1.jpg,glioma,glioma,sagittal,0.9306517,0.022847207,0.023865627,0.02263548,0.9306517,True,True,0.890553,0.80290455,417.0,450.0,False
d:\Research\Multi-View Fusion Network\datasets\brisc2025\classification_task\test\glioma\brisc2025_test_00203_gl_sa_t1.jpg,glioma,glioma,sagittal,0.93172044,0.022490365,0.023208125,0.022581022,0.93172044,True,True,0.9200326,0.85196376,1264.0,1186.0,False
d:\Research\Multi-View Fusion Network\datasets\brisc2025\classification_task\test\glioma\brisc2025_test_00204_gl_sa_t1.jpg,glioma,glioma,sagittal,0.93020046,0.023407513,0.023690403,0.02270162,0.93020046,True,True,0.0018018018,0.0018018018,402.0,152.0,False
d:\Research\Multi-View Fusion Network\datasets\brisc2025\classification_task\test\glioma\brisc2025_test_00205_gl_sa_t1.jpg,glioma,glioma,sagittal,0.9320134,0.022475792,0.023028482,0.022482421,0.9320134,True,True,0.8862487,0.7958258,1003.0,974.0,False
d:\Research\Multi-View Fusion Network\datasets\brisc2025\classification_task\test\glioma\brisc2025_test_00206_gl_sa_t1.jpg,glioma,glioma,sagittal,0.9309611,0.023044413,0.023410942,0.022583554,0.9309611,True,True,0.900869,0.8196721,1568.0,1538.0,False
d:\Research\Multi-View Fusion Network\datasets\brisc2025\classification_task\test\glioma\brisc2025_test_00207_gl_sa_t1.jpg,glioma,glioma,sagittal,0.92916626,0.023710148,0.02409331,0.02303027,0.92916626,True,True,0.0023809525,0.0023809525,383.0,36.0,False
d:\Research\Multi-View Fusion Network\datasets\brisc2025\classification_task\test\glioma\brisc2025_test_00208_gl_sa_t1.jpg,glioma,glioma,sagittal,0.93095726,0.022553865,0.0234894,0.022999449,0.93095726,True,True,0.7807397,0.6404372,1782.0,1218.0,False
d:\Research\Multi-View Fusion Network\datasets\brisc2025\classification_task\test\glioma\brisc2025_test_00209_gl_sa_t1.jpg,glioma,glioma,sagittal,0.9304613,0.022886716,0.023695802,0.022956299,0.9304613,True,True,0.9414428,0.88939565,1621.0,1691.0,False
d:\Research\Multi-View Fusion Network\datasets\brisc2025\classification_task\test\glioma\brisc2025_test_00210_gl_sa_t1.jpg,glioma,glioma,sagittal,0.93148804,0.02272269,0.023422575,0.022366695,0.93148804,True,True,0.6775972,0.5125055,2218.0,1227.0,False
d:\Research\Multi-View Fusion Network\datasets\brisc2025\classification_task\test\glioma\brisc2025_test_00211_gl_sa_t1.jpg,glioma,glioma,sagittal,0.9294048,0.02338939,0.024041882,0.023163928,0.9294048,True,True,0.3693364,0.22671156,1746.0,438.0,False
d:\Research\Multi-View Fusion Network\datasets\brisc2025\classification_task\test\glioma\brisc2025_test_00212_gl_sa_t1.jpg,glioma,glioma,sagittal,0.9311352,0.022814836,0.023441188,0.02260879,0.9311352,True,True,0.9339623,0.87647057,161.0,156.0,False
d:\Research\Multi-View Fusion Network\datasets\brisc2025\classification_task\test\glioma\brisc2025_test_00213_gl_sa_t1.jpg,glioma,glioma,sagittal,0.9310365,0.022955418,0.023371223,0.022636864,0.9310365,True,True,0.89646465,0.8127854,205.0,190.0,False
d:\Research\Multi-View Fusion Network\datasets\brisc2025\classification_task\test\glioma\brisc2025_test_00214_gl_sa_t1.jpg,glioma,glioma,sagittal,0.930929,0.02287271,0.02334316,0.0228551,0.930929,True,True,0.9386602,0.8844985,656.0,582.0,False
d:\Research\Multi-View Fusion Network\datasets\brisc2025\classification_task\test\glioma\brisc2025_test_00215_gl_sa_t1.jpg,glioma,glioma,sagittal,0.93074715,0.023236431,0.023555005,0.022461412,0.93074715,True,True,0.96147543,0.9258675,629.0,590.0,False
d:\Research\Multi-View Fusion Network\datasets\brisc2025\classification_task\test\glioma\brisc2025_test_00216_gl_sa_t1.jpg,glioma,glioma,sagittal,0.9319069,0.02243669,0.023237703,0.022418836,0.9319069,True,True,0.861719,0.7571031,1752.0,1400.0,False
d:\Research\Multi-View Fusion Network\datasets\brisc2025\classification_task\test\glioma\brisc2025_test_00217_gl_sa_t1.jpg,glioma,glioma,sagittal,0.92837244,0.02387352,0.024424892,0.02332912,0.92837244,True,True,0.40837887,0.25675058,818.0,1926.0,False
d:\Research\Multi-View Fusion Network\datasets\brisc2025\classification_task\test\glioma\brisc2025_test_00218_gl_sa_t1.jpg,glioma,glioma,sagittal,0.9295402,0.023740422,0.024044389,0.022674968,0.9295402,True,True,0.84189004,0.7270588,1196.0,1004.0,False
d:\Research\Multi-View Fusion Network\datasets\brisc2025\classification_task\test\glioma\brisc2025_test_00219_gl_sa_t1.jpg,glioma,glioma,sagittal,0.9303806,0.022887861,0.023934266,0.022797264,0.9303806,True,True,0.9180766,0.8486842,525.0,597.0,False
d:\Research\Multi-View Fusion Network\datasets\brisc2025\classification_task\test\glioma\brisc2025_test_00220_gl_sa_t1.jpg,glioma,glioma,sagittal,0.9293973,0.023307921,0.024137279,0.023157524,0.9293973,True,True,0.9224395,0.8560886,1528.0,1488.0,False
d:\Research\Multi-View Fusion Network\datasets\brisc2025\classification_task\test\glioma\brisc2025_test_00221_gl_sa_t1.jpg,glioma,glioma,sagittal,0.93026996,0.02334651,0.023571217,0.022812307,0.93026996,True,True,0.96600986,0.9342857,994.0,1035.0,False
d:\Research\Multi-View Fusion Network\datasets\brisc2025\classification_task\test\glioma\brisc2025_test_00222_gl_sa_t1.jpg,glioma,glioma,sagittal,0.9299116,0.023172155,0.02397887,0.022937443,0.9299116,True,True,0.88398075,0.7921158,3167.0,2650.0,False
d:\Research\Multi-View Fusion Network\datasets\brisc2025\classification_task\test\glioma\brisc2025_test_00223_gl_sa_t1.jpg,glioma,glioma,sagittal,0.9292898,0.023630066,0.023928888,0.023151217,0.9292898,True,True,0.96437347,0.9312796,410.0,403.0,False
d:\Research\Multi-View Fusion Network\datasets\brisc2025\classification_task\test\glioma\brisc2025_test_00224_gl_sa_t1.jpg,glioma,glioma,sagittal,0.9308243,0.023020396,0.023410734,0.022744538,0.9308243,True,True,0.013513514,0.013513514,73.0,0.0,True
d:\Research\Multi-View Fusion Network\datasets\brisc2025\classification_task\test\glioma\brisc2025_test_00225_gl_sa_t1.jpg,glioma,glioma,sagittal,0.9300224,0.022882773,0.023957737,0.023137078,0.9300224,True,True,0.91494846,0.8436019,189.0,198.0,False
d:\Research\Multi-View Fusion Network\datasets\brisc2025\classification_task\test\glioma\brisc2025_test_00226_gl_sa_t1.jpg,glioma,glioma,sagittal,0.9299249,0.02332058,0.023653246,0.023101255,0.9299249,True,True,0.95132744,0.90725124,573.0,556.0,False
d:\Research\Multi-View Fusion Network\datasets\brisc2025\classification_task\test\glioma\brisc2025_test_00227_gl_sa_t1.jpg,glioma,glioma,sagittal,0.9309511,0.022791062,0.023377052,0.022880683,0.9309511,True,True,0.8886719,0.8,227.0,284.0,False
d:\Research\Multi-View Fusion Network\datasets\brisc2025\classification_task\test\glioma\brisc2025_test_00228_gl_sa_t1.jpg,glioma,glioma,sagittal,0.9316919,0.022501238,0.023041613,0.022765314,0.9316919,True,True,0.8817427,0.7888889,261.0,220.0,False
d:\Research\Multi-View Fusion Network\datasets\brisc2025\classification_task\test\glioma\brisc2025_test_00229_gl_sa_t1.jpg,glioma,meningioma,sagittal,0.028015368,0.915964,0.028737757,0.027282873,0.915964,False,True,0.93564355,0.87925696,308.0,297.0,False
d:\Research\Multi-View Fusion Network\datasets\brisc2025\classification_task\test\glioma\brisc2025_test_00230_gl_sa_t1.jpg,glioma,glioma,sagittal,0.9298111,0.023330484,0.023735756,0.023122698,0.9298111,True,True,0.91444117,0.8424408,953.0,1068.0,False
d:\Research\Multi-View Fusion Network\datasets\brisc2025\classification_task\test\glioma\brisc2025_test_00231_gl_sa_t1.jpg,glioma,glioma,sagittal,0.9287304,0.024383226,0.024008937,0.022877442,0.9287304,True,True,0.9381025,0.8834766,944.0,1026.0,False
d:\Research\Multi-View Fusion Network\datasets\brisc2025\classification_task\test\glioma\brisc2025_test_00232_gl_sa_t1.jpg,glioma,glioma,sagittal,0.93056613,0.022832131,0.023734866,0.02286693,0.93056613,True,True,0.8949367,0.81006867,372.0,417.0,False
d:\Research\Multi-View Fusion Network\datasets\brisc2025\classification_task\test\glioma\brisc2025_test_00233_gl_sa_t1.jpg,glioma,glioma,sagittal,0.9306788,0.022898637,0.023407523,0.023015037,0.9306788,True,True,0.95250213,0.9093851,585.0,593.0,False
d:\Research\Multi-View Fusion Network\datasets\brisc2025\classification_task\test\glioma\brisc2025_test_00234_gl_sa_t1.jpg,glioma,glioma,sagittal,0.9298239,0.02327206,0.023923732,0.022980304,0.9298239,True,True,0.9441392,0.8942808,530.0,561.0,False
d:\Research\Multi-View Fusion Network\datasets\brisc2025\classification_task\test\glioma\brisc2025_test_00235_gl_sa_t1.jpg,glioma,glioma,sagittal,0.9286351,0.02420811,0.024628907,0.02252795,0.9286351,True,True,0.8800461,0.78600824,437.0,429.0,False
d:\Research\Multi-View Fusion Network\datasets\brisc2025\classification_task\test\glioma\brisc2025_test_00236_gl_sa_t1.jpg,glioma,glioma,sagittal,0.9314108,0.02247687,0.023085484,0.02302682,0.9314108,True,True,0.94027483,0.887338,971.0,920.0,False
d:\Research\Multi-View Fusion Network\datasets\brisc2025\classification_task\test\glioma\brisc2025_test_00237_gl_sa_t1.jpg,glioma,glioma,sagittal,0.93075496,0.02264845,0.023585184,0.023011338,0.93075496,True,True,0.8064877,0.67603,377.0,516.0,False
d:\Research\Multi-View Fusion Network\datasets\brisc2025\classification_task\test\glioma\brisc2025_test_00238_gl_sa_t1.jpg,glioma,glioma,sagittal,0.9307491,0.022876028,0.023779707,0.022595072,0.9307491,True,True,0.7224425,0.5655412,3988.0,2316.0,False
d:\Research\Multi-View Fusion Network\datasets\brisc2025\classification_task\test\glioma\brisc2025_test_00239_gl_sa_t1.jpg,glioma,glioma,sagittal,0.9317487,0.022336604,0.023338517,0.022576146,0.9317487,True,True,0.5788929,0.40742537,4120.0,1678.0,False
d:\Research\Multi-View Fusion Network\datasets\brisc2025\classification_task\test\glioma\brisc2025_test_00240_gl_sa_t1.jpg,glioma,glioma,sagittal,0.9307772,0.023275834,0.023204437,0.022742627,0.9307772,True,True,0.9431631,0.89252335,629.0,584.0,False
d:\Research\Multi-View Fusion Network\datasets\brisc2025\classification_task\test\glioma\brisc2025_test_00241_gl_sa_t1.jpg,glioma,glioma,sagittal,0.93110305,0.023194455,0.023529245,0.02217324,0.93110305,True,True,0.8532915,0.7442623,906.0,688.0,False
d:\Research\Multi-View Fusion Network\datasets\brisc2025\classification_task\test\glioma\brisc2025_test_00242_gl_sa_t1.jpg,glioma,glioma,sagittal,0.93197775,0.022262285,0.022998642,0.02276126,0.93197775,True,True,0.79538614,0.66056573,431.0,565.0,False
d:\Research\Multi-View Fusion Network\datasets\brisc2025\classification_task\test\glioma\brisc2025_test_00243_gl_sa_t1.jpg,glioma,glioma,sagittal,0.9311176,0.022720074,0.023288736,0.02287363,0.9311176,True,True,0.90747947,0.8306962,1208.0,1104.0,False
d:\Research\Multi-View Fusion Network\datasets\brisc2025\classification_task\test\glioma\brisc2025_test_00244_gl_sa_t1.jpg,glioma,glioma,sagittal,0.93034774,0.023293167,0.023389898,0.022969183,0.93034774,True,True,0.9640443,0.930605,1588.0,1665.0,False
d:\Research\Multi-View Fusion Network\datasets\brisc2025\classification_task\test\glioma\brisc2025_test_00245_gl_sa_t1.jpg,glioma,glioma,sagittal,0.9308659,0.023048867,0.023405805,0.022679398,0.9308659,True,True,0.95298374,0.91021216,1881.0,1989.0,False
d:\Research\Multi-View Fusion Network\datasets\brisc2025\classification_task\test\glioma\brisc2025_test_00246_gl_sa_t1.jpg,glioma,glioma,sagittal,0.9307424,0.022794334,0.023660656,0.022802606,0.9307424,True,True,0.9592333,0.9216805,1886.0,1817.0,False
d:\Research\Multi-View Fusion Network\datasets\brisc2025\classification_task\test\glioma\brisc2025_test_00247_gl_sa_t1.jpg,glioma,glioma,sagittal,0.9306916,0.023022309,0.024092952,0.022193171,0.9306916,True,True,0.94544464,0.8965874,958.0,874.0,False
d:\Research\Multi-View Fusion Network\datasets\brisc2025\classification_task\test\glioma\brisc2025_test_00248_gl_sa_t1.jpg,glioma,glioma,sagittal,0.9315482,0.023111492,0.023286698,0.022053633,0.9315482,True,True,0.96291393,0.9285714,383.0,371.0,False
d:\Research\Multi-View Fusion Network\datasets\brisc2025\classification_task\test\glioma\brisc2025_test_00249_gl_sa_t1.jpg,glioma,glioma,sagittal,0.9310712,0.022429978,0.02472284,0.021775918,0.9310712,True,True,0.930137,0.8695652,363.0,366.0,False
d:\Research\Multi-View Fusion Network\datasets\brisc2025\classification_task\test\glioma\brisc2025_test_00250_gl_sa_t1.jpg,glioma,glioma,sagittal,0.9307951,0.023424163,0.023639483,0.022141326,0.9307951,True,True,0.96422017,0.9309735,552.0,537.0,False
d:\Research\Multi-View Fusion Network\datasets\brisc2025\classification_task\test\glioma\brisc2025_test_00251_gl_sa_t1.jpg,glioma,glioma,sagittal,0.9303265,0.02345179,0.023466077,0.022755664,0.9303265,True,True,0.8402971,0.7246531,1867.0,1363.0,False
d:\Research\Multi-View Fusion Network\datasets\brisc2025\classification_task\test\glioma\brisc2025_test_00252_gl_sa_t1.jpg,glioma,glioma,sagittal,0.9303693,0.022705877,0.023843382,0.02308142,0.9303693,True,True,0.9330837,0.8745804,2900.0,3241.0,False
d:\Research\Multi-View Fusion Network\datasets\brisc2025\classification_task\test\glioma\brisc2025_test_00253_gl_sa_t1.jpg,glioma,glioma,sagittal,0.93116415,0.02264296,0.023083359,0.023109522,0.93116415,True,True,0.45869192,0.29799107,840.0,321.0,False
d:\Research\Multi-View Fusion Network\datasets\brisc2025\classification_task\test\glioma\brisc2025_test_00254_gl_sa_t1.jpg,glioma,glioma,sagittal,0.93183917,0.02253692,0.023401892,0.022222023,0.93183917,True,True,0.91590774,0.84490484,1657.0,1636.0,False
d:\Research\Multi-View Fusion Network\datasets\brisc2025\classification_task\test\meningioma\brisc2025_test_00255_me_ax_t1.jpg,meningioma,meningioma,axial,0.025913302,0.92010635,0.0321177,0.02186257,0.92010635,True,True,0.9554104,0.9146429,2579.0,2780.0,False
d:\Research\Multi-View Fusion Network\datasets\brisc2025\classification_task\test\meningioma\brisc2025_test_00256_me_ax_t1.jpg,meningioma,meningioma,axial,0.025522826,0.9247697,0.024164204,0.02554328,0.9247697,True,True,0.69909346,0.5375134,1605.0,1262.0,False
d:\Research\Multi-View Fusion Network\datasets\brisc2025\classification_task\test\meningioma\brisc2025_test_00257_me_ax_t1.jpg,meningioma,meningioma,axial,0.025473226,0.91953754,0.027752986,0.027236298,0.91953754,True,True,0.97324413,0.9478927,2525.0,2557.0,False
d:\Research\Multi-View Fusion Network\datasets\brisc2025\classification_task\test\meningioma\brisc2025_test_00258_me_ax_t1.jpg,meningioma,meningioma,axial,0.02548708,0.9206826,0.026407862,0.02742241,0.9206826,True,True,0.9684673,0.93887776,1942.0,1926.0,False
d:\Research\Multi-View Fusion Network\datasets\brisc2025\classification_task\test\meningioma\brisc2025_test_00259_me_ax_t1.jpg,meningioma,meningioma,axial,0.02679005,0.9196676,0.027255256,0.026287174,0.9196676,True,True,0.9616658,0.9261712,4062.0,3789.0,False
d:\Research\Multi-View Fusion Network\datasets\brisc2025\classification_task\test\meningioma\brisc2025_test_00260_me_ax_t1.jpg,meningioma,meningioma,axial,0.026227439,0.91904044,0.027806418,0.026925638,0.91904044,True,True,0.92565477,0.8616352,1905.0,1645.0,False
d:\Research\Multi-View Fusion Network\datasets\brisc2025\classification_task\test\meningioma\brisc2025_test_00261_me_ax_t1.jpg,meningioma,meningioma,axial,0.025583604,0.91951233,0.027646188,0.027257878,0.91951233,True,True,0.84126985,0.72607154,2319.0,3035.0,False
d:\Research\Multi-View Fusion Network\datasets\brisc2025\classification_task\test\meningioma\brisc2025_test_00262_me_ax_t1.jpg,meningioma,meningioma,axial,0.026259763,0.91789347,0.02876346,0.02708339,0.91789347,True,True,0.9746518,0.95057034,1800.0,1789.0,False
d:\Research\Multi-View Fusion Network\datasets\brisc2025\classification_task\test\meningioma\brisc2025_test_00263_me_ax_t1.jpg,meningioma,meningioma,axial,0.025406731,0.92057157,0.02735937,0.026662407,0.92057157,True,True,0.92202646,0.85539216,1203.0,1066.0,False
d:\Research\Multi-View Fusion Network\datasets\brisc2025\classification_task\test\meningioma\brisc2025_test_00264_me_ax_t1.jpg,meningioma,meningioma,axial,0.026271643,0.9189897,0.027760271,0.026978416,0.9189897,True,True,0.96181774,0.9264529,4129.0,3858.0,False
d:\Research\Multi-View Fusion Network\datasets\brisc2025\classification_task\test\meningioma\brisc2025_test_00265_me_ax_t1.jpg,meningioma,meningioma,axial,0.025590813,0.91976005,0.029008135,0.025641005,0.91976005,True,True,0.9714235,0.9444444,2850.0,2783.0,False
d:\Research\Multi-View Fusion Network\datasets\brisc2025\classification_task\test\meningioma\brisc2025_test_00266_me_ax_t1.jpg,meningioma,meningioma,axial,0.025134502,0.91965103,0.027913025,0.027301343,0.91965103,True,True,0.9806941,0.96212804,2198.0,2152.0,False
d:\Research\Multi-View Fusion Network\datasets\brisc2025\classification_task\test\meningioma\brisc2025_test_00267_me_ax_t1.jpg,meningioma,meningioma,axial,0.02543416,0.919587,0.02776431,0.027214551,0.919587,True,True,0.9763209,0.9537462,2566.0,2543.0,False
d:\Research\Multi-View Fusion Network\datasets\brisc2025\classification_task\test\meningioma\brisc2025_test_00268_me_ax_t1.jpg,meningioma,meningioma,axial,0.026415205,0.91455054,0.03290168,0.026132574,0.91455054,True,True,0.71444046,0.55578023,5847.0,3383.0,False
d:\Research\Multi-View Fusion Network\datasets\brisc2025\classification_task\test\meningioma\brisc2025_test_00269_me_ax_t1.jpg,meningioma,meningioma,axial,0.025145598,0.91678965,0.03091119,0.027153464,0.91678965,True,True,0.9660216,0.9342907,2278.0,2165.0,False
d:\Research\Multi-View Fusion Network\datasets\brisc2025\classification_task\test\meningioma\brisc2025_test_00270_me_ax_t1.jpg,meningioma,meningioma,axial,0.025454195,0.9199755,0.027804736,0.026765535,0.9199755,True,True,0.95579684,0.9153675,1282.0,1296.0,False
d:\Research\Multi-View Fusion Network\datasets\brisc2025\classification_task\test\meningioma\brisc2025_test_00271_me_ax_t1.jpg,meningioma,meningioma,axial,0.025567418,0.9212049,0.026686082,0.026541555,0.9212049,True,True,0.97214127,0.94579834,4660.0,4600.0,False
d:\Research\Multi-View Fusion Network\datasets\brisc2025\classification_task\test\meningioma\brisc2025_test_00272_me_ax_t1.jpg,meningioma,meningioma,axial,0.026254695,0.92146516,0.02578811,0.026492095,0.92146516,True,True,0.9869905,0.97431755,5514.0,5477.0,False
d:\Research\Multi-View Fusion Network\datasets\brisc2025\classification_task\test\meningioma\brisc2025_test_00273_me_ax_t1.jpg,meningioma,meningioma,axial,0.025996441,0.9185905,0.027914423,0.027498657,0.9185905,True,True,0.97489387,0.95102626,2736.0,2680.0,False
d:\Research\Multi-View Fusion Network\datasets\brisc2025\classification_task\test\meningioma\brisc2025_test_00274_me_ax_t1.jpg,meningioma,meningioma,axial,0.025428168,0.9208612,0.027103558,0.026607124,0.9208612,True,True,0.97260845,0.94668823,2458.0,2360.0,False
d:\Research\Multi-View Fusion Network\datasets\brisc2025\classification_task\test\meningioma\brisc2025_test_00275_me_ax_t1.jpg,meningioma,meningioma,axial,0.026259763,0.91789347,0.02876346,0.02708339,0.91789347,True,True,0.9782129,0.9573664,1836.0,1789.0,False
d:\Research\Multi-View Fusion Network\datasets\brisc2025\classification_task\test\meningioma\brisc2025_test_00276_me_ax_t1.jpg,meningioma,meningioma,axial,0.026101673,0.9152279,0.031269446,0.027401019,0.9152279,True,True,0.8115183,0.68328446,240.0,332.0,False
d:\Research\Multi-View Fusion Network\datasets\brisc2025\classification_task\test\meningioma\brisc2025_test_00277_me_ax_t1.jpg,meningioma,meningioma,axial,0.026353486,0.91928864,0.027457753,0.02690014,0.91928864,True,True,0.961349,0.9256017,1332.0,1306.0,False
d:\Research\Multi-View Fusion Network\datasets\brisc2025\classification_task\test\meningioma\brisc2025_test_00278_me_ax_t1.jpg,meningioma,meningioma,axial,0.025491318,0.9207303,0.026221735,0.027556702,0.9207303,True,True,0.96332586,0.9292657,1761.0,1810.0,False
d:\Research\Multi-View Fusion Network\datasets\brisc2025\classification_task\test\meningioma\brisc2025_test_00279_me_ax_t1.jpg,meningioma,meningioma,axial,0.02556648,0.92070293,0.026508214,0.027222408,0.92070293,True,True,0.9748737,0.9509855,3734.0,3787.0,False
d:\Research\Multi-View Fusion Network\datasets\brisc2025\classification_task\test\meningioma\brisc2025_test_00280_me_ax_t1.jpg,meningioma,meningioma,axial,0.026500411,0.91953874,0.027407413,0.026553387,0.91953874,True,True,0.9272804,0.86442786,7754.0,8733.0,False
d:\Research\Multi-View Fusion Network\datasets\brisc2025\classification_task\test\meningioma\brisc2025_test_00281_me_ax_t1.jpg,meningioma,pituitary,axial,0.0633595,0.19732365,0.7090346,0.03028222,0.7090346,False,True,0.79831517,0.6644683,1212.0,805.0,False
d:\Research\Multi-View Fusion Network\datasets\brisc2025\classification_task\test\meningioma\brisc2025_test_00282_me_ax_t1.jpg,meningioma,meningioma,axial,0.02617281,0.91923285,0.027763577,0.026830789,0.91923285,True,True,0.9483965,0.9018847,1775.0,1654.0,False
d:\Research\Multi-View Fusion Network\datasets\brisc2025\classification_task\test\meningioma\brisc2025_test_00283_me_ax_t1.jpg,meningioma,meningioma,axial,0.026680732,0.9201215,0.02651517,0.026682539,0.9201215,True,True,0.973599,0.94856864,2036.0,1978.0,False
d:\Research\Multi-View Fusion Network\datasets\brisc2025\classification_task\test\meningioma\brisc2025_test_00284_me_ax_t1.jpg,meningioma,meningioma,axial,0.023982119,0.92267805,0.02761669,0.025723156,0.92267805,True,True,0.9520265,0.90851736,589.0,619.0,False
d:\Research\Multi-View Fusion Network\datasets\brisc2025\classification_task\test\meningioma\brisc2025_test_00285_me_ax_t1.jpg,meningioma,no_tumor,axial,0.021987751,0.030992799,0.027363755,0.9196557,0.9196557,False,True,0.00034867504,0.00034867504,2867.0,0.0,True
d:\Research\Multi-View Fusion Network\datasets\brisc2025\classification_task\test\meningioma\brisc2025_test_00286_me_ax_t1.jpg,meningioma,meningioma,axial,0.026114155,0.9197398,0.027343625,0.026802465,0.9197398,True,True,0.9487572,0.90254545,1304.0,1310.0,False
d:\Research\Multi-View Fusion Network\datasets\brisc2025\classification_task\test\meningioma\brisc2025_test_00287_me_ax_t1.jpg,meningioma,meningioma,axial,0.026304683,0.92132074,0.025833355,0.02654121,0.92132074,True,True,0.98683,0.97400475,5385.0,5472.0,False
d:\Research\Multi-View Fusion Network\datasets\brisc2025\classification_task\test\meningioma\brisc2025_test_00288_me_ax_t1.jpg,meningioma,meningioma,axial,0.022412218,0.9198998,0.029166188,0.028521765,0.9198998,True,True,0.9811008,0.96291476,1520.0,1495.0,False
d:\Research\Multi-View Fusion Network\datasets\brisc2025\classification_task\test\meningioma\brisc2025_test_00289_me_ax_t1.jpg,meningioma,meningioma,axial,0.025510471,0.9230158,0.025804998,0.025668789,0.9230158,True,True,0.9670806,0.9362773,1698.0,1764.0,False
d:\Research\Multi-View Fusion Network\datasets\brisc2025\classification_task\test\meningioma\brisc2025_test_00290_me_ax_t1.jpg,meningioma,meningioma,axial,0.026475178,0.9193391,0.027419146,0.026766574,0.9193391,True,True,0.96470714,0.9318274,4806.0,4685.0,False
d:\Research\Multi-View Fusion Network\datasets\brisc2025\classification_task\test\meningioma\brisc2025_test_00291_me_ax_t1.jpg,meningioma,meningioma,axial,0.025915626,0.91932034,0.027509807,0.027254183,0.91932034,True,True,0.97557884,0.9523305,2733.0,2794.0,False
d:\Research\Multi-View Fusion Network\datasets\brisc2025\classification_task\test\meningioma\brisc2025_test_00292_me_ax_t1.jpg,meningioma,meningioma,axial,0.025449442,0.9209274,0.026672171,0.02695094,0.9209274,True,True,0.97341484,0.94821334,3763.0,3759.0,False
d:\Research\Multi-View Fusion Network\datasets\brisc2025\classification_task\test\meningioma\brisc2025_test_00293_me_ax_t1.jpg,meningioma,meningioma,axial,0.026154239,0.92167574,0.026083305,0.026086695,0.92167574,True,True,0.9603642,0.9237899,927.0,939.0,False
d:\Research\Multi-View Fusion Network\datasets\brisc2025\classification_task\test\meningioma\brisc2025_test_00294_me_ax_t1.jpg,meningioma,meningioma,axial,0.025276162,0.91778165,0.029765999,0.027176237,0.91778165,True,True,0.9362873,0.88023955,1814.0,1638.0,False
d:\Research\Multi-View Fusion Network\datasets\brisc2025\classification_task\test\meningioma\brisc2025_test_00295_me_ax_t1.jpg,meningioma,meningioma,axial,0.025890745,0.9194753,0.027271988,0.02736197,0.9194753,True,True,0.9709979,0.94364107,2628.0,2612.0,False
d:\Research\Multi-View Fusion Network\datasets\brisc2025\classification_task\test\meningioma\brisc2025_test_00296_me_ax_t1.jpg,meningioma,meningioma,axial,0.022953011,0.92243475,0.027101189,0.027511053,0.92243475,True,True,0.9703755,0.9424749,1457.0,1445.0,False
d:\Research\Multi-View Fusion Network\datasets\brisc2025\classification_task\test\meningioma\brisc2025_test_00297_me_ax_t1.jpg,meningioma,meningioma,axial,0.02548598,0.9217104,0.026556134,0.026247546,0.9217104,True,True,0.98124033,0.96317714,3213.0,3236.0,False
d:\Research\Multi-View Fusion Network\datasets\brisc2025\classification_task\test\meningioma\brisc2025_test_00298_me_ax_t1.jpg,meningioma,meningioma,axial,0.02655901,0.9201415,0.027088912,0.026210586,0.9201415,True,True,0.9647273,0.93186605,4052.0,4197.0,False
d:\Research\Multi-View Fusion Network\datasets\brisc2025\classification_task\test\meningioma\brisc2025_test_00299_me_ax_t1.jpg,meningioma,meningioma,axial,0.026454102,0.9193463,0.027041106,0.02715853,0.9193463,True,True,0.98379487,0.96811044,4116.0,4152.0,False
d:\Research\Multi-View Fusion Network\datasets\brisc2025\classification_task\test\meningioma\brisc2025_test_00300_me_ax_t1.jpg,meningioma,meningioma,axial,0.026138814,0.9195768,0.027406104,0.026878202,0.9195768,True,True,0.94084734,0.88833,1942.0,1810.0,False
d:\Research\Multi-View Fusion Network\datasets\brisc2025\classification_task\test\meningioma\brisc2025_test_00301_me_ax_t1.jpg,meningioma,meningioma,axial,0.02664391,0.9183474,0.029014235,0.025994381,0.9183474,True,True,0.956366,0.91640675,1567.0,1503.0,False
d:\Research\Multi-View Fusion Network\datasets\brisc2025\classification_task\test\meningioma\brisc2025_test_00302_me_ax_t1.jpg,meningioma,meningioma,axial,0.026103342,0.9175438,0.029353337,0.026999496,0.9175438,True,True,0.8832237,0.7911765,271.0,336.0,False
d:\Research\Multi-View Fusion Network\datasets\brisc2025\classification_task\test\meningioma\brisc2025_test_00303_me_ax_t1.jpg,meningioma,meningioma,axial,0.026825435,0.91956455,0.026863696,0.026746387,0.91956455,True,True,0.8126437,0.68451613,1098.0,1511.0,False
d:\Research\Multi-View Fusion Network\datasets\brisc2025\classification_task\test\meningioma\brisc2025_test_00304_me_ax_t1.jpg,meningioma,meningioma,axial,0.02638523,0.92143977,0.025741782,0.026433198,0.92143977,True,True,0.98706657,0.9744658,5410.0,5491.0,False
d:\Research\Multi-View Fusion Network\datasets\brisc2025\classification_task\test\meningioma\brisc2025_test_00305_me_ax_t1.jpg,meningioma,meningioma,axial,0.026390158,0.92067754,0.026600169,0.026332134,0.92067754,True,True,0.9747674,0.95078534,2832.0,2755.0,False
d:\Research\Multi-View Fusion Network\datasets\brisc2025\classification_task\test\meningioma\brisc2025_test_00306_me_ax_t1.jpg,meningioma,meningioma,axial,0.024953606,0.9204364,0.028154872,0.02645519,0.9204364,True,True,0.9763812,0.9538584,3727.0,3639.0,False
d:\Research\Multi-View Fusion Network\datasets\brisc2025\classification_task\test\meningioma\brisc2025_test_00307_me_ax_t1.jpg,meningioma,meningioma,axial,0.026092604,0.91995895,0.027050387,0.02689811,0.91995895,True,True,0.9627088,0.92810786,3984.0,3738.0,False
d:\Research\Multi-View Fusion Network\datasets\brisc2025\classification_task\test\meningioma\brisc2025_test_00308_me_ax_t1.jpg,meningioma,meningioma,axial,0.027210644,0.92106867,0.025302518,0.02641816,0.92106867,True,True,0.9123348,0.8388229,3153.0,3656.0,False
d:\Research\Multi-View Fusion Network\datasets\brisc2025\classification_task\test\meningioma\brisc2025_test_00309_me_ax_t1.jpg,meningioma,meningioma,axial,0.026341775,0.91730124,0.028867908,0.0274891,0.91730124,True,True,0.93351066,0.87541527,587.0,540.0,False
d:\Research\Multi-View Fusion Network\datasets\brisc2025\classification_task\test\meningioma\brisc2025_test_00310_me_ax_t1.jpg,meningioma,meningioma,axial,0.02630199,0.92036915,0.02645217,0.026876755,0.92036915,True,True,0.9761194,0.9533608,2817.0,2877.0,False
d:\Research\Multi-View Fusion Network\datasets\brisc2025\classification_task\test\meningioma\brisc2025_test_00311_me_ax_t1.jpg,meningioma,meningioma,axial,0.026986608,0.9193155,0.026877662,0.026820198,0.9193155,True,True,0.9200767,0.852071,818.0,745.0,False
d:\Research\Multi-View Fusion Network\datasets\brisc2025\classification_task\test\meningioma\brisc2025_test_00312_me_ax_t1.jpg,meningioma,meningioma,axial,0.025157645,0.92461413,0.025016293,0.025211867,0.92461413,True,True,0.9584775,0.9202862,1813.0,1943.0,False
d:\Research\Multi-View Fusion Network\datasets\brisc2025\classification_task\test\meningioma\brisc2025_test_00313_me_ax_t1.jpg,meningioma,meningioma,axial,0.025725652,0.92142385,0.026324065,0.02652641,0.92142385,True,True,0.9811949,0.963088,4694.0,4611.0,False
d:\Research\Multi-View Fusion Network\datasets\brisc2025\classification_task\test\meningioma\brisc2025_test_00314_me_ax_t1.jpg,meningioma,meningioma,axial,0.025630677,0.91999346,0.027332699,0.027043147,0.91999346,True,True,0.8310306,0.71095496,2257.0,3098.0,False
d:\Research\Multi-View Fusion Network\datasets\brisc2025\classification_task\test\meningioma\brisc2025_test_00315_me_ax_t1.jpg,meningioma,meningioma,axial,0.026023438,0.9192949,0.027210757,0.027470998,0.9192949,True,True,0.93764615,0.88269794,678.0,604.0,False
d:\Research\Multi-View Fusion Network\datasets\brisc2025\classification_task\test\meningioma\brisc2025_test_00316_me_ax_t1.jpg,meningioma,meningioma,axial,0.02575458,0.9194589,0.027576232,0.027210314,0.9194589,True,True,0.97153443,0.94465506,2555.0,2573.0,False
d:\Research\Multi-View Fusion Network\datasets\brisc2025\classification_task\test\meningioma\brisc2025_test_00317_me_ax_t1.jpg,meningioma,meningioma,axial,0.025458978,0.9199067,0.027840924,0.026793307,0.9199067,True,True,0.9532305,0.9106814,1041.0,1032.0,False
d:\Research\Multi-View Fusion Network\datasets\brisc2025\classification_task\test\meningioma\brisc2025_test_00318_me_ax_t1.jpg,meningioma,meningioma,axial,0.02658546,0.9204612,0.026819615,0.026133833,0.9204612,True,True,0.9757903,0.95273435,2462.0,2535.0,False
d:\Research\Multi-View Fusion Network\datasets\brisc2025\classification_task\test\meningioma\brisc2025_test_00319_me_ax_t1.jpg,meningioma,meningioma,axial,0.0262068,0.91890514,0.028018141,0.02686984,0.91890514,True,True,0.9160927,0.84526557,856.0,740.0,False
d:\Research\Multi-View Fusion Network\datasets\brisc2025\classification_task\test\meningioma\brisc2025_test_00320_me_ax_t1.jpg,meningioma,meningioma,axial,0.02634136,0.921592,0.025833366,0.026233228,0.921592,True,True,0.95998335,0.9230769,1199.0,1199.0,False
d:\Research\Multi-View Fusion Network\datasets\brisc2025\classification_task\test\meningioma\brisc2025_test_00321_me_ax_t1.jpg,meningioma,meningioma,axial,0.027320376,0.9215559,0.02471587,0.026407875,0.9215559,True,True,0.95259553,0.9094965,2952.0,3038.0,False
d:\Research\Multi-View Fusion Network\datasets\brisc2025\classification_task\test\meningioma\brisc2025_test_00322_me_ax_t1.jpg,meningioma,meningioma,axial,0.026533945,0.9194322,0.027206222,0.026827626,0.9194322,True,True,0.96739924,0.93687946,1365.0,1364.0,False
d:\Research\Multi-View Fusion Network\datasets\brisc2025\classification_task\test\meningioma\brisc2025_test_00323_me_ax_t1.jpg,meningioma,meningioma,axial,0.026739353,0.9201643,0.026474787,0.026621502,0.9201643,True,True,0.9823009,0.96522653,1867.0,1861.0,False
d:\Research\Multi-View Fusion Network\datasets\brisc2025\classification_task\test\meningioma\brisc2025_test_00324_me_ax_t1.jpg,meningioma,meningioma,axial,0.025659708,0.9202043,0.027481474,0.026654484,0.9202043,True,True,0.86,0.7546729,338.0,411.0,False
d:\Research\Multi-View Fusion Network\datasets\brisc2025\classification_task\test\meningioma\brisc2025_test_00325_me_ax_t1.jpg,meningioma,meningioma,axial,0.026413582,0.9163502,0.03049416,0.026742056,0.9163502,True,True,0.94458026,0.89506173,613.0,613.0,False
d:\Research\Multi-View Fusion Network\datasets\brisc2025\classification_task\test\meningioma\brisc2025_test_00326_me_ax_t1.jpg,meningioma,meningioma,axial,0.026616586,0.91660005,0.029887898,0.026895469,0.91660005,True,True,0.9608849,0.9247378,1551.0,1567.0,False
d:\Research\Multi-View Fusion Network\datasets\brisc2025\classification_task\test\meningioma\brisc2025_test_00327_me_ax_t1.jpg,meningioma,meningioma,axial,0.025362384,0.89733875,0.049218345,0.028080579,0.89733875,True,True,0.890625,0.80306906,357.0,346.0,False
d:\Research\Multi-View Fusion Network\datasets\brisc2025\classification_task\test\meningioma\brisc2025_test_00328_me_ax_t1.jpg,meningioma,meningioma,axial,0.026589304,0.9175843,0.029296713,0.02652968,0.9175843,True,True,0.96666664,0.9355281,717.0,692.0,False
d:\Research\Multi-View Fusion Network\datasets\brisc2025\classification_task\test\meningioma\brisc2025_test_00329_me_ax_t1.jpg,meningioma,meningioma,axial,0.025580348,0.915609,0.031540893,0.027269756,0.915609,True,True,0.7465278,0.5966851,180.0,107.0,False
d:\Research\Multi-View Fusion Network\datasets\brisc2025\classification_task\test\meningioma\brisc2025_test_00330_me_ax_t1.jpg,meningioma,meningioma,axial,0.026761455,0.91470665,0.031605244,0.026926707,0.91470665,True,True,0.93307084,0.8746313,648.0,621.0,False
d:\Research\Multi-View Fusion Network\datasets\brisc2025\classification_task\test\meningioma\brisc2025_test_00331_me_ax_t1.jpg,meningioma,meningioma,axial,0.026338482,0.91517687,0.03106947,0.027415227,0.91517687,True,True,0.91601866,0.8452722,345.0,297.0,False
d:\Research\Multi-View Fusion Network\datasets\brisc2025\classification_task\test\meningioma\brisc2025_test_00332_me_ax_t1.jpg,meningioma,meningioma,axial,0.025854783,0.9199424,0.027917087,0.026285792,0.9199424,True,True,0.9552319,0.91434467,952.0,901.0,False
d:\Research\Multi-View Fusion Network\datasets\brisc2025\classification_task\test\meningioma\brisc2025_test_00333_me_ax_t1.jpg,meningioma,meningioma,axial,0.028609106,0.90966797,0.034464445,0.027258502,0.90966797,True,True,0.93030494,0.8697674,826.0,780.0,False
d:\Research\Multi-View Fusion Network\datasets\brisc2025\classification_task\test\meningioma\brisc2025_test_00334_me_ax_t1.jpg,meningioma,meningioma,axial,0.026024865,0.91935986,0.028217316,0.026397984,0.91935986,True,True,0.95591396,0.91563785,457.0,472.0,False
d:\Research\Multi-View Fusion Network\datasets\brisc2025\classification_task\test\meningioma\brisc2025_test_00335_me_ax_t1.jpg,meningioma,meningioma,axial,0.026828004,0.92117095,0.025800109,0.026200999,0.92117095,True,True,0.97462684,0.9505814,334.0,335.0,False
d:\Research\Multi-View Fusion Network\datasets\brisc2025\classification_task\test\meningioma\brisc2025_test_00336_me_ax_t1.jpg,meningioma,meningioma,axial,0.025830075,0.91852707,0.02896953,0.0266733,0.91852707,True,True,0.97179395,0.94514483,2896.0,2811.0,False
d:\Research\Multi-View Fusion Network\datasets\brisc2025\classification_task\test\meningioma\brisc2025_test_00337_me_ax_t1.jpg,meningioma,meningioma,axial,0.026478548,0.9205614,0.026874691,0.02608535,0.9205614,True,True,0.9302974,0.8697917,560.0,515.0,False
d:\Research\Multi-View Fusion Network\datasets\brisc2025\classification_task\test\meningioma\brisc2025_test_00338_me_ax_t1.jpg,meningioma,meningioma,axial,0.026189284,0.91911405,0.028066209,0.026630476,0.91911405,True,True,0.9765793,0.95424014,2340.0,2313.0,False
d:\Research\Multi-View Fusion Network\datasets\brisc2025\classification_task\test\meningioma\brisc2025_test_00339_me_ax_t1.jpg,meningioma,meningioma,axial,0.026283372,0.92168254,0.02586867,0.02616539,0.92168254,True,True,0.9425331,0.891351,1378.0,1266.0,False
d:\Research\Multi-View Fusion Network\datasets\brisc2025\classification_task\test\meningioma\brisc2025_test_00340_me_ax_t1.jpg,meningioma,meningioma,axial,0.025208216,0.92468905,0.024303816,0.025798872,0.92468905,True,True,0.92788464,0.8660714,110.0,97.0,False
d:\Research\Multi-View Fusion Network\datasets\brisc2025\classification_task\test\meningioma\brisc2025_test_00341_me_ax_t1.jpg,meningioma,meningioma,axial,0.025646742,0.91767776,0.029988032,0.026687473,0.91767776,True,True,0.9736025,0.9485887,972.0,959.0,False
d:\Research\Multi-View Fusion Network\datasets\brisc2025\classification_task\test\meningioma\brisc2025_test_00342_me_ax_t1.jpg,meningioma,meningioma,axial,0.026417857,0.9187952,0.028049856,0.026737018,0.9187952,True,True,0.98077387,0.96228194,2079.0,2081.0,False
d:\Research\Multi-View Fusion Network\datasets\brisc2025\classification_task\test\meningioma\brisc2025_test_00343_me_ax_t1.jpg,meningioma,meningioma,axial,0.026593592,0.9166588,0.02994028,0.026807288,0.9166588,True,True,0.93519884,0.878453,342.0,336.0,False
d:\Research\Multi-View Fusion Network\datasets\brisc2025\classification_task\test\meningioma\brisc2025_test_00344_me_ax_t1.jpg,meningioma,meningioma,axial,0.02562735,0.9190312,0.02887063,0.0264709,0.9190312,True,True,0.9606592,0.92433536,960.0,920.0,False
d:\Research\Multi-View Fusion Network\datasets\brisc2025\classification_task\test\meningioma\brisc2025_test_00345_me_ax_t1.jpg,meningioma,meningioma,axial,0.026499564,0.91499037,0.031613406,0.026896693,0.91499037,True,True,0.6821267,0.5180103,565.0,318.0,False
d:\Research\Multi-View Fusion Network\datasets\brisc2025\classification_task\test\meningioma\brisc2025_test_00346_me_ax_t1.jpg,meningioma,meningioma,axial,0.02587464,0.9164217,0.030913042,0.026790598,0.9164217,True,True,0.981789,0.9642482,934.0,932.0,False
d:\Research\Multi-View Fusion Network\datasets\brisc2025\classification_task\test\meningioma\brisc2025_test_00347_me_ax_t1.jpg,meningioma,meningioma,axial,0.026524307,0.91743505,0.028881256,0.027159335,0.91743505,True,True,0.9622965,0.9273528,1807.0,1693.0,False
d:\Research\Multi-View Fusion Network\datasets\brisc2025\classification_task\test\meningioma\brisc2025_test_00348_me_ax_t1.jpg,meningioma,meningioma,axial,0.026113953,0.9217266,0.025474783,0.026684579,0.9217266,True,True,0.9269962,0.8639584,2004.0,1940.0,False
d:\Research\Multi-View Fusion Network\datasets\brisc2025\classification_task\test\meningioma\brisc2025_test_00349_me_ax_t1.jpg,meningioma,meningioma,axial,0.025522826,0.9247697,0.024164204,0.02554328,0.9247697,True,True,0.87207764,0.77326035,1004.0,1262.0,False
d:\Research\Multi-View Fusion Network\datasets\brisc2025\classification_task\test\meningioma\brisc2025_test_00350_me_ax_t1.jpg,meningioma,meningioma,axial,0.026665075,0.91887444,0.02842974,0.026030708,0.91887444,True,True,0.9094724,0.8340659,878.0,789.0,False
d:\Research\Multi-View Fusion Network\datasets\brisc2025\classification_task\test\meningioma\brisc2025_test_00351_me_ax_t1.jpg,meningioma,meningioma,axial,0.028176613,0.9170272,0.02830384,0.026492327,0.9170272,True,True,0.908386,0.83219355,1769.0,1712.0,False
d:\Research\Multi-View Fusion Network\datasets\brisc2025\classification_task\test\meningioma\brisc2025_test_00352_me_ax_t1.jpg,meningioma,meningioma,axial,0.026023438,0.9192949,0.027210757,0.027470998,0.9192949,True,True,0.9518072,0.9081164,640.0,604.0,False
d:\Research\Multi-View Fusion Network\datasets\brisc2025\classification_task\test\meningioma\brisc2025_test_00353_me_ax_t1.jpg,meningioma,meningioma,axial,0.0257165,0.9157469,0.03162284,0.026913809,0.9157469,True,True,0.9627451,0.92821157,786.0,743.0,False
d:\Research\Multi-View Fusion Network\datasets\brisc2025\classification_task\test\meningioma\brisc2025_test_00354_me_ax_t1.jpg,meningioma,meningioma,axial,0.0262068,0.91890514,0.028018141,0.02686984,0.91890514,True,True,0.91671926,0.84633297,844.0,740.0,False
d:\Research\Multi-View Fusion Network\datasets\brisc2025\classification_task\test\meningioma\brisc2025_test_00355_me_ax_t1.jpg,meningioma,meningioma,axial,0.025615573,0.9098843,0.036868047,0.027632074,0.9098843,True,True,0.91671485,0.846318,922.0,806.0,False
d:\Research\Multi-View Fusion Network\datasets\brisc2025\classification_task\test\meningioma\brisc2025_test_00356_me_ax_t1.jpg,meningioma,meningioma,axial,0.02531848,0.9196621,0.028221149,0.026798135,0.9196621,True,True,0.9847608,0.9699848,2581.0,2602.0,False
d:\Research\Multi-View Fusion Network\datasets\brisc2025\classification_task\test\meningioma\brisc2025_test_00357_me_ax_t1.jpg,meningioma,meningioma,axial,0.026196089,0.9202967,0.027430803,0.026076408,0.9202967,True,True,0.9647189,0.93191487,461.0,445.0,False
d:\Research\Multi-View Fusion Network\datasets\brisc2025\classification_task\test\meningioma\brisc2025_test_00358_me_ax_t1.jpg,meningioma,meningioma,axial,0.026188616,0.9205646,0.026692746,0.026554085,0.9205646,True,True,0.9584296,0.92023635,637.0,661.0,False
d:\Research\Multi-View Fusion Network\datasets\brisc2025\classification_task\test\meningioma\brisc2025_test_00359_me_ax_t1.jpg,meningioma,meningioma,axial,0.026484163,0.9158487,0.030378865,0.027288267,0.9158487,True,True,0.97192883,0.9454054,1785.0,1812.0,False
d:\Research\Multi-View Fusion Network\datasets\brisc2025\classification_task\test\meningioma\brisc2025_test_00360_me_ax_t1.jpg,meningioma,meningioma,axial,0.026904684,0.9159196,0.030102458,0.027073227,0.9159196,True,True,0.94584996,0.8973064,1088.0,1164.0,False
d:\Research\Multi-View Fusion Network\datasets\brisc2025\classification_task\test\meningioma\brisc2025_test_00361_me_ax_t1.jpg,meningioma,meningioma,axial,0.026772244,0.919623,0.027379606,0.026225112,0.919623,True,True,0.92615867,0.8625731,662.0,610.0,False
d:\Research\Multi-View Fusion Network\datasets\brisc2025\classification_task\test\meningioma\brisc2025_test_00362_me_ax_t1.jpg,meningioma,meningioma,axial,0.025028039,0.9155996,0.033702455,0.025669932,0.9155996,True,True,0.8113426,0.6828794,360.0,503.0,False
d:\Research\Multi-View Fusion Network\datasets\brisc2025\classification_task\test\meningioma\brisc2025_test_00363_me_ax_t1.jpg,meningioma,meningioma,axial,0.026353983,0.91529256,0.030913081,0.02744031,0.91529256,True,True,0.92582023,0.86206895,373.0,327.0,False
d:\Research\Multi-View Fusion Network\datasets\brisc2025\classification_task\test\meningioma\brisc2025_test_00364_me_ax_t1.jpg,meningioma,meningioma,axial,0.02627025,0.9189598,0.028291434,0.026478512,0.9189598,True,True,0.89865565,0.8161351,503.0,463.0,False
d:\Research\Multi-View Fusion Network\datasets\brisc2025\classification_task\test\meningioma\brisc2025_test_00365_me_ax_t1.jpg,meningioma,pituitary,axial,0.028314928,0.030362293,0.9125704,0.02875244,0.9125704,False,True,0.9292787,0.8680739,338.0,368.0,False
d:\Research\Multi-View Fusion Network\datasets\brisc2025\classification_task\test\meningioma\brisc2025_test_00366_me_ax_t1.jpg,meningioma,meningioma,axial,0.026529144,0.9181249,0.028275505,0.027070483,0.9181249,True,True,0.9650941,0.93256056,1827.0,1839.0,False
d:\Research\Multi-View Fusion Network\datasets\brisc2025\classification_task\test\meningioma\brisc2025_test_00367_me_ax_t1.jpg,meningioma,meningioma,axial,0.02516965,0.9186886,0.029285636,0.026856093,0.9186886,True,True,0.93789476,0.88316834,479.0,470.0,False
d:\Research\Multi-View Fusion Network\datasets\brisc2025\classification_task\test\meningioma\brisc2025_test_00368_me_ax_t1.jpg,meningioma,meningioma,axial,0.025884183,0.9170482,0.030426651,0.0266409,0.9170482,True,True,0.9562008,0.9161169,995.0,1036.0,False
d:\Research\Multi-View Fusion Network\datasets\brisc2025\classification_task\test\meningioma\brisc2025_test_00369_me_ax_t1.jpg,meningioma,meningioma,axial,0.026077569,0.91775775,0.029244838,0.026919829,0.91775775,True,True,0.77360773,0.6311637,319.0,506.0,False
d:\Research\Multi-View Fusion Network\datasets\brisc2025\classification_task\test\meningioma\brisc2025_test_00370_me_ax_t1.jpg,meningioma,meningioma,axial,0.026722243,0.9168211,0.02924939,0.027207172,0.9168211,True,True,0.96501184,0.9324201,1025.0,1089.0,False
d:\Research\Multi-View Fusion Network\datasets\brisc2025\classification_task\test\meningioma\brisc2025_test_00371_me_ax_t1.jpg,meningioma,meningioma,axial,0.026400104,0.9199904,0.026956266,0.0266532,0.9199904,True,True,0.93106997,0.87115383,460.0,511.0,False
d:\Research\Multi-View Fusion Network\datasets\brisc2025\classification_task\test\meningioma\brisc2025_test_00372_me_ax_t1.jpg,meningioma,meningioma,axial,0.025014909,0.92435646,0.023758076,0.026870474,0.92435646,True,True,0.9224599,0.85643566,198.0,175.0,False
d:\Research\Multi-View Fusion Network\datasets\brisc2025\classification_task\test\meningioma\brisc2025_test_00373_me_ax_t1.jpg,meningioma,meningioma,axial,0.026178142,0.91756314,0.029957976,0.026300848,0.91756314,True,True,0.9658072,0.93391114,888.0,895.0,False
d:\Research\Multi-View Fusion Network\datasets\brisc2025\classification_task\test\meningioma\brisc2025_test_00374_me_ax_t1.jpg,meningioma,meningioma,axial,0.02620323,0.92022437,0.027339963,0.026232343,0.92022437,True,True,0.9396552,0.88625,728.0,779.0,False
d:\Research\Multi-View Fusion Network\datasets\brisc2025\classification_task\test\meningioma\brisc2025_test_00375_me_ax_t1.jpg,meningioma,meningioma,axial,0.02635089,0.9185046,0.028848704,0.026295807,0.9185046,True,True,0.8914729,0.8043912,488.0,414.0,False
d:\Research\Multi-View Fusion Network\datasets\brisc2025\classification_task\test\meningioma\brisc2025_test_00376_me_ax_t1.jpg,meningioma,meningioma,axial,0.024655618,0.9247976,0.024239272,0.02630754,0.9247976,True,True,0.9300518,0.8695652,189.0,196.0,False
d:\Research\Multi-View Fusion Network\datasets\brisc2025\classification_task\test\meningioma\brisc2025_test_00377_me_ax_t1.jpg,meningioma,meningioma,axial,0.026102161,0.9196258,0.02764312,0.026628887,0.9196258,True,True,0.97417253,0.94965786,1994.0,1993.0,False
d:\Research\Multi-View Fusion Network\datasets\brisc2025\classification_task\test\meningioma\brisc2025_test_00378_me_ax_t1.jpg,meningioma,meningioma,axial,0.026069438,0.91269845,0.03441324,0.026818804,0.91269845,True,True,0.7462845,0.59560066,583.0,358.0,False
d:\Research\Multi-View Fusion Network\datasets\brisc2025\classification_task\test\meningioma\brisc2025_test_00379_me_ax_t1.jpg,meningioma,meningioma,axial,0.0265341,0.9197075,0.027081521,0.026676958,0.9197075,True,True,0.95496,0.91381764,2614.0,2758.0,False
d:\Research\Multi-View Fusion Network\datasets\brisc2025\classification_task\test\meningioma\brisc2025_test_00380_me_ax_t1.jpg,meningioma,meningioma,axial,0.025753785,0.918673,0.02898302,0.026590215,0.918673,True,True,0.9524608,0.90928495,928.0,859.0,False
d:\Research\Multi-View Fusion Network\datasets\brisc2025\classification_task\test\meningioma\brisc2025_test_00381_me_ax_t1.jpg,meningioma,meningioma,axial,0.02595058,0.9155328,0.031455778,0.02706088,0.9155328,True,True,0.9306881,0.87042254,1003.0,987.0,False
d:\Research\Multi-View Fusion Network\datasets\brisc2025\classification_task\test\meningioma\brisc2025_test_00382_me_ax_t1.jpg,meningioma,meningioma,axial,0.026694678,0.9210898,0.026095327,0.026120225,0.9210898,True,True,0.9681818,0.9383803,545.0,554.0,False
d:\Research\Multi-View Fusion Network\datasets\brisc2025\classification_task\test\meningioma\brisc2025_test_00383_me_ax_t1.jpg,meningioma,meningioma,axial,0.026247911,0.91745186,0.029401327,0.026898911,0.91745186,True,True,0.94093406,0.88860106,370.0,357.0,False
d:\Research\Multi-View Fusion Network\datasets\brisc2025\classification_task\test\meningioma\brisc2025_test_00384_me_ax_t1.jpg,meningioma,meningioma,axial,0.026243005,0.9199563,0.027768342,0.02603225,0.9199563,True,True,0.9575472,0.91862565,535.0,524.0,False
d:\Research\Multi-View Fusion Network\datasets\brisc2025\classification_task\test\meningioma\brisc2025_test_00385_me_ax_t1.jpg,meningioma,meningioma,axial,0.02532044,0.9188328,0.029336944,0.02650985,0.9188328,True,True,0.9613821,0.9256651,1230.0,1229.0,False
d:\Research\Multi-View Fusion Network\datasets\brisc2025\classification_task\test\meningioma\brisc2025_test_00386_me_ax_t1.jpg,meningioma,meningioma,axial,0.025778791,0.9090626,0.037915193,0.027243398,0.9090626,True,True,0.9494275,0.9038113,535.0,512.0,False
d:\Research\Multi-View Fusion Network\datasets\brisc2025\classification_task\test\meningioma\brisc2025_test_00387_me_ax_t1.jpg,meningioma,meningioma,axial,0.02634309,0.919742,0.027634908,0.026280075,0.919742,True,True,0.97553617,0.9522564,1509.0,1474.0,False
d:\Research\Multi-View Fusion Network\datasets\brisc2025\classification_task\test\meningioma\brisc2025_test_00388_me_ax_t1.jpg,meningioma,meningioma,axial,0.025657248,0.9210888,0.026856944,0.02639708,0.9210888,True,True,0.9659901,0.9342524,893.0,929.0,False
d:\Research\Multi-View Fusion Network\datasets\brisc2025\classification_task\test\meningioma\brisc2025_test_00389_me_ax_t1.jpg,meningioma,meningioma,axial,0.025369763,0.9176929,0.030335471,0.0266019,0.9176929,True,True,0.9848921,0.97025496,699.0,690.0,False
d:\Research\Multi-View Fusion Network\datasets\brisc2025\classification_task\test\meningioma\brisc2025_test_00390_me_ax_t1.jpg,meningioma,meningioma,axial,0.026535878,0.91512036,0.031800326,0.026543472,0.91512036,True,True,0.9092383,0.8338279,316.0,300.0,False
d:\Research\Multi-View Fusion Network\datasets\brisc2025\classification_task\test\meningioma\brisc2025_test_00391_me_ax_t1.jpg,meningioma,meningioma,axial,0.02558889,0.91831887,0.029776437,0.026315754,0.91831887,True,True,0.96330273,0.92925173,695.0,721.0,False
d:\Research\Multi-View Fusion Network\datasets\brisc2025\classification_task\test\meningioma\brisc2025_test_00392_me_co_t1.jpg,meningioma,meningioma,coronal,0.027466292,0.9213738,0.024428809,0.026731113,0.9213738,True,True,0.85038203,0.73975635,2136.0,2575.0,False
d:\Research\Multi-View Fusion Network\datasets\brisc2025\classification_task\test\meningioma\brisc2025_test_00393_me_co_t1.jpg,meningioma,meningioma,coronal,0.026875852,0.92011756,0.02626462,0.02674187,0.92011756,True,True,0.8331102,0.7140673,1285.0,955.0,False
d:\Research\Multi-View Fusion Network\datasets\brisc2025\classification_task\test\meningioma\brisc2025_test_00394_me_co_t1.jpg,meningioma,meningioma,coronal,0.027363136,0.919346,0.026683036,0.026607927,0.919346,True,True,0.9747001,0.9506593,2280.0,2304.0,False
d:\Research\Multi-View Fusion Network\datasets\brisc2025\classification_task\test\meningioma\brisc2025_test_00395_me_co_t1.jpg,meningioma,meningioma,coronal,0.026585242,0.9202706,0.026203258,0.026940845,0.9202706,True,True,0.9668583,0.93586385,1512.0,1444.0,False
d:\Research\Multi-View Fusion Network\datasets\brisc2025\classification_task\test\meningioma\brisc2025_test_00396_me_co_t1.jpg,meningioma,meningioma,coronal,0.026955985,0.92133,0.024789173,0.026924923,0.92133,True,True,0.9695727,0.94095474,2368.0,2265.0,False
d:\Research\Multi-View Fusion Network\datasets\brisc2025\classification_task\test\meningioma\brisc2025_test_00397_me_co_t1.jpg,meningioma,meningioma,coronal,0.02669641,0.91840553,0.027900705,0.026997263,0.91840553,True,True,0.9493851,0.9036635,2928.0,2682.0,False
d:\Research\Multi-View Fusion Network\datasets\brisc2025\classification_task\test\meningioma\brisc2025_test_00398_me_co_t1.jpg,meningioma,meningioma,coronal,0.026787378,0.9215401,0.025167232,0.026505271,0.9215401,True,True,0.9718156,0.94518363,3706.0,3602.0,False
d:\Research\Multi-View Fusion Network\datasets\brisc2025\classification_task\test\meningioma\brisc2025_test_00399_me_co_t1.jpg,meningioma,meningioma,coronal,0.027301308,0.91968423,0.026495814,0.026518686,0.91968423,True,True,0.9677109,0.9374482,4744.0,4608.0,False
d:\Research\Multi-View Fusion Network\datasets\brisc2025\classification_task\test\meningioma\brisc2025_test_00400_me_co_t1.jpg,meningioma,meningioma,coronal,0.026520202,0.92209643,0.025115877,0.026267517,0.92209643,True,True,0.9684911,0.9389152,3773.0,3589.0,False
d:\Research\Multi-View Fusion Network\datasets\brisc2025\classification_task\test\meningioma\brisc2025_test_00401_me_co_t1.jpg,meningioma,meningioma,coronal,0.026980847,0.9210231,0.024964748,0.027031332,0.9210231,True,True,0.9685875,0.9391012,2378.0,2237.0,False
d:\Research\Multi-View Fusion Network\datasets\brisc2025\classification_task\test\meningioma\brisc2025_test_00402_me_co_t1.jpg,meningioma,meningioma,coronal,0.02641784,0.9208355,0.025944442,0.026802167,0.9208355,True,True,0.92523575,0.86090225,2380.0,2073.0,False
d:\Research\Multi-View Fusion Network\datasets\brisc2025\classification_task\test\meningioma\brisc2025_test_00403_me_co_t1.jpg,meningioma,meningioma,coronal,0.026783466,0.9177205,0.028557315,0.026938682,0.9177205,True,True,0.94491285,0.89563364,886.0,892.0,False
d:\Research\Multi-View Fusion Network\datasets\brisc2025\classification_task\test\meningioma\brisc2025_test_00404_me_co_t1.jpg,meningioma,meningioma,coronal,0.02666225,0.9193769,0.02673275,0.02722812,0.9193769,True,True,0.94211346,0.89060205,1344.0,1229.0,False
d:\Research\Multi-View Fusion Network\datasets\brisc2025\classification_task\test\meningioma\brisc2025_test_00405_me_co_t1.jpg,meningioma,meningioma,coronal,0.027121086,0.91802365,0.026662463,0.028192801,0.91802365,True,True,0.9144144,0.84241706,727.0,826.0,False
d:\Research\Multi-View Fusion Network\datasets\brisc2025\classification_task\test\meningioma\brisc2025_test_00406_me_co_t1.jpg,meningioma,meningioma,coronal,0.025413472,0.9209177,0.025226064,0.028442798,0.9209177,True,True,0.9328594,0.87426037,627.0,638.0,False
d:\Research\Multi-View Fusion Network\datasets\brisc2025\classification_task\test\meningioma\brisc2025_test_00407_me_co_t1.jpg,meningioma,meningioma,coronal,0.025945986,0.9183207,0.028295325,0.027438015,0.9183207,True,True,0.9807626,0.9622642,1456.0,1454.0,False
d:\Research\Multi-View Fusion Network\datasets\brisc2025\classification_task\test\meningioma\brisc2025_test_00408_me_co_t1.jpg,meningioma,meningioma,coronal,0.0263953,0.9208455,0.02592417,0.026834983,0.9208455,True,True,0.9369882,0.881472,2314.0,2081.0,False
d:\Research\Multi-View Fusion Network\datasets\brisc2025\classification_task\test\meningioma\brisc2025_test_00409_me_co_t1.jpg,meningioma,meningioma,coronal,0.026830748,0.9209232,0.02600297,0.026243137,0.9209232,True,True,0.9770663,0.95517087,2220.0,2183.0,False
d:\Research\Multi-View Fusion Network\datasets\brisc2025\classification_task\test\meningioma\brisc2025_test_00410_me_co_t1.jpg,meningioma,meningioma,coronal,0.026394434,0.9218379,0.025157012,0.026610577,0.9218379,True,True,0.98571146,0.9718282,5009.0,4998.0,False
d:\Research\Multi-View Fusion Network\datasets\brisc2025\classification_task\test\meningioma\brisc2025_test_00411_me_co_t1.jpg,meningioma,meningioma,coronal,0.027687833,0.9112077,0.03401557,0.027088845,0.9112077,True,True,0.9606268,0.92426586,1223.0,1265.0,False
d:\Research\Multi-View Fusion Network\datasets\brisc2025\classification_task\test\meningioma\brisc2025_test_00412_me_co_t1.jpg,meningioma,meningioma,coronal,0.02978696,0.91139567,0.031086365,0.027731009,0.91139567,True,True,0.43912837,0.2815534,652.0,1458.0,False
d:\Research\Multi-View Fusion Network\datasets\brisc2025\classification_task\test\meningioma\brisc2025_test_00413_me_co_t1.jpg,meningioma,glioma,coronal,0.5105771,0.27141982,0.1551184,0.062884636,0.5105771,False,True,0.93725634,0.88194203,2816.0,2570.0,False
d:\Research\Multi-View Fusion Network\datasets\brisc2025\classification_task\test\meningioma\brisc2025_test_00414_me_co_t1.jpg,meningioma,meningioma,coronal,0.0256669,0.9213352,0.026095185,0.026902767,0.9213352,True,True,0.9397703,0.88639796,3931.0,3556.0,False
d:\Research\Multi-View Fusion Network\datasets\brisc2025\classification_task\test\meningioma\brisc2025_test_00415_me_co_t1.jpg,meningioma,meningioma,coronal,0.026420534,0.9215826,0.026178764,0.02581809,0.9215826,True,True,0.97271717,0.94689304,2726.0,2661.0,False
d:\Research\Multi-View Fusion Network\datasets\brisc2025\classification_task\test\meningioma\brisc2025_test_00416_me_co_t1.jpg,meningioma,meningioma,coronal,0.026420534,0.9215826,0.026178764,0.02581809,0.9215826,True,True,0.9766965,0.95446265,2702.0,2661.0,False
d:\Research\Multi-View Fusion Network\datasets\brisc2025\classification_task\test\meningioma\brisc2025_test_00417_me_co_t1.jpg,meningioma,meningioma,coronal,0.026514687,0.9221746,0.025063366,0.026247468,0.9221746,True,True,0.9782126,0.95736015,3616.0,3589.0,False
d:\Research\Multi-View Fusion Network\datasets\brisc2025\classification_task\test\meningioma\brisc2025_test_00418_me_co_t1.jpg,meningioma,glioma,coronal,0.82054305,0.054506082,0.08431062,0.040640168,0.82054305,False,True,0.48659277,0.32168162,1190.0,1606.0,False
d:\Research\Multi-View Fusion Network\datasets\brisc2025\classification_task\test\meningioma\brisc2025_test_00419_me_co_t1.jpg,meningioma,meningioma,coronal,0.026769575,0.91879874,0.027719593,0.026712015,0.91879874,True,True,0.96760094,0.9372446,3362.0,3273.0,False
d:\Research\Multi-View Fusion Network\datasets\brisc2025\classification_task\test\meningioma\brisc2025_test_00420_me_co_t1.jpg,meningioma,meningioma,coronal,0.026427617,0.92148644,0.025495982,0.026589975,0.92148644,True,True,0.9778994,0.9567637,2289.0,2280.0,False
d:\Research\Multi-View Fusion Network\datasets\brisc2025\classification_task\test\meningioma\brisc2025_test_00421_me_co_t1.jpg,meningioma,meningioma,coronal,0.026406966,0.9200659,0.026551105,0.026976028,0.9200659,True,True,0.8827839,0.79021686,1969.0,1579.0,False
d:\Research\Multi-View Fusion Network\datasets\brisc2025\classification_task\test\meningioma\brisc2025_test_00422_me_co_t1.jpg,meningioma,meningioma,coronal,0.026764829,0.92089516,0.025973227,0.026366808,0.92089516,True,True,0.9530181,0.91027826,1623.0,1739.0,False
d:\Research\Multi-View Fusion Network\datasets\brisc2025\classification_task\test\meningioma\brisc2025_test_00423_me_co_t1.jpg,meningioma,meningioma,coronal,0.031506956,0.82659847,0.11498795,0.026906693,0.82659847,True,True,0.8070866,0.6769231,314.0,447.0,False
d:\Research\Multi-View Fusion Network\datasets\brisc2025\classification_task\test\meningioma\brisc2025_test_00424_me_co_t1.jpg,meningioma,meningioma,coronal,0.026497595,0.91846275,0.028186006,0.026853679,0.91846275,True,True,0.91906476,0.8503326,868.0,799.0,False
d:\Research\Multi-View Fusion Network\datasets\brisc2025\classification_task\test\meningioma\brisc2025_test_00425_me_co_t1.jpg,meningioma,meningioma,coronal,0.027893392,0.91722685,0.027974783,0.026905037,0.91722685,True,True,0.976494,0.9540856,1251.0,1258.0,False
d:\Research\Multi-View Fusion Network\datasets\brisc2025\classification_task\test\meningioma\brisc2025_test_00426_me_co_t1.jpg,meningioma,meningioma,coronal,0.028488154,0.89065063,0.05182477,0.029036462,0.89065063,True,True,0.9180851,0.848723,470.0,469.0,False
d:\Research\Multi-View Fusion Network\datasets\brisc2025\classification_task\test\meningioma\brisc2025_test_00427_me_co_t1.jpg,meningioma,meningioma,coronal,0.026160417,0.91876245,0.028891977,0.026185108,0.91876245,True,True,0.9698672,0.94152623,980.0,977.0,False
d:\Research\Multi-View Fusion Network\datasets\brisc2025\classification_task\test\meningioma\brisc2025_test_00428_me_co_t1.jpg,meningioma,meningioma,coronal,0.027251448,0.91861576,0.02734152,0.02679128,0.91861576,True,True,0.82947975,0.70888156,590.0,447.0,False
d:\Research\Multi-View Fusion Network\datasets\brisc2025\classification_task\test\meningioma\brisc2025_test_00429_me_co_t1.jpg,meningioma,meningioma,coronal,0.027777024,0.91938716,0.026583401,0.026252313,0.91938716,True,True,0.92615867,0.8625731,662.0,610.0,False
d:\Research\Multi-View Fusion Network\datasets\brisc2025\classification_task\test\meningioma\brisc2025_test_00430_me_co_t1.jpg,meningioma,meningioma,coronal,0.026877068,0.9187411,0.028414909,0.02596687,0.9187411,True,True,0.9718398,0.94525546,799.0,798.0,False
d:\Research\Multi-View Fusion Network\datasets\brisc2025\classification_task\test\meningioma\brisc2025_test_00431_me_co_t1.jpg,meningioma,meningioma,coronal,0.02623591,0.9187168,0.028372806,0.026674448,0.9187168,True,True,0.9225037,0.8563536,340.0,330.0,False
d:\Research\Multi-View Fusion Network\datasets\brisc2025\classification_task\test\meningioma\brisc2025_test_00432_me_co_t1.jpg,meningioma,meningioma,coronal,0.025677005,0.9221105,0.025923477,0.026289027,0.9221105,True,True,0.94137543,0.8893617,448.0,438.0,False
d:\Research\Multi-View Fusion Network\datasets\brisc2025\classification_task\test\meningioma\brisc2025_test_00433_me_co_t1.jpg,meningioma,meningioma,coronal,0.028967379,0.9104227,0.033128306,0.02748161,0.9104227,True,True,0.94924814,0.9035714,263.0,268.0,False
d:\Research\Multi-View Fusion Network\datasets\brisc2025\classification_task\test\meningioma\brisc2025_test_00434_me_co_t1.jpg,meningioma,meningioma,coronal,0.026844813,0.9180149,0.028698036,0.026442232,0.9180149,True,True,0.9485944,0.9022901,639.0,605.0,False
d:\Research\Multi-View Fusion Network\datasets\brisc2025\classification_task\test\meningioma\brisc2025_test_00435_me_co_t1.jpg,meningioma,meningioma,coronal,0.026416318,0.91746277,0.02862304,0.027497776,0.91746277,True,True,0.91698116,0.84686774,392.0,402.0,False
d:\Research\Multi-View Fusion Network\datasets\brisc2025\classification_task\test\meningioma\brisc2025_test_00436_me_co_t1.jpg,meningioma,meningioma,coronal,0.026730897,0.9192062,0.027175784,0.026887143,0.9192062,True,True,0.9471249,0.8996236,764.0,748.0,False
d:\Research\Multi-View Fusion Network\datasets\brisc2025\classification_task\test\meningioma\brisc2025_test_00437_me_co_t1.jpg,meningioma,meningioma,coronal,0.026865328,0.9195568,0.02714022,0.026437685,0.9195568,True,True,0.87072647,0.7712665,413.0,522.0,False
d:\Research\Multi-View Fusion Network\datasets\brisc2025\classification_task\test\meningioma\brisc2025_test_00438_me_co_t1.jpg,meningioma,meningioma,coronal,0.026389899,0.91978484,0.027218206,0.026607033,0.91978484,True,True,0.96020126,0.92348284,1059.0,1126.0,False
d:\Research\Multi-View Fusion Network\datasets\brisc2025\classification_task\test\meningioma\brisc2025_test_00439_me_co_t1.jpg,meningioma,meningioma,coronal,0.026702274,0.9213422,0.025692051,0.026263516,0.9213422,True,True,0.961575,0.9260274,1044.0,1063.0,False
d:\Research\Multi-View Fusion Network\datasets\brisc2025\classification_task\test\meningioma\brisc2025_test_00440_me_co_t1.jpg,meningioma,meningioma,coronal,0.026185073,0.9153712,0.0317536,0.0266902,0.9153712,True,True,0.8856209,0.79532164,163.0,142.0,False
d:\Research\Multi-View Fusion Network\datasets\brisc2025\classification_task\test\meningioma\brisc2025_test_00441_me_co_t1.jpg,meningioma,meningioma,coronal,0.026230436,0.91887665,0.02830433,0.026588537,0.91887665,True,True,0.970696,0.943101,669.0,695.0,False
d:\Research\Multi-View Fusion Network\datasets\brisc2025\classification_task\test\meningioma\brisc2025_test_00442_me_co_t1.jpg,meningioma,meningioma,coronal,0.027027227,0.92064846,0.026452687,0.025871664,0.92064846,True,True,0.9409222,0.88848597,1065.0,1016.0,False
d:\Research\Multi-View Fusion Network\datasets\brisc2025\classification_task\test\meningioma\brisc2025_test_00443_me_co_t1.jpg,meningioma,meningioma,coronal,0.026674965,0.92111254,0.026040329,0.026172206,0.92111254,True,True,0.96660304,0.9354243,529.0,518.0,False
d:\Research\Multi-View Fusion Network\datasets\brisc2025\classification_task\test\meningioma\brisc2025_test_00444_me_co_t1.jpg,meningioma,meningioma,coronal,0.025768362,0.9242902,0.024078274,0.025863191,0.9242902,True,True,0.8863636,0.7963801,210.0,185.0,False
d:\Research\Multi-View Fusion Network\datasets\brisc2025\classification_task\test\meningioma\brisc2025_test_00445_me_co_t1.jpg,meningioma,meningioma,coronal,0.026488017,0.9207275,0.026743274,0.026041266,0.9207275,True,True,0.9797635,0.96033865,2201.0,2196.0,False
d:\Research\Multi-View Fusion Network\datasets\brisc2025\classification_task\test\meningioma\brisc2025_test_00446_me_co_t1.jpg,meningioma,meningioma,coronal,0.026744483,0.9216656,0.025127742,0.026462134,0.9216656,True,True,0.93561053,0.87905604,1218.0,1328.0,False
d:\Research\Multi-View Fusion Network\datasets\brisc2025\classification_task\test\meningioma\brisc2025_test_00447_me_co_t1.jpg,meningioma,meningioma,coronal,0.026531778,0.91957504,0.027097689,0.02679549,0.91957504,True,True,0.97281086,0.9470817,1254.0,1246.0,False
d:\Research\Multi-View Fusion Network\datasets\brisc2025\classification_task\test\meningioma\brisc2025_test_00448_me_co_t1.jpg,meningioma,meningioma,coronal,0.027574472,0.9198054,0.025800357,0.026819794,0.9198054,True,True,0.952346,0.90909094,691.0,672.0,False
d:\Research\Multi-View Fusion Network\datasets\brisc2025\classification_task\test\meningioma\brisc2025_test_00449_me_co_t1.jpg,meningioma,meningioma,coronal,0.026869835,0.9209179,0.026265323,0.025946956,0.9209179,True,True,0.92346936,0.85795456,478.0,501.0,False
d:\Research\Multi-View Fusion Network\datasets\brisc2025\classification_task\test\meningioma\brisc2025_test_00450_me_co_t1.jpg,meningioma,meningioma,coronal,0.026390461,0.9197688,0.027105274,0.026735507,0.9197688,True,True,0.972151,0.94583035,1366.0,1362.0,False
d:\Research\Multi-View Fusion Network\datasets\brisc2025\classification_task\test\meningioma\brisc2025_test_00451_me_co_t1.jpg,meningioma,meningioma,coronal,0.026995467,0.92020214,0.025789611,0.027012836,0.92020214,True,True,0.93257546,0.8737151,1221.0,1329.0,False
d:\Research\Multi-View Fusion Network\datasets\brisc2025\classification_task\test\meningioma\brisc2025_test_00452_me_co_t1.jpg,meningioma,meningioma,coronal,0.026279379,0.92014354,0.027228938,0.026348125,0.92014354,True,True,0.94363636,0.89347076,281.0,268.0,False
d:\Research\Multi-View Fusion Network\datasets\brisc2025\classification_task\test\meningioma\brisc2025_test_00453_me_co_t1.jpg,meningioma,meningioma,coronal,0.027235093,0.9187397,0.027799444,0.026225759,0.9187397,True,True,0.96239084,0.92755497,731.0,757.0,False
d:\Research\Multi-View Fusion Network\datasets\brisc2025\classification_task\test\meningioma\brisc2025_test_00454_me_co_t1.jpg,meningioma,meningioma,coronal,0.026736798,0.9209422,0.025861075,0.026460046,0.9209422,True,True,0.863224,0.7595092,805.0,627.0,False
d:\Research\Multi-View Fusion Network\datasets\brisc2025\classification_task\test\meningioma\brisc2025_test_00455_me_co_t1.jpg,meningioma,meningioma,coronal,0.02617033,0.9205857,0.026441256,0.026802665,0.9205857,True,True,0.41355598,0.26113862,578.0,439.0,False
d:\Research\Multi-View Fusion Network\datasets\brisc2025\classification_task\test\meningioma\brisc2025_test_00456_me_co_t1.jpg,meningioma,meningioma,coronal,0.029452616,0.9198744,0.025126314,0.025546694,0.9198744,True,True,0.9446565,0.8953069,259.0,264.0,False
d:\Research\Multi-View Fusion Network\datasets\brisc2025\classification_task\test\meningioma\brisc2025_test_00457_me_co_t1.jpg,meningioma,meningioma,coronal,0.027541028,0.9197927,0.02646684,0.02619938,0.9197927,True,True,0.95896035,0.9212598,369.0,361.0,False
d:\Research\Multi-View Fusion Network\datasets\brisc2025\classification_task\test\meningioma\brisc2025_test_00458_me_co_t1.jpg,meningioma,meningioma,coronal,0.026737925,0.9189773,0.027667485,0.026617331,0.9189773,True,True,0.9678398,0.93772036,817.0,830.0,False
d:\Research\Multi-View Fusion Network\datasets\brisc2025\classification_task\test\meningioma\brisc2025_test_00459_me_co_t1.jpg,meningioma,meningioma,coronal,0.027320148,0.9201632,0.026448011,0.026068635,0.9201632,True,True,0.91843766,0.8492569,800.0,940.0,False
d:\Research\Multi-View Fusion Network\datasets\brisc2025\classification_task\test\meningioma\brisc2025_test_00460_me_co_t1.jpg,meningioma,meningioma,coronal,0.026094701,0.9174735,0.029869337,0.02656246,0.9174735,True,True,0.92412454,0.8592058,256.0,257.0,False
d:\Research\Multi-View Fusion Network\datasets\brisc2025\classification_task\test\meningioma\brisc2025_test_00461_me_co_t1.jpg,meningioma,meningioma,coronal,0.026297072,0.9199387,0.027456136,0.026308192,0.9199387,True,True,0.9781464,0.95723855,1904.0,1893.0,False
d:\Research\Multi-View Fusion Network\datasets\brisc2025\classification_task\test\meningioma\brisc2025_test_00462_me_co_t1.jpg,meningioma,meningioma,coronal,0.026659172,0.9208706,0.026052536,0.026417624,0.9208706,True,True,0.9500431,0.90486604,1786.0,1696.0,False
d:\Research\Multi-View Fusion Network\datasets\brisc2025\classification_task\test\meningioma\brisc2025_test_00463_me_co_t1.jpg,meningioma,meningioma,coronal,0.026408188,0.9201958,0.02727444,0.026121521,0.9201958,True,True,0.9061265,0.8285199,542.0,469.0,False
d:\Research\Multi-View Fusion Network\datasets\brisc2025\classification_task\test\meningioma\brisc2025_test_00464_me_co_t1.jpg,meningioma,meningioma,coronal,0.027038263,0.9187259,0.027519686,0.026716145,0.9187259,True,True,0.9794273,0.959695,1813.0,1783.0,False
d:\Research\Multi-View Fusion Network\datasets\brisc2025\classification_task\test\meningioma\brisc2025_test_00465_me_co_t1.jpg,meningioma,meningioma,coronal,0.026636835,0.9203838,0.026636727,0.026342617,0.9203838,True,True,0.97699445,0.95503986,1346.0,1348.0,False
d:\Research\Multi-View Fusion Network\datasets\brisc2025\classification_task\test\meningioma\brisc2025_test_00466_me_co_t1.jpg,meningioma,meningioma,coronal,0.026468726,0.91998255,0.027564032,0.025984675,0.91998255,True,True,0.9229287,0.85714287,253.0,265.0,False
d:\Research\Multi-View Fusion Network\datasets\brisc2025\classification_task\test\meningioma\brisc2025_test_00467_me_co_t1.jpg,meningioma,meningioma,coronal,0.026299153,0.91729313,0.029257113,0.027150635,0.91729313,True,True,0.907832,0.8312552,2266.0,2138.0,False
d:\Research\Multi-View Fusion Network\datasets\brisc2025\classification_task\test\meningioma\brisc2025_test_00468_me_co_t1.jpg,meningioma,meningioma,coronal,0.026819207,0.91918993,0.02734674,0.026644215,0.91918993,True,True,0.98217225,0.96497846,1846.0,1799.0,False
d:\Research\Multi-View Fusion Network\datasets\brisc2025\classification_task\test\meningioma\brisc2025_test_00469_me_co_t1.jpg,meningioma,meningioma,coronal,0.026024304,0.92194754,0.026011134,0.026017003,0.92194754,True,True,0.9810162,0.96276015,897.0,893.0,False
d:\Research\Multi-View Fusion Network\datasets\brisc2025\classification_task\test\meningioma\brisc2025_test_00470_me_co_t1.jpg,meningioma,meningioma,coronal,0.02628571,0.92101204,0.026259106,0.026443183,0.92101204,True,True,0.9375975,0.88269794,321.0,319.0,False
d:\Research\Multi-View Fusion Network\datasets\brisc2025\classification_task\test\meningioma\brisc2025_test_00471_me_co_t1.jpg,meningioma,meningioma,coronal,0.02773374,0.9169564,0.029186424,0.026123352,0.9169564,True,True,0.4772152,0.3139535,591.0,198.0,False
d:\Research\Multi-View Fusion Network\datasets\brisc2025\classification_task\test\meningioma\brisc2025_test_00472_me_co_t1.jpg,meningioma,meningioma,coronal,0.02633668,0.92310095,0.024157273,0.02640511,0.92310095,True,True,0.96577126,0.93383586,1175.0,1132.0,False
d:\Research\Multi-View Fusion Network\datasets\brisc2025\classification_task\test\meningioma\brisc2025_test_00473_me_co_t1.jpg,meningioma,meningioma,coronal,0.02608841,0.91985536,0.027804684,0.02625159,0.91985536,True,True,0.9759243,0.95299387,1733.0,1755.0,False
d:\Research\Multi-View Fusion Network\datasets\brisc2025\classification_task\test\meningioma\brisc2025_test_00474_me_co_t1.jpg,meningioma,meningioma,coronal,0.026421942,0.91869926,0.028351668,0.02652712,0.91869926,True,True,0.9715289,0.94465506,1265.0,1298.0,False
d:\Research\Multi-View Fusion Network\datasets\brisc2025\classification_task\test\meningioma\brisc2025_test_00475_me_co_t1.jpg,meningioma,meningioma,coronal,0.026783355,0.9174284,0.028327208,0.027461033,0.9174284,True,True,0.96319795,0.9290953,390.0,397.0,False
d:\Research\Multi-View Fusion Network\datasets\brisc2025\classification_task\test\meningioma\brisc2025_test_00476_me_co_t1.jpg,meningioma,meningioma,coronal,0.026919756,0.91890305,0.028154587,0.026022626,0.91890305,True,True,0.97804207,0.9570662,546.0,546.0,False
d:\Research\Multi-View Fusion Network\datasets\brisc2025\classification_task\test\meningioma\brisc2025_test_00477_me_co_t1.jpg,meningioma,meningioma,coronal,0.027262183,0.9168032,0.02887619,0.02705844,0.9168032,True,True,0.9769861,0.95502156,1566.0,1605.0,False
d:\Research\Multi-View Fusion Network\datasets\brisc2025\classification_task\test\meningioma\brisc2025_test_00478_me_sa_t1.jpg,meningioma,meningioma,sagittal,0.026198998,0.920427,0.026262905,0.027111087,0.920427,True,True,0.97319645,0.9478068,1783.0,1723.0,False
d:\Research\Multi-View Fusion Network\datasets\brisc2025\classification_task\test\meningioma\brisc2025_test_00479_me_sa_t1.jpg,meningioma,meningioma,sagittal,0.026741909,0.920032,0.026292799,0.026933357,0.920032,True,True,0.9760064,0.9531494,1866.0,1884.0,False
d:\Research\Multi-View Fusion Network\datasets\brisc2025\classification_task\test\meningioma\brisc2025_test_00480_me_sa_t1.jpg,meningioma,meningioma,sagittal,0.026023276,0.92131805,0.026016193,0.026642485,0.92131805,True,True,0.9641963,0.9308807,2678.0,2516.0,False
d:\Research\Multi-View Fusion Network\datasets\brisc2025\classification_task\test\meningioma\brisc2025_test_00481_me_sa_t1.jpg,meningioma,meningioma,sagittal,0.026803648,0.91894037,0.02687282,0.027383123,0.91894037,True,True,0.9665324,0.9352518,1615.0,1611.0,False
d:\Research\Multi-View Fusion Network\datasets\brisc2025\classification_task\test\meningioma\brisc2025_test_00482_me_sa_t1.jpg,meningioma,meningioma,sagittal,0.02645283,0.91760415,0.028599437,0.027343586,0.91760415,True,True,0.94616735,0.8978912,887.0,821.0,False
d:\Research\Multi-View Fusion Network\datasets\brisc2025\classification_task\test\meningioma\brisc2025_test_00483_me_sa_t1.jpg,meningioma,meningioma,sagittal,0.026553595,0.92172146,0.025141489,0.026583442,0.92172146,True,True,0.9335477,0.875502,443.0,489.0,False
d:\Research\Multi-View Fusion Network\datasets\brisc2025\classification_task\test\meningioma\brisc2025_test_00484_me_sa_t1.jpg,meningioma,meningioma,sagittal,0.027739368,0.9166515,0.027813878,0.027795201,0.9166515,True,True,0.96005386,0.92320967,1116.0,1111.0,False
d:\Research\Multi-View Fusion Network\datasets\brisc2025\classification_task\test\meningioma\brisc2025_test_00485_me_sa_t1.jpg,meningioma,meningioma,sagittal,0.029888554,0.9165136,0.026711177,0.026886765,0.9165136,True,True,0.9670391,0.93621624,900.0,889.0,False
d:\Research\Multi-View Fusion Network\datasets\brisc2025\classification_task\test\meningioma\brisc2025_test_00486_me_sa_t1.jpg,meningioma,meningioma,sagittal,0.02682259,0.9190793,0.026769906,0.027328128,0.9190793,True,True,0.970058,0.94187427,1649.0,1623.0,False
d:\Research\Multi-View Fusion Network\datasets\brisc2025\classification_task\test\meningioma\brisc2025_test_00487_me_sa_t1.jpg,meningioma,meningioma,sagittal,0.026651729,0.91926545,0.026577055,0.027505763,0.91926545,True,True,0.955594,0.91501105,857.0,876.0,False
d:\Research\Multi-View Fusion Network\datasets\brisc2025\classification_task\test\meningioma\brisc2025_test_00488_me_sa_t1.jpg,meningioma,meningioma,sagittal,0.02744342,0.91830915,0.026520668,0.027726833,0.91830915,True,True,0.98075664,0.96224797,2291.0,2281.0,False
d:\Research\Multi-View Fusion Network\datasets\brisc2025\classification_task\test\meningioma\brisc2025_test_00489_me_sa_t1.jpg,meningioma,meningioma,sagittal,0.026273835,0.91900766,0.027898643,0.026819868,0.91900766,True,True,0.97176594,0.9451098,973.0,974.0,False
d:\Research\Multi-View Fusion Network\datasets\brisc2025\classification_task\test\meningioma\brisc2025_test_00490_me_sa_t1.jpg,meningioma,meningioma,sagittal,0.028103616,0.9206505,0.024846366,0.026399525,0.9206505,True,True,0.9679335,0.93788344,1276.0,1249.0,False
d:\Research\Multi-View Fusion Network\datasets\brisc2025\classification_task\test\meningioma\brisc2025_test_00491_me_sa_t1.jpg,meningioma,meningioma,sagittal,0.02676759,0.91961986,0.027201818,0.0264107,0.91961986,True,True,0.96333426,0.9292818,1714.0,1776.0,False
d:\Research\Multi-View Fusion Network\datasets\brisc2025\classification_task\test\meningioma\brisc2025_test_00492_me_sa_t1.jpg,meningioma,meningioma,sagittal,0.027300155,0.9199275,0.025866553,0.02690584,0.9199275,True,True,0.9784323,0.95778483,2165.0,2146.0,False
d:\Research\Multi-View Fusion Network\datasets\brisc2025\classification_task\test\meningioma\brisc2025_test_00493_me_sa_t1.jpg,meningioma,meningioma,sagittal,0.14774618,0.6098727,0.025126524,0.2172546,0.6098727,True,True,0.9403351,0.8874036,3870.0,3470.0,False
d:\Research\Multi-View Fusion Network\datasets\brisc2025\classification_task\test\meningioma\brisc2025_test_00494_me_sa_t1.jpg,meningioma,meningioma,sagittal,0.026274431,0.92150545,0.025806477,0.026413562,0.92150545,True,True,0.9781553,0.95726496,1032.0,1027.0,False
d:\Research\Multi-View Fusion Network\datasets\brisc2025\classification_task\test\meningioma\brisc2025_test_00495_me_sa_t1.jpg,meningioma,meningioma,sagittal,0.02698234,0.9211489,0.025127297,0.026741477,0.9211489,True,True,0.93613935,0.88,1025.0,1041.0,False
d:\Research\Multi-View Fusion Network\datasets\brisc2025\classification_task\test\meningioma\brisc2025_test_00496_me_sa_t1.jpg,meningioma,meningioma,sagittal,0.026536748,0.92271686,0.0246646,0.026081813,0.92271686,True,True,0.9110567,0.83670413,1172.0,1278.0,False
d:\Research\Multi-View Fusion Network\datasets\brisc2025\classification_task\test\meningioma\brisc2025_test_00497_me_sa_t1.jpg,meningioma,meningioma,sagittal,0.026066039,0.92192614,0.025726687,0.026281102,0.92192614,True,True,0.9636853,0.9299611,758.0,728.0,False
d:\Research\Multi-View Fusion Network\datasets\brisc2025\classification_task\test\meningioma\brisc2025_test_00498_me_sa_t1.jpg,meningioma,meningioma,sagittal,0.026633058,0.9212293,0.025792679,0.02634495,0.9212293,True,True,0.9854355,0.9712974,1733.0,1699.0,False
d:\Research\Multi-View Fusion Network\datasets\brisc2025\classification_task\test\meningioma\brisc2025_test_00499_me_sa_t1.jpg,meningioma,meningioma,sagittal,0.026731575,0.9196462,0.026882041,0.026740192,0.9196462,True,True,0.947983,0.90120965,487.0,454.0,False
d:\Research\Multi-View Fusion Network\datasets\brisc2025\classification_task\test\meningioma\brisc2025_test_00500_me_sa_t1.jpg,meningioma,meningioma,sagittal,0.0262506,0.91984224,0.02777342,0.026133757,0.91984224,True,True,0.84345794,0.7298387,201.0,226.0,False
d:\Research\Multi-View Fusion Network\datasets\brisc2025\classification_task\test\meningioma\brisc2025_test_00501_me_sa_t1.jpg,meningioma,meningioma,sagittal,0.02674509,0.9212469,0.025965763,0.026042176,0.9212469,True,True,0.97868663,0.95828635,876.0,859.0,False
d:\Research\Multi-View Fusion Network\datasets\brisc2025\classification_task\test\meningioma\brisc2025_test_00502_me_sa_t1.jpg,meningioma,meningioma,sagittal,0.026229335,0.9223331,0.025191985,0.026245529,0.9223331,True,True,0.9507389,0.90625,308.0,300.0,False
d:\Research\Multi-View Fusion Network\datasets\brisc2025\classification_task\test\meningioma\brisc2025_test_00503_me_sa_t1.jpg,meningioma,meningioma,sagittal,0.028307505,0.9146498,0.029941386,0.027101377,0.9146498,True,True,0.9246154,0.86,320.0,329.0,False
d:\Research\Multi-View Fusion Network\datasets\brisc2025\classification_task\test\meningioma\brisc2025_test_00504_me_sa_t1.jpg,meningioma,meningioma,sagittal,0.027370788,0.92264146,0.02407448,0.025913285,0.92264146,True,True,0.9257732,0.86206895,252.0,232.0,False
d:\Research\Multi-View Fusion Network\datasets\brisc2025\classification_task\test\meningioma\brisc2025_test_00505_me_sa_t1.jpg,meningioma,meningioma,sagittal,0.026503464,0.9206486,0.026218807,0.026629115,0.9206486,True,True,0.9613022,0.9255319,804.0,823.0,False
d:\Research\Multi-View Fusion Network\datasets\brisc2025\classification_task\test\meningioma\brisc2025_test_00506_me_sa_t1.jpg,meningioma,meningioma,sagittal,0.02632236,0.92155546,0.025938172,0.02618395,0.92155546,True,True,0.94244605,0.8912387,613.0,637.0,False
d:\Research\Multi-View Fusion Network\datasets\brisc2025\classification_task\test\meningioma\brisc2025_test_00507_me_sa_t1.jpg,meningioma,meningioma,sagittal,0.026131151,0.92291266,0.025013905,0.025942214,0.92291266,True,True,0.89363354,0.8078541,585.0,702.0,False
d:\Research\Multi-View Fusion Network\datasets\brisc2025\classification_task\test\meningioma\brisc2025_test_00508_me_sa_t1.jpg,meningioma,meningioma,sagittal,0.026281014,0.91693544,0.029640619,0.027142921,0.91693544,True,True,0.9607227,0.9244713,627.0,645.0,False
d:\Research\Multi-View Fusion Network\datasets\brisc2025\classification_task\test\meningioma\brisc2025_test_00509_me_sa_t1.jpg,meningioma,meningioma,sagittal,0.026894176,0.9187391,0.027794601,0.02657212,0.9187391,True,True,0.95018315,0.90516037,708.0,656.0,False
d:\Research\Multi-View Fusion Network\datasets\brisc2025\classification_task\test\meningioma\brisc2025_test_00510_me_sa_t1.jpg,meningioma,meningioma,sagittal,0.02642493,0.9212396,0.026193257,0.026142158,0.9212396,True,True,0.97772527,0.9564356,1475.0,1487.0,False
d:\Research\Multi-View Fusion Network\datasets\brisc2025\classification_task\test\meningioma\brisc2025_test_00511_me_sa_t1.jpg,meningioma,meningioma,sagittal,0.02606089,0.92191553,0.025674496,0.026349047,0.92191553,True,True,0.97603977,0.95322156,1110.0,1101.0,False
d:\Research\Multi-View Fusion Network\datasets\brisc2025\classification_task\test\meningioma\brisc2025_test_00512_me_sa_t1.jpg,meningioma,meningioma,sagittal,0.02710339,0.9204152,0.026472341,0.026009042,0.9204152,True,True,0.9418819,0.8902439,529.0,554.0,False
d:\Research\Multi-View Fusion Network\datasets\brisc2025\classification_task\test\meningioma\brisc2025_test_00513_me_sa_t1.jpg,meningioma,meningioma,sagittal,0.02588554,0.918718,0.028368076,0.027028361,0.918718,True,True,0.9429348,0.8923077,176.0,191.0,False
d:\Research\Multi-View Fusion Network\datasets\brisc2025\classification_task\test\meningioma\brisc2025_test_00514_me_sa_t1.jpg,meningioma,meningioma,sagittal,0.025885679,0.9214085,0.026449908,0.026255907,0.9214085,True,True,0.9794064,0.95966786,823.0,827.0,False
d:\Research\Multi-View Fusion Network\datasets\brisc2025\classification_task\test\meningioma\brisc2025_test_00515_me_sa_t1.jpg,meningioma,meningioma,sagittal,0.026379628,0.9203966,0.026884709,0.026338983,0.9203966,True,True,0.98284,0.9662732,1161.0,1169.0,False
d:\Research\Multi-View Fusion Network\datasets\brisc2025\classification_task\test\meningioma\brisc2025_test_00516_me_sa_t1.jpg,meningioma,meningioma,sagittal,0.026534056,0.9215339,0.02558093,0.02635109,0.9215339,True,True,0.96921104,0.9402985,776.0,782.0,False
d:\Research\Multi-View Fusion Network\datasets\brisc2025\classification_task\test\meningioma\brisc2025_test_00517_me_sa_t1.jpg,meningioma,meningioma,sagittal,0.026670875,0.92032945,0.026310377,0.026689244,0.92032945,True,True,0.86929715,0.7690632,410.0,400.0,False
d:\Research\Multi-View Fusion Network\datasets\brisc2025\classification_task\test\meningioma\brisc2025_test_00518_me_sa_t1.jpg,meningioma,meningioma,sagittal,0.026438342,0.9204869,0.026832543,0.026242152,0.9204869,True,True,0.97655714,0.9541985,2166.0,2184.0,False
d:\Research\Multi-View Fusion Network\datasets\brisc2025\classification_task\test\meningioma\brisc2025_test_00519_me_sa_t1.jpg,meningioma,meningioma,sagittal,0.027506119,0.9209662,0.024515644,0.02701207,0.9209662,True,True,0.9680697,0.9381443,1046.0,1020.0,False
d:\Research\Multi-View Fusion Network\datasets\brisc2025\classification_task\test\meningioma\brisc2025_test_00520_me_sa_t1.jpg,meningioma,meningioma,sagittal,0.027336027,0.9183758,0.027432648,0.026855526,0.9183758,True,True,0.9501779,0.90514904,708.0,696.0,False
d:\Research\Multi-View Fusion Network\datasets\brisc2025\classification_task\test\meningioma\brisc2025_test_00521_me_sa_t1.jpg,meningioma,meningioma,sagittal,0.025939507,0.9210006,0.026730945,0.02632895,0.9210006,True,True,0.88486844,0.7941176,137.0,166.0,False
d:\Research\Multi-View Fusion Network\datasets\brisc2025\classification_task\test\meningioma\brisc2025_test_00522_me_sa_t1.jpg,meningioma,meningioma,sagittal,0.026966967,0.9201047,0.026681656,0.026246762,0.9201047,True,True,0.943287,0.892779,436.0,427.0,False
d:\Research\Multi-View Fusion Network\datasets\brisc2025\classification_task\test\meningioma\brisc2025_test_00523_me_sa_t1.jpg,meningioma,meningioma,sagittal,0.02568464,0.9193533,0.027869372,0.027092641,0.9193533,True,True,0.90309554,0.8235294,341.0,401.0,False
d:\Research\Multi-View Fusion Network\datasets\brisc2025\classification_task\test\meningioma\brisc2025_test_00524_me_sa_t1.jpg,meningioma,meningioma,sagittal,0.026687857,0.92033076,0.026083354,0.026897935,0.92033076,True,True,0.9441405,0.8942203,1660.0,1812.0,False
d:\Research\Multi-View Fusion Network\datasets\brisc2025\classification_task\test\meningioma\brisc2025_test_00525_me_sa_t1.jpg,meningioma,meningioma,sagittal,0.026692938,0.92158484,0.025413929,0.026308265,0.92158484,True,True,0.9563695,0.91640866,1902.0,1810.0,False
d:\Research\Multi-View Fusion Network\datasets\brisc2025\classification_task\test\meningioma\brisc2025_test_00526_me_sa_t1.jpg,meningioma,meningioma,sagittal,0.025645353,0.92193896,0.0259473,0.026468433,0.92193896,True,True,0.8448884,0.73170733,373.0,477.0,False
d:\Research\Multi-View Fusion Network\datasets\brisc2025\classification_task\test\meningioma\brisc2025_test_00527_me_sa_t1.jpg,meningioma,meningioma,sagittal,0.026686914,0.92053044,0.02630783,0.026474815,0.92053044,True,True,0.9245614,0.85993487,294.0,275.0,False
d:\Research\Multi-View Fusion Network\datasets\brisc2025\classification_task\test\meningioma\brisc2025_test_00528_me_sa_t1.jpg,meningioma,meningioma,sagittal,0.049216025,0.9029461,0.022012694,0.02582513,0.9029461,True,True,0.93306863,0.8746015,906.0,856.0,False
d:\Research\Multi-View Fusion Network\datasets\brisc2025\classification_task\test\meningioma\brisc2025_test_00529_me_sa_t1.jpg,meningioma,meningioma,sagittal,0.02586285,0.922277,0.025608398,0.026251798,0.922277,True,True,0.9574003,0.9183246,935.0,895.0,False
d:\Research\Multi-View Fusion Network\datasets\brisc2025\classification_task\test\meningioma\brisc2025_test_00530_me_sa_t1.jpg,meningioma,meningioma,sagittal,0.02715683,0.9231105,0.023818346,0.025914295,0.9231105,True,True,0.98170173,0.9640933,547.0,545.0,False
d:\Research\Multi-View Fusion Network\datasets\brisc2025\classification_task\test\meningioma\brisc2025_test_00531_me_sa_t1.jpg,meningioma,meningioma,sagittal,0.026798556,0.92148715,0.025541926,0.026172394,0.92148715,True,True,0.9643917,0.9312715,840.0,844.0,False
d:\Research\Multi-View Fusion Network\datasets\brisc2025\classification_task\test\meningioma\brisc2025_test_00532_me_sa_t1.jpg,meningioma,meningioma,sagittal,0.026297769,0.92010254,0.027100096,0.026499603,0.92010254,True,True,0.97054183,0.9427988,941.0,959.0,False
d:\Research\Multi-View Fusion Network\datasets\brisc2025\classification_task\test\meningioma\brisc2025_test_00533_me_sa_t1.jpg,meningioma,meningioma,sagittal,0.026418885,0.92037714,0.026987959,0.026215984,0.92037714,True,True,0.9566994,0.91705793,621.0,602.0,False
d:\Research\Multi-View Fusion Network\datasets\brisc2025\classification_task\test\meningioma\brisc2025_test_00534_me_sa_t1.jpg,meningioma,meningioma,sagittal,0.027304066,0.9205403,0.02541079,0.026744919,0.9205403,True,True,0.9678536,0.9377395,987.0,1034.0,False
d:\Research\Multi-View Fusion Network\datasets\brisc2025\classification_task\test\meningioma\brisc2025_test_00535_me_sa_t1.jpg,meningioma,meningioma,sagittal,0.026862204,0.920832,0.026249778,0.026056029,0.920832,True,True,0.95408165,0.9122807,482.0,497.0,False
d:\Research\Multi-View Fusion Network\datasets\brisc2025\classification_task\test\meningioma\brisc2025_test_00536_me_sa_t1.jpg,meningioma,meningioma,sagittal,0.026765762,0.9199543,0.026873764,0.026406199,0.9199543,True,True,0.9732397,0.9478855,2265.0,2293.0,False
d:\Research\Multi-View Fusion Network\datasets\brisc2025\classification_task\test\meningioma\brisc2025_test_00537_me_sa_t1.jpg,meningioma,meningioma,sagittal,0.027085971,0.9192409,0.027048714,0.026624385,0.9192409,True,True,0.97711825,0.9552702,2233.0,2180.0,False
d:\Research\Multi-View Fusion Network\datasets\brisc2025\classification_task\test\meningioma\brisc2025_test_00538_me_sa_t1.jpg,meningioma,meningioma,sagittal,0.02598004,0.91969126,0.027130727,0.027198015,0.91969126,True,True,0.8634393,0.7598475,622.0,761.0,False
d:\Research\Multi-View Fusion Network\datasets\brisc2025\classification_task\test\meningioma\brisc2025_test_00539_me_sa_t1.jpg,meningioma,meningioma,sagittal,0.027012125,0.91940266,0.026826551,0.026758643,0.91940266,True,True,0.94242847,0.89116096,1433.0,1432.0,False
d:\Research\Multi-View Fusion Network\datasets\brisc2025\classification_task\test\meningioma\brisc2025_test_00540_me_sa_t1.jpg,meningioma,meningioma,sagittal,0.027015802,0.9199526,0.0259672,0.027064314,0.9199526,True,True,0.9799204,0.9606379,2906.0,2870.0,False
d:\Research\Multi-View Fusion Network\datasets\brisc2025\classification_task\test\meningioma\brisc2025_test_00541_me_sa_t1.jpg,meningioma,meningioma,sagittal,0.027323566,0.91921145,0.026837924,0.026627045,0.91921145,True,True,0.9107679,0.83622044,1204.0,1126.0,False
d:\Research\Multi-View Fusion Network\datasets\brisc2025\classification_task\test\meningioma\brisc2025_test_00542_me_sa_t1.jpg,meningioma,meningioma,sagittal,0.027394505,0.92068696,0.02536353,0.026555,0.92068696,True,True,0.92321116,0.85760516,304.0,268.0,False
d:\Research\Multi-View Fusion Network\datasets\brisc2025\classification_task\test\meningioma\brisc2025_test_00543_me_sa_t1.jpg,meningioma,meningioma,sagittal,0.02878227,0.9179118,0.026473077,0.026832849,0.9179118,True,True,0.9169978,0.8467808,1038.0,1226.0,False
d:\Research\Multi-View Fusion Network\datasets\brisc2025\classification_task\test\meningioma\brisc2025_test_00544_me_sa_t1.jpg,meningioma,meningioma,sagittal,0.026110139,0.9215147,0.026924094,0.025451114,0.9215147,True,True,0.9287212,0.8671875,231.0,245.0,False
d:\Research\Multi-View Fusion Network\datasets\brisc2025\classification_task\test\meningioma\brisc2025_test_00545_me_sa_t1.jpg,meningioma,meningioma,sagittal,0.026041714,0.9198025,0.02719539,0.026960341,0.9198025,True,True,0.95839113,0.920142,1054.0,1108.0,False
d:\Research\Multi-View Fusion Network\datasets\brisc2025\classification_task\test\meningioma\brisc2025_test_00546_me_sa_t1.jpg,meningioma,meningioma,sagittal,0.02652805,0.9223814,0.025095172,0.025995329,0.9223814,True,True,0.9675104,0.9370885,1293.0,1353.0,False
d:\Research\Multi-View Fusion Network\datasets\brisc2025\classification_task\test\meningioma\brisc2025_test_00547_me_sa_t1.jpg,meningioma,meningioma,sagittal,0.027097661,0.9215836,0.025167173,0.026151553,0.9215836,True,True,0.9848583,0.97017765,1552.0,1551.0,False
d:\Research\Multi-View Fusion Network\datasets\brisc2025\classification_task\test\meningioma\brisc2025_test_00548_me_sa_t1.jpg,meningioma,meningioma,sagittal,0.026083503,0.92189676,0.02620394,0.025815763,0.92189676,True,True,0.9553846,0.9146222,951.0,998.0,False
d:\Research\Multi-View Fusion Network\datasets\brisc2025\classification_task\test\meningioma\brisc2025_test_00549_me_sa_t1.jpg,meningioma,meningioma,sagittal,0.026099663,0.9188961,0.028269617,0.026734635,0.9188961,True,True,0.9752842,0.951784,995.0,1027.0,False
d:\Research\Multi-View Fusion Network\datasets\brisc2025\classification_task\test\meningioma\brisc2025_test_00550_me_sa_t1.jpg,meningioma,meningioma,sagittal,0.027195094,0.92076534,0.025686484,0.02635308,0.92076534,True,True,0.9197417,0.85153586,552.0,531.0,False
d:\Research\Multi-View Fusion Network\datasets\brisc2025\classification_task\test\meningioma\brisc2025_test_00551_me_sa_t1.jpg,meningioma,meningioma,sagittal,0.027331771,0.91993785,0.02621233,0.026518034,0.91993785,True,True,0.9844011,0.96929824,889.0,905.0,False
d:\Research\Multi-View Fusion Network\datasets\brisc2025\classification_task\test\meningioma\brisc2025_test_00552_me_sa_t1.jpg,meningioma,meningioma,sagittal,0.028085385,0.8891595,0.058561154,0.024194028,0.8891595,True,True,0.93719006,0.8819876,298.0,306.0,False
d:\Research\Multi-View Fusion Network\datasets\brisc2025\classification_task\test\meningioma\brisc2025_test_00553_me_sa_t1.jpg,meningioma,meningioma,sagittal,0.02737814,0.91993785,0.026043143,0.026640806,0.91993785,True,True,0.960643,0.92430705,913.0,890.0,False
d:\Research\Multi-View Fusion Network\datasets\brisc2025\classification_task\test\meningioma\brisc2025_test_00554_me_sa_t1.jpg,meningioma,meningioma,sagittal,0.026038097,0.9218137,0.025942558,0.026205571,0.9218137,True,True,0.98541886,0.97126436,1874.0,1897.0,False
d:\Research\Multi-View Fusion Network\datasets\brisc2025\classification_task\test\meningioma\brisc2025_test_00555_me_sa_t1.jpg,meningioma,meningioma,sagittal,0.026713511,0.91885746,0.027704904,0.026724182,0.91885746,True,True,0.95991737,0.92295474,1214.0,1205.0,False
d:\Research\Multi-View Fusion Network\datasets\brisc2025\classification_task\test\meningioma\brisc2025_test_00556_me_sa_t1.jpg,meningioma,meningioma,sagittal,0.026625698,0.9193806,0.027258538,0.026735146,0.9193806,True,True,0.94559586,0.89689034,555.0,602.0,False
d:\Research\Multi-View Fusion Network\datasets\brisc2025\classification_task\test\meningioma\brisc2025_test_00557_me_sa_t1.jpg,meningioma,meningioma,sagittal,0.026758239,0.91933006,0.027497565,0.026414175,0.91933006,True,True,0.97279793,0.94710326,377.0,394.0,False
d:\Research\Multi-View Fusion Network\datasets\brisc2025\classification_task\test\meningioma\brisc2025_test_00558_me_sa_t1.jpg,meningioma,meningioma,sagittal,0.027483348,0.9129653,0.035334293,0.024217052,0.9129653,True,True,0.9022222,0.82258064,101.0,123.0,False
d:\Research\Multi-View Fusion Network\datasets\brisc2025\classification_task\test\meningioma\brisc2025_test_00559_me_sa_t1.jpg,meningioma,meningioma,sagittal,0.02690163,0.92219514,0.025247568,0.025655685,0.92219514,True,True,0.8306818,0.7106796,365.0,514.0,False
d:\Research\Multi-View Fusion Network\datasets\brisc2025\classification_task\test\meningioma\brisc2025_test_00560_me_sa_t1.jpg,meningioma,meningioma,sagittal,0.026266262,0.9216198,0.025899837,0.026214147,0.9216198,True,True,0.9805405,0.9618375,1393.0,1381.0,False
d:\Research\Multi-View Fusion Network\datasets\brisc2025\classification_task\test\no_tumor\brisc2025_test_00561_no_ax_t1.jpg,no_tumor,no_tumor,axial,0.020826776,0.022450807,0.022704257,0.9340182,0.9340182,True,True,1.0,1.0,0.0,0.0,False
d:\Research\Multi-View Fusion Network\datasets\brisc2025\classification_task\test\no_tumor\brisc2025_test_00562_no_ax_t1.jpg,no_tumor,no_tumor,axial,0.020314103,0.022621999,0.022176454,0.9348874,0.9348874,True,True,1.0,1.0,0.0,0.0,False
d:\Research\Multi-View Fusion Network\datasets\brisc2025\classification_task\test\no_tumor\brisc2025_test_00563_no_ax_t1.jpg,no_tumor,no_tumor,axial,0.021117546,0.026818717,0.021878807,0.93018496,0.93018496,True,True,1.0,1.0,0.0,0.0,False
d:\Research\Multi-View Fusion Network\datasets\brisc2025\classification_task\test\no_tumor\brisc2025_test_00564_no_ax_t1.jpg,no_tumor,no_tumor,axial,0.021040251,0.02615664,0.02510636,0.92769676,0.92769676,True,True,1.0,1.0,0.0,0.0,False
d:\Research\Multi-View Fusion Network\datasets\brisc2025\classification_task\test\no_tumor\brisc2025_test_00565_no_ax_t1.jpg,no_tumor,no_tumor,axial,0.021000577,0.021857312,0.021410093,0.93573207,0.93573207,True,True,1.0,1.0,0.0,0.0,False
d:\Research\Multi-View Fusion Network\datasets\brisc2025\classification_task\test\no_tumor\brisc2025_test_00566_no_ax_t1.jpg,no_tumor,no_tumor,axial,0.01994861,0.021233711,0.021206902,0.9376107,0.9376107,True,True,1.0,1.0,0.0,0.0,False
d:\Research\Multi-View Fusion Network\datasets\brisc2025\classification_task\test\no_tumor\brisc2025_test_00567_no_ax_t1.jpg,no_tumor,no_tumor,axial,0.02063005,0.021788685,0.021438956,0.93614227,0.93614227,True,True,1.0,1.0,0.0,0.0,False
d:\Research\Multi-View Fusion Network\datasets\brisc2025\classification_task\test\no_tumor\brisc2025_test_00568_no_ax_t1.jpg,no_tumor,no_tumor,axial,0.020815372,0.022385923,0.022129197,0.93466955,0.93466955,True,True,1.0,1.0,0.0,0.0,False
d:\Research\Multi-View Fusion Network\datasets\brisc2025\classification_task\test\no_tumor\brisc2025_test_00569_no_ax_t1.jpg,no_tumor,no_tumor,axial,0.020981986,0.021578526,0.021132683,0.93630683,0.93630683,True,True,1.0,1.0,0.0,0.0,False
d:\Research\Multi-View Fusion Network\datasets\brisc2025\classification_task\test\no_tumor\brisc2025_test_00570_no_ax_t1.jpg,no_tumor,no_tumor,axial,0.020871848,0.021495892,0.021184523,0.93644774,0.93644774,True,True,1.0,1.0,0.0,0.0,False
d:\Research\Multi-View Fusion Network\datasets\brisc2025\classification_task\test\no_tumor\brisc2025_test_00571_no_ax_t1.jpg,no_tumor,no_tumor,axial,0.021005312,0.021642076,0.02121397,0.93613863,0.93613863,True,True,1.0,1.0,0.0,0.0,False
d:\Research\Multi-View Fusion Network\datasets\brisc2025\classification_task\test\no_tumor\brisc2025_test_00572_no_ax_t1.jpg,no_tumor,no_tumor,axial,0.02122669,0.021697776,0.021238726,0.9358369,0.9358369,True,True,1.0,1.0,0.0,0.0,False
d:\Research\Multi-View Fusion Network\datasets\brisc2025\classification_task\test\no_tumor\brisc2025_test_00573_no_ax_t1.jpg,no_tumor,no_tumor,axial,0.020730697,0.021738306,0.021193052,0.936338,0.936338,True,True,1.0,1.0,0.0,0.0,False
d:\Research\Multi-View Fusion Network\datasets\brisc2025\classification_task\test\no_tumor\brisc2025_test_00574_no_ax_t1.jpg,no_tumor,no_tumor,axial,0.020618781,0.02151523,0.02120082,0.9366651,0.9366651,True,True,1.0,1.0,0.0,0.0,False
d:\Research\Multi-View Fusion Network\datasets\brisc2025\classification_task\test\no_tumor\brisc2025_test_00575_no_ax_t1.jpg,no_tumor,no_tumor,axial,0.021352518,0.021458885,0.021189474,0.93599904,0.93599904,True,True,1.0,1.0,0.0,0.0,False
d:\Research\Multi-View Fusion Network\datasets\brisc2025\classification_task\test\no_tumor\brisc2025_test_00576_no_ax_t1.jpg,no_tumor,no_tumor,axial,0.021499645,0.021592382,0.021241795,0.9356662,0.9356662,True,True,1.0,1.0,0.0,0.0,False
d:\Research\Multi-View Fusion Network\datasets\brisc2025\classification_task\test\no_tumor\brisc2025_test_00577_no_ax_t1.jpg,no_tumor,no_tumor,axial,0.020740522,0.021496315,0.02112083,0.93664235,0.93664235,True,True,1.0,1.0,0.0,0.0,False
d:\Research\Multi-View Fusion Network\datasets\brisc2025\classification_task\test\no_tumor\brisc2025_test_00578_no_ax_t1.jpg,no_tumor,no_tumor,axial,0.020534154,0.02113157,0.021070018,0.93726426,0.93726426,True,True,1.0,1.0,0.0,0.0,False
d:\Research\Multi-View Fusion Network\datasets\brisc2025\classification_task\test\no_tumor\brisc2025_test_00579_no_ax_t1.jpg,no_tumor,no_tumor,axial,0.021422373,0.021407273,0.021191947,0.9359785,0.9359785,True,True,1.0,1.0,0.0,0.0,False
d:\Research\Multi-View Fusion Network\datasets\brisc2025\classification_task\test\no_tumor\brisc2025_test_00580_no_ax_t1.jpg,no_tumor,no_tumor,axial,0.02130834,0.02157557,0.021147463,0.9359686,0.9359686,True,True,1.0,1.0,0.0,0.0,False
d:\Research\Multi-View Fusion Network\datasets\brisc2025\classification_task\test\no_tumor\brisc2025_test_00581_no_ax_t1.jpg,no_tumor,no_tumor,axial,0.021331571,0.02159166,0.021280989,0.9357958,0.9357958,True,True,1.0,1.0,0.0,0.0,False
d:\Research\Multi-View Fusion Network\datasets\brisc2025\classification_task\test\no_tumor\brisc2025_test_00582_no_ax_t1.jpg,no_tumor,no_tumor,axial,0.020995194,0.021701457,0.02139602,0.93590724,0.93590724,True,True,1.0,1.0,0.0,0.0,False
d:\Research\Multi-View Fusion Network\datasets\brisc2025\classification_task\test\no_tumor\brisc2025_test_00583_no_ax_t1.jpg,no_tumor,no_tumor,axial,0.02073431,0.021709355,0.021439657,0.9361167,0.9361167,True,True,1.0,1.0,0.0,0.0,False
d:\Research\Multi-View Fusion Network\datasets\brisc2025\classification_task\test\no_tumor\brisc2025_test_00584_no_ax_t1.jpg,no_tumor,no_tumor,axial,0.021028249,0.02184324,0.021589583,0.93553895,0.93553895,True,True,1.0,1.0,0.0,0.0,False
d:\Research\Multi-View Fusion Network\datasets\brisc2025\classification_task\test\no_tumor\brisc2025_test_00585_no_ax_t1.jpg,no_tumor,no_tumor,axial,0.021187749,0.021644142,0.02115174,0.9360164,0.9360164,True,True,1.0,1.0,0.0,0.0,False
d:\Research\Multi-View Fusion Network\datasets\brisc2025\classification_task\test\no_tumor\brisc2025_test_00586_no_ax_t1.jpg,no_tumor,no_tumor,axial,0.020871246,0.021838685,0.02163664,0.9356534,0.9356534,True,True,1.0,1.0,0.0,0.0,False
d:\Research\Multi-View Fusion Network\datasets\brisc2025\classification_task\test\no_tumor\brisc2025_test_00587_no_ax_t1.jpg,no_tumor,no_tumor,axial,0.021121854,0.021506242,0.021435756,0.9359362,0.9359362,True,True,1.0,1.0,0.0,0.0,False
d:\Research\Multi-View Fusion Network\datasets\brisc2025\classification_task\test\no_tumor\brisc2025_test_00588_no_ax_t1.jpg,no_tumor,no_tumor,axial,0.021038076,0.021906719,0.022054711,0.93500054,0.93500054,True,True,1.0,1.0,0.0,0.0,False
d:\Research\Multi-View Fusion Network\datasets\brisc2025\classification_task\test\no_tumor\brisc2025_test_00589_no_ax_t1.jpg,no_tumor,no_tumor,axial,0.020494208,0.02235714,0.022281451,0.93486714,0.93486714,True,True,1.0,1.0,0.0,0.0,False
d:\Research\Multi-View Fusion Network\datasets\brisc2025\classification_task\test\no_tumor\brisc2025_test_00590_no_ax_t1.jpg,no_tumor,no_tumor,axial,0.021081623,0.021633975,0.02113478,0.9361496,0.9361496,True,True,1.0,1.0,0.0,0.0,False
d:\Research\Multi-View Fusion Network\datasets\brisc2025\classification_task\test\no_tumor\brisc2025_test_00591_no_ax_t1.jpg,no_tumor,no_tumor,axial,0.020782793,0.021678304,0.021320308,0.93621856,0.93621856,True,True,1.0,1.0,0.0,0.0,False
d:\Research\Multi-View Fusion Network\datasets\brisc2025\classification_task\test\no_tumor\brisc2025_test_00592_no_ax_t1.jpg,no_tumor,no_tumor,axial,0.021120375,0.021283092,0.020874307,0.9367222,0.9367222,True,True,1.0,1.0,0.0,0.0,False
d:\Research\Multi-View Fusion Network\datasets\brisc2025\classification_task\test\no_tumor\brisc2025_test_00593_no_ax_t1.jpg,no_tumor,no_tumor,axial,0.021191234,0.021755444,0.021266531,0.9357868,0.9357868,True,True,1.0,1.0,0.0,0.0,False
d:\Research\Multi-View Fusion Network\datasets\brisc2025\classification_task\test\no_tumor\brisc2025_test_00594_no_ax_t1.jpg,no_tumor,no_tumor,axial,0.021363733,0.022134513,0.022783842,0.93371797,0.93371797,True,True,1.0,1.0,0.0,0.0,False
d:\Research\Multi-View Fusion Network\datasets\brisc2025\classification_task\test\no_tumor\brisc2025_test_00595_no_ax_t1.jpg,no_tumor,no_tumor,axial,0.02141854,0.02143765,0.021487424,0.9356563,0.9356563,True,True,1.0,1.0,0.0,0.0,False
d:\Research\Multi-View Fusion Network\datasets\brisc2025\classification_task\test\no_tumor\brisc2025_test_00596_no_ax_t1.jpg,no_tumor,no_tumor,axial,0.021284586,0.021165993,0.020819264,0.9367302,0.9367302,True,True,1.0,1.0,0.0,0.0,False
d:\Research\Multi-View Fusion Network\datasets\brisc2025\classification_task\test\no_tumor\brisc2025_test_00597_no_ax_t1.jpg,no_tumor,no_tumor,axial,0.02139059,0.021550506,0.021003127,0.9360558,0.9360558,True,True,1.0,1.0,0.0,0.0,False
d:\Research\Multi-View Fusion Network\datasets\brisc2025\classification_task\test\no_tumor\brisc2025_test_00598_no_ax_t1.jpg,no_tumor,no_tumor,axial,0.021184063,0.021371601,0.02081255,0.93663174,0.93663174,True,True,1.0,1.0,0.0,0.0,False
d:\Research\Multi-View Fusion Network\datasets\brisc2025\classification_task\test\no_tumor\brisc2025_test_00599_no_ax_t1.jpg,no_tumor,no_tumor,axial,0.02147685,0.021587612,0.020859288,0.9360762,0.9360762,True,True,1.0,1.0,0.0,0.0,False
d:\Research\Multi-View Fusion Network\datasets\brisc2025\classification_task\test\no_tumor\brisc2025_test_00600_no_ax_t1.jpg,no_tumor,no_tumor,axial,0.02161333,0.021448346,0.021189915,0.9357484,0.9357484,True,True,1.0,1.0,0.0,0.0,False
d:\Research\Multi-View Fusion Network\datasets\brisc2025\classification_task\test\no_tumor\brisc2025_test_00601_no_ax_t1.jpg,no_tumor,no_tumor,axial,0.022165941,0.022141922,0.021646349,0.93404585,0.93404585,True,True,1.0,1.0,0.0,0.0,False
d:\Research\Multi-View Fusion Network\datasets\brisc2025\classification_task\test\no_tumor\brisc2025_test_00602_no_ax_t1.jpg,no_tumor,no_tumor,axial,0.021512205,0.022521468,0.021484388,0.93448186,0.93448186,True,True,1.0,1.0,0.0,0.0,False
d:\Research\Multi-View Fusion Network\datasets\brisc2025\classification_task\test\no_tumor\brisc2025_test_00603_no_ax_t1.jpg,no_tumor,no_tumor,axial,0.020418456,0.020888917,0.02104256,0.93765014,0.93765014,True,True,1.0,1.0,0.0,0.0,False
d:\Research\Multi-View Fusion Network\datasets\brisc2025\classification_task\test\no_tumor\brisc2025_test_00604_no_ax_t1.jpg,no_tumor,no_tumor,axial,0.020910464,0.021426545,0.02086542,0.93679756,0.93679756,True,True,1.0,1.0,0.0,0.0,False
d:\Research\Multi-View Fusion Network\datasets\brisc2025\classification_task\test\no_tumor\brisc2025_test_00605_no_ax_t1.jpg,no_tumor,no_tumor,axial,0.021762418,0.021666799,0.02131299,0.93525785,0.93525785,True,True,1.0,1.0,0.0,0.0,False
d:\Research\Multi-View Fusion Network\datasets\brisc2025\classification_task\test\no_tumor\brisc2025_test_00606_no_ax_t1.jpg,no_tumor,no_tumor,axial,0.02287935,0.02171773,0.022764288,0.93263865,0.93263865,True,True,1.0,1.0,0.0,0.0,False
d:\Research\Multi-View Fusion Network\datasets\brisc2025\classification_task\test\no_tumor\brisc2025_test_00607_no_ax_t1.jpg,no_tumor,no_tumor,axial,0.021372167,0.02154834,0.020830128,0.9362494,0.9362494,True,True,1.0,1.0,0.0,0.0,False
d:\Research\Multi-View Fusion Network\datasets\brisc2025\classification_task\test\no_tumor\brisc2025_test_00608_no_ax_t1.jpg,no_tumor,no_tumor,axial,0.021000566,0.021551372,0.021351298,0.9360967,0.9360967,True,True,1.0,1.0,0.0,0.0,False
d:\Research\Multi-View Fusion Network\datasets\brisc2025\classification_task\test\no_tumor\brisc2025_test_00609_no_ax_t1.jpg,no_tumor,no_tumor,axial,0.021484096,0.02184458,0.022716612,0.93395466,0.93395466,True,True,1.0,1.0,0.0,0.0,False
d:\Research\Multi-View Fusion Network\datasets\brisc2025\classification_task\test\no_tumor\brisc2025_test_00610_no_ax_t1.jpg,no_tumor,no_tumor,axial,0.02147211,0.0211849,0.020920627,0.93642247,0.93642247,True,True,1.0,1.0,0.0,0.0,False
d:\Research\Multi-View Fusion Network\datasets\brisc2025\classification_task\test\no_tumor\brisc2025_test_00611_no_ax_t1.jpg,no_tumor,no_tumor,axial,0.021425808,0.021592101,0.020948071,0.936034,0.936034,True,True,1.0,1.0,0.0,0.0,False
d:\Research\Multi-View Fusion Network\datasets\brisc2025\classification_task\test\no_tumor\brisc2025_test_00612_no_ax_t1.jpg,no_tumor,no_tumor,axial,0.020835338,0.021760115,0.021266425,0.9361382,0.9361382,True,True,1.0,1.0,0.0,0.0,False
d:\Research\Multi-View Fusion Network\datasets\brisc2025\classification_task\test\no_tumor\brisc2025_test_00613_no_co_t1.jpg,no_tumor,no_tumor,coronal,0.02167545,0.022164868,0.022082536,0.9340771,0.9340771,True,True,1.0,1.0,0.0,0.0,False
d:\Research\Multi-View Fusion Network\datasets\brisc2025\classification_task\test\no_tumor\brisc2025_test_00614_no_co_t1.jpg,no_tumor,no_tumor,coronal,0.022611499,0.022648554,0.022674771,0.93206507,0.93206507,True,True,1.0,1.0,0.0,0.0,False
d:\Research\Multi-View Fusion Network\datasets\brisc2025\classification_task\test\no_tumor\brisc2025_test_00615_no_co_t1.jpg,no_tumor,no_tumor,coronal,0.022218201,0.022114595,0.022124132,0.9335431,0.9335431,True,True,1.0,1.0,0.0,0.0,False
d:\Research\Multi-View Fusion Network\datasets\brisc2025\classification_task\test\no_tumor\brisc2025_test_00616_no_co_t1.jpg,no_tumor,no_tumor,coronal,0.02198282,0.023016913,0.022015644,0.9329846,0.9329846,True,True,1.0,1.0,0.0,0.0,False
d:\Research\Multi-View Fusion Network\datasets\brisc2025\classification_task\test\no_tumor\brisc2025_test_00617_no_co_t1.jpg,no_tumor,no_tumor,coronal,0.022129394,0.022055011,0.02206918,0.93374646,0.93374646,True,True,1.0,1.0,0.0,0.0,False
d:\Research\Multi-View Fusion Network\datasets\brisc2025\classification_task\test\no_tumor\brisc2025_test_00618_no_co_t1.jpg,no_tumor,no_tumor,coronal,0.021551786,0.022285268,0.02152099,0.93464196,0.93464196,True,True,1.0,1.0,0.0,0.0,False
d:\Research\Multi-View Fusion Network\datasets\brisc2025\classification_task\test\no_tumor\brisc2025_test_00619_no_co_t1.jpg,no_tumor,no_tumor,coronal,0.021952756,0.021888185,0.021947045,0.9342121,0.9342121,True,True,1.0,1.0,0.0,0.0,False
d:\Research\Multi-View Fusion Network\datasets\brisc2025\classification_task\test\no_tumor\brisc2025_test_00620_no_co_t1.jpg,no_tumor,no_tumor,coronal,0.02174319,0.021668058,0.021371761,0.93521696,0.93521696,True,True,1.0,1.0,0.0,0.0,False
d:\Research\Multi-View Fusion Network\datasets\brisc2025\classification_task\test\no_tumor\brisc2025_test_00621_no_co_t1.jpg,no_tumor,no_tumor,coronal,0.021826925,0.021766873,0.021707796,0.9346984,0.9346984,True,True,1.0,1.0,0.0,0.0,False
d:\Research\Multi-View Fusion Network\datasets\brisc2025\classification_task\test\no_tumor\brisc2025_test_00622_no_co_t1.jpg,no_tumor,no_tumor,coronal,0.021902537,0.021736141,0.021404684,0.93495655,0.93495655,True,True,1.0,1.0,0.0,0.0,False
d:\Research\Multi-View Fusion Network\datasets\brisc2025\classification_task\test\no_tumor\brisc2025_test_00623_no_co_t1.jpg,no_tumor,no_tumor,coronal,0.022039471,0.021499002,0.021580707,0.9348808,0.9348808,True,True,1.0,1.0,0.0,0.0,False
d:\Research\Multi-View Fusion Network\datasets\brisc2025\classification_task\test\no_tumor\brisc2025_test_00624_no_co_t1.jpg,no_tumor,no_tumor,coronal,0.02222521,0.021606645,0.021656832,0.9345113,0.9345113,True,True,1.0,1.0,0.0,0.0,False
d:\Research\Multi-View Fusion Network\datasets\brisc2025\classification_task\test\no_tumor\brisc2025_test_00625_no_co_t1.jpg,no_tumor,no_tumor,coronal,0.021321258,0.021080516,0.020789249,0.93680906,0.93680906,True,True,1.0,1.0,0.0,0.0,False
d:\Research\Multi-View Fusion Network\datasets\brisc2025\classification_task\test\no_tumor\brisc2025_test_00626_no_co_t1.jpg,no_tumor,no_tumor,coronal,0.02220118,0.021650922,0.021474477,0.9346734,0.9346734,True,True,1.0,1.0,0.0,0.0,False
d:\Research\Multi-View Fusion Network\datasets\brisc2025\classification_task\test\no_tumor\brisc2025_test_00627_no_co_t1.jpg,no_tumor,no_tumor,coronal,0.021642359,0.0213695,0.021015419,0.93597275,0.93597275,True,True,1.0,1.0,0.0,0.0,False
d:\Research\Multi-View Fusion Network\datasets\brisc2025\classification_task\test\no_tumor\brisc2025_test_00628_no_co_t1.jpg,no_tumor,no_tumor,coronal,0.021807373,0.021083182,0.021038879,0.9360706,0.9360706,True,True,1.0,1.0,0.0,0.0,False
d:\Research\Multi-View Fusion Network\datasets\brisc2025\classification_task\test\no_tumor\brisc2025_test_00629_no_co_t1.jpg,no_tumor,no_tumor,coronal,0.021813745,0.021625787,0.021210195,0.9353503,0.9353503,True,True,1.0,1.0,0.0,0.0,False
d:\Research\Multi-View Fusion Network\datasets\brisc2025\classification_task\test\no_tumor\brisc2025_test_00630_no_co_t1.jpg,no_tumor,no_tumor,coronal,0.02150847,0.021181554,0.02075655,0.9365534,0.9365534,True,True,1.0,1.0,0.0,0.0,False
d:\Research\Multi-View Fusion Network\datasets\brisc2025\classification_task\test\no_tumor\brisc2025_test_00631_no_co_t1.jpg,no_tumor,no_tumor,coronal,0.021895204,0.021359421,0.021235181,0.9355102,0.9355102,True,True,1.0,1.0,0.0,0.0,False
d:\Research\Multi-View Fusion Network\datasets\brisc2025\classification_task\test\no_tumor\brisc2025_test_00632_no_co_t1.jpg,no_tumor,no_tumor,coronal,0.021824183,0.021413177,0.020957535,0.9358051,0.9358051,True,True,1.0,1.0,0.0,0.0,False
d:\Research\Multi-View Fusion Network\datasets\brisc2025\classification_task\test\no_tumor\brisc2025_test_00633_no_co_t1.jpg,no_tumor,no_tumor,coronal,0.021409653,0.021150537,0.0207683,0.9366715,0.9366715,True,True,1.0,1.0,0.0,0.0,False
d:\Research\Multi-View Fusion Network\datasets\brisc2025\classification_task\test\no_tumor\brisc2025_test_00634_no_co_t1.jpg,no_tumor,no_tumor,coronal,0.022001263,0.021423921,0.020976325,0.9355984,0.9355984,True,True,1.0,1.0,0.0,0.0,False
d:\Research\Multi-View Fusion Network\datasets\brisc2025\classification_task\test\no_tumor\brisc2025_test_00635_no_co_t1.jpg,no_tumor,no_tumor,coronal,0.021524973,0.021442503,0.021225693,0.9358068,0.9358068,True,True,1.0,1.0,0.0,0.0,False
d:\Research\Multi-View Fusion Network\datasets\brisc2025\classification_task\test\no_tumor\brisc2025_test_00636_no_co_t1.jpg,no_tumor,no_tumor,coronal,0.022057375,0.021584824,0.021316199,0.9350415,0.9350415,True,True,1.0,1.0,0.0,0.0,False
d:\Research\Multi-View Fusion Network\datasets\brisc2025\classification_task\test\no_tumor\brisc2025_test_00637_no_co_t1.jpg,no_tumor,no_tumor,coronal,0.021937488,0.021322211,0.020893523,0.9358468,0.9358468,True,True,1.0,1.0,0.0,0.0,False
d:\Research\Multi-View Fusion Network\datasets\brisc2025\classification_task\test\no_tumor\brisc2025_test_00638_no_co_t1.jpg,no_tumor,no_tumor,coronal,0.021626921,0.021045165,0.020719843,0.93660814,0.93660814,True,True,1.0,1.0,0.0,0.0,False
d:\Research\Multi-View Fusion Network\datasets\brisc2025\classification_task\test\no_tumor\brisc2025_test_00639_no_co_t1.jpg,no_tumor,no_tumor,coronal,0.021450838,0.021537406,0.021157352,0.93585443,0.93585443,True,True,1.0,1.0,0.0,0.0,False
d:\Research\Multi-View Fusion Network\datasets\brisc2025\classification_task\test\no_tumor\brisc2025_test_00640_no_co_t1.jpg,no_tumor,no_tumor,coronal,0.021872764,0.02137163,0.020803023,0.9359526,0.9359526,True,True,1.0,1.0,0.0,0.0,False
d:\Research\Multi-View Fusion Network\datasets\brisc2025\classification_task\test\no_tumor\brisc2025_test_00641_no_co_t1.jpg,no_tumor,no_tumor,coronal,0.021684906,0.021331046,0.021098088,0.93588597,0.93588597,True,True,1.0,1.0,0.0,0.0,False
d:\Research\Multi-View Fusion Network\datasets\brisc2025\classification_task\test\no_tumor\brisc2025_test_00642_no_co_t1.jpg,no_tumor,no_tumor,coronal,0.021823173,0.021514563,0.0211287,0.9355335,0.9355335,True,True,1.0,1.0,0.0,0.0,False
d:\Research\Multi-View Fusion Network\datasets\brisc2025\classification_task\test\no_tumor\brisc2025_test_00643_no_co_t1.jpg,no_tumor,no_tumor,coronal,0.021650216,0.021310225,0.020648109,0.9363915,0.9363915,True,True,1.0,1.0,0.0,0.0,False
d:\Research\Multi-View Fusion Network\datasets\brisc2025\classification_task\test\no_tumor\brisc2025_test_00644_no_co_t1.jpg,no_tumor,no_tumor,coronal,0.021435075,0.021235155,0.020611692,0.93671805,0.93671805,True,True,1.0,1.0,0.0,0.0,False
d:\Research\Multi-View Fusion Network\datasets\brisc2025\classification_task\test\no_tumor\brisc2025_test_00645_no_co_t1.jpg,no_tumor,no_tumor,coronal,0.021637432,0.021250589,0.02098639,0.93612564,0.93612564,True,True,1.0,1.0,0.0,0.0,False
d:\Research\Multi-View Fusion Network\datasets\brisc2025\classification_task\test\no_tumor\brisc2025_test_00646_no_co_t1.jpg,no_tumor,no_tumor,coronal,0.021368105,0.021204043,0.021237694,0.9361901,0.9361901,True,True,1.0,1.0,0.0,0.0,False
d:\Research\Multi-View Fusion Network\datasets\brisc2025\classification_task\test\no_tumor\brisc2025_test_00647_no_co_t1.jpg,no_tumor,no_tumor,coronal,0.02165158,0.021225033,0.02071721,0.93640625,0.93640625,True,True,1.0,1.0,0.0,0.0,False
d:\Research\Multi-View Fusion Network\datasets\brisc2025\classification_task\test\no_tumor\brisc2025_test_00648_no_co_t1.jpg,no_tumor,no_tumor,coronal,0.021493997,0.021610547,0.021013292,0.9358822,0.9358822,True,True,1.0,1.0,0.0,0.0,False
d:\Research\Multi-View Fusion Network\datasets\brisc2025\classification_task\test\no_tumor\brisc2025_test_00649_no_co_t1.jpg,no_tumor,no_tumor,coronal,0.021526,0.021440381,0.020801146,0.93623245,0.93623245,True,True,1.0,1.0,0.0,0.0,False
d:\Research\Multi-View Fusion Network\datasets\brisc2025\classification_task\test\no_tumor\brisc2025_test_00650_no_co_t1.jpg,no_tumor,no_tumor,coronal,0.021658935,0.021720817,0.021397607,0.93522257,0.93522257,True,True,1.0,1.0,0.0,0.0,False
d:\Research\Multi-View Fusion Network\datasets\brisc2025\classification_task\test\no_tumor\brisc2025_test_00651_no_co_t1.jpg,no_tumor,no_tumor,coronal,0.021754157,0.02153286,0.021084804,0.93562824,0.93562824,True,True,1.0,1.0,0.0,0.0,False
d:\Research\Multi-View Fusion Network\datasets\brisc2025\classification_task\test\no_tumor\brisc2025_test_00652_no_co_t1.jpg,no_tumor,no_tumor,coronal,0.021262791,0.02113262,0.020607835,0.93699676,0.93699676,True,True,1.0,1.0,0.0,0.0,False
d:\Research\Multi-View Fusion Network\datasets\brisc2025\classification_task\test\no_tumor\brisc2025_test_00653_no_co_t1.jpg,no_tumor,no_tumor,coronal,0.021347558,0.021250743,0.020699082,0.93670267,0.93670267,True,True,1.0,1.0,0.0,0.0,False
d:\Research\Multi-View Fusion Network\datasets\brisc2025\classification_task\test\no_tumor\brisc2025_test_00654_no_co_t1.jpg,no_tumor,no_tumor,coronal,0.021611914,0.021517,0.020910326,0.9359608,0.9359608,True,True,1.0,1.0,0.0,0.0,False
d:\Research\Multi-View Fusion Network\datasets\brisc2025\classification_task\test\no_tumor\brisc2025_test_00655_no_co_t1.jpg,no_tumor,no_tumor,coronal,0.02179466,0.021835035,0.0215219,0.9348484,0.9348484,True,True,1.0,1.0,0.0,0.0,False
d:\Research\Multi-View Fusion Network\datasets\brisc2025\classification_task\test\no_tumor\brisc2025_test_00656_no_co_t1.jpg,no_tumor,no_tumor,coronal,0.022027366,0.02212422,0.0218432,0.9340052,0.9340052,True,True,1.0,1.0,0.0,0.0,False
d:\Research\Multi-View Fusion Network\datasets\brisc2025\classification_task\test\no_tumor\brisc2025_test_00657_no_co_t1.jpg,no_tumor,no_tumor,coronal,0.021923836,0.021940187,0.021314744,0.93482125,0.93482125,True,True,1.0,1.0,0.0,0.0,False
d:\Research\Multi-View Fusion Network\datasets\brisc2025\classification_task\test\no_tumor\brisc2025_test_00658_no_co_t1.jpg,no_tumor,no_tumor,coronal,0.022271058,0.021848444,0.021629283,0.9342512,0.9342512,True,True,1.0,1.0,0.0,0.0,False
d:\Research\Multi-View Fusion Network\datasets\brisc2025\classification_task\test\no_tumor\brisc2025_test_00659_no_co_t1.jpg,no_tumor,no_tumor,coronal,0.022180613,0.022007618,0.021640036,0.93417186,0.93417186,True,True,1.0,1.0,0.0,0.0,False
d:\Research\Multi-View Fusion Network\datasets\brisc2025\classification_task\test\no_tumor\brisc2025_test_00660_no_co_t1.jpg,no_tumor,no_tumor,coronal,0.022180613,0.022007618,0.021640036,0.93417186,0.93417186,True,True,1.0,1.0,0.0,0.0,False
d:\Research\Multi-View Fusion Network\datasets\brisc2025\classification_task\test\no_tumor\brisc2025_test_00661_no_sa_t1.jpg,no_tumor,no_tumor,sagittal,0.021991216,0.021639967,0.021733943,0.93463486,0.93463486,True,True,1.0,1.0,0.0,0.0,False
d:\Research\Multi-View Fusion Network\datasets\brisc2025\classification_task\test\no_tumor\brisc2025_test_00662_no_sa_t1.jpg,no_tumor,no_tumor,sagittal,0.022262262,0.021963166,0.021766288,0.93400824,0.93400824,True,True,1.0,1.0,0.0,0.0,False
d:\Research\Multi-View Fusion Network\datasets\brisc2025\classification_task\test\no_tumor\brisc2025_test_00663_no_sa_t1.jpg,no_tumor,no_tumor,sagittal,0.021842629,0.021949325,0.021520922,0.9346872,0.9346872,True,True,1.0,1.0,0.0,0.0,False
d:\Research\Multi-View Fusion Network\datasets\brisc2025\classification_task\test\no_tumor\brisc2025_test_00664_no_sa_t1.jpg,no_tumor,no_tumor,sagittal,0.02147428,0.021506313,0.021667283,0.9353521,0.9353521,True,True,1.0,1.0,0.0,0.0,False
d:\Research\Multi-View Fusion Network\datasets\brisc2025\classification_task\test\no_tumor\brisc2025_test_00665_no_sa_t1.jpg,no_tumor,no_tumor,sagittal,0.021766447,0.021650098,0.021324422,0.9352591,0.9352591,True,True,1.0,1.0,0.0,0.0,False
d:\Research\Multi-View Fusion Network\datasets\brisc2025\classification_task\test\no_tumor\brisc2025_test_00666_no_sa_t1.jpg,no_tumor,no_tumor,sagittal,0.021147892,0.021202028,0.020937238,0.9367128,0.9367128,True,True,1.0,1.0,0.0,0.0,False
d:\Research\Multi-View Fusion Network\datasets\brisc2025\classification_task\test\no_tumor\brisc2025_test_00667_no_sa_t1.jpg,no_tumor,no_tumor,sagittal,0.021480238,0.021792974,0.020825397,0.9359014,0.9359014,True,True,1.0,1.0,0.0,0.0,False
d:\Research\Multi-View Fusion Network\datasets\brisc2025\classification_task\test\no_tumor\brisc2025_test_00668_no_sa_t1.jpg,no_tumor,no_tumor,sagittal,0.021737559,0.021674922,0.021467345,0.9351201,0.9351201,True,True,1.0,1.0,0.0,0.0,False
d:\Research\Multi-View Fusion Network\datasets\brisc2025\classification_task\test\no_tumor\brisc2025_test_00669_no_sa_t1.jpg,no_tumor,no_tumor,sagittal,0.02207535,0.021925058,0.021398455,0.93460107,0.93460107,True,True,1.0,1.0,0.0,0.0,False
d:\Research\Multi-View Fusion Network\datasets\brisc2025\classification_task\test\no_tumor\brisc2025_test_00670_no_sa_t1.jpg,no_tumor,no_tumor,sagittal,0.022365656,0.02208257,0.0217594,0.93379235,0.93379235,True,True,1.0,1.0,0.0,0.0,False
d:\Research\Multi-View Fusion Network\datasets\brisc2025\classification_task\test\no_tumor\brisc2025_test_00671_no_sa_t1.jpg,no_tumor,no_tumor,sagittal,0.022005877,0.020938834,0.020822782,0.93623257,0.93623257,True,True,1.0,1.0,0.0,0.0,False
d:\Research\Multi-View Fusion Network\datasets\brisc2025\classification_task\test\no_tumor\brisc2025_test_00672_no_sa_t1.jpg,no_tumor,no_tumor,sagittal,0.021672605,0.021480622,0.021008853,0.93583786,0.93583786,True,True,1.0,1.0,0.0,0.0,False
d:\Research\Multi-View Fusion Network\datasets\brisc2025\classification_task\test\no_tumor\brisc2025_test_00673_no_sa_t1.jpg,no_tumor,no_tumor,sagittal,0.022044506,0.021745881,0.021610968,0.9345987,0.9345987,True,True,1.0,1.0,0.0,0.0,False
d:\Research\Multi-View Fusion Network\datasets\brisc2025\classification_task\test\no_tumor\brisc2025_test_00674_no_sa_t1.jpg,no_tumor,no_tumor,sagittal,0.021637082,0.021400793,0.021092441,0.9358697,0.9358697,True,True,1.0,1.0,0.0,0.0,False
d:\Research\Multi-View Fusion Network\datasets\brisc2025\classification_task\test\no_tumor\brisc2025_test_00675_no_sa_t1.jpg,no_tumor,no_tumor,sagittal,0.021443602,0.021315731,0.02082647,0.9364142,0.9364142,True,True,1.0,1.0,0.0,0.0,False
d:\Research\Multi-View Fusion Network\datasets\brisc2025\classification_task\test\no_tumor\brisc2025_test_00676_no_sa_t1.jpg,no_tumor,no_tumor,sagittal,0.020952184,0.021283573,0.02083129,0.93693304,0.93693304,True,True,1.0,1.0,0.0,0.0,False
d:\Research\Multi-View Fusion Network\datasets\brisc2025\classification_task\test\no_tumor\brisc2025_test_00677_no_sa_t1.jpg,no_tumor,no_tumor,sagittal,0.021432398,0.020568397,0.020543102,0.9374561,0.9374561,True,True,1.0,1.0,0.0,0.0,False
d:\Research\Multi-View Fusion Network\datasets\brisc2025\classification_task\test\no_tumor\brisc2025_test_00678_no_sa_t1.jpg,no_tumor,no_tumor,sagittal,0.02178681,0.021416036,0.021404967,0.93539226,0.93539226,True,True,1.0,1.0,0.0,0.0,False
d:\Research\Multi-View Fusion Network\datasets\brisc2025\classification_task\test\no_tumor\brisc2025_test_00679_no_sa_t1.jpg,no_tumor,no_tumor,sagittal,0.021194614,0.021401571,0.020846317,0.93655753,0.93655753,True,True,1.0,1.0,0.0,0.0,False
d:\Research\Multi-View Fusion Network\datasets\brisc2025\classification_task\test\no_tumor\brisc2025_test_00680_no_sa_t1.jpg,no_tumor,no_tumor,sagittal,0.021600781,0.021656517,0.021311453,0.93543124,0.93543124,True,True,1.0,1.0,0.0,0.0,False
d:\Research\Multi-View Fusion Network\datasets\brisc2025\classification_task\test\no_tumor\brisc2025_test_00681_no_sa_t1.jpg,no_tumor,no_tumor,sagittal,0.02174587,0.021902416,0.021399751,0.9349519,0.9349519,True,True,1.0,1.0,0.0,0.0,False
d:\Research\Multi-View Fusion Network\datasets\brisc2025\classification_task\test\no_tumor\brisc2025_test_00682_no_sa_t1.jpg,no_tumor,no_tumor,sagittal,0.021767348,0.022221433,0.021088677,0.9349226,0.9349226,True,True,1.0,1.0,0.0,0.0,False
d:\Research\Multi-View Fusion Network\datasets\brisc2025\classification_task\test\no_tumor\brisc2025_test_00683_no_sa_t1.jpg,no_tumor,no_tumor,sagittal,0.021352638,0.021408124,0.021089364,0.9361499,0.9361499,True,True,1.0,1.0,0.0,0.0,False
d:\Research\Multi-View Fusion Network\datasets\brisc2025\classification_task\test\no_tumor\brisc2025_test_00684_no_sa_t1.jpg,no_tumor,no_tumor,sagittal,0.021134296,0.021415012,0.020732164,0.9367186,0.9367186,True,True,1.0,1.0,0.0,0.0,False
d:\Research\Multi-View Fusion Network\datasets\brisc2025\classification_task\test\no_tumor\brisc2025_test_00685_no_sa_t1.jpg,no_tumor,no_tumor,sagittal,0.021196045,0.021621665,0.021102304,0.93608004,0.93608004,True,True,1.0,1.0,0.0,0.0,False
d:\Research\Multi-View Fusion Network\datasets\brisc2025\classification_task\test\no_tumor\brisc2025_test_00686_no_sa_t1.jpg,no_tumor,no_tumor,sagittal,0.021743804,0.02173871,0.021212367,0.9353052,0.9353052,True,True,1.0,1.0,0.0,0.0,False
d:\Research\Multi-View Fusion Network\datasets\brisc2025\classification_task\test\no_tumor\brisc2025_test_00687_no_sa_t1.jpg,no_tumor,no_tumor,sagittal,0.021619005,0.021098368,0.02088251,0.93640006,0.93640006,True,True,1.0,1.0,0.0,0.0,False
d:\Research\Multi-View Fusion Network\datasets\brisc2025\classification_task\test\no_tumor\brisc2025_test_00688_no_sa_t1.jpg,no_tumor,no_tumor,sagittal,0.02167498,0.021379095,0.021269817,0.93567604,0.93567604,True,True,1.0,1.0,0.0,0.0,False
d:\Research\Multi-View Fusion Network\datasets\brisc2025\classification_task\test\no_tumor\brisc2025_test_00689_no_sa_t1.jpg,no_tumor,no_tumor,sagittal,0.022187235,0.021618625,0.021104658,0.93508947,0.93508947,True,True,1.0,1.0,0.0,0.0,False
d:\Research\Multi-View Fusion Network\datasets\brisc2025\classification_task\test\no_tumor\brisc2025_test_00690_no_sa_t1.jpg,no_tumor,no_tumor,sagittal,0.022122426,0.021393524,0.020623934,0.93586016,0.93586016,True,True,1.0,1.0,0.0,0.0,False
d:\Research\Multi-View Fusion Network\datasets\brisc2025\classification_task\test\no_tumor\brisc2025_test_00691_no_sa_t1.jpg,no_tumor,no_tumor,sagittal,0.02195479,0.021169765,0.020622374,0.93625313,0.93625313,True,True,1.0,1.0,0.0,0.0,False
d:\Research\Multi-View Fusion Network\datasets\brisc2025\classification_task\test\no_tumor\brisc2025_test_00692_no_sa_t1.jpg,no_tumor,no_tumor,sagittal,0.022019787,0.021419195,0.021231567,0.93532944,0.93532944,True,True,1.0,1.0,0.0,0.0,False
d:\Research\Multi-View Fusion Network\datasets\brisc2025\classification_task\test\no_tumor\brisc2025_test_00693_no_sa_t1.jpg,no_tumor,no_tumor,sagittal,0.021741299,0.021533525,0.02147151,0.93525374,0.93525374,True,True,1.0,1.0,0.0,0.0,False
d:\Research\Multi-View Fusion Network\datasets\brisc2025\classification_task\test\no_tumor\brisc2025_test_00694_no_sa_t1.jpg,no_tumor,no_tumor,sagittal,0.021612044,0.02136918,0.020962786,0.93605596,0.93605596,True,True,1.0,1.0,0.0,0.0,False
d:\Research\Multi-View Fusion Network\datasets\brisc2025\classification_task\test\no_tumor\brisc2025_test_00695_no_sa_t1.jpg,no_tumor,no_tumor,sagittal,0.021841224,0.021827225,0.021210385,0.9351211,0.9351211,True,True,1.0,1.0,0.0,0.0,False
d:\Research\Multi-View Fusion Network\datasets\brisc2025\classification_task\test\no_tumor\brisc2025_test_00696_no_sa_t1.jpg,no_tumor,no_tumor,sagittal,0.022789247,0.022396656,0.021766467,0.93304765,0.93304765,True,True,1.0,1.0,0.0,0.0,False
d:\Research\Multi-View Fusion Network\datasets\brisc2025\classification_task\test\no_tumor\brisc2025_test_00697_no_sa_t1.jpg,no_tumor,no_tumor,sagittal,0.021847293,0.02185567,0.02168552,0.93461144,0.93461144,True,True,1.0,1.0,0.0,0.0,False
d:\Research\Multi-View Fusion Network\datasets\brisc2025\classification_task\test\no_tumor\brisc2025_test_00698_no_sa_t1.jpg,no_tumor,no_tumor,sagittal,0.02139628,0.021425825,0.02101845,0.93615943,0.93615943,True,True,1.0,1.0,0.0,0.0,False
d:\Research\Multi-View Fusion Network\datasets\brisc2025\classification_task\test\no_tumor\brisc2025_test_00699_no_sa_t1.jpg,no_tumor,no_tumor,sagittal,0.02205847,0.021528697,0.021558924,0.93485385,0.93485385,True,True,1.0,1.0,0.0,0.0,False
d:\Research\Multi-View Fusion Network\datasets\brisc2025\classification_task\test\no_tumor\brisc2025_test_00700_no_sa_t1.jpg,no_tumor,no_tumor,sagittal,0.021951169,0.021523753,0.021296347,0.9352287,0.9352287,True,True,1.0,1.0,0.0,0.0,False
d:\Research\Multi-View Fusion Network\datasets\brisc2025\classification_task\test\pituitary\brisc2025_test_00701_pi_ax_t1.jpg,pituitary,pituitary,axial,0.028987564,0.028639441,0.91374105,0.02863192,0.91374105,True,True,0.8780096,0.7828571,344.0,278.0,False
d:\Research\Multi-View Fusion Network\datasets\brisc2025\classification_task\test\pituitary\brisc2025_test_00702_pi_ax_t1.jpg,pituitary,pituitary,axial,0.028782692,0.030544462,0.91237503,0.028297815,0.91237503,True,True,0.95712095,0.9178886,323.0,329.0,False
d:\Research\Multi-View Fusion Network\datasets\brisc2025\classification_task\test\pituitary\brisc2025_test_00703_pi_ax_t1.jpg,pituitary,pituitary,axial,0.028832566,0.03030226,0.9116202,0.02924504,0.9116202,True,True,0.9111111,0.8378378,67.0,67.0,False
d:\Research\Multi-View Fusion Network\datasets\brisc2025\classification_task\test\pituitary\brisc2025_test_00704_pi_ax_t1.jpg,pituitary,pituitary,axial,0.028442573,0.029221058,0.913778,0.028558299,0.913778,True,True,0.85739434,0.75076926,283.0,284.0,False
d:\Research\Multi-View Fusion Network\datasets\brisc2025\classification_task\test\pituitary\brisc2025_test_00705_pi_ax_t1.jpg,pituitary,pituitary,axial,0.028385729,0.030287998,0.91227734,0.02904888,0.91227734,True,True,0.7846154,0.64606744,248.0,336.0,False
d:\Research\Multi-View Fusion Network\datasets\brisc2025\classification_task\test\pituitary\brisc2025_test_00706_pi_ax_t1.jpg,pituitary,pituitary,axial,0.02931393,0.028730776,0.91243935,0.029515952,0.91243935,True,True,0.8901961,0.8028169,131.0,123.0,False
d:\Research\Multi-View Fusion Network\datasets\brisc2025\classification_task\test\pituitary\brisc2025_test_00707_pi_ax_t1.jpg,pituitary,pituitary,axial,0.0287493,0.02929594,0.9131784,0.028776383,0.9131784,True,True,0.8660886,0.7640068,483.0,554.0,False
d:\Research\Multi-View Fusion Network\datasets\brisc2025\classification_task\test\pituitary\brisc2025_test_00708_pi_ax_t1.jpg,pituitary,pituitary,axial,0.028479317,0.02957633,0.9131516,0.028792772,0.9131516,True,True,0.94536424,0.8965517,303.0,300.0,False
d:\Research\Multi-View Fusion Network\datasets\brisc2025\classification_task\test\pituitary\brisc2025_test_00709_pi_ax_t1.jpg,pituitary,pituitary,axial,0.028712898,0.031391885,0.91032773,0.02956756,0.91032773,True,True,0.9557292,0.91528237,569.0,582.0,False
d:\Research\Multi-View Fusion Network\datasets\brisc2025\classification_task\test\pituitary\brisc2025_test_00710_pi_ax_t1.jpg,pituitary,pituitary,axial,0.029146953,0.03248923,0.90849525,0.029868541,0.90849525,True,True,0.8395722,0.7237569,400.0,534.0,False
d:\Research\Multi-View Fusion Network\datasets\brisc2025\classification_task\test\pituitary\brisc2025_test_00711_pi_ax_t1.jpg,pituitary,pituitary,axial,0.02873635,0.030409493,0.9117399,0.029114317,0.9117399,True,True,0.921875,0.85549134,156.0,163.0,False
d:\Research\Multi-View Fusion Network\datasets\brisc2025\classification_task\test\pituitary\brisc2025_test_00712_pi_ax_t1.jpg,pituitary,pituitary,axial,0.02928248,0.030720366,0.91099966,0.028997447,0.91099966,True,True,0.7199391,0.56294537,236.0,420.0,False
d:\Research\Multi-View Fusion Network\datasets\brisc2025\classification_task\test\pituitary\brisc2025_test_00713_pi_ax_t1.jpg,pituitary,pituitary,axial,0.028612012,0.02938569,0.913256,0.028746305,0.913256,True,True,0.78782606,0.6504298,230.0,344.0,False
d:\Research\Multi-View Fusion Network\datasets\brisc2025\classification_task\test\pituitary\brisc2025_test_00714_pi_ax_t1.jpg,pituitary,pituitary,axial,0.028303212,0.029542856,0.91341025,0.028743738,0.91341025,True,True,0.95510834,0.9142012,313.0,332.0,False
d:\Research\Multi-View Fusion Network\datasets\brisc2025\classification_task\test\pituitary\brisc2025_test_00715_pi_ax_t1.jpg,pituitary,pituitary,axial,0.02896152,0.028803198,0.9131461,0.029089198,0.9131461,True,True,0.93713164,0.88191885,249.0,259.0,False
d:\Research\Multi-View Fusion Network\datasets\brisc2025\classification_task\test\pituitary\brisc2025_test_00716_pi_ax_t1.jpg,pituitary,pituitary,axial,0.028879441,0.028408827,0.9140505,0.02866125,0.9140505,True,True,0.62989324,0.4611399,88.0,192.0,False
d:\Research\Multi-View Fusion Network\datasets\brisc2025\classification_task\test\pituitary\brisc2025_test_00717_pi_ax_t1.jpg,pituitary,pituitary,axial,0.02921236,0.028810076,0.9129583,0.029019278,0.9129583,True,True,0.8847903,0.79347825,890.0,1088.0,False
d:\Research\Multi-View Fusion Network\datasets\brisc2025\classification_task\test\pituitary\brisc2025_test_00718_pi_ax_t1.jpg,pituitary,pituitary,axial,0.02916321,0.028638896,0.9131443,0.029053668,0.9131443,True,True,0.97979426,0.96040314,1371.0,1350.0,False
d:\Research\Multi-View Fusion Network\datasets\brisc2025\classification_task\test\pituitary\brisc2025_test_00719_pi_ax_t1.jpg,pituitary,pituitary,axial,0.028959293,0.028729571,0.9137133,0.028597824,0.9137133,True,True,0.88346356,0.7913753,680.0,855.0,False
d:\Research\Multi-View Fusion Network\datasets\brisc2025\classification_task\test\pituitary\brisc2025_test_00720_pi_ax_t1.jpg,pituitary,pituitary,axial,0.028232504,0.030259825,0.91304713,0.028460449,0.91304713,True,True,0.94631904,0.8982558,327.0,324.0,False
d:\Research\Multi-View Fusion Network\datasets\brisc2025\classification_task\test\pituitary\brisc2025_test_00721_pi_ax_t1.jpg,pituitary,pituitary,axial,0.0284017,0.029441793,0.9132915,0.028865036,0.9132915,True,True,0.8923395,0.80597013,221.0,261.0,False
d:\Research\Multi-View Fusion Network\datasets\brisc2025\classification_task\test\pituitary\brisc2025_test_00722_pi_ax_t1.jpg,pituitary,pituitary,axial,0.02960945,0.030972742,0.9101997,0.029218156,0.9101997,True,True,0.79292494,0.6571429,519.0,639.0,False
d:\Research\Multi-View Fusion Network\datasets\brisc2025\classification_task\test\pituitary\brisc2025_test_00723_pi_ax_t1.jpg,pituitary,pituitary,axial,0.028370187,0.029268863,0.91387516,0.028485782,0.91387516,True,True,0.5726496,0.40191388,168.0,416.0,False
d:\Research\Multi-View Fusion Network\datasets\brisc2025\classification_task\test\pituitary\brisc2025_test_00724_pi_ax_t1.jpg,pituitary,pituitary,axial,0.02856858,0.030354971,0.9122185,0.02885799,0.9122185,True,True,0.8958869,0.8116279,383.0,394.0,False
d:\Research\Multi-View Fusion Network\datasets\brisc2025\classification_task\test\pituitary\brisc2025_test_00725_pi_ax_t1.jpg,pituitary,pituitary,axial,0.028557621,0.02979832,0.9126049,0.029039118,0.9126049,True,True,0.9265625,0.8633721,314.0,325.0,False
d:\Research\Multi-View Fusion Network\datasets\brisc2025\classification_task\test\pituitary\brisc2025_test_00726_pi_ax_t1.jpg,pituitary,pituitary,axial,0.028926875,0.0280746,0.9144967,0.028501786,0.9144967,True,True,0.9231678,0.85745615,430.0,415.0,False
d:\Research\Multi-View Fusion Network\datasets\brisc2025\classification_task\test\pituitary\brisc2025_test_00727_pi_ax_t1.jpg,pituitary,pituitary,axial,0.029112434,0.02963164,0.91244113,0.028814742,0.91244113,True,True,0.92657346,0.86334056,421.0,436.0,False
d:\Research\Multi-View Fusion Network\datasets\brisc2025\classification_task\test\pituitary\brisc2025_test_00728_pi_ax_t1.jpg,pituitary,pituitary,axial,0.028916737,0.028773133,0.91394705,0.028362997,0.91394705,True,True,0.9275766,0.865285,173.0,185.0,False
d:\Research\Multi-View Fusion Network\datasets\brisc2025\classification_task\test\pituitary\brisc2025_test_00729_pi_ax_t1.jpg,pituitary,pituitary,axial,0.028607953,0.030851807,0.9116194,0.02892078,0.9116194,True,True,0.9279476,0.86585367,227.0,230.0,False
d:\Research\Multi-View Fusion Network\datasets\brisc2025\classification_task\test\pituitary\brisc2025_test_00730_pi_ax_t1.jpg,pituitary,pituitary,axial,0.028052358,0.029546844,0.9141247,0.028276028,0.9141247,True,True,0.6594203,0.49280575,246.0,167.0,False
d:\Research\Multi-View Fusion Network\datasets\brisc2025\classification_task\test\pituitary\brisc2025_test_00731_pi_ax_t1.jpg,pituitary,pituitary,axial,0.02864749,0.029670278,0.9132711,0.028411098,0.9132711,True,True,0.6714472,0.5058824,257.0,509.0,False
d:\Research\Multi-View Fusion Network\datasets\brisc2025\classification_task\test\pituitary\brisc2025_test_00732_pi_ax_t1.jpg,pituitary,pituitary,axial,0.029158901,0.029444909,0.9120621,0.029334178,0.9120621,True,True,0.9468085,0.8991935,225.0,244.0,False
d:\Research\Multi-View Fusion Network\datasets\brisc2025\classification_task\test\pituitary\brisc2025_test_00733_pi_ax_t1.jpg,pituitary,pituitary,axial,0.028750435,0.02964608,0.91229963,0.029303782,0.91229963,True,True,0.9576108,0.9188192,266.0,252.0,False
d:\Research\Multi-View Fusion Network\datasets\brisc2025\classification_task\test\pituitary\brisc2025_test_00734_pi_ax_t1.jpg,pituitary,pituitary,axial,0.028689407,0.029345663,0.91292155,0.029043399,0.91292155,True,True,0.94514453,0.89606744,689.0,659.0,False
d:\Research\Multi-View Fusion Network\datasets\brisc2025\classification_task\test\pituitary\brisc2025_test_00735_pi_ax_t1.jpg,pituitary,pituitary,axial,0.028417965,0.03008406,0.9129498,0.028548155,0.9129498,True,True,0.92565054,0.8616874,683.0,661.0,False
d:\Research\Multi-View Fusion Network\datasets\brisc2025\classification_task\test\pituitary\brisc2025_test_00736_pi_ax_t1.jpg,pituitary,pituitary,axial,0.029314702,0.032054007,0.90913147,0.029499842,0.90913147,True,True,0.955626,0.91515154,306.0,324.0,False
d:\Research\Multi-View Fusion Network\datasets\brisc2025\classification_task\test\pituitary\brisc2025_test_00737_pi_ax_t1.jpg,pituitary,pituitary,axial,0.02935344,0.028895227,0.91268724,0.029064005,0.91268724,True,True,0.8913044,0.8041237,444.0,429.0,False
d:\Research\Multi-View Fusion Network\datasets\brisc2025\classification_task\test\pituitary\brisc2025_test_00738_pi_ax_t1.jpg,pituitary,pituitary,axial,0.028418906,0.029466413,0.9135551,0.028559566,0.9135551,True,True,0.9238861,0.8586207,770.0,845.0,False
d:\Research\Multi-View Fusion Network\datasets\brisc2025\classification_task\test\pituitary\brisc2025_test_00739_pi_ax_t1.jpg,pituitary,pituitary,axial,0.028014287,0.030228406,0.91422606,0.027531238,0.91422606,True,True,0.75790924,0.6106195,338.0,388.0,False
d:\Research\Multi-View Fusion Network\datasets\brisc2025\classification_task\test\pituitary\brisc2025_test_00740_pi_ax_t1.jpg,pituitary,pituitary,axial,0.028576743,0.030965606,0.9114759,0.028981771,0.9114759,True,True,0.9365537,0.8807588,678.0,708.0,False
d:\Research\Multi-View Fusion Network\datasets\brisc2025\classification_task\test\pituitary\brisc2025_test_00741_pi_ax_t1.jpg,pituitary,pituitary,axial,0.028726486,0.029119983,0.9137476,0.028405866,0.9137476,True,True,0.7625786,0.61675125,248.0,387.0,False
d:\Research\Multi-View Fusion Network\datasets\brisc2025\classification_task\test\pituitary\brisc2025_test_00742_pi_ax_t1.jpg,pituitary,pituitary,axial,0.028536042,0.029556079,0.91335493,0.028552964,0.91335493,True,True,0.93579453,0.8795181,313.0,309.0,False
d:\Research\Multi-View Fusion Network\datasets\brisc2025\classification_task\test\pituitary\brisc2025_test_00743_pi_ax_t1.jpg,pituitary,pituitary,axial,0.028639862,0.03038124,0.912091,0.028887905,0.912091,True,True,0.95773685,0.91895425,712.0,754.0,False
d:\Research\Multi-View Fusion Network\datasets\brisc2025\classification_task\test\pituitary\brisc2025_test_00744_pi_ax_t1.jpg,pituitary,pituitary,axial,0.028943364,0.028720131,0.9137085,0.028627975,0.9137085,True,True,0.874498,0.7771836,438.0,557.0,False
d:\Research\Multi-View Fusion Network\datasets\brisc2025\classification_task\test\pituitary\brisc2025_test_00745_pi_ax_t1.jpg,pituitary,pituitary,axial,0.028738536,0.028815465,0.9138646,0.028581385,0.9138646,True,True,0.9648,0.93209875,313.0,311.0,False
d:\Research\Multi-View Fusion Network\datasets\brisc2025\classification_task\test\pituitary\brisc2025_test_00746_pi_ax_t1.jpg,pituitary,pituitary,axial,0.028935306,0.029907042,0.9125688,0.02858886,0.9125688,True,True,0.88982034,0.80172414,406.0,428.0,False
d:\Research\Multi-View Fusion Network\datasets\brisc2025\classification_task\test\pituitary\brisc2025_test_00747_pi_ax_t1.jpg,pituitary,pituitary,axial,0.028813358,0.029842915,0.9127175,0.028626205,0.9127175,True,True,0.4764957,0.3137255,111.0,356.0,False
d:\Research\Multi-View Fusion Network\datasets\brisc2025\classification_task\test\pituitary\brisc2025_test_00748_pi_ax_t1.jpg,pituitary,pituitary,axial,0.028123109,0.02946838,0.91430324,0.028105231,0.91430324,True,True,0.8280543,0.7069409,283.0,379.0,False
d:\Research\Multi-View Fusion Network\datasets\brisc2025\classification_task\test\pituitary\brisc2025_test_00749_pi_ax_t1.jpg,pituitary,pituitary,axial,0.028497532,0.028919991,0.914185,0.028397491,0.914185,True,True,0.95152354,0.9076517,367.0,354.0,False
d:\Research\Multi-View Fusion Network\datasets\brisc2025\classification_task\test\pituitary\brisc2025_test_00750_pi_ax_t1.jpg,pituitary,pituitary,axial,0.028606785,0.029190285,0.9133113,0.028891705,0.9133113,True,True,0.91330343,0.8406593,323.0,345.0,False
d:\Research\Multi-View Fusion Network\datasets\brisc2025\classification_task\test\pituitary\brisc2025_test_00751_pi_ax_t1.jpg,pituitary,pituitary,axial,0.028349468,0.030154366,0.91296816,0.028528024,0.91296816,True,True,0.95123726,0.9070735,683.0,690.0,False
d:\Research\Multi-View Fusion Network\datasets\brisc2025\classification_task\test\pituitary\brisc2025_test_00752_pi_ax_t1.jpg,pituitary,pituitary,axial,0.028819365,0.030167561,0.9121342,0.028878791,0.9121342,True,True,0.9231975,0.85755813,320.0,317.0,False
d:\Research\Multi-View Fusion Network\datasets\brisc2025\classification_task\test\pituitary\brisc2025_test_00753_pi_ax_t1.jpg,pituitary,pituitary,axial,0.028595986,0.029785734,0.9127989,0.028819334,0.9127989,True,True,0.91775703,0.84827584,267.0,267.0,False
d:\Research\Multi-View Fusion Network\datasets\brisc2025\classification_task\test\pituitary\brisc2025_test_00754_pi_ax_t1.jpg,pituitary,pituitary,axial,0.028922271,0.030489238,0.91173685,0.028851597,0.91173685,True,True,0.6875,0.52436197,226.0,429.0,False
d:\Research\Multi-View Fusion Network\datasets\brisc2025\classification_task\test\pituitary\brisc2025_test_00755_pi_ax_t1.jpg,pituitary,pituitary,axial,0.02854521,0.030018294,0.9130526,0.028383877,0.9130526,True,True,0.8961378,0.81190926,941.0,974.0,False
d:\Research\Multi-View Fusion Network\datasets\brisc2025\classification_task\test\pituitary\brisc2025_test_00756_pi_ax_t1.jpg,pituitary,pituitary,axial,0.028667172,0.030706078,0.91172403,0.02890276,0.91172403,True,True,0.8836207,0.7916667,518.0,641.0,False
d:\Research\Multi-View Fusion Network\datasets\brisc2025\classification_task\test\pituitary\brisc2025_test_00757_pi_ax_t1.jpg,pituitary,pituitary,axial,0.028619057,0.02958306,0.9128716,0.028926233,0.9128716,True,True,0.9813278,0.963365,726.0,719.0,False
d:\Research\Multi-View Fusion Network\datasets\brisc2025\classification_task\test\pituitary\brisc2025_test_00758_pi_ax_t1.jpg,pituitary,pituitary,axial,0.028545935,0.028479146,0.9147516,0.028223261,0.9147516,True,True,0.7793264,0.6387833,344.0,516.0,False
d:\Research\Multi-View Fusion Network\datasets\brisc2025\classification_task\test\pituitary\brisc2025_test_00759_pi_ax_t1.jpg,pituitary,pituitary,axial,0.028634163,0.029021112,0.9134629,0.02888194,0.9134629,True,True,0.93426293,0.8768657,252.0,249.0,False
d:\Research\Multi-View Fusion Network\datasets\brisc2025\classification_task\test\pituitary\brisc2025_test_00760_pi_ax_t1.jpg,pituitary,pituitary,axial,0.028306996,0.029021323,0.9138773,0.028794365,0.9138773,True,True,0.96609044,0.9344473,746.0,757.0,False
d:\Research\Multi-View Fusion Network\datasets\brisc2025\classification_task\test\pituitary\brisc2025_test_00761_pi_ax_t1.jpg,pituitary,pituitary,axial,0.028951162,0.028012676,0.9144588,0.02857733,0.9144588,True,True,0.80669546,0.676311,379.0,546.0,False
d:\Research\Multi-View Fusion Network\datasets\brisc2025\classification_task\test\pituitary\brisc2025_test_00762_pi_ax_t1.jpg,pituitary,pituitary,axial,0.028634882,0.028767815,0.913799,0.028798329,0.913799,True,True,0.910221,0.835443,351.0,372.0,False
d:\Research\Multi-View Fusion Network\datasets\brisc2025\classification_task\test\pituitary\brisc2025_test_00763_pi_ax_t1.jpg,pituitary,pituitary,axial,0.028822977,0.029281817,0.9132217,0.028673483,0.9132217,True,True,0.9603306,0.9238095,294.0,310.0,False
d:\Research\Multi-View Fusion Network\datasets\brisc2025\classification_task\test\pituitary\brisc2025_test_00764_pi_ax_t1.jpg,pituitary,pituitary,axial,0.028871546,0.03015819,0.9122954,0.028674798,0.9122954,True,True,0.8871734,0.79744136,391.0,450.0,False
d:\Research\Multi-View Fusion Network\datasets\brisc2025\classification_task\test\pituitary\brisc2025_test_00765_pi_ax_t1.jpg,pituitary,pituitary,axial,0.028738923,0.029789472,0.91289794,0.028573655,0.91289794,True,True,0.4854586,0.32153392,108.0,338.0,False
d:\Research\Multi-View Fusion Network\datasets\brisc2025\classification_task\test\pituitary\brisc2025_test_00766_pi_ax_t1.jpg,pituitary,pituitary,axial,0.02795686,0.029676214,0.9145701,0.027796749,0.9145701,True,True,0.8624454,0.7586207,208.0,249.0,False
d:\Research\Multi-View Fusion Network\datasets\brisc2025\classification_task\test\pituitary\brisc2025_test_00767_pi_ax_t1.jpg,pituitary,pituitary,axial,0.028763136,0.029409578,0.9132183,0.028608978,0.9132183,True,True,0.6590106,0.49210528,186.0,379.0,False
d:\Research\Multi-View Fusion Network\datasets\brisc2025\classification_task\test\pituitary\brisc2025_test_00768_pi_ax_t1.jpg,pituitary,pituitary,axial,0.028476404,0.029890092,0.913062,0.028571613,0.913062,True,True,0.82308847,0.69974554,276.0,390.0,False
d:\Research\Multi-View Fusion Network\datasets\brisc2025\classification_task\test\pituitary\brisc2025_test_00769_pi_ax_t1.jpg,pituitary,pituitary,axial,0.028596792,0.030212602,0.91242945,0.028761208,0.91242945,True,True,0.8483146,0.7368421,479.0,410.0,False
d:\Research\Multi-View Fusion Network\datasets\brisc2025\classification_task\test\pituitary\brisc2025_test_00770_pi_ax_t1.jpg,pituitary,pituitary,axial,0.028418437,0.03011546,0.91265976,0.02880632,0.91265976,True,True,0.89152545,0.80487806,136.0,158.0,False
d:\Research\Multi-View Fusion Network\datasets\brisc2025\classification_task\test\pituitary\brisc2025_test_00771_pi_ax_t1.jpg,pituitary,pituitary,axial,0.02878547,0.030788492,0.9113334,0.029092653,0.9113334,True,True,0.75490195,0.6069182,206.0,303.0,False
d:\Research\Multi-View Fusion Network\datasets\brisc2025\classification_task\test\pituitary\brisc2025_test_00772_pi_ax_t1.jpg,pituitary,pituitary,axial,0.02912923,0.02847984,0.91369754,0.028693356,0.91369754,True,True,0.9187764,0.8499025,498.0,449.0,False
d:\Research\Multi-View Fusion Network\datasets\brisc2025\classification_task\test\pituitary\brisc2025_test_00773_pi_ax_t1.jpg,pituitary,pituitary,axial,0.029248804,0.028455699,0.9139027,0.02839279,0.9139027,True,True,0.8741169,0.77651083,768.0,788.0,False
d:\Research\Multi-View Fusion Network\datasets\brisc2025\classification_task\test\pituitary\brisc2025_test_00774_pi_ax_t1.jpg,pituitary,pituitary,axial,0.028327366,0.028521162,0.914716,0.028435502,0.914716,True,True,0.95883363,0.92105263,287.0,295.0,False
d:\Research\Multi-View Fusion Network\datasets\brisc2025\classification_task\test\pituitary\brisc2025_test_00775_pi_ax_t1.jpg,pituitary,pituitary,axial,0.028752351,0.029573541,0.9126701,0.029004,0.9126701,True,True,0.9290221,0.86764705,304.0,329.0,False
d:\Research\Multi-View Fusion Network\datasets\brisc2025\classification_task\test\pituitary\brisc2025_test_00776_pi_ax_t1.jpg,pituitary,pituitary,axial,0.02874367,0.030602,0.91243154,0.028222805,0.91243154,True,True,0.9617293,0.92633015,700.0,710.0,False
d:\Research\Multi-View Fusion Network\datasets\brisc2025\classification_task\test\pituitary\brisc2025_test_00777_pi_ax_t1.jpg,pituitary,pituitary,axial,0.029272575,0.03056987,0.91107893,0.02907867,0.91107893,True,True,0.69343066,0.53125,238.0,446.0,False
d:\Research\Multi-View Fusion Network\datasets\brisc2025\classification_task\test\pituitary\brisc2025_test_00778_pi_ax_t1.jpg,pituitary,pituitary,axial,0.029873297,0.03180797,0.90856916,0.02974958,0.90856916,True,True,0.6179775,0.44805196,298.0,146.0,False
d:\Research\Multi-View Fusion Network\datasets\brisc2025\classification_task\test\pituitary\brisc2025_test_00779_pi_ax_t1.jpg,pituitary,pituitary,axial,0.028686801,0.030873999,0.9116612,0.028778005,0.9116612,True,True,0.6859259,0.5225225,303.0,371.0,False
d:\Research\Multi-View Fusion Network\datasets\brisc2025\classification_task\test\pituitary\brisc2025_test_00780_pi_ax_t1.jpg,pituitary,pituitary,axial,0.028196266,0.029507611,0.9138906,0.028405556,0.9138906,True,True,0.89607096,0.8119266,389.0,399.0,False
d:\Research\Multi-View Fusion Network\datasets\brisc2025\classification_task\test\pituitary\brisc2025_test_00781_pi_ax_t1.jpg,pituitary,pituitary,axial,0.029214015,0.029490925,0.91247785,0.028817194,0.91247785,True,True,0.77158034,0.6285097,347.0,405.0,False
d:\Research\Multi-View Fusion Network\datasets\brisc2025\classification_task\test\pituitary\brisc2025_test_00782_pi_ax_t1.jpg,pituitary,pituitary,axial,0.028532233,0.02925284,0.9140436,0.028171297,0.9140436,True,True,0.9088785,0.8333333,205.0,222.0,False
d:\Research\Multi-View Fusion Network\datasets\brisc2025\classification_task\test\pituitary\brisc2025_test_00783_pi_ax_t1.jpg,pituitary,pituitary,axial,0.02864818,0.02938281,0.9129311,0.02903797,0.9129311,True,True,0.84232366,0.7285714,131.0,109.0,False
d:\Research\Multi-View Fusion Network\datasets\brisc2025\classification_task\test\pituitary\brisc2025_test_00784_pi_ax_t1.jpg,pituitary,pituitary,axial,0.028635807,0.029224139,0.9135136,0.028626455,0.9135136,True,True,0.7884283,0.65099716,469.0,688.0,False
d:\Research\Multi-View Fusion Network\datasets\brisc2025\classification_task\test\pituitary\brisc2025_test_00785_pi_ax_t1.jpg,pituitary,pituitary,axial,0.028737197,0.029878715,0.91236395,0.02902015,0.91236395,True,True,0.9734042,0.94827586,278.0,285.0,False
d:\Research\Multi-View Fusion Network\datasets\brisc2025\classification_task\test\pituitary\brisc2025_test_00786_pi_ax_t1.jpg,pituitary,pituitary,axial,0.028441882,0.030324196,0.9124996,0.028734345,0.9124996,True,True,0.93342394,0.87531805,365.0,370.0,False
d:\Research\Multi-View Fusion Network\datasets\brisc2025\classification_task\test\pituitary\brisc2025_test_00787_pi_ax_t1.jpg,pituitary,pituitary,axial,0.029032933,0.032275464,0.90904135,0.029650278,0.90904135,True,True,0.88011694,0.786087,453.0,572.0,False
d:\Research\Multi-View Fusion Network\datasets\brisc2025\classification_task\test\pituitary\brisc2025_test_00788_pi_ax_t1.jpg,pituitary,pituitary,axial,0.028659,0.030532666,0.91175944,0.029048959,0.91175944,True,True,0.9413681,0.88957053,151.0,155.0,False
d:\Research\Multi-View Fusion Network\datasets\brisc2025\classification_task\test\pituitary\brisc2025_test_00789_pi_ax_t1.jpg,pituitary,pituitary,axial,0.028529624,0.029434092,0.9132712,0.028765142,0.9132712,True,True,0.857868,0.7522124,86.0,110.0,False
d:\Research\Multi-View Fusion Network\datasets\brisc2025\classification_task\test\pituitary\brisc2025_test_00790_pi_ax_t1.jpg,pituitary,pituitary,axial,0.028841231,0.03056429,0.9118275,0.028766917,0.9118275,True,True,0.91198504,0.838488,250.0,283.0,False
d:\Research\Multi-View Fusion Network\datasets\brisc2025\classification_task\test\pituitary\brisc2025_test_00791_pi_ax_t1.jpg,pituitary,pituitary,axial,0.028531581,0.029826323,0.91288483,0.028757308,0.91288483,True,True,0.9376997,0.8828829,302.0,323.0,False
d:\Research\Multi-View Fusion Network\datasets\brisc2025\classification_task\test\pituitary\brisc2025_test_00792_pi_ax_t1.jpg,pituitary,pituitary,axial,0.02868793,0.028952187,0.91369945,0.028660405,0.91369945,True,True,0.9497908,0.9045093,352.0,364.0,False
d:\Research\Multi-View Fusion Network\datasets\brisc2025\classification_task\test\pituitary\brisc2025_test_00793_pi_ax_t1.jpg,pituitary,pituitary,axial,0.028737033,0.02946921,0.91304386,0.028749831,0.91304386,True,True,0.45972222,0.2990991,195.0,524.0,False
d:\Research\Multi-View Fusion Network\datasets\brisc2025\classification_task\test\pituitary\brisc2025_test_00794_pi_ax_t1.jpg,pituitary,pituitary,axial,0.028160587,0.029314544,0.9141724,0.028352417,0.9141724,True,True,0.85471696,0.74671054,239.0,290.0,False
d:\Research\Multi-View Fusion Network\datasets\brisc2025\classification_task\test\pituitary\brisc2025_test_00795_pi_ax_t1.jpg,pituitary,pituitary,axial,0.028847989,0.028539937,0.9138709,0.028741198,0.9138709,True,True,0.9265306,0.8636364,121.0,123.0,False
d:\Research\Multi-View Fusion Network\datasets\brisc2025\classification_task\test\pituitary\brisc2025_test_00796_pi_ax_t1.jpg,pituitary,pituitary,axial,0.02908763,0.029978724,0.9121551,0.028778458,0.9121551,True,True,0.92850244,0.8666667,511.0,523.0,False
d:\Research\Multi-View Fusion Network\datasets\brisc2025\classification_task\test\pituitary\brisc2025_test_00797_pi_ax_t1.jpg,pituitary,pituitary,axial,0.029055102,0.028326668,0.91394496,0.028673295,0.91394496,True,True,0.9154002,0.844071,912.0,1061.0,False
d:\Research\Multi-View Fusion Network\datasets\brisc2025\classification_task\test\pituitary\brisc2025_test_00798_pi_ax_t1.jpg,pituitary,pituitary,axial,0.02907659,0.028717138,0.91330135,0.028904935,0.91330135,True,True,0.9795247,0.95988536,1376.0,1358.0,False
d:\Research\Multi-View Fusion Network\datasets\brisc2025\classification_task\test\pituitary\brisc2025_test_00799_pi_ax_t1.jpg,pituitary,pituitary,axial,0.028828373,0.028781539,0.91399884,0.028391376,0.91399884,True,True,0.8468586,0.7346939,323.0,440.0,False
d:\Research\Multi-View Fusion Network\datasets\brisc2025\classification_task\test\pituitary\brisc2025_test_00800_pi_ax_t1.jpg,pituitary,pituitary,axial,0.028882017,0.02871082,0.91393846,0.028468758,0.91393846,True,True,0.86488676,0.76210827,556.0,679.0,False
d:\Research\Multi-View Fusion Network\datasets\brisc2025\classification_task\test\pituitary\brisc2025_test_00801_pi_ax_t1.jpg,pituitary,pituitary,axial,0.028382527,0.029300233,0.91392154,0.028395604,0.91392154,True,True,0.91580975,0.8447867,716.0,839.0,False
d:\Research\Multi-View Fusion Network\datasets\brisc2025\classification_task\test\pituitary\brisc2025_test_00802_pi_ax_t1.jpg,pituitary,pituitary,axial,0.02817109,0.03103111,0.9127142,0.028083676,0.9127142,True,True,0.743007,0.59166664,223.0,348.0,False
d:\Research\Multi-View Fusion Network\datasets\brisc2025\classification_task\test\pituitary\brisc2025_test_00803_pi_ax_t1.jpg,pituitary,pituitary,axial,0.028285744,0.030050814,0.91270345,0.028960012,0.91270345,True,True,0.9243323,0.8595041,339.0,334.0,False
d:\Research\Multi-View Fusion Network\datasets\brisc2025\classification_task\test\pituitary\brisc2025_test_00804_pi_ax_t1.jpg,pituitary,pituitary,axial,0.028473001,0.031537876,0.9107721,0.02921696,0.9107721,True,True,0.8988327,0.8169014,137.0,119.0,False
d:\Research\Multi-View Fusion Network\datasets\brisc2025\classification_task\test\pituitary\brisc2025_test_00805_pi_ax_t1.jpg,pituitary,pituitary,axial,0.029980503,0.035529107,0.9040089,0.030481508,0.9040089,True,True,0.6318493,0.4625,184.0,399.0,False
d:\Research\Multi-View Fusion Network\datasets\brisc2025\classification_task\test\pituitary\brisc2025_test_00806_pi_ax_t1.jpg,pituitary,pituitary,axial,0.028295003,0.029230347,0.913945,0.028529504,0.913945,True,True,0.91161615,0.837963,184.0,211.0,False
d:\Research\Multi-View Fusion Network\datasets\brisc2025\classification_task\test\pituitary\brisc2025_test_00807_pi_ax_t1.jpg,pituitary,pituitary,axial,0.028548924,0.031309254,0.91104054,0.029101253,0.91104054,True,True,0.92261183,0.85650223,436.0,390.0,False
d:\Research\Multi-View Fusion Network\datasets\brisc2025\classification_task\test\pituitary\brisc2025_test_00808_pi_ax_t1.jpg,pituitary,pituitary,axial,0.028852222,0.031242104,0.9100579,0.029847734,0.9100579,True,True,0.93119264,0.87142855,331.0,322.0,False
d:\Research\Multi-View Fusion Network\datasets\brisc2025\classification_task\test\pituitary\brisc2025_test_00809_pi_ax_t1.jpg,pituitary,pituitary,axial,0.029295415,0.030509058,0.91095823,0.029237375,0.91095823,True,True,0.92532855,0.8611111,851.0,822.0,False
d:\Research\Multi-View Fusion Network\datasets\brisc2025\classification_task\test\pituitary\brisc2025_test_00810_pi_ax_t1.jpg,pituitary,pituitary,axial,0.029139064,0.028040405,0.9140312,0.02878926,0.9140312,True,True,0.9550691,0.9140969,432.0,435.0,False
d:\Research\Multi-View Fusion Network\datasets\brisc2025\classification_task\test\pituitary\brisc2025_test_00811_pi_ax_t1.jpg,pituitary,pituitary,axial,0.029016964,0.030267999,0.91173,0.028985027,0.91173,True,True,0.8369803,0.7199248,413.0,500.0,False
d:\Research\Multi-View Fusion Network\datasets\brisc2025\classification_task\test\pituitary\brisc2025_test_00812_pi_ax_t1.jpg,pituitary,pituitary,axial,0.02883915,0.034669027,0.9064125,0.030079393,0.9064125,True,True,0.9423631,0.8913044,177.0,169.0,False
d:\Research\Multi-View Fusion Network\datasets\brisc2025\classification_task\test\pituitary\brisc2025_test_00813_pi_ax_t1.jpg,pituitary,pituitary,axial,0.028742326,0.031100545,0.91006124,0.030095829,0.91006124,True,True,0.30548304,0.18153846,323.0,59.0,False
d:\Research\Multi-View Fusion Network\datasets\brisc2025\classification_task\test\pituitary\brisc2025_test_00814_pi_ax_t1.jpg,pituitary,pituitary,axial,0.028370252,0.029673629,0.913454,0.028502187,0.913454,True,True,0.9084668,0.832636,207.0,229.0,False
d:\Research\Multi-View Fusion Network\datasets\brisc2025\classification_task\test\pituitary\brisc2025_test_00815_pi_ax_t1.jpg,pituitary,pituitary,axial,0.02826622,0.029985122,0.91321564,0.028532935,0.91321564,True,True,0.5520231,0.38247013,110.0,235.0,False
d:\Research\Multi-View Fusion Network\datasets\brisc2025\classification_task\test\pituitary\brisc2025_test_00816_pi_ax_t1.jpg,pituitary,pituitary,axial,0.028658433,0.029265512,0.91370296,0.028373126,0.91370296,True,True,0.83441556,0.716141,391.0,532.0,False
d:\Research\Multi-View Fusion Network\datasets\brisc2025\classification_task\test\pituitary\brisc2025_test_00817_pi_ax_t1.jpg,pituitary,pituitary,axial,0.02902729,0.029133901,0.9125241,0.029314658,0.9125241,True,True,0.94588745,0.897541,227.0,234.0,False
d:\Research\Multi-View Fusion Network\datasets\brisc2025\classification_task\test\pituitary\brisc2025_test_00818_pi_ax_t1.jpg,pituitary,pituitary,axial,0.028397098,0.029612318,0.9129957,0.028994858,0.9129957,True,True,0.9486692,0.9025271,265.0,260.0,False
d:\Research\Multi-View Fusion Network\datasets\brisc2025\classification_task\test\pituitary\brisc2025_test_00819_pi_ax_t1.jpg,pituitary,pituitary,axial,0.028440015,0.029222682,0.9134049,0.028932389,0.9134049,True,True,0.83583105,0.7181287,633.0,834.0,False
d:\Research\Multi-View Fusion Network\datasets\brisc2025\classification_task\test\pituitary\brisc2025_test_00820_pi_ax_t1.jpg,pituitary,pituitary,axial,0.028813614,0.031170383,0.9105274,0.029488655,0.9105274,True,True,0.7184874,0.5620915,146.0,91.0,False
d:\Research\Multi-View Fusion Network\datasets\brisc2025\classification_task\test\pituitary\brisc2025_test_00821_pi_ax_t1.jpg,pituitary,pituitary,axial,0.028428564,0.029646585,0.9128557,0.029069148,0.9128557,True,True,0.9858223,0.97206706,526.0,531.0,False
d:\Research\Multi-View Fusion Network\datasets\brisc2025\classification_task\test\pituitary\brisc2025_test_00822_pi_ax_t1.jpg,pituitary,pituitary,axial,0.029691564,0.031889327,0.90875643,0.02966269,0.90875643,True,True,0.965847,0.9340369,362.0,369.0,False
d:\Research\Multi-View Fusion Network\datasets\brisc2025\classification_task\test\pituitary\brisc2025_test_00823_pi_ax_t1.jpg,pituitary,pituitary,axial,0.02851832,0.028758077,0.9143252,0.028398447,0.9143252,True,True,0.9640933,0.93079585,277.0,279.0,False
d:\Research\Multi-View Fusion Network\datasets\brisc2025\classification_task\test\pituitary\brisc2025_test_00824_pi_ax_t1.jpg,pituitary,pituitary,axial,0.028849477,0.029019441,0.9135101,0.02862101,0.9135101,True,True,0.8271605,0.7057057,292.0,274.0,False
d:\Research\Multi-View Fusion Network\datasets\brisc2025\classification_task\test\pituitary\brisc2025_test_00825_pi_co_t1.jpg,pituitary,pituitary,coronal,0.029796146,0.029099368,0.9122164,0.028888073,0.9122164,True,True,0.9514047,0.9073806,671.0,645.0,False
d:\Research\Multi-View Fusion Network\datasets\brisc2025\classification_task\test\pituitary\brisc2025_test_00826_pi_co_t1.jpg,pituitary,meningioma,coronal,0.032194152,0.82915276,0.10758822,0.03106487,0.82915276,False,True,0.9271992,0.86440676,475.0,513.0,False
d:\Research\Multi-View Fusion Network\datasets\brisc2025\classification_task\test\pituitary\brisc2025_test_00827_pi_co_t1.jpg,pituitary,pituitary,coronal,0.029513469,0.028931228,0.912485,0.02907019,0.912485,True,True,0.9379699,0.8833922,265.0,266.0,False
d:\Research\Multi-View Fusion Network\datasets\brisc2025\classification_task\test\pituitary\brisc2025_test_00828_pi_co_t1.jpg,pituitary,pituitary,coronal,0.029128322,0.029502666,0.91220105,0.029168056,0.91220105,True,True,0.93330485,0.875,1132.0,1206.0,False
d:\Research\Multi-View Fusion Network\datasets\brisc2025\classification_task\test\pituitary\brisc2025_test_00829_pi_co_t1.jpg,pituitary,pituitary,coronal,0.02874255,0.028252477,0.9144643,0.028540568,0.9144643,True,True,0.9280914,0.86591476,695.0,792.0,False
d:\Research\Multi-View Fusion Network\datasets\brisc2025\classification_task\test\pituitary\brisc2025_test_00830_pi_co_t1.jpg,pituitary,pituitary,coronal,0.029248366,0.029023718,0.9123862,0.0293417,0.9123862,True,True,0.8516624,0.74222225,212.0,178.0,False
d:\Research\Multi-View Fusion Network\datasets\brisc2025\classification_task\test\pituitary\brisc2025_test_00831_pi_co_t1.jpg,pituitary,pituitary,coronal,0.029116942,0.028738344,0.9125254,0.029619386,0.9125254,True,True,0.89540815,0.8110599,211.0,180.0,False
d:\Research\Multi-View Fusion Network\datasets\brisc2025\classification_task\test\pituitary\brisc2025_test_00832_pi_co_t1.jpg,pituitary,pituitary,coronal,0.029201958,0.028582605,0.91361207,0.028603295,0.91361207,True,True,0.9341917,0.8766756,353.0,345.0,False
d:\Research\Multi-View Fusion Network\datasets\brisc2025\classification_task\test\pituitary\brisc2025_test_00833_pi_co_t1.jpg,pituitary,pituitary,coronal,0.029446358,0.028317392,0.9128442,0.029392118,0.9128442,True,True,0.9083527,0.83227175,401.0,460.0,False
d:\Research\Multi-View Fusion Network\datasets\brisc2025\classification_task\test\pituitary\brisc2025_test_00834_pi_co_t1.jpg,pituitary,pituitary,coronal,0.028464621,0.029005839,0.913927,0.028602427,0.913927,True,True,0.9657738,0.9338447,994.0,1021.0,False
d:\Research\Multi-View Fusion Network\datasets\brisc2025\classification_task\test\pituitary\brisc2025_test_00835_pi_co_t1.jpg,pituitary,pituitary,coronal,0.029552348,0.031735905,0.9092016,0.029510109,0.9092016,True,True,0.7716325,0.628447,461.0,659.0,False
d:\Research\Multi-View Fusion Network\datasets\brisc2025\classification_task\test\pituitary\brisc2025_test_00836_pi_co_t1.jpg,pituitary,pituitary,coronal,0.029000383,0.030658783,0.9109677,0.029373057,0.9109677,True,True,0.4957627,0.32995495,834.0,345.0,False
d:\Research\Multi-View Fusion Network\datasets\brisc2025\classification_task\test\pituitary\brisc2025_test_00837_pi_co_t1.jpg,pituitary,pituitary,coronal,0.029673878,0.031431135,0.9096026,0.029292366,0.9096026,True,True,0.9227431,0.8566828,583.0,568.0,False
d:\Research\Multi-View Fusion Network\datasets\brisc2025\classification_task\test\pituitary\brisc2025_test_00838_pi_co_t1.jpg,pituitary,pituitary,coronal,0.02903719,0.028892558,0.91301644,0.029053772,0.91301644,True,True,0.4111675,0.2611465,40.0,156.0,False
d:\Research\Multi-View Fusion Network\datasets\brisc2025\classification_task\test\pituitary\brisc2025_test_00839_pi_co_t1.jpg,pituitary,pituitary,coronal,0.02827653,0.028375374,0.9147496,0.028598497,0.9147496,True,True,0.8760218,0.779661,401.0,332.0,False
d:\Research\Multi-View Fusion Network\datasets\brisc2025\classification_task\test\pituitary\brisc2025_test_00840_pi_co_t1.jpg,pituitary,pituitary,coronal,0.029087573,0.028510133,0.91326654,0.029135754,0.91326654,True,True,0.8746291,0.7773386,691.0,656.0,False
d:\Research\Multi-View Fusion Network\datasets\brisc2025\classification_task\test\pituitary\brisc2025_test_00841_pi_co_t1.jpg,pituitary,pituitary,coronal,0.029677592,0.02944539,0.91171473,0.02916229,0.91171473,True,True,0.9165517,0.846056,770.0,679.0,False
d:\Research\Multi-View Fusion Network\datasets\brisc2025\classification_task\test\pituitary\brisc2025_test_00842_pi_co_t1.jpg,pituitary,pituitary,coronal,0.028870584,0.029437017,0.91198325,0.029709041,0.91198325,True,True,0.5635708,0.3927227,337.0,771.0,False
d:\Research\Multi-View Fusion Network\datasets\brisc2025\classification_task\test\pituitary\brisc2025_test_00843_pi_co_t1.jpg,pituitary,pituitary,coronal,0.028922783,0.028572155,0.9136892,0.028815905,0.9136892,True,True,0.5380914,0.36842105,375.0,871.0,False
d:\Research\Multi-View Fusion Network\datasets\brisc2025\classification_task\test\pituitary\brisc2025_test_00844_pi_co_t1.jpg,pituitary,pituitary,coronal,0.030019764,0.028442131,0.9126229,0.028915215,0.9126229,True,True,0.88095236,0.7874307,432.0,533.0,False
d:\Research\Multi-View Fusion Network\datasets\brisc2025\classification_task\test\pituitary\brisc2025_test_00845_pi_co_t1.jpg,pituitary,pituitary,coronal,0.03153937,0.029979153,0.9098614,0.0286201,0.9098614,True,True,0.9215054,0.85458165,444.0,485.0,False
d:\Research\Multi-View Fusion Network\datasets\brisc2025\classification_task\test\pituitary\brisc2025_test_00846_pi_co_t1.jpg,pituitary,pituitary,coronal,0.03012688,0.030201532,0.91076964,0.028901994,0.91076964,True,True,0.8443299,0.73083776,410.0,559.0,False
d:\Research\Multi-View Fusion Network\datasets\brisc2025\classification_task\test\pituitary\brisc2025_test_00847_pi_co_t1.jpg,pituitary,pituitary,coronal,0.02938386,0.028511694,0.9132391,0.02886538,0.9132391,True,True,0.68685925,0.52340424,375.0,697.0,False
d:\Research\Multi-View Fusion Network\datasets\brisc2025\classification_task\test\pituitary\brisc2025_test_00848_pi_co_t1.jpg,pituitary,pituitary,coronal,0.029379554,0.029395247,0.912407,0.028818186,0.912407,True,True,0.8807811,0.787156,475.0,497.0,False
d:\Research\Multi-View Fusion Network\datasets\brisc2025\classification_task\test\pituitary\brisc2025_test_00849_pi_co_t1.jpg,pituitary,pituitary,coronal,0.029270183,0.029315662,0.912341,0.029073056,0.912341,True,True,0.88675797,0.79672134,502.0,592.0,False
d:\Research\Multi-View Fusion Network\datasets\brisc2025\classification_task\test\pituitary\brisc2025_test_00850_pi_co_t1.jpg,pituitary,pituitary,coronal,0.02868576,0.02752305,0.9154777,0.028313546,0.9154777,True,True,0.9017433,0.82132566,301.0,329.0,False
d:\Research\Multi-View Fusion Network\datasets\brisc2025\classification_task\test\pituitary\brisc2025_test_00851_pi_co_t1.jpg,pituitary,pituitary,coronal,0.028941453,0.028438332,0.9133226,0.029297564,0.9133226,True,True,0.8019802,0.6696697,629.0,481.0,False
d:\Research\Multi-View Fusion Network\datasets\brisc2025\classification_task\test\pituitary\brisc2025_test_00852_pi_co_t1.jpg,pituitary,pituitary,coronal,0.030008318,0.02872895,0.9123042,0.028958423,0.9123042,True,True,0.92138064,0.8543517,533.0,509.0,False
d:\Research\Multi-View Fusion Network\datasets\brisc2025\classification_task\test\pituitary\brisc2025_test_00853_pi_co_t1.jpg,pituitary,pituitary,coronal,0.029062068,0.029249242,0.9131263,0.028562464,0.9131263,True,True,0.92795616,0.86569345,616.0,660.0,False
d:\Research\Multi-View Fusion Network\datasets\brisc2025\classification_task\test\pituitary\brisc2025_test_00854_pi_co_t1.jpg,pituitary,pituitary,coronal,0.029202076,0.029331787,0.91238034,0.029085796,0.91238034,True,True,0.7537358,0.6049856,631.0,1041.0,False
d:\Research\Multi-View Fusion Network\datasets\brisc2025\classification_task\test\pituitary\brisc2025_test_00855_pi_co_t1.jpg,pituitary,pituitary,coronal,0.028767996,0.028699756,0.9139305,0.028601702,0.9139305,True,True,0.8142857,0.6871658,297.0,332.0,False
d:\Research\Multi-View Fusion Network\datasets\brisc2025\classification_task\test\pituitary\brisc2025_test_00856_pi_co_t1.jpg,pituitary,pituitary,coronal,0.02915138,0.030019853,0.91153926,0.029289523,0.91153926,True,True,0.97761905,0.9562384,1040.0,1059.0,False
d:\Research\Multi-View Fusion Network\datasets\brisc2025\classification_task\test\pituitary\brisc2025_test_00857_pi_co_t1.jpg,pituitary,pituitary,coronal,0.029189548,0.030576179,0.91090906,0.029325174,0.91090906,True,True,0.9592834,0.921875,302.0,311.0,False
d:\Research\Multi-View Fusion Network\datasets\brisc2025\classification_task\test\pituitary\brisc2025_test_00858_pi_co_t1.jpg,pituitary,pituitary,coronal,0.029352443,0.029278943,0.91216075,0.029207904,0.91216075,True,True,0.9401114,0.8871391,357.0,360.0,False
d:\Research\Multi-View Fusion Network\datasets\brisc2025\classification_task\test\pituitary\brisc2025_test_00859_pi_co_t1.jpg,pituitary,pituitary,coronal,0.028876854,0.030024253,0.9119087,0.029190205,0.9119087,True,True,0.9082898,0.8320383,1473.0,1590.0,False
d:\Research\Multi-View Fusion Network\datasets\brisc2025\classification_task\test\pituitary\brisc2025_test_00860_pi_co_t1.jpg,pituitary,pituitary,coronal,0.028949736,0.028442916,0.9140333,0.028574098,0.9140333,True,True,0.96426207,0.9310345,754.0,756.0,False
d:\Research\Multi-View Fusion Network\datasets\brisc2025\classification_task\test\pituitary\brisc2025_test_00861_pi_co_t1.jpg,pituitary,pituitary,coronal,0.02966153,0.028956294,0.9125538,0.02882841,0.9125538,True,True,0.9356913,0.87922704,757.0,797.0,False
d:\Research\Multi-View Fusion Network\datasets\brisc2025\classification_task\test\pituitary\brisc2025_test_00862_pi_co_t1.jpg,pituitary,pituitary,coronal,0.029469159,0.029784648,0.9113715,0.029374713,0.9113715,True,True,0.7991453,0.6657184,547.0,622.0,False
d:\Research\Multi-View Fusion Network\datasets\brisc2025\classification_task\test\pituitary\brisc2025_test_00863_pi_co_t1.jpg,pituitary,pituitary,coronal,0.029212039,0.02960332,0.9122135,0.028971102,0.9122135,True,True,0.7918149,0.65588236,303.0,258.0,False
d:\Research\Multi-View Fusion Network\datasets\brisc2025\classification_task\test\pituitary\brisc2025_test_00864_pi_co_t1.jpg,pituitary,pituitary,coronal,0.028559586,0.028897004,0.9131826,0.029360801,0.9131826,True,True,0.78664494,0.6487936,336.0,277.0,False
d:\Research\Multi-View Fusion Network\datasets\brisc2025\classification_task\test\pituitary\brisc2025_test_00865_pi_co_t1.jpg,pituitary,pituitary,coronal,0.029039469,0.029178495,0.9129326,0.028849443,0.9129326,True,True,0.9233871,0.8578554,359.0,384.0,False
d:\Research\Multi-View Fusion Network\datasets\brisc2025\classification_task\test\pituitary\brisc2025_test_00866_pi_co_t1.jpg,pituitary,pituitary,coronal,0.029660106,0.028036933,0.9131411,0.029161857,0.9131411,True,True,0.9162844,0.845666,423.0,448.0,False
d:\Research\Multi-View Fusion Network\datasets\brisc2025\classification_task\test\pituitary\brisc2025_test_00867_pi_co_t1.jpg,pituitary,pituitary,coronal,0.028926091,0.028623752,0.91360503,0.02884508,0.91360503,True,True,0.8083004,0.678808,218.0,287.0,False
d:\Research\Multi-View Fusion Network\datasets\brisc2025\classification_task\test\pituitary\brisc2025_test_00868_pi_co_t1.jpg,pituitary,pituitary,coronal,0.02966272,0.028790925,0.9122584,0.029287983,0.9122584,True,True,0.9029374,0.82325584,410.0,372.0,False
d:\Research\Multi-View Fusion Network\datasets\brisc2025\classification_task\test\pituitary\brisc2025_test_00869_pi_co_t1.jpg,pituitary,pituitary,coronal,0.029265106,0.029004434,0.9129284,0.028802019,0.9129284,True,True,0.92336875,0.8577465,655.0,662.0,False
d:\Research\Multi-View Fusion Network\datasets\brisc2025\classification_task\test\pituitary\brisc2025_test_00870_pi_co_t1.jpg,pituitary,pituitary,coronal,0.02914665,0.030810332,0.9108772,0.029165894,0.9108772,True,True,0.9657339,0.9337748,862.0,888.0,False
d:\Research\Multi-View Fusion Network\datasets\brisc2025\classification_task\test\pituitary\brisc2025_test_00871_pi_co_t1.jpg,pituitary,pituitary,coronal,0.02901742,0.029369352,0.91289914,0.028714184,0.91289914,True,True,0.97225434,0.946027,1287.0,1307.0,False
d:\Research\Multi-View Fusion Network\datasets\brisc2025\classification_task\test\pituitary\brisc2025_test_00872_pi_co_t1.jpg,pituitary,pituitary,coronal,0.028607804,0.031824652,0.910391,0.029176597,0.910391,True,True,0.8357536,0.7179708,873.0,1123.0,False
d:\Research\Multi-View Fusion Network\datasets\brisc2025\classification_task\test\pituitary\brisc2025_test_00873_pi_co_t1.jpg,pituitary,pituitary,coronal,0.029655946,0.03024528,0.9106318,0.029466968,0.9106318,True,True,0.761661,0.6152433,1058.0,699.0,False
d:\Research\Multi-View Fusion Network\datasets\brisc2025\classification_task\test\pituitary\brisc2025_test_00874_pi_co_t1.jpg,pituitary,pituitary,coronal,0.029289577,0.030036554,0.9116968,0.028977048,0.9116968,True,True,0.9423329,0.8910891,379.0,383.0,False
d:\Research\Multi-View Fusion Network\datasets\brisc2025\classification_task\test\pituitary\brisc2025_test_00875_pi_co_t1.jpg,pituitary,pituitary,coronal,0.029169314,0.029423436,0.9124457,0.028961536,0.9124457,True,True,0.9612326,0.92543024,512.0,493.0,False
d:\Research\Multi-View Fusion Network\datasets\brisc2025\classification_task\test\pituitary\brisc2025_test_00876_pi_co_t1.jpg,pituitary,pituitary,coronal,0.029587543,0.028389938,0.9123075,0.02971499,0.9123075,True,True,0.68261963,0.519084,165.0,231.0,False
d:\Research\Multi-View Fusion Network\datasets\brisc2025\classification_task\test\pituitary\brisc2025_test_00877_pi_co_t1.jpg,pituitary,pituitary,coronal,0.028820107,0.028924512,0.9132509,0.029004525,0.9132509,True,True,0.9236111,0.8581349,920.0,951.0,False
d:\Research\Multi-View Fusion Network\datasets\brisc2025\classification_task\test\pituitary\brisc2025_test_00878_pi_co_t1.jpg,pituitary,pituitary,coronal,0.029539395,0.029257577,0.91160816,0.029594876,0.91160816,True,True,0.8655462,0.7631579,581.0,489.0,False
d:\Research\Multi-View Fusion Network\datasets\brisc2025\classification_task\test\pituitary\brisc2025_test_00879_pi_co_t1.jpg,pituitary,pituitary,coronal,0.029045884,0.028341528,0.9139361,0.028676523,0.9139361,True,True,0.8472998,0.7354839,281.0,255.0,False
d:\Research\Multi-View Fusion Network\datasets\brisc2025\classification_task\test\pituitary\brisc2025_test_00880_pi_co_t1.jpg,pituitary,pituitary,coronal,0.029012963,0.028444124,0.91375,0.02879292,0.91375,True,True,0.5202885,0.35200974,345.0,763.0,False
d:\Research\Multi-View Fusion Network\datasets\brisc2025\classification_task\test\pituitary\brisc2025_test_00881_pi_co_t1.jpg,pituitary,pituitary,coronal,0.029830685,0.0286895,0.9125438,0.028936028,0.9125438,True,True,0.9811912,0.9630845,2420.0,2364.0,False
d:\Research\Multi-View Fusion Network\datasets\brisc2025\classification_task\test\pituitary\brisc2025_test_00882_pi_co_t1.jpg,pituitary,pituitary,coronal,0.028578317,0.027934248,0.91462773,0.028859682,0.91462773,True,True,0.8824921,0.7898449,646.0,621.0,False
d:\Research\Multi-View Fusion Network\datasets\brisc2025\classification_task\test\pituitary\brisc2025_test_00883_pi_co_t1.jpg,pituitary,pituitary,coronal,0.02864219,0.029445529,0.91267335,0.029238902,0.91267335,True,True,0.84073764,0.7254335,666.0,526.0,False
d:\Research\Multi-View Fusion Network\datasets\brisc2025\classification_task\test\pituitary\brisc2025_test_00884_pi_co_t1.jpg,pituitary,pituitary,coronal,0.029346272,0.029689522,0.91164947,0.029314749,0.91164947,True,True,0.9227079,0.85657763,992.0,883.0,False
d:\Research\Multi-View Fusion Network\datasets\brisc2025\classification_task\test\pituitary\brisc2025_test_00885_pi_co_t1.jpg,pituitary,pituitary,coronal,0.029706115,0.029161816,0.91146934,0.029662745,0.91146934,True,True,0.8842756,0.7927215,612.0,519.0,False
d:\Research\Multi-View Fusion Network\datasets\brisc2025\classification_task\test\pituitary\brisc2025_test_00886_pi_co_t1.jpg,pituitary,pituitary,coronal,0.029084746,0.028668996,0.9129621,0.029284103,0.9129621,True,True,0.7393617,0.5882353,79.0,108.0,False
d:\Research\Multi-View Fusion Network\datasets\brisc2025\classification_task\test\pituitary\brisc2025_test_00887_pi_co_t1.jpg,pituitary,pituitary,coronal,0.029119182,0.028666634,0.91328084,0.02893333,0.91328084,True,True,0.96761656,0.93734336,387.0,384.0,False
d:\Research\Multi-View Fusion Network\datasets\brisc2025\classification_task\test\pituitary\brisc2025_test_00888_pi_co_t1.jpg,pituitary,pituitary,coronal,0.028569948,0.028305957,0.91391575,0.029208219,0.91391575,True,True,0.75272727,0.60465115,103.0,171.0,False
d:\Research\Multi-View Fusion Network\datasets\brisc2025\classification_task\test\pituitary\brisc2025_test_00889_pi_co_t1.jpg,pituitary,pituitary,coronal,0.02916529,0.028704386,0.91304505,0.02908526,0.91304505,True,True,0.9369919,0.8816794,233.0,258.0,False
d:\Research\Multi-View Fusion Network\datasets\brisc2025\classification_task\test\pituitary\brisc2025_test_00890_pi_co_t1.jpg,pituitary,pituitary,coronal,0.031183844,0.029898379,0.9097506,0.02916719,0.9097506,True,True,0.8630573,0.75977653,144.0,169.0,False
d:\Research\Multi-View Fusion Network\datasets\brisc2025\classification_task\test\pituitary\brisc2025_test_00891_pi_co_t1.jpg,pituitary,pituitary,coronal,0.029451165,0.029282289,0.9124408,0.028825834,0.9124408,True,True,0.9657483,0.933813,684.0,658.0,False
d:\Research\Multi-View Fusion Network\datasets\brisc2025\classification_task\test\pituitary\brisc2025_test_00892_pi_co_t1.jpg,pituitary,pituitary,coronal,0.029219251,0.028489595,0.9134028,0.02888836,0.9134028,True,True,0.83986175,0.7242063,406.0,461.0,False
d:\Research\Multi-View Fusion Network\datasets\brisc2025\classification_task\test\pituitary\brisc2025_test_00893_pi_co_t1.jpg,pituitary,pituitary,coronal,0.029425893,0.029731069,0.9111656,0.029677432,0.9111656,True,True,0.90103495,0.82,761.0,784.0,False
d:\Research\Multi-View Fusion Network\datasets\brisc2025\classification_task\test\pituitary\brisc2025_test_00894_pi_co_t1.jpg,pituitary,pituitary,coronal,0.028908657,0.02844451,0.9139045,0.028742243,0.9139045,True,True,0.92231333,0.85588473,1248.0,1068.0,False
d:\Research\Multi-View Fusion Network\datasets\brisc2025\classification_task\test\pituitary\brisc2025_test_00895_pi_co_t1.jpg,pituitary,pituitary,coronal,0.028838435,0.027731096,0.9145047,0.028925816,0.9145047,True,True,0.93073595,0.87061995,332.0,360.0,False
d:\Research\Multi-View Fusion Network\datasets\brisc2025\classification_task\test\pituitary\brisc2025_test_00896_pi_co_t1.jpg,pituitary,pituitary,coronal,0.028795311,0.028295184,0.9143092,0.028600298,0.9143092,True,True,0.92399496,0.8588098,829.0,762.0,False
d:\Research\Multi-View Fusion Network\datasets\brisc2025\classification_task\test\pituitary\brisc2025_test_00897_pi_co_t1.jpg,pituitary,pituitary,coronal,0.028886274,0.029537492,0.91279846,0.028777659,0.91279846,True,True,0.9083601,0.83235294,318.0,303.0,False
d:\Research\Multi-View Fusion Network\datasets\brisc2025\classification_task\test\pituitary\brisc2025_test_00898_pi_co_t1.jpg,pituitary,pituitary,coronal,0.02904126,0.029390816,0.91254735,0.029020578,0.91254735,True,True,0.95009786,0.9050279,522.0,499.0,False
d:\Research\Multi-View Fusion Network\datasets\brisc2025\classification_task\test\pituitary\brisc2025_test_00899_pi_co_t1.jpg,pituitary,pituitary,coronal,0.028822428,0.02888752,0.9129922,0.029297758,0.9129922,True,True,0.85404336,0.7457045,238.0,268.0,False
d:\Research\Multi-View Fusion Network\datasets\brisc2025\classification_task\test\pituitary\brisc2025_test_00900_pi_co_t1.jpg,pituitary,pituitary,coronal,0.029502181,0.029098472,0.9124981,0.028901266,0.9124981,True,True,0.90215826,0.82198954,345.0,349.0,False
d:\Research\Multi-View Fusion Network\datasets\brisc2025\classification_task\test\pituitary\brisc2025_test_00901_pi_co_t1.jpg,pituitary,pituitary,coronal,0.028908778,0.030143194,0.9123195,0.028628502,0.9123195,True,True,0.95430315,0.91266376,678.0,634.0,False
d:\Research\Multi-View Fusion Network\datasets\brisc2025\classification_task\test\pituitary\brisc2025_test_00902_pi_co_t1.jpg,pituitary,pituitary,coronal,0.03031426,0.02993948,0.90991664,0.029829636,0.90991664,True,True,0.96255505,0.9279661,230.0,223.0,False
d:\Research\Multi-View Fusion Network\datasets\brisc2025\classification_task\test\pituitary\brisc2025_test_00903_pi_co_t1.jpg,pituitary,pituitary,coronal,0.031144353,0.031831685,0.90704715,0.029976778,0.90704715,True,True,0.6301075,0.46081504,153.0,311.0,False
d:\Research\Multi-View Fusion Network\datasets\brisc2025\classification_task\test\pituitary\brisc2025_test_00904_pi_co_t1.jpg,pituitary,pituitary,coronal,0.029538661,0.029293844,0.911695,0.029472422,0.911695,True,True,0.96728015,0.9366516,1678.0,1744.0,False
d:\Research\Multi-View Fusion Network\datasets\brisc2025\classification_task\test\pituitary\brisc2025_test_00905_pi_co_t1.jpg,pituitary,pituitary,coronal,0.029375395,0.02969661,0.9117421,0.029185966,0.9117421,True,True,0.76464844,0.6192733,591.0,432.0,False
d:\Research\Multi-View Fusion Network\datasets\brisc2025\classification_task\test\pituitary\brisc2025_test_00906_pi_co_t1.jpg,pituitary,pituitary,coronal,0.029807646,0.028853893,0.91217244,0.029166019,0.91217244,True,True,0.9671403,0.9364261,561.0,564.0,False
d:\Research\Multi-View Fusion Network\datasets\brisc2025\classification_task\test\pituitary\brisc2025_test_00907_pi_co_t1.jpg,pituitary,pituitary,coronal,0.02936457,0.02938905,0.9121815,0.029064804,0.9121815,True,True,0.94506866,0.89589906,1185.0,1217.0,False
d:\Research\Multi-View Fusion Network\datasets\brisc2025\classification_task\test\pituitary\brisc2025_test_00908_pi_co_t1.jpg,pituitary,pituitary,coronal,0.029163755,0.028557269,0.91361475,0.028664216,0.91361475,True,True,0.9655377,0.93340987,856.0,826.0,False
d:\Research\Multi-View Fusion Network\datasets\brisc2025\classification_task\test\pituitary\brisc2025_test_00909_pi_co_t1.jpg,pituitary,pituitary,coronal,0.029400278,0.029599674,0.91200984,0.028990224,0.91200984,True,True,0.92245555,0.8562874,292.0,326.0,False
d:\Research\Multi-View Fusion Network\datasets\brisc2025\classification_task\test\pituitary\brisc2025_test_00910_pi_co_t1.jpg,pituitary,pituitary,coronal,0.028329395,0.028660376,0.91386163,0.029148607,0.91386163,True,True,0.170441,0.09375,400.0,438.0,False
d:\Research\Multi-View Fusion Network\datasets\brisc2025\classification_task\test\pituitary\brisc2025_test_00911_pi_co_t1.jpg,pituitary,pituitary,coronal,0.029057626,0.028112026,0.91406244,0.028767915,0.91406244,True,True,0.89299613,0.80701756,271.0,242.0,False
d:\Research\Multi-View Fusion Network\datasets\brisc2025\classification_task\test\pituitary\brisc2025_test_00912_pi_co_t1.jpg,pituitary,pituitary,coronal,0.028743017,0.029244998,0.91328853,0.028723529,0.91328853,True,True,0.9205527,0.85303515,277.0,301.0,False
d:\Research\Multi-View Fusion Network\datasets\brisc2025\classification_task\test\pituitary\brisc2025_test_00913_pi_co_t1.jpg,pituitary,pituitary,coronal,0.029172631,0.029311126,0.91269845,0.0288177,0.91269845,True,True,0.9505868,0.90588236,780.0,838.0,False
d:\Research\Multi-View Fusion Network\datasets\brisc2025\classification_task\test\pituitary\brisc2025_test_00914_pi_co_t1.jpg,pituitary,pituitary,coronal,0.029229589,0.029599216,0.9122915,0.028879682,0.9122915,True,True,0.8941262,0.8086501,634.0,744.0,False
d:\Research\Multi-View Fusion Network\datasets\brisc2025\classification_task\test\pituitary\brisc2025_test_00915_pi_sa_t1.jpg,pituitary,pituitary,sagittal,0.028902853,0.028739883,0.91333216,0.029025054,0.91333216,True,True,0.91041666,0.83587784,239.0,240.0,False
d:\Research\Multi-View Fusion Network\datasets\brisc2025\classification_task\test\pituitary\brisc2025_test_00916_pi_sa_t1.jpg,pituitary,pituitary,sagittal,0.029333413,0.028866837,0.9127501,0.02904966,0.9127501,True,True,0.92150706,0.85465115,335.0,301.0,False
d:\Research\Multi-View Fusion Network\datasets\brisc2025\classification_task\test\pituitary\brisc2025_test_00917_pi_sa_t1.jpg,pituitary,pituitary,sagittal,0.028801776,0.028810024,0.9138798,0.028508369,0.9138798,True,True,0.9359673,0.8797954,377.0,356.0,False
d:\Research\Multi-View Fusion Network\datasets\brisc2025\classification_task\test\pituitary\brisc2025_test_00918_pi_sa_t1.jpg,pituitary,pituitary,sagittal,0.02809511,0.027665703,0.9160997,0.028139535,0.9160997,True,True,0.9366516,0.88135594,111.0,109.0,False
d:\Research\Multi-View Fusion Network\datasets\brisc2025\classification_task\test\pituitary\brisc2025_test_00919_pi_sa_t1.jpg,pituitary,pituitary,sagittal,0.029189967,0.029332547,0.9127725,0.028705038,0.9127725,True,True,0.8420108,0.7275542,253.0,303.0,False
d:\Research\Multi-View Fusion Network\datasets\brisc2025\classification_task\test\pituitary\brisc2025_test_00920_pi_sa_t1.jpg,pituitary,pituitary,sagittal,0.028729865,0.028866636,0.9141014,0.028302085,0.9141014,True,True,0.9554455,0.9147497,684.0,729.0,False
d:\Research\Multi-View Fusion Network\datasets\brisc2025\classification_task\test\pituitary\brisc2025_test_00921_pi_sa_t1.jpg,pituitary,pituitary,sagittal,0.029265203,0.028232304,0.91335034,0.029152188,0.91335034,True,True,0.9425208,0.89136124,729.0,714.0,False
d:\Research\Multi-View Fusion Network\datasets\brisc2025\classification_task\test\pituitary\brisc2025_test_00922_pi_sa_t1.jpg,pituitary,pituitary,sagittal,0.028881043,0.027869387,0.9145284,0.028721172,0.9145284,True,True,0.97192794,0.9454171,936.0,951.0,False
d:\Research\Multi-View Fusion Network\datasets\brisc2025\classification_task\test\pituitary\brisc2025_test_00923_pi_sa_t1.jpg,pituitary,pituitary,sagittal,0.029640134,0.028685242,0.91230845,0.029366154,0.91230845,True,True,0.9405941,0.8879668,455.0,453.0,False
d:\Research\Multi-View Fusion Network\datasets\brisc2025\classification_task\test\pituitary\brisc2025_test_00924_pi_sa_t1.jpg,pituitary,pituitary,sagittal,0.029509623,0.028457472,0.91280633,0.029226562,0.91280633,True,True,0.9498747,0.9047619,200.0,198.0,False
d:\Research\Multi-View Fusion Network\datasets\brisc2025\classification_task\test\pituitary\brisc2025_test_00925_pi_sa_t1.jpg,pituitary,pituitary,sagittal,0.028780939,0.028059572,0.91454077,0.028618662,0.91454077,True,True,0.9790244,0.95893025,1015.0,1034.0,False
d:\Research\Multi-View Fusion Network\datasets\brisc2025\classification_task\test\pituitary\brisc2025_test_00926_pi_sa_t1.jpg,pituitary,pituitary,sagittal,0.02949975,0.028045507,0.91289234,0.029562447,0.91289234,True,True,0.85037404,0.74025977,226.0,174.0,False
d:\Research\Multi-View Fusion Network\datasets\brisc2025\classification_task\test\pituitary\brisc2025_test_00927_pi_sa_t1.jpg,pituitary,pituitary,sagittal,0.029015455,0.027860804,0.91399336,0.029130438,0.91399336,True,True,0.9465371,0.8986175,411.0,411.0,False
d:\Research\Multi-View Fusion Network\datasets\brisc2025\classification_task\test\pituitary\brisc2025_test_00928_pi_sa_t1.jpg,pituitary,pituitary,sagittal,0.029568959,0.028405556,0.9128096,0.029215932,0.9128096,True,True,0.90180033,0.8214286,302.0,308.0,False
d:\Research\Multi-View Fusion Network\datasets\brisc2025\classification_task\test\pituitary\brisc2025_test_00929_pi_sa_t1.jpg,pituitary,pituitary,sagittal,0.029264761,0.028929437,0.91295695,0.028848927,0.91295695,True,True,0.6869565,0.52422905,118.0,226.0,False
d:\Research\Multi-View Fusion Network\datasets\brisc2025\classification_task\test\pituitary\brisc2025_test_00930_pi_sa_t1.jpg,pituitary,pituitary,sagittal,0.028995387,0.028211847,0.91418946,0.028603254,0.91418946,True,True,0.87589496,0.779661,207.0,211.0,False
d:\Research\Multi-View Fusion Network\datasets\brisc2025\classification_task\test\pituitary\brisc2025_test_00931_pi_sa_t1.jpg,pituitary,pituitary,sagittal,0.029374888,0.028781077,0.9119142,0.0299297,0.9119142,True,True,0.8624506,0.7583333,572.0,692.0,False
d:\Research\Multi-View Fusion Network\datasets\brisc2025\classification_task\test\pituitary\brisc2025_test_00932_pi_sa_t1.jpg,pituitary,pituitary,sagittal,0.029371887,0.029022178,0.9119093,0.029696595,0.9119093,True,True,0.7353914,0.5818815,334.0,572.0,False
d:\Research\Multi-View Fusion Network\datasets\brisc2025\classification_task\test\pituitary\brisc2025_test_00933_pi_sa_t1.jpg,pituitary,pituitary,sagittal,0.02891448,0.029066438,0.9132692,0.028749807,0.9132692,True,True,0.8822464,0.789644,259.0,292.0,False
d:\Research\Multi-View Fusion Network\datasets\brisc2025\classification_task\test\pituitary\brisc2025_test_00934_pi_sa_t1.jpg,pituitary,pituitary,sagittal,0.028948331,0.029287603,0.91309255,0.028671501,0.91309255,True,True,0.94741875,0.9001815,520.0,525.0,False
d:\Research\Multi-View Fusion Network\datasets\brisc2025\classification_task\test\pituitary\brisc2025_test_00935_pi_sa_t1.jpg,pituitary,pituitary,sagittal,0.028640514,0.028988684,0.9135419,0.02882879,0.9135419,True,True,0.94588745,0.897541,238.0,223.0,False
d:\Research\Multi-View Fusion Network\datasets\brisc2025\classification_task\test\pituitary\brisc2025_test_00936_pi_sa_t1.jpg,pituitary,pituitary,sagittal,0.028938882,0.02818643,0.91380644,0.029068235,0.91380644,True,True,0.8146718,0.6883117,111.0,147.0,False
d:\Research\Multi-View Fusion Network\datasets\brisc2025\classification_task\test\pituitary\brisc2025_test_00937_pi_sa_t1.jpg,pituitary,pituitary,sagittal,0.030033588,0.028187104,0.91310245,0.028676983,0.91310245,True,True,0.9527864,0.9098966,632.0,659.0,False
d:\Research\Multi-View Fusion Network\datasets\brisc2025\classification_task\test\pituitary\brisc2025_test_00938_pi_sa_t1.jpg,pituitary,pituitary,sagittal,0.02945916,0.027006337,0.91411203,0.029422473,0.91411203,True,True,0.6203931,0.45017794,275.0,538.0,False
d:\Research\Multi-View Fusion Network\datasets\brisc2025\classification_task\test\pituitary\brisc2025_test_00939_pi_sa_t1.jpg,pituitary,pituitary,sagittal,0.029095184,0.02751187,0.9147158,0.02867714,0.9147158,True,True,0.7958042,0.6612529,291.0,423.0,False
d:\Research\Multi-View Fusion Network\datasets\brisc2025\classification_task\test\pituitary\brisc2025_test_00940_pi_sa_t1.jpg,pituitary,pituitary,sagittal,0.028542887,0.027900424,0.9146246,0.02893216,0.9146246,True,True,0.8247934,0.7022472,249.0,355.0,False
d:\Research\Multi-View Fusion Network\datasets\brisc2025\classification_task\test\pituitary\brisc2025_test_00941_pi_sa_t1.jpg,pituitary,pituitary,sagittal,0.029275944,0.028397093,0.91363984,0.028687153,0.91363984,True,True,0.9165425,0.84615386,321.0,349.0,False
d:\Research\Multi-View Fusion Network\datasets\brisc2025\classification_task\test\pituitary\brisc2025_test_00942_pi_sa_t1.jpg,pituitary,pituitary,sagittal,0.029478705,0.029110987,0.9123538,0.029056435,0.9123538,True,True,0.9592157,0.92168677,640.0,634.0,False
d:\Research\Multi-View Fusion Network\datasets\brisc2025\classification_task\test\pituitary\brisc2025_test_00943_pi_sa_t1.jpg,pituitary,pituitary,sagittal,0.028927453,0.027747612,0.91474134,0.028583597,0.91474134,True,True,0.94389904,0.8938992,353.0,359.0,False
d:\Research\Multi-View Fusion Network\datasets\brisc2025\classification_task\test\pituitary\brisc2025_test_00944_pi_sa_t1.jpg,pituitary,pituitary,sagittal,0.028858686,0.028249156,0.9138427,0.029049503,0.9138427,True,True,0.91465676,0.8430034,261.0,277.0,False
d:\Research\Multi-View Fusion Network\datasets\brisc2025\classification_task\test\pituitary\brisc2025_test_00945_pi_sa_t1.jpg,pituitary,pituitary,sagittal,0.029178916,0.030225135,0.9106827,0.029913213,0.9106827,True,True,0.90654206,0.82935154,268.0,266.0,False
d:\Research\Multi-View Fusion Network\datasets\brisc2025\classification_task\test\pituitary\brisc2025_test_00946_pi_sa_t1.jpg,pituitary,pituitary,sagittal,0.029470341,0.029463042,0.9114876,0.02957904,0.9114876,True,True,0.95955056,0.92241377,225.0,219.0,False
d:\Research\Multi-View Fusion Network\datasets\brisc2025\classification_task\test\pituitary\brisc2025_test_00947_pi_sa_t1.jpg,pituitary,pituitary,sagittal,0.029082753,0.028159512,0.91362464,0.02913318,0.91362464,True,True,0.9111111,0.8372093,163.0,151.0,False
d:\Research\Multi-View Fusion Network\datasets\brisc2025\classification_task\test\pituitary\brisc2025_test_00948_pi_sa_t1.jpg,pituitary,pituitary,sagittal,0.029210437,0.028806841,0.9126234,0.0293593,0.9126234,True,True,0.82871974,0.7079646,248.0,329.0,False
d:\Research\Multi-View Fusion Network\datasets\brisc2025\classification_task\test\pituitary\brisc2025_test_00949_pi_sa_t1.jpg,pituitary,pituitary,sagittal,0.02848687,0.028340897,0.9146442,0.028528024,0.9146442,True,True,0.957554,0.9186207,670.0,719.0,False
d:\Research\Multi-View Fusion Network\datasets\brisc2025\classification_task\test\pituitary\brisc2025_test_00950_pi_sa_t1.jpg,pituitary,pituitary,sagittal,0.029615603,0.029231526,0.9115844,0.029568467,0.9115844,True,True,0.9011194,0.8201358,732.0,875.0,False
d:\Research\Multi-View Fusion Network\datasets\brisc2025\classification_task\test\pituitary\brisc2025_test_00951_pi_sa_t1.jpg,pituitary,pituitary,sagittal,0.029437017,0.027948294,0.9130821,0.029532528,0.9130821,True,True,0.9143798,0.8424242,422.0,488.0,False
d:\Research\Multi-View Fusion Network\datasets\brisc2025\classification_task\test\pituitary\brisc2025_test_00952_pi_sa_t1.jpg,pituitary,pituitary,sagittal,0.02941326,0.027993826,0.9131594,0.029433465,0.9131594,True,True,0.7679389,0.62376237,253.0,401.0,False
d:\Research\Multi-View Fusion Network\datasets\brisc2025\classification_task\test\pituitary\brisc2025_test_00953_pi_sa_t1.jpg,pituitary,pituitary,sagittal,0.028759273,0.028143624,0.9142576,0.028839469,0.9142576,True,True,0.9550971,0.91415316,405.0,418.0,False
d:\Research\Multi-View Fusion Network\datasets\brisc2025\classification_task\test\pituitary\brisc2025_test_00954_pi_sa_t1.jpg,pituitary,pituitary,sagittal,0.028468307,0.027945576,0.91505075,0.028535377,0.91505075,True,True,0.8546713,0.74698794,140.0,148.0,False
d:\Research\Multi-View Fusion Network\datasets\brisc2025\classification_task\test\pituitary\brisc2025_test_00955_pi_sa_t1.jpg,pituitary,pituitary,sagittal,0.028212288,0.027376916,0.9161133,0.02829752,0.9161133,True,True,0.87583894,0.7797619,140.0,157.0,False
d:\Research\Multi-View Fusion Network\datasets\brisc2025\classification_task\test\pituitary\brisc2025_test_00956_pi_sa_t1.jpg,pituitary,pituitary,sagittal,0.028949745,0.027853718,0.9149822,0.028214308,0.9149822,True,True,0.93639576,0.8807947,134.0,148.0,False
d:\Research\Multi-View Fusion Network\datasets\brisc2025\classification_task\test\pituitary\brisc2025_test_00957_pi_sa_t1.jpg,pituitary,pituitary,sagittal,0.029439643,0.027049506,0.9139417,0.029569196,0.9139417,True,True,0.9339934,0.8765432,147.0,155.0,False
d:\Research\Multi-View Fusion Network\datasets\brisc2025\classification_task\test\pituitary\brisc2025_test_00958_pi_sa_t1.jpg,pituitary,pituitary,sagittal,0.029729072,0.02756518,0.9135279,0.029177828,0.9135279,True,True,0.94981414,0.90459365,271.0,266.0,False
d:\Research\Multi-View Fusion Network\datasets\brisc2025\classification_task\test\pituitary\brisc2025_test_00959_pi_sa_t1.jpg,pituitary,pituitary,sagittal,0.029237237,0.027429916,0.9142063,0.029126586,0.9142063,True,True,0.9040853,0.8252427,281.0,281.0,False
d:\Research\Multi-View Fusion Network\datasets\brisc2025\classification_task\test\pituitary\brisc2025_test_00960_pi_sa_t1.jpg,pituitary,pituitary,sagittal,0.028796079,0.028249528,0.9141457,0.02880859,0.9141457,True,True,0.8278932,0.7070707,152.0,184.0,False
d:\Research\Multi-View Fusion Network\datasets\brisc2025\classification_task\test\pituitary\brisc2025_test_00961_pi_sa_t1.jpg,pituitary,pituitary,sagittal,0.028982267,0.029298235,0.9127343,0.028985245,0.9127343,True,True,0.9495525,0.9040248,612.0,616.0,False
d:\Research\Multi-View Fusion Network\datasets\brisc2025\classification_task\test\pituitary\brisc2025_test_00962_pi_sa_t1.jpg,pituitary,pituitary,sagittal,0.029370604,0.028787753,0.91227007,0.029571505,0.91227007,True,True,0.9397678,0.8864569,665.0,712.0,False
d:\Research\Multi-View Fusion Network\datasets\brisc2025\classification_task\test\pituitary\brisc2025_test_00963_pi_sa_t1.jpg,pituitary,pituitary,sagittal,0.02884943,0.028462589,0.9134425,0.029245576,0.9134425,True,True,0.9435612,0.89323306,619.0,638.0,False
d:\Research\Multi-View Fusion Network\datasets\brisc2025\classification_task\test\pituitary\brisc2025_test_00964_pi_sa_t1.jpg,pituitary,pituitary,sagittal,0.028701602,0.028221251,0.9138486,0.029228626,0.9138486,True,True,0.91888297,0.85012287,350.0,401.0,False
d:\Research\Multi-View Fusion Network\datasets\brisc2025\classification_task\test\pituitary\brisc2025_test_00965_pi_sa_t1.jpg,pituitary,pituitary,sagittal,0.029377472,0.028931139,0.9122608,0.02943063,0.9122608,True,True,0.96005917,0.92329544,335.0,340.0,False
d:\Research\Multi-View Fusion Network\datasets\brisc2025\classification_task\test\pituitary\brisc2025_test_00966_pi_sa_t1.jpg,pituitary,pituitary,sagittal,0.029211646,0.02787791,0.9142297,0.028680792,0.9142297,True,True,0.92153287,0.8547297,263.0,284.0,False
d:\Research\Multi-View Fusion Network\datasets\brisc2025\classification_task\test\pituitary\brisc2025_test_00967_pi_sa_t1.jpg,pituitary,pituitary,sagittal,0.0286451,0.027946781,0.91480446,0.028603638,0.91480446,True,True,0.9303136,0.86984813,410.0,450.0,False
d:\Research\Multi-View Fusion Network\datasets\brisc2025\classification_task\test\pituitary\brisc2025_test_00968_pi_sa_t1.jpg,pituitary,pituitary,sagittal,0.02909313,0.027695274,0.91385007,0.029361583,0.91385007,True,True,0.71209675,0.5531915,773.0,466.0,False
d:\Research\Multi-View Fusion Network\datasets\brisc2025\classification_task\test\pituitary\brisc2025_test_00969_pi_sa_t1.jpg,pituitary,pituitary,sagittal,0.029613161,0.027686719,0.91314375,0.029556287,0.91314375,True,True,0.9266667,0.8634752,541.0,508.0,False
d:\Research\Multi-View Fusion Network\datasets\brisc2025\classification_task\test\pituitary\brisc2025_test_00970_pi_sa_t1.jpg,pituitary,pituitary,sagittal,0.028514188,0.028601557,0.91416377,0.02872041,0.91416377,True,True,0.77059275,0.62703377,778.0,520.0,False
d:\Research\Multi-View Fusion Network\datasets\brisc2025\classification_task\test\pituitary\brisc2025_test_00971_pi_sa_t1.jpg,pituitary,pituitary,sagittal,0.028981863,0.028684823,0.9128245,0.029508902,0.9128245,True,True,0.86136365,0.75697213,228.0,211.0,False
d:\Research\Multi-View Fusion Network\datasets\brisc2025\classification_task\test\pituitary\brisc2025_test_00972_pi_sa_t1.jpg,pituitary,pituitary,sagittal,0.029757889,0.027926346,0.91261446,0.029701235,0.91261446,True,True,0.87153846,0.7724796,600.0,699.0,False
d:\Research\Multi-View Fusion Network\datasets\brisc2025\classification_task\test\pituitary\brisc2025_test_00973_pi_sa_t1.jpg,pituitary,pituitary,sagittal,0.029597618,0.028568389,0.91218805,0.029645974,0.91218805,True,True,0.9695536,0.94091815,2443.0,2417.0,False
d:\Research\Multi-View Fusion Network\datasets\brisc2025\classification_task\test\pituitary\brisc2025_test_00974_pi_sa_t1.jpg,pituitary,pituitary,sagittal,0.02904297,0.031301662,0.9105139,0.029141499,0.9105139,True,True,0.9377193,0.8828383,580.0,559.0,False
d:\Research\Multi-View Fusion Network\datasets\brisc2025\classification_task\test\pituitary\brisc2025_test_00975_pi_sa_t1.jpg,pituitary,pituitary,sagittal,0.029175883,0.028414529,0.91329825,0.02911134,0.91329825,True,True,0.94204485,0.8904959,911.0,917.0,False
d:\Research\Multi-View Fusion Network\datasets\brisc2025\classification_task\test\pituitary\brisc2025_test_00976_pi_sa_t1.jpg,pituitary,pituitary,sagittal,0.029561684,0.027539566,0.91371953,0.029179187,0.91371953,True,True,0.83797467,0.7217391,205.0,189.0,False
d:\Research\Multi-View Fusion Network\datasets\brisc2025\classification_task\test\pituitary\brisc2025_test_00977_pi_sa_t1.jpg,pituitary,pituitary,sagittal,0.029828085,0.02773911,0.91357535,0.028857427,0.91357535,True,True,0.8820302,0.7892157,340.0,388.0,False
d:\Research\Multi-View Fusion Network\datasets\brisc2025\classification_task\test\pituitary\brisc2025_test_00978_pi_sa_t1.jpg,pituitary,pituitary,sagittal,0.029162489,0.028915737,0.91275775,0.029163996,0.91275775,True,True,0.94749403,0.9004525,213.0,205.0,False
d:\Research\Multi-View Fusion Network\datasets\brisc2025\classification_task\test\pituitary\brisc2025_test_00979_pi_sa_t1.jpg,pituitary,pituitary,sagittal,0.029183619,0.02827161,0.9133795,0.029165214,0.9133795,True,True,0.91071427,0.8366013,145.0,134.0,False
d:\Research\Multi-View Fusion Network\datasets\brisc2025\classification_task\test\pituitary\brisc2025_test_00980_pi_sa_t1.jpg,pituitary,pituitary,sagittal,0.028018117,0.027976092,0.91496843,0.029037343,0.91496843,True,True,0.90950227,0.8347107,104.0,116.0,False
d:\Research\Multi-View Fusion Network\datasets\brisc2025\classification_task\test\pituitary\brisc2025_test_00981_pi_sa_t1.jpg,pituitary,pituitary,sagittal,0.029270038,0.027632022,0.91398287,0.02911498,0.91398287,True,True,0.9074733,0.83116883,132.0,148.0,False
d:\Research\Multi-View Fusion Network\datasets\brisc2025\classification_task\test\pituitary\brisc2025_test_00982_pi_sa_t1.jpg,pituitary,pituitary,sagittal,0.029032748,0.028402694,0.91345084,0.029113756,0.91345084,True,True,0.6780303,0.51428574,89.0,174.0,False
d:\Research\Multi-View Fusion Network\datasets\brisc2025\classification_task\test\pituitary\brisc2025_test_00983_pi_sa_t1.jpg,pituitary,pituitary,sagittal,0.02929644,0.028245155,0.9129468,0.029511664,0.9129468,True,True,0.94951457,0.9039409,751.0,793.0,False
d:\Research\Multi-View Fusion Network\datasets\brisc2025\classification_task\test\pituitary\brisc2025_test_00984_pi_sa_t1.jpg,pituitary,pituitary,sagittal,0.029181054,0.028797075,0.9128723,0.029149575,0.9128723,True,True,0.85474455,0.7464968,653.0,716.0,False
d:\Research\Multi-View Fusion Network\datasets\brisc2025\classification_task\test\pituitary\brisc2025_test_00985_pi_sa_t1.jpg,pituitary,pituitary,sagittal,0.029284382,0.028317662,0.9130385,0.029359443,0.9130385,True,True,0.83168966,0.712036,880.0,640.0,False
d:\Research\Multi-View Fusion Network\datasets\brisc2025\classification_task\test\pituitary\brisc2025_test_00986_pi_sa_t1.jpg,pituitary,pituitary,sagittal,0.029094866,0.027746964,0.9136323,0.029525995,0.9136323,True,True,0.76899695,0.6256158,129.0,199.0,False
d:\Research\Multi-View Fusion Network\datasets\brisc2025\classification_task\test\pituitary\brisc2025_test_00987_pi_sa_t1.jpg,pituitary,pituitary,sagittal,0.028924156,0.027817214,0.9144103,0.028848303,0.9144103,True,True,0.8611632,0.7565789,229.0,303.0,False
d:\Research\Multi-View Fusion Network\datasets\brisc2025\classification_task\test\pituitary\brisc2025_test_00988_pi_sa_t1.jpg,pituitary,pituitary,sagittal,0.028960213,0.028353525,0.9135957,0.029090632,0.9135957,True,True,0.8802083,0.787037,96.0,95.0,False
d:\Research\Multi-View Fusion Network\datasets\brisc2025\classification_task\test\pituitary\brisc2025_test_00989_pi_sa_t1.jpg,pituitary,pituitary,sagittal,0.028619463,0.028375156,0.9142656,0.028739907,0.9142656,True,True,0.8913738,0.8045977,156.0,156.0,False
d:\Research\Multi-View Fusion Network\datasets\brisc2025\classification_task\test\pituitary\brisc2025_test_00990_pi_sa_t1.jpg,pituitary,pituitary,sagittal,0.028848384,0.028742863,0.9137268,0.02868193,0.9137268,True,True,0.9435841,0.8933054,437.0,466.0,False
d:\Research\Multi-View Fusion Network\datasets\brisc2025\classification_task\test\pituitary\brisc2025_test_00991_pi_sa_t1.jpg,pituitary,pituitary,sagittal,0.029078018,0.027997315,0.91445,0.028474763,0.91445,True,True,0.8368056,0.7202381,121.0,166.0,False
d:\Research\Multi-View Fusion Network\datasets\brisc2025\classification_task\test\pituitary\brisc2025_test_00992_pi_sa_t1.jpg,pituitary,pituitary,sagittal,0.029325439,0.028877623,0.9122526,0.029544258,0.9122526,True,True,0.51152074,0.34567901,55.0,161.0,False
d:\Research\Multi-View Fusion Network\datasets\brisc2025\classification_task\test\pituitary\brisc2025_test_00993_pi_sa_t1.jpg,pituitary,pituitary,sagittal,0.029258292,0.029992294,0.91099256,0.029756906,0.91099256,True,True,0.9559068,0.91560507,618.0,583.0,False
d:\Research\Multi-View Fusion Network\datasets\brisc2025\classification_task\test\pituitary\brisc2025_test_00994_pi_sa_t1.jpg,pituitary,pituitary,sagittal,0.0295352,0.030215925,0.9103659,0.029883098,0.9103659,True,True,0.9097744,0.8348624,193.0,205.0,False
d:\Research\Multi-View Fusion Network\datasets\brisc2025\classification_task\test\pituitary\brisc2025_test_00995_pi_sa_t1.jpg,pituitary,pituitary,sagittal,0.029412808,0.030028168,0.9110278,0.02953123,0.9110278,True,True,0.9382284,0.88377196,430.0,427.0,False
d:\Research\Multi-View Fusion Network\datasets\brisc2025\classification_task\test\pituitary\brisc2025_test_00996_pi_sa_t1.jpg,pituitary,pituitary,sagittal,0.029387103,0.027738908,0.91513,0.027743975,0.91513,True,True,0.74912894,0.5992579,530.0,330.0,False
d:\Research\Multi-View Fusion Network\datasets\brisc2025\classification_task\test\pituitary\brisc2025_test_00997_pi_sa_t1.jpg,pituitary,pituitary,sagittal,0.029405706,0.028254636,0.9129689,0.029370815,0.9129689,True,True,0.9691538,0.94017786,1182.0,1216.0,False
d:\Research\Multi-View Fusion Network\datasets\brisc2025\classification_task\test\pituitary\brisc2025_test_00998_pi_sa_t1.jpg,pituitary,pituitary,sagittal,0.029614178,0.028760111,0.9123598,0.029265976,0.9123598,True,True,0.7107509,0.5515873,724.0,447.0,False
d:\Research\Multi-View Fusion Network\datasets\brisc2025\classification_task\test\pituitary\brisc2025_test_00999_pi_sa_t1.jpg,pituitary,pituitary,sagittal,0.028987722,0.028192734,0.91436195,0.028457595,0.91436195,True,True,0.9595564,0.92230576,746.0,786.0,False
d:\Research\Multi-View Fusion Network\datasets\brisc2025\classification_task\test\pituitary\brisc2025_test_01000_pi_sa_t1.jpg,pituitary,pituitary,sagittal,0.029229645,0.028286591,0.9133372,0.02914656,0.9133372,True,True,0.9691977,0.94027776,698.0,697.0,False
