abs_path,true_label,pred_label,plane,prob_0,prob_1,prob_2,prob_3,max_prob,correct,has_mask,dice,iou,sensitivity,specificity,precision_seg,hd95,gt_area,pred_area,fn_mask
d:\Research\Multi-View Fusion Network\datasets\brisc2025\classification_task\test\glioma\brisc2025_test_00001_gl_ax_t1.jpg,glioma,glioma,axial,0.9311668,0.022565043,0.023392804,0.022875378,0.9311668276786804,True,True,0.0006574622,0.0006574622,0.0,0.9740160948070277,0.0,64.63628377355323,222.0,1298.0,False
d:\Research\Multi-View Fusion Network\datasets\brisc2025\classification_task\test\glioma\brisc2025_test_00002_gl_ax_t1.jpg,glioma,glioma,axial,0.9304946,0.022651272,0.023729911,0.023124222,0.9304946064949036,True,True,0.0012755102,0.0012755102,0.0,0.9926844464093509,0.0,27.16615541441225,419.0,364.0,False
d:\Research\Multi-View Fusion Network\datasets\brisc2025\classification_task\test\glioma\brisc2025_test_00003_gl_ax_t1.jpg,glioma,glioma,axial,0.9323987,0.02217921,0.022629138,0.02279302,0.9323986768722534,True,True,0.6691663,0.5029821,0.6786034019634861,0.9920300046880304,0.6597040905077485,88.26663930863924,1117.0,1149.0,False
d:\Research\Multi-View Fusion Network\datasets\brisc2025\classification_task\test\glioma\brisc2025_test_00004_gl_ax_t1.jpg,glioma,glioma,axial,0.6746296,0.11933471,0.16610363,0.039932035,0.6746296286582947,True,True,0.6081081,0.43725744,0.4445910290178814,0.9997167024159215,0.9601139600866064,35.43442223152514,758.0,351.0,False
d:\Research\Multi-View Fusion Network\datasets\brisc2025\classification_task\test\glioma\brisc2025_test_00005_gl_ax_t1.jpg,glioma,glioma,axial,0.8908147,0.034602024,0.04950337,0.025079934,0.8908147215843201,True,True,0.0040816325,0.0040816325,0.0,0.9996996816623622,0.0,64.61577902914972,229.0,15.0,False
d:\Research\Multi-View Fusion Network\datasets\brisc2025\classification_task\test\glioma\brisc2025_test_00006_gl_ax_t1.jpg,glioma,glioma,axial,0.93035394,0.022830036,0.02315507,0.023660962,0.9303539395332336,True,True,0.9588235,0.9209446,0.9275362318744561,0.9998577524891283,0.9922480620045155,0.0,966.0,903.0,False
d:\Research\Multi-View Fusion Network\datasets\brisc2025\classification_task\test\glioma\brisc2025_test_00007_gl_ax_t1.jpg,glioma,glioma,axial,0.929994,0.023302991,0.024196604,0.02250642,0.9299939870834351,True,True,0.0064935065,0.0064935065,0.0,0.9999999999998002,0.0,-1.0,153.0,0.0,True
d:\Research\Multi-View Fusion Network\datasets\brisc2025\classification_task\test\glioma\brisc2025_test_00008_gl_ax_t1.jpg,glioma,glioma,axial,0.9316562,0.02268793,0.022681115,0.022974849,0.9316561818122864,True,True,0.92477304,0.86024094,0.9673913043215383,0.9990764535815534,0.8855721392814534,1.0,368.0,402.0,False
d:\Research\Multi-View Fusion Network\datasets\brisc2025\classification_task\test\glioma\brisc2025_test_00009_gl_ax_t1.jpg,glioma,glioma,axial,0.93175304,0.022299226,0.022906534,0.023041235,0.9317530393600464,True,True,0.6320204,0.46215352,0.4832589285687318,0.9982845568781006,0.9125395152696255,15.231546211727817,1792.0,949.0,False
d:\Research\Multi-View Fusion Network\datasets\brisc2025\classification_task\test\glioma\brisc2025_test_00010_gl_ax_t1.jpg,glioma,glioma,axial,0.9301786,0.022977903,0.023572577,0.023271002,0.9301785826683044,True,True,0.006369427,0.006369427,0.0,0.9999999999998002,0.0,-1.0,156.0,0.0,True
d:\Research\Multi-View Fusion Network\datasets\brisc2025\classification_task\test\glioma\brisc2025_test_00011_gl_ax_t1.jpg,glioma,glioma,axial,0.92928374,0.023131898,0.023754228,0.023830183,0.9292837381362915,True,True,0.0032573289,0.0032573289,0.0,0.995111244138283,0.0,96.54786957444291,61.0,245.0,False
d:\Research\Multi-View Fusion Network\datasets\brisc2025\classification_task\test\glioma\brisc2025_test_00012_gl_ax_t1.jpg,glioma,glioma,axial,0.9308926,0.022864277,0.023046711,0.023196446,0.9308925867080688,True,True,0.0017513135,0.0017513135,0.0,0.9955646537016085,0.0,22.422018678583377,349.0,221.0,False
d:\Research\Multi-View Fusion Network\datasets\brisc2025\classification_task\test\glioma\brisc2025_test_00013_gl_ax_t1.jpg,glioma,glioma,axial,0.9316071,0.022518646,0.022845563,0.02302859,0.9316071271896362,True,True,0.97495306,0.95115995,0.9898218829390608,0.9993520955657017,0.9604938271486358,0.0,786.0,810.0,False
d:\Research\Multi-View Fusion Network\datasets\brisc2025\classification_task\test\glioma\brisc2025_test_00014_gl_ax_t1.jpg,glioma,glioma,axial,0.93071264,0.022757962,0.023346558,0.023182817,0.9307126402854919,True,True,0.96040976,0.9238552,0.9372972972922309,0.999441294541034,0.9846678023794171,0.0,1850.0,1761.0,False
d:\Research\Multi-View Fusion Network\datasets\brisc2025\classification_task\test\glioma\brisc2025_test_00015_gl_ax_t1.jpg,glioma,glioma,axial,0.93199414,0.022316689,0.022913175,0.022775995,0.9319941401481628,True,True,0.6446655,0.476,0.5686900958375608,0.9975176589301721,0.7432150312997241,8.011856133820158,626.0,479.0,False
d:\Research\Multi-View Fusion Network\datasets\brisc2025\classification_task\test\glioma\brisc2025_test_00016_gl_ax_t1.jpg,glioma,glioma,axial,0.93079746,0.02299198,0.023205878,0.023004657,0.9307974576950073,True,True,0.6712428,0.5054348,0.8270944741385544,0.9927844401892588,0.5644768856379018,11.635888835820644,561.0,822.0,False
d:\Research\Multi-View Fusion Network\datasets\brisc2025\classification_task\test\glioma\brisc2025_test_00017_gl_ax_t1.jpg,glioma,glioma,axial,0.92980576,0.02290901,0.023945041,0.02334014,0.9298057556152344,True,True,0.71516395,0.5573248,0.6420664206405141,0.9991584009616273,0.8055555555182613,7.049747468305832,271.0,216.0,False
d:\Research\Multi-View Fusion Network\datasets\brisc2025\classification_task\test\glioma\brisc2025_test_00018_gl_ax_t1.jpg,glioma,glioma,axial,0.9318659,0.022649923,0.02271223,0.022772014,0.9318658709526062,True,True,0.74132615,0.5890998,0.6176092544947455,0.9984368572601814,0.9267116682649306,8.246211251235321,1556.0,1037.0,False
d:\Research\Multi-View Fusion Network\datasets\brisc2025\classification_task\test\glioma\brisc2025_test_00019_gl_ax_t1.jpg,glioma,glioma,axial,0.9313023,0.022994503,0.022887262,0.022815842,0.9313023090362549,True,True,0.8979328,0.8148148,0.8423860329736064,0.9985451220017046,0.9612617598175913,2.0,2062.0,1807.0,False
d:\Research\Multi-View Fusion Network\datasets\brisc2025\classification_task\test\glioma\brisc2025_test_00020_gl_ax_t1.jpg,glioma,meningioma,axial,0.030662818,0.91702217,0.026945423,0.02536959,0.917022168636322,False,True,0.9371845,0.88185656,0.8892438764548536,0.9998375205636006,0.9905100830250236,1.0,939.0,843.0,False
d:\Research\Multi-View Fusion Network\datasets\brisc2025\classification_task\test\glioma\brisc2025_test_00021_gl_ax_t1.jpg,glioma,glioma,axial,0.9314302,0.02249367,0.023006799,0.023069294,0.9314302206039429,True,True,0.88486314,0.7936508,0.9631578947199446,0.9975406200860788,0.8181818181696247,1.4142135623730951,570.0,671.0,False
d:\Research\Multi-View Fusion Network\datasets\brisc2025\classification_task\test\glioma\brisc2025_test_00022_gl_ax_t1.jpg,glioma,glioma,axial,0.9308326,0.023009587,0.022869194,0.0232885,0.9308326244354248,True,True,0.8227559,0.69902915,0.7381930184729139,0.9988821592616157,0.9289405684634504,5.0,974.0,774.0,False
d:\Research\Multi-View Fusion Network\datasets\brisc2025\classification_task\test\glioma\brisc2025_test_00023_gl_ax_t1.jpg,glioma,glioma,axial,0.9314476,0.022543998,0.02299108,0.023017379,0.9314476251602173,True,True,0.8950767,0.810219,0.858914728668854,0.9992126143221419,0.9342327149926773,1.502081528017051,645.0,593.0,False
d:\Research\Multi-View Fusion Network\datasets\brisc2025\classification_task\test\glioma\brisc2025_test_00024_gl_ax_t1.jpg,glioma,glioma,axial,0.93039304,0.022960193,0.023318306,0.023328505,0.9303930401802063,True,True,0.97085094,0.943379,0.9608938547396566,0.9995926846154944,0.9809885931465686,0.0,1074.0,1052.0,False
d:\Research\Multi-View Fusion Network\datasets\brisc2025\classification_task\test\glioma\brisc2025_test_00025_gl_ax_t1.jpg,glioma,glioma,axial,0.9306228,0.02282251,0.023122441,0.02343229,0.9306228160858154,True,True,0.61898017,0.4487705,0.9276595744286102,0.9949540457738142,0.46382978722417384,14.723902403898919,235.0,470.0,False
d:\Research\Multi-View Fusion Network\datasets\brisc2025\classification_task\test\glioma\brisc2025_test_00026_gl_ax_t1.jpg,glioma,glioma,axial,0.93075955,0.022841481,0.022995474,0.023403514,0.9307595491409302,True,True,0.68078756,0.51627487,0.51583710406773,0.9999999999997963,0.9999999999824561,9.0,1105.0,570.0,False
d:\Research\Multi-View Fusion Network\datasets\brisc2025\classification_task\test\glioma\brisc2025_test_00027_gl_ax_t1.jpg,glioma,glioma,axial,0.93113196,0.02282172,0.023122612,0.022923667,0.9311319589614868,True,True,0.952084,0.9085786,0.9489528795749415,0.9986022035847315,0.9552042160674888,0.0,1528.0,1518.0,False
d:\Research\Multi-View Fusion Network\datasets\brisc2025\classification_task\test\glioma\brisc2025_test_00028_gl_ax_t1.jpg,glioma,glioma,axial,0.93143296,0.022649206,0.022992218,0.022925619,0.9314329624176025,True,True,0.96359223,0.9297753,0.9566055930476702,0.9993894869653434,0.9706457925541032,0.0,1037.0,1022.0,False
d:\Research\Multi-View Fusion Network\datasets\brisc2025\classification_task\test\glioma\brisc2025_test_00029_gl_ax_t1.jpg,glioma,glioma,axial,0.9319168,0.022555947,0.022905188,0.022622071,0.9319167733192444,True,True,0.8841932,0.792527,0.835929387322576,0.998923048787719,0.9382284382175031,2.8284271247461903,963.0,858.0,False
d:\Research\Multi-View Fusion Network\datasets\brisc2025\classification_task\test\glioma\brisc2025_test_00030_gl_ax_t1.jpg,glioma,glioma,axial,0.92762804,0.024098592,0.024040287,0.024233062,0.9276280403137207,True,True,0.90017825,0.81877023,0.8235294117377931,0.9999598957286947,0.9921259842129084,1.0,306.0,254.0,False
d:\Research\Multi-View Fusion Network\datasets\brisc2025\classification_task\test\glioma\brisc2025_test_00031_gl_ax_t1.jpg,glioma,glioma,axial,0.9308788,0.022673653,0.02326731,0.023180258,0.9308788180351257,True,True,0.8455464,0.73249453,0.9176954732447347,0.9924257974463253,0.7838312829479566,2.8284271247461903,1458.0,1707.0,False
d:\Research\Multi-View Fusion Network\datasets\brisc2025\classification_task\test\glioma\brisc2025_test_00032_gl_ax_t1.jpg,glioma,glioma,axial,0.93138534,0.02259739,0.02298352,0.023033768,0.931385338306427,True,True,0.8541528,0.74550724,0.7731648616078631,0.9987220183862393,0.9539717891540166,3.0,1662.0,1347.0,False
d:\Research\Multi-View Fusion Network\datasets\brisc2025\classification_task\test\glioma\brisc2025_test_00033_gl_ax_t1.jpg,glioma,glioma,axial,0.9322737,0.022671552,0.022503553,0.022551203,0.9322736859321594,True,True,0.946693,0.8988764,0.9503968253779683,0.9994161700754954,0.9429133858082104,1.0,504.0,508.0,False
d:\Research\Multi-View Fusion Network\datasets\brisc2025\classification_task\test\glioma\brisc2025_test_00034_gl_ax_t1.jpg,glioma,glioma,axial,0.9314375,0.022639118,0.022871917,0.023051474,0.9314374923706055,True,True,0.6626409,0.49578822,0.7996108949260776,0.9936369860253326,0.5653370013677396,55.036351623268054,514.0,727.0,False
d:\Research\Multi-View Fusion Network\datasets\brisc2025\classification_task\test\glioma\brisc2025_test_00035_gl_ax_t1.jpg,glioma,glioma,axial,0.9325036,0.02212897,0.022741903,0.02262561,0.9325035810470581,True,True,0.886121,0.79565775,0.9438543247201236,0.9975160046042779,0.8348993288478537,1.4142135623730951,659.0,745.0,False
d:\Research\Multi-View Fusion Network\datasets\brisc2025\classification_task\test\glioma\brisc2025_test_00036_gl_ax_t1.jpg,glioma,glioma,axial,0.9316413,0.022828499,0.022997478,0.022532742,0.9316412806510925,True,True,0.92496395,0.8605898,0.9876543209571711,0.9990371499636927,0.8695652173676749,1.0,324.0,368.0,False
d:\Research\Multi-View Fusion Network\datasets\brisc2025\classification_task\test\glioma\brisc2025_test_00037_gl_ax_t1.jpg,glioma,glioma,axial,0.9325719,0.02243599,0.022487726,0.022504417,0.9325718879699707,True,True,0.9631472,0.92892677,0.9368949444211657,0.9994935319811342,0.9908987485741718,0.0,2789.0,2637.0,False
d:\Research\Multi-View Fusion Network\datasets\brisc2025\classification_task\test\glioma\brisc2025_test_00038_gl_ax_t1.jpg,glioma,glioma,axial,0.9307978,0.022905454,0.023373518,0.022923121,0.930797815322876,True,True,0.9325397,0.87364864,0.9670658682562346,0.997072072071868,0.900348432049475,1.0,1336.0,1435.0,False
d:\Research\Multi-View Fusion Network\datasets\brisc2025\classification_task\test\glioma\brisc2025_test_00039_gl_ax_t1.jpg,glioma,glioma,axial,0.93178695,0.0227785,0.02268852,0.02274602,0.9317869544029236,True,True,0.8915727,0.8044531,0.8275174476487784,0.9994102454597037,0.9662398137256549,2.23606797749979,1003.0,859.0,False
d:\Research\Multi-View Fusion Network\datasets\brisc2025\classification_task\test\glioma\brisc2025_test_00040_gl_ax_t1.jpg,glioma,glioma,axial,0.9316504,0.022746336,0.022867825,0.022735385,0.9316504001617432,True,True,0.67315865,0.50747067,0.6805157593074462,0.9902214022138192,0.6657323055314245,12.03743512091307,1396.0,1427.0,False
d:\Research\Multi-View Fusion Network\datasets\brisc2025\classification_task\test\glioma\brisc2025_test_00041_gl_ax_t1.jpg,glioma,glioma,axial,0.92707074,0.024804328,0.024072347,0.02405253,0.9270707368850708,True,True,0.000635324,0.000635324,0.0,0.9923435011635853,0.0,32.526911934581186,1198.0,375.0,False
d:\Research\Multi-View Fusion Network\datasets\brisc2025\classification_task\test\glioma\brisc2025_test_00042_gl_ax_t1.jpg,glioma,glioma,axial,0.93024284,0.023321657,0.02334363,0.023091903,0.9302428364753723,True,True,0.5575039,0.3867048,0.42352941176138414,0.9974847140138244,0.814479637996765,37.3523565624653,1275.0,663.0,False
d:\Research\Multi-View Fusion Network\datasets\brisc2025\classification_task\test\glioma\brisc2025_test_00043_gl_ax_t1.jpg,glioma,glioma,axial,0.9317287,0.022451907,0.023121059,0.022698374,0.931728720664978,True,True,0.62281066,0.45231608,0.716410748557023,0.974673542376908,0.5507192917722217,15.652475842498529,2084.0,2711.0,False
d:\Research\Multi-View Fusion Network\datasets\brisc2025\classification_task\test\glioma\brisc2025_test_00044_gl_ax_t1.jpg,glioma,glioma,axial,0.93171185,0.022513283,0.022840824,0.022934059,0.9317118525505066,True,True,0.9348509,0.8777614,0.9900166389186353,0.9984467977809384,0.8854166666534908,1.0,601.0,672.0,False
d:\Research\Multi-View Fusion Network\datasets\brisc2025\classification_task\test\glioma\brisc2025_test_00045_gl_ax_t1.jpg,glioma,glioma,axial,0.9261275,0.02426888,0.025421454,0.02418211,0.9261274933815002,True,True,0.07593544,0.039649256,0.04257957833798024,0.995749314236448,0.3366013071785424,44.93995906487724,2419.0,306.0,False
d:\Research\Multi-View Fusion Network\datasets\brisc2025\classification_task\test\glioma\brisc2025_test_00046_gl_ax_t1.jpg,glioma,glioma,axial,0.929991,0.023015246,0.023591144,0.0234027,0.9299910068511963,True,True,0.82368743,0.70029056,0.7051442910886443,0.9996442398240035,0.9900176159660011,5.0,2391.0,1703.0,False
d:\Research\Multi-View Fusion Network\datasets\brisc2025\classification_task\test\glioma\brisc2025_test_00047_gl_ax_t1.jpg,glioma,glioma,axial,0.9308195,0.022923525,0.022960272,0.023296634,0.9308195114135742,True,True,0.8067713,0.67634857,0.9402697495001875,0.9959119560180849,0.7062228654022255,29.787539151780578,519.0,691.0,False
d:\Research\Multi-View Fusion Network\datasets\brisc2025\classification_task\test\glioma\brisc2025_test_00048_gl_ax_t1.jpg,glioma,glioma,axial,0.93121696,0.022716194,0.023036543,0.023030384,0.9312169551849365,True,True,0.5196399,0.3513812,0.5372881355841137,0.9936675674583565,0.5023771790728625,8.06225774829855,590.0,631.0,False
d:\Research\Multi-View Fusion Network\datasets\brisc2025\classification_task\test\glioma\brisc2025_test_00049_gl_ax_t1.jpg,glioma,glioma,axial,0.9312602,0.022677131,0.023372393,0.022690186,0.9312602281570435,True,True,0.8208033,0.6963351,0.9613526569816098,0.9968248864593472,0.7158273381166218,36.48294496733413,414.0,556.0,False
d:\Research\Multi-View Fusion Network\datasets\brisc2025\classification_task\test\glioma\brisc2025_test_00050_gl_ax_t1.jpg,glioma,glioma,axial,0.9274021,0.02529086,0.024627259,0.022679819,0.9274020791053772,True,True,0.6057495,0.43529412,0.9483870967130072,0.9963215449509214,0.44410876131588795,7.0710678118654755,155.0,331.0,False
d:\Research\Multi-View Fusion Network\datasets\brisc2025\classification_task\test\glioma\brisc2025_test_00051_gl_ax_t1.jpg,glioma,glioma,axial,0.93048984,0.022916904,0.023569064,0.02302419,0.9304898381233215,True,True,0.5188478,0.35045606,0.3873538788502266,0.9958586988029579,0.7847147470313809,10.0,1882.0,929.0,False
d:\Research\Multi-View Fusion Network\datasets\brisc2025\classification_task\test\glioma\brisc2025_test_00052_gl_ax_t1.jpg,glioma,glioma,axial,0.9301663,0.022929436,0.023779906,0.023124287,0.9301663041114807,True,True,0.9262095,0.86260533,0.966569767434836,0.9965983606555335,0.8890374331491375,1.0,1376.0,1496.0,False
d:\Research\Multi-View Fusion Network\datasets\brisc2025\classification_task\test\glioma\brisc2025_test_00053_gl_ax_t1.jpg,glioma,glioma,axial,0.9312385,0.02280607,0.022887401,0.02306806,0.9312384724617004,True,True,0.006756757,0.006756757,0.0,0.998025055856807,0.0,13.0,48.0,99.0,False
d:\Research\Multi-View Fusion Network\datasets\brisc2025\classification_task\test\glioma\brisc2025_test_00054_gl_ax_t1.jpg,glioma,glioma,axial,0.9305678,0.023625566,0.022801738,0.023004944,0.9305678009986877,True,True,0.4760412,0.31257343,0.3682385575563923,0.9946854352195604,0.6721518987256689,19.032754207099888,1442.0,790.0,False
d:\Research\Multi-View Fusion Network\datasets\brisc2025\classification_task\test\glioma\brisc2025_test_00055_gl_ax_t1.jpg,glioma,glioma,axial,0.9302688,0.022938356,0.023523662,0.023269156,0.9302688241004944,True,True,0.625,0.45471236,0.5188811188774903,0.9958355557377024,0.7851851851768763,31.846493879436537,1430.0,945.0,False
d:\Research\Multi-View Fusion Network\datasets\brisc2025\classification_task\test\glioma\brisc2025_test_00056_gl_ax_t1.jpg,glioma,glioma,axial,0.92781067,0.024688149,0.023886895,0.02361439,0.9278106689453125,True,True,0.86285716,0.7591973,0.7874564459655938,0.9997795105131393,0.9535864978500596,1.4142135623730951,287.0,237.0,False
d:\Research\Multi-View Fusion Network\datasets\brisc2025\classification_task\test\glioma\brisc2025_test_00057_gl_ax_t1.jpg,glioma,glioma,axial,0.92917913,0.02376958,0.02381476,0.023236524,0.9291791319847107,True,True,0.007936508,0.007936508,0.0,0.9999999999998003,0.0,-1.0,125.0,0.0,True
d:\Research\Multi-View Fusion Network\datasets\brisc2025\classification_task\test\glioma\brisc2025_test_00058_gl_ax_t1.jpg,glioma,glioma,axial,0.92853457,0.023446959,0.023795575,0.024222849,0.9285345673561096,True,True,0.751606,0.60273975,0.6730769230510355,0.9993789566469671,0.8495145630655575,3.1217082451262845,260.0,206.0,False
d:\Research\Multi-View Fusion Network\datasets\brisc2025\classification_task\test\glioma\brisc2025_test_00059_gl_ax_t1.jpg,glioma,glioma,axial,0.9314108,0.022991661,0.022696722,0.022900742,0.9314107894897461,True,True,0.92083335,0.8533448,0.9036363636281488,0.9986755236773579,0.9386213408787667,1.0,1100.0,1059.0,False
d:\Research\Multi-View Fusion Network\datasets\brisc2025\classification_task\test\glioma\brisc2025_test_00060_gl_ax_t1.jpg,glioma,glioma,axial,0.9273062,0.02343923,0.02639168,0.022862893,0.9273061752319336,True,True,0.34402567,0.20813166,0.37943262410674766,0.990566798355037,0.3137829911977451,11.661903789690601,564.0,682.0,False
d:\Research\Multi-View Fusion Network\datasets\brisc2025\classification_task\test\glioma\brisc2025_test_00061_gl_ax_t1.jpg,glioma,glioma,axial,0.92845553,0.023715261,0.024340926,0.0234882,0.9284555315971375,True,True,0.296875,0.175,0.18738738738401103,0.9991132786519823,0.7027027026552227,29.698484809834994,555.0,148.0,False
d:\Research\Multi-View Fusion Network\datasets\brisc2025\classification_task\test\glioma\brisc2025_test_00062_gl_ax_t1.jpg,glioma,glioma,axial,0.932165,0.022377357,0.022688845,0.02276878,0.9321650266647339,True,True,0.7643285,0.6186851,0.6719337847955461,0.9976457100741095,0.8859126984039096,8.06225774829855,1329.0,1008.0,False
d:\Research\Multi-View Fusion Network\datasets\brisc2025\classification_task\test\glioma\brisc2025_test_00063_gl_ax_t1.jpg,glioma,glioma,axial,0.9305364,0.023052491,0.023147706,0.023263372,0.9305363893508911,True,True,0.8913268,0.8040037,0.8473244968048733,0.9977149504557641,0.9400871459643787,3.0,2037.0,1836.0,False
d:\Research\Multi-View Fusion Network\datasets\brisc2025\classification_task\test\glioma\brisc2025_test_00064_gl_ax_t1.jpg,glioma,meningioma,axial,0.031080972,0.91312486,0.030178169,0.02561595,0.9131248593330383,False,True,0.960852,0.92469543,0.9564220183376557,0.9993915300987751,0.9652777777666056,0.0,872.0,864.0,False
d:\Research\Multi-View Fusion Network\datasets\brisc2025\classification_task\test\glioma\brisc2025_test_00065_gl_ax_t1.jpg,glioma,glioma,axial,0.92717046,0.02445065,0.02463803,0.023740917,0.92717045545578,True,True,0.60033447,0.42959428,0.6509090908854215,0.9971343259652118,0.5559006211007484,27.60070943298968,275.0,322.0,False
d:\Research\Multi-View Fusion Network\datasets\brisc2025\classification_task\test\glioma\brisc2025_test_00066_gl_ax_t1.jpg,glioma,glioma,axial,0.93121797,0.02266533,0.023059297,0.023057418,0.9312179684638977,True,True,0.943842,0.893695,0.9340490797474383,0.998792764773081,0.9537979639706047,1.0,1304.0,1277.0,False
d:\Research\Multi-View Fusion Network\datasets\brisc2025\classification_task\test\glioma\brisc2025_test_00067_gl_ax_t1.jpg,glioma,glioma,axial,0.9317784,0.022296794,0.023000801,0.022924019,0.9317783713340759,True,True,0.15321252,0.08377896,0.9999999997826087,0.9897466586872153,0.0821428571413903,14.035668847618199,46.0,560.0,False
d:\Research\Multi-View Fusion Network\datasets\brisc2025\classification_task\test\glioma\brisc2025_test_00068_gl_ax_t1.jpg,glioma,glioma,axial,0.9325844,0.022516973,0.022707243,0.022191387,0.9325844049453735,True,True,0.9238653,0.8586956,0.981308411184383,0.9990773242400965,0.8725761772611474,1.0,321.0,361.0,False
d:\Research\Multi-View Fusion Network\datasets\brisc2025\classification_task\test\glioma\brisc2025_test_00069_gl_ax_t1.jpg,glioma,glioma,axial,0.93166137,0.022730254,0.02274925,0.022859067,0.9316613674163818,True,True,0.6,0.4289186,0.6915520628547829,0.9936980288720895,0.5293233082627169,11.09260362179634,509.0,665.0,False
d:\Research\Multi-View Fusion Network\datasets\brisc2025\classification_task\test\glioma\brisc2025_test_00070_gl_ax_t1.jpg,glioma,glioma,axial,0.93164957,0.022534978,0.02277839,0.023037078,0.9316495656967163,True,True,0.52785647,0.35897437,0.9858657243467892,0.9900587256727417,0.3599999999953548,11.326915361785751,283.0,775.0,False
d:\Research\Multi-View Fusion Network\datasets\brisc2025\classification_task\test\glioma\brisc2025_test_00071_gl_ax_t1.jpg,glioma,glioma,axial,0.92973673,0.02318245,0.02368522,0.023395676,0.9297367334365845,True,True,0.9640981,0.9307432,0.9515570934091426,0.9997378926567605,0.9769094138369998,0.0,578.0,563.0,False
d:\Research\Multi-View Fusion Network\datasets\brisc2025\classification_task\test\glioma\brisc2025_test_00072_gl_ax_t1.jpg,glioma,glioma,axial,0.9278853,0.023573626,0.024582291,0.023958752,0.9278852939605713,True,True,0.9063063,0.82868725,0.977864193834945,0.9871458159842447,0.8444846292925743,2.0,3343.0,3871.0,False
d:\Research\Multi-View Fusion Network\datasets\brisc2025\classification_task\test\glioma\brisc2025_test_00073_gl_ax_t1.jpg,glioma,glioma,axial,0.92949504,0.023154221,0.023895955,0.023454748,0.9294950366020203,True,True,0.9534427,0.9110375,0.9685446009366936,0.9941414757380883,0.9387940841844397,0.0,4260.0,4395.0,False
d:\Research\Multi-View Fusion Network\datasets\brisc2025\classification_task\test\glioma\brisc2025_test_00074_gl_ax_t1.jpg,glioma,glioma,axial,0.9316244,0.02288959,0.022715874,0.022770185,0.9316244125366211,True,True,0.89926064,0.8171141,0.9529411764519031,0.9982885676315794,0.8511383537504179,1.0,510.0,571.0,False
d:\Research\Multi-View Fusion Network\datasets\brisc2025\classification_task\test\glioma\brisc2025_test_00075_gl_ax_t1.jpg,glioma,glioma,axial,0.93153554,0.022850154,0.02273439,0.022879992,0.931535542011261,True,True,0.96802324,0.93808633,0.9596153845969304,0.9997583373608427,0.9765166340317707,0.0,520.0,511.0,False
d:\Research\Multi-View Fusion Network\datasets\brisc2025\classification_task\test\glioma\brisc2025_test_00076_gl_ax_t1.jpg,glioma,glioma,axial,0.93222636,0.023067113,0.022295462,0.02241111,0.9322263598442078,True,True,0.8899204,0.8019093,0.8052884615191036,0.9999598070737541,0.9940652818696123,2.0,416.0,337.0,False
d:\Research\Multi-View Fusion Network\datasets\brisc2025\classification_task\test\glioma\brisc2025_test_00077_gl_ax_t1.jpg,glioma,glioma,axial,0.9297348,0.0233249,0.023470506,0.023469722,0.9297348260879517,True,True,0.745013,0.5939227,0.9206008583493434,0.9948300140814736,0.6253644314777643,6.0,466.0,686.0,False
d:\Research\Multi-View Fusion Network\datasets\brisc2025\classification_task\test\glioma\brisc2025_test_00078_gl_ax_t1.jpg,glioma,glioma,axial,0.93070334,0.02278362,0.02320917,0.023303822,0.930703341960907,True,True,0.95301545,0.9103079,0.9163292847379713,0.999898857084859,0.9926900584650191,0.0,741.0,684.0,False
d:\Research\Multi-View Fusion Network\datasets\brisc2025\classification_task\test\glioma\brisc2025_test_00079_gl_ax_t1.jpg,glioma,glioma,axial,0.9307173,0.022640405,0.023013877,0.02362849,0.9307172894477844,True,True,0.94568497,0.89702517,0.9115250290929974,0.9997161222294545,0.9824341279675981,1.0,859.0,797.0,False
d:\Research\Multi-View Fusion Network\datasets\brisc2025\classification_task\test\glioma\brisc2025_test_00080_gl_ax_t1.jpg,glioma,glioma,axial,0.9312499,0.022705605,0.022977505,0.023066968,0.9312499165534973,True,True,0.8662182,0.7640598,0.7639560439526859,0.9999999999997913,0.9999999999942463,3.1622776601683795,2275.0,1738.0,False
d:\Research\Multi-View Fusion Network\datasets\brisc2025\classification_task\test\glioma\brisc2025_test_00081_gl_ax_t1.jpg,glioma,glioma,axial,0.93071616,0.023112038,0.023056777,0.023115054,0.9307161569595337,True,True,0.93595344,0.8797814,0.917142857116653,0.999698952353992,0.9553571428287095,1.0,350.0,336.0,False
d:\Research\Multi-View Fusion Network\datasets\brisc2025\classification_task\test\glioma\brisc2025_test_00082_gl_ax_t1.jpg,glioma,glioma,axial,0.9286821,0.024028033,0.02383289,0.02345699,0.9286820888519287,True,True,0.85278654,0.74358976,0.9484777517342277,0.997628093026795,0.7743785850712356,2.8284271247461903,427.0,523.0,False
d:\Research\Multi-View Fusion Network\datasets\brisc2025\classification_task\test\glioma\brisc2025_test_00083_gl_ax_t1.jpg,glioma,glioma,axial,0.9312684,0.02257419,0.023008395,0.023149058,0.9312683939933777,True,True,0.7818552,0.64214045,0.7524557956630166,0.9982281998105386,0.8131634819360263,2.8284271247461903,509.0,471.0,False
d:\Research\Multi-View Fusion Network\datasets\brisc2025\classification_task\test\glioma\brisc2025_test_00084_gl_ax_t1.jpg,glioma,glioma,axial,0.9316295,0.022308638,0.023090381,0.022971546,0.931629478931427,True,True,0.67612934,0.5108128,0.5183642559616874,0.999158514778374,0.9716110716751484,17.00291573807422,2641.0,1409.0,False
d:\Research\Multi-View Fusion Network\datasets\brisc2025\classification_task\test\glioma\brisc2025_test_00085_gl_ax_t1.jpg,glioma,glioma,axial,0.93131113,0.022980789,0.022753038,0.022954974,0.9313111305236816,True,True,0.8308458,0.7118644,0.9999999998795182,0.9993212624516401,0.7094017093410768,1.4142135623730951,83.0,117.0,False
d:\Research\Multi-View Fusion Network\datasets\brisc2025\classification_task\test\glioma\brisc2025_test_00086_gl_co_t1.jpg,glioma,glioma,coronal,0.9322393,0.0229513,0.022576647,0.022232786,0.932239294052124,True,True,0.9677673,0.9375951,0.983999999984256,0.9993743819497085,0.9520123838861917,0.0,625.0,646.0,False
d:\Research\Multi-View Fusion Network\datasets\brisc2025\classification_task\test\glioma\brisc2025_test_00087_gl_co_t1.jpg,glioma,glioma,coronal,0.9310611,0.023100168,0.022984743,0.02285409,0.9310610890388489,True,True,0.80948555,0.68016195,0.6806495263777991,0.9999797722351681,0.9980158729960711,2.8284271247461903,739.0,504.0,False
d:\Research\Multi-View Fusion Network\datasets\brisc2025\classification_task\test\glioma\brisc2025_test_00088_gl_co_t1.jpg,glioma,glioma,coronal,0.9335463,0.022683958,0.02232394,0.02144588,0.9335463047027588,True,True,0.7437059,0.5921474,0.6356589147232071,0.9982454350706931,0.8956310679502957,8.94427190999916,1161.0,824.0,False
d:\Research\Multi-View Fusion Network\datasets\brisc2025\classification_task\test\glioma\brisc2025_test_00089_gl_co_t1.jpg,glioma,glioma,coronal,0.93195343,0.022674542,0.022563918,0.022808125,0.9319534301757812,True,True,0.9198835,0.85175204,0.9488721804368591,0.9984649875783163,0.8925035360552687,1.0,665.0,707.0,False
d:\Research\Multi-View Fusion Network\datasets\brisc2025\classification_task\test\glioma\brisc2025_test_00090_gl_co_t1.jpg,glioma,glioma,coronal,0.93216324,0.022587795,0.022630181,0.02261876,0.9321632385253906,True,True,0.92622954,0.86271185,0.9621212121029901,0.9987713503059542,0.8927943760827277,1.0,528.0,569.0,False
d:\Research\Multi-View Fusion Network\datasets\brisc2025\classification_task\test\glioma\brisc2025_test_00091_gl_co_t1.jpg,glioma,glioma,coronal,0.9320728,0.022796389,0.022800537,0.022330247,0.9320728182792664,True,True,0.96192205,0.9266589,0.9772727272667244,0.9981667627912586,0.9470238095181726,0.0,1628.0,1680.0,False
d:\Research\Multi-View Fusion Network\datasets\brisc2025\classification_task\test\glioma\brisc2025_test_00092_gl_co_t1.jpg,glioma,glioma,coronal,0.9287632,0.024119915,0.023558168,0.023558686,0.928763210773468,True,True,0.90017825,0.81877023,0.8235294117377931,0.9999598957286947,0.9921259842129084,1.0,306.0,254.0,False
d:\Research\Multi-View Fusion Network\datasets\brisc2025\classification_task\test\glioma\brisc2025_test_00093_gl_co_t1.jpg,glioma,glioma,coronal,0.9298171,0.023940755,0.022964051,0.0232781,0.9298170804977417,True,True,0.82406473,0.7010309,0.865957446790086,0.9977668691906415,0.7857142856991175,3.105480479109443,470.0,518.0,False
d:\Research\Multi-View Fusion Network\datasets\brisc2025\classification_task\test\glioma\brisc2025_test_00094_gl_co_t1.jpg,glioma,glioma,coronal,0.9307438,0.023439165,0.022869736,0.022947272,0.9307438135147095,True,True,0.8501946,0.7398649,0.9396551723732907,0.9987385872174839,0.7758007117161636,1.0,232.0,281.0,False
d:\Research\Multi-View Fusion Network\datasets\brisc2025\classification_task\test\glioma\brisc2025_test_00095_gl_co_t1.jpg,glioma,glioma,coronal,0.9294829,0.023802044,0.023243932,0.023471195,0.9294828772544861,True,True,0.89741033,0.8140794,0.8364312267502522,0.9996978121598373,0.9677419354630593,1.0,538.0,465.0,False
d:\Research\Multi-View Fusion Network\datasets\brisc2025\classification_task\test\glioma\brisc2025_test_00096_gl_co_t1.jpg,glioma,glioma,coronal,0.930532,0.023510396,0.023101302,0.022856256,0.9305319786071777,True,True,0.06455863,0.034013607,0.11594202897990617,0.9894534611457125,0.04355716878323852,45.28851111935316,207.0,551.0,False
d:\Research\Multi-View Fusion Network\datasets\brisc2025\classification_task\test\glioma\brisc2025_test_00097_gl_co_t1.jpg,glioma,glioma,coronal,0.9308051,0.023094146,0.023438372,0.022662438,0.9308050870895386,True,True,0.9210412,0.85365856,0.9277389277362246,0.9936248502479477,0.9144170017205215,1.4142135623730951,3432.0,3482.0,False
d:\Research\Multi-View Fusion Network\datasets\brisc2025\classification_task\test\glioma\brisc2025_test_00098_gl_co_t1.jpg,glioma,glioma,coronal,0.932814,0.022761649,0.022052538,0.022371817,0.9328140020370483,True,True,0.65384614,0.4864865,0.486404833822163,0.9999799378070018,0.9938271604324798,6.082762530298219,331.0,162.0,False
d:\Research\Multi-View Fusion Network\datasets\brisc2025\classification_task\test\glioma\brisc2025_test_00099_gl_co_t1.jpg,glioma,glioma,coronal,0.9300307,0.024131099,0.023117287,0.02272098,0.9300307035446167,True,True,0.0012658228,0.0012658228,0.0,0.9852571519768214,0.0,84.11896337925236,50.0,739.0,False
d:\Research\Multi-View Fusion Network\datasets\brisc2025\classification_task\test\glioma\brisc2025_test_00100_gl_co_t1.jpg,glioma,glioma,coronal,0.93217456,0.022673465,0.022704734,0.022447297,0.932174563407898,True,True,0.71311474,0.5547074,0.601108033224346,0.999377697480478,0.8749999999647177,7.0,361.0,248.0,False
d:\Research\Multi-View Fusion Network\datasets\brisc2025\classification_task\test\glioma\brisc2025_test_00101_gl_co_t1.jpg,glioma,glioma,coronal,0.9318931,0.022654869,0.022657305,0.0227947,0.9318931102752686,True,True,0.9314845,0.8719512,0.9163987137969003,0.999679133660684,0.9468438537891414,1.0,311.0,301.0,False
d:\Research\Multi-View Fusion Network\datasets\brisc2025\classification_task\test\glioma\brisc2025_test_00102_gl_co_t1.jpg,glioma,glioma,coronal,0.93139446,0.022873662,0.02270345,0.023028336,0.9313944578170776,True,True,0.96237504,0.9275198,0.940229885046664,0.9997566219119378,0.9855421686628247,0.0,870.0,830.0,False
d:\Research\Multi-View Fusion Network\datasets\brisc2025\classification_task\test\glioma\brisc2025_test_00103_gl_co_t1.jpg,glioma,glioma,coronal,0.93136024,0.02271914,0.023057044,0.022863563,0.9313602447509766,True,True,0.93949044,0.8859239,0.9384724186638015,0.9982773471143518,0.9404677533597416,1.0,1414.0,1411.0,False
d:\Research\Multi-View Fusion Network\datasets\brisc2025\classification_task\test\glioma\brisc2025_test_00104_gl_co_t1.jpg,glioma,glioma,coronal,0.93184215,0.022665478,0.022654392,0.022837995,0.9318421483039856,True,True,0.8001169,0.66699123,0.6812749003916208,0.9995525909051901,0.9688385268984584,4.188849909443548,1004.0,706.0,False
d:\Research\Multi-View Fusion Network\datasets\brisc2025\classification_task\test\glioma\brisc2025_test_00105_gl_co_t1.jpg,glioma,glioma,coronal,0.9319301,0.022775946,0.022772003,0.022521963,0.9319301247596741,True,True,0.5018018,0.33533654,0.9964157705736051,0.988937210653749,0.33493975903210915,12.083045973594572,279.0,830.0,False
d:\Research\Multi-View Fusion Network\datasets\brisc2025\classification_task\test\glioma\brisc2025_test_00106_gl_co_t1.jpg,glioma,glioma,coronal,0.9297902,0.023284031,0.023388915,0.023536842,0.929790198802948,True,True,0.8470874,0.73479885,0.8693244739708232,0.9931569154432515,0.8258811151981805,4.47213595499958,1806.0,1901.0,False
d:\Research\Multi-View Fusion Network\datasets\brisc2025\classification_task\test\glioma\brisc2025_test_00107_gl_co_t1.jpg,glioma,glioma,coronal,0.93027824,0.023137154,0.023411542,0.023173064,0.9302782416343689,True,True,0.86656076,0.764596,0.8111056023757507,0.9974459602564428,0.9300739056229104,3.273096063992282,2017.0,1759.0,False
d:\Research\Multi-View Fusion Network\datasets\brisc2025\classification_task\test\glioma\brisc2025_test_00108_gl_co_t1.jpg,glioma,glioma,coronal,0.93072504,0.023303779,0.02317012,0.022801025,0.9307250380516052,True,True,0.9380109,0.8833333,0.9064558629656594,0.99959528097598,0.9717514124156532,1.0,759.0,708.0,False
d:\Research\Multi-View Fusion Network\datasets\brisc2025\classification_task\test\glioma\brisc2025_test_00109_gl_co_t1.jpg,glioma,glioma,coronal,0.93158895,0.022975799,0.022692546,0.022742765,0.9315889477729797,True,True,0.95913464,0.9215385,0.9537480063643741,0.9995559950753801,0.9645161290167014,0.0,627.0,620.0,False
d:\Research\Multi-View Fusion Network\datasets\brisc2025\classification_task\test\glioma\brisc2025_test_00110_gl_co_t1.jpg,glioma,glioma,coronal,0.93252915,0.022525836,0.022541437,0.022403464,0.9325291514396667,True,True,0.9688909,0.9396853,0.991689750683364,0.9987778298329704,0.9470899470815954,0.0,1083.0,1134.0,False
d:\Research\Multi-View Fusion Network\datasets\brisc2025\classification_task\test\glioma\brisc2025_test_00111_gl_co_t1.jpg,glioma,glioma,coronal,0.93121207,0.023416799,0.022662878,0.022708299,0.9312120676040649,True,True,0.87967914,0.78571427,0.982035928084908,0.9991601511725892,0.7961165048157225,1.0,167.0,206.0,False
d:\Research\Multi-View Fusion Network\datasets\brisc2025\classification_task\test\glioma\brisc2025_test_00112_gl_co_t1.jpg,glioma,glioma,coronal,0.93245214,0.022575071,0.022519229,0.022453565,0.9324521422386169,True,True,0.24291188,0.1386225,0.7669902912249034,0.9811887132277405,0.14389799635570222,21.400934559032695,206.0,1098.0,False
d:\Research\Multi-View Fusion Network\datasets\brisc2025\classification_task\test\glioma\brisc2025_test_00113_gl_co_t1.jpg,glioma,glioma,coronal,0.9306474,0.023207555,0.022970151,0.023174932,0.9306473731994629,True,True,0.7,0.538662,0.9687010954464992,0.9896844782685691,0.5477876106146214,13.038404810405298,639.0,1130.0,False
d:\Research\Multi-View Fusion Network\datasets\brisc2025\classification_task\test\glioma\brisc2025_test_00114_gl_co_t1.jpg,glioma,glioma,coronal,0.93245804,0.02250867,0.022618089,0.02241511,0.9324580430984497,True,True,0.82705534,0.7051926,0.8053605615775026,0.9954123721942448,0.8498316498259271,5.0,1567.0,1485.0,False
d:\Research\Multi-View Fusion Network\datasets\brisc2025\classification_task\test\glioma\brisc2025_test_00115_gl_co_t1.jpg,glioma,glioma,coronal,0.9327752,0.022705544,0.02210643,0.022412805,0.9327751994132996,True,True,0.7891037,0.65217394,0.654970760214767,0.9999598667574348,0.9911504424340198,3.105480479109443,342.0,226.0,False
d:\Research\Multi-View Fusion Network\datasets\brisc2025\classification_task\test\glioma\brisc2025_test_00116_gl_co_t1.jpg,glioma,glioma,coronal,0.9322102,0.02274525,0.022390056,0.022654511,0.9322102069854736,True,True,0.8303426,0.7103064,0.9136690647153356,0.9983967293276287,0.7604790418933988,2.0,278.0,334.0,False
d:\Research\Multi-View Fusion Network\datasets\brisc2025\classification_task\test\glioma\brisc2025_test_00117_gl_co_t1.jpg,glioma,glioma,coronal,0.9289724,0.02436222,0.023736674,0.022928668,0.9289724230766296,True,True,0.42917848,0.27387387,0.27256317689038695,0.9999999999997985,0.9999999999337748,12.712159777220984,554.0,151.0,False
d:\Research\Multi-View Fusion Network\datasets\brisc2025\classification_task\test\glioma\brisc2025_test_00118_gl_co_t1.jpg,glioma,glioma,coronal,0.92831457,0.02474743,0.023738818,0.023199191,0.9283145666122437,True,True,0.909991,0.8349835,0.9546313799441468,0.9984691924988421,0.8691910498989812,1.0,529.0,581.0,False
d:\Research\Multi-View Fusion Network\datasets\brisc2025\classification_task\test\glioma\brisc2025_test_00119_gl_co_t1.jpg,glioma,glioma,coronal,0.9315547,0.023189336,0.023052022,0.022203987,0.9315546751022339,True,True,0.7765223,0.6348718,0.7509113001123826,0.9969404088908482,0.8036410923172478,4.0,823.0,769.0,False
d:\Research\Multi-View Fusion Network\datasets\brisc2025\classification_task\test\glioma\brisc2025_test_00120_gl_co_t1.jpg,glioma,glioma,coronal,0.93153805,0.022772942,0.022731343,0.022957718,0.9315380454063416,True,True,0.9462486,0.8980892,0.9768518518292395,0.9992360887743248,0.9173913043278827,1.0,432.0,460.0,False
d:\Research\Multi-View Fusion Network\datasets\brisc2025\classification_task\test\glioma\brisc2025_test_00121_gl_co_t1.jpg,glioma,glioma,coronal,0.9316174,0.022949174,0.022706369,0.022727106,0.9316173791885376,True,True,0.8906026,0.8028442,0.808469055369326,0.999773853333402,0.9912140575000703,3.605551275463989,1535.0,1252.0,False
d:\Research\Multi-View Fusion Network\datasets\brisc2025\classification_task\test\glioma\brisc2025_test_00122_gl_co_t1.jpg,glioma,glioma,coronal,0.9310414,0.023128357,0.022968454,0.0228617,0.931041419506073,True,True,0.68459916,0.5208333,0.5796064400611877,0.9987101195152874,0.8350515463702306,10.72827447380869,559.0,388.0,False
d:\Research\Multi-View Fusion Network\datasets\brisc2025\classification_task\test\glioma\brisc2025_test_00123_gl_co_t1.jpg,glioma,glioma,coronal,0.9326647,0.022391947,0.02243051,0.022512963,0.932664692401886,True,True,0.57475585,0.40358272,0.6420168067118989,0.9928803372257533,0.5197278911493914,20.0,595.0,735.0,False
d:\Research\Multi-View Fusion Network\datasets\brisc2025\classification_task\test\glioma\brisc2025_test_00124_gl_co_t1.jpg,glioma,glioma,coronal,0.9313626,0.022885924,0.023080582,0.022670876,0.9313626289367676,True,True,0.81605047,0.6894977,0.838589981431566,0.997642887362049,0.7943760984043168,6.708203932499369,539.0,569.0,False
d:\Research\Multi-View Fusion Network\datasets\brisc2025\classification_task\test\glioma\brisc2025_test_00125_gl_co_t1.jpg,glioma,glioma,coronal,0.9311485,0.023232372,0.023260355,0.022358775,0.9311485290527344,True,True,0.63717806,0.4679803,0.7064676616739685,0.9958612930443614,0.5795918367228655,7.810249675906654,402.0,490.0,False
d:\Research\Multi-View Fusion Network\datasets\brisc2025\classification_task\test\glioma\brisc2025_test_00126_gl_co_t1.jpg,glioma,glioma,coronal,0.93128943,0.02306958,0.02296846,0.022672512,0.9312894344329834,True,True,0.87713313,0.78137654,0.8156779660844136,0.9995774987926527,0.948275862045609,2.0,472.0,406.0,False
d:\Research\Multi-View Fusion Network\datasets\brisc2025\classification_task\test\glioma\brisc2025_test_00127_gl_co_t1.jpg,glioma,glioma,coronal,0.93186635,0.022970865,0.022676824,0.022485945,0.9318663477897644,True,True,0.96242774,0.9276438,0.9596153845969304,0.9996375060413647,0.965183752399126,0.0,520.0,517.0,False
d:\Research\Multi-View Fusion Network\datasets\brisc2025\classification_task\test\glioma\brisc2025_test_00128_gl_co_t1.jpg,glioma,glioma,coronal,0.93146646,0.022887133,0.022772392,0.022874052,0.9314664602279663,True,True,0.8535503,0.7448454,0.8347826086714556,0.9991571511707574,0.8727272727008264,1.4142135623730951,345.0,330.0,False
d:\Research\Multi-View Fusion Network\datasets\brisc2025\classification_task\test\glioma\brisc2025_test_00129_gl_co_t1.jpg,glioma,glioma,coronal,0.9325561,0.022345506,0.022537058,0.022561306,0.9325560927391052,True,True,0.9264029,0.8630137,0.9280442804256819,0.9991739533382361,0.9246323529241796,1.0,542.0,544.0,False
d:\Research\Multi-View Fusion Network\datasets\brisc2025\classification_task\test\glioma\brisc2025_test_00130_gl_co_t1.jpg,glioma,glioma,coronal,0.9313338,0.022940334,0.0229856,0.022740375,0.9313337802886963,True,True,0.83026314,0.7098951,0.7102102102048784,0.9999795266560888,0.9989440337803702,5.830951894845301,1332.0,947.0,False
d:\Research\Multi-View Fusion Network\datasets\brisc2025\classification_task\test\glioma\brisc2025_test_00131_gl_co_t1.jpg,glioma,glioma,coronal,0.9325728,0.02261288,0.022519216,0.022295116,0.9325727820396423,True,True,0.0023980816,0.0023980816,0.0,0.999999999999799,0.0,-1.0,416.0,0.0,True
d:\Research\Multi-View Fusion Network\datasets\brisc2025\classification_task\test\glioma\brisc2025_test_00132_gl_co_t1.jpg,glioma,glioma,coronal,0.9314023,0.023055166,0.022793034,0.022749439,0.931402325630188,True,True,0.21665582,0.1218089,0.32358674463306847,0.982743692487167,0.16226783968560832,40.709335191322594,513.0,1023.0,False
d:\Research\Multi-View Fusion Network\datasets\brisc2025\classification_task\test\glioma\brisc2025_test_00133_gl_co_t1.jpg,glioma,glioma,coronal,0.93214566,0.02275921,0.022497576,0.022597637,0.9321456551551819,True,True,0.9569892,0.917603,0.9683168316639937,0.9994362907932196,0.9458413926316085,0.0,505.0,517.0,False
d:\Research\Multi-View Fusion Network\datasets\brisc2025\classification_task\test\glioma\brisc2025_test_00134_gl_co_t1.jpg,glioma,glioma,coronal,0.93005884,0.02392099,0.023025466,0.02299474,0.9300588369369507,True,True,0.93877995,0.88464695,0.8982485404466295,0.99922558499707,0.983112733906969,1.0,2398.0,2191.0,False
d:\Research\Multi-View Fusion Network\datasets\brisc2025\classification_task\test\glioma\brisc2025_test_00135_gl_co_t1.jpg,glioma,glioma,coronal,0.931967,0.022905907,0.02250586,0.022621134,0.93196702003479,True,True,0.65237224,0.48443842,0.8399999999802352,0.9937086691722793,0.5328358208875696,31.08856129525115,425.0,670.0,False
d:\Research\Multi-View Fusion Network\datasets\brisc2025\classification_task\test\glioma\brisc2025_test_00136_gl_co_t1.jpg,glioma,glioma,coronal,0.9315541,0.022733582,0.022843124,0.022869255,0.9315540790557861,True,True,0.88862926,0.79971987,0.8260869565097668,0.9995352220828114,0.9612141652451734,1.4142135623730951,690.0,593.0,False
d:\Research\Multi-View Fusion Network\datasets\brisc2025\classification_task\test\glioma\brisc2025_test_00137_gl_co_t1.jpg,glioma,glioma,coronal,0.9313974,0.023115665,0.023037096,0.022449827,0.9313973784446716,True,True,0.6290909,0.45936397,0.4923954372529963,0.9992145015103728,0.8691275167493581,9.219544457292887,526.0,298.0,False
d:\Research\Multi-View Fusion Network\datasets\brisc2025\classification_task\test\glioma\brisc2025_test_00138_gl_co_t1.jpg,glioma,glioma,coronal,0.9325081,0.02242166,0.022590436,0.022479724,0.932508111000061,True,True,0.93346614,0.8752801,0.8831070889827821,0.9997543500509725,0.989856297540238,1.0,1326.0,1183.0,False
d:\Research\Multi-View Fusion Network\datasets\brisc2025\classification_task\test\glioma\brisc2025_test_00139_gl_co_t1.jpg,glioma,glioma,coronal,0.92947084,0.024233202,0.023067508,0.023228383,0.9294708371162415,True,True,0.94657534,0.8987013,0.9452054794261587,0.9996185581496057,0.9478021977761593,1.0,365.0,364.0,False
d:\Research\Multi-View Fusion Network\datasets\brisc2025\classification_task\test\glioma\brisc2025_test_00140_gl_co_t1.jpg,glioma,glioma,coronal,0.9317313,0.02312421,0.02254776,0.022596786,0.9317312836647034,True,True,0.006849315,0.006849315,0.0,0.9999999999998002,0.0,-1.0,145.0,0.0,True
d:\Research\Multi-View Fusion Network\datasets\brisc2025\classification_task\test\glioma\brisc2025_test_00141_gl_co_t1.jpg,glioma,glioma,coronal,0.9310833,0.023335071,0.022719638,0.02286197,0.9310833215713501,True,True,0.55004275,0.379717,0.5219512195037082,0.9953188999412855,0.580470162738147,65.06381441520017,615.0,553.0,False
d:\Research\Multi-View Fusion Network\datasets\brisc2025\classification_task\test\glioma\brisc2025_test_00142_gl_co_t1.jpg,glioma,glioma,coronal,0.92879623,0.023882503,0.023926046,0.023395238,0.9287962317466736,True,True,0.8577236,0.75177306,0.9722222221322017,0.9993608692176642,0.7664233576082902,1.0,108.0,137.0,False
d:\Research\Multi-View Fusion Network\datasets\brisc2025\classification_task\test\glioma\brisc2025_test_00143_gl_co_t1.jpg,glioma,glioma,coronal,0.930184,0.02331725,0.023286559,0.02321223,0.930184006690979,True,True,0.5510511,0.3809524,0.40308370043165015,0.9994368689913923,0.8672985781579479,20.198765385053257,454.0,211.0,False
d:\Research\Multi-View Fusion Network\datasets\brisc2025\classification_task\test\glioma\brisc2025_test_00144_gl_co_t1.jpg,glioma,glioma,coronal,0.9307455,0.023311783,0.023219183,0.02272366,0.9307454824447632,True,True,0.20565149,0.115384616,0.9154929576175362,0.9900209559922184,0.11504424778557444,25.509789345563263,71.0,565.0,False
d:\Research\Multi-View Fusion Network\datasets\brisc2025\classification_task\test\glioma\brisc2025_test_00145_gl_co_t1.jpg,glioma,glioma,coronal,0.9307886,0.023153823,0.023392184,0.022665428,0.9307885766029358,True,True,0.752354,0.6033183,0.6867469879399871,0.9983667708436338,0.8312499999826822,2.0,581.0,480.0,False
d:\Research\Multi-View Fusion Network\datasets\brisc2025\classification_task\test\glioma\brisc2025_test_00146_gl_co_t1.jpg,glioma,meningioma,coronal,0.06990937,0.8304117,0.06501776,0.034661185,0.8304116725921631,False,True,0.72039473,0.5641026,0.8449612402445766,0.9987012208521993,0.6264367815731933,5.0,129.0,174.0,False
d:\Research\Multi-View Fusion Network\datasets\brisc2025\classification_task\test\glioma\brisc2025_test_00147_gl_co_t1.jpg,glioma,glioma,coronal,0.930488,0.02328337,0.023249468,0.022979168,0.9304879903793335,True,True,0.95,0.90483385,0.9074355083322089,0.9999596098307653,0.9966666666500555,0.09999999999990905,659.0,600.0,False
d:\Research\Multi-View Fusion Network\datasets\brisc2025\classification_task\test\glioma\brisc2025_test_00148_gl_co_t1.jpg,glioma,glioma,coronal,0.93109393,0.023091728,0.02301001,0.022804232,0.9310939311981201,True,True,0.96754056,0.93719804,0.9626865671402317,0.999779001084703,0.9723618090207949,0.0,402.0,398.0,False
d:\Research\Multi-View Fusion Network\datasets\brisc2025\classification_task\test\glioma\brisc2025_test_00149_gl_co_t1.jpg,glioma,glioma,coronal,0.92735547,0.024210893,0.024968082,0.023465522,0.9273554682731628,True,True,0.84219,0.7277778,0.8999999999689655,0.9986168464096142,0.790909090885124,20.255837797469308,290.0,330.0,False
d:\Research\Multi-View Fusion Network\datasets\brisc2025\classification_task\test\glioma\brisc2025_test_00150_gl_co_t1.jpg,glioma,glioma,coronal,0.9294706,0.023806449,0.023501415,0.023221435,0.9294705986976624,True,True,0.74671054,0.59615386,0.83538083536031,0.996704776065222,0.6746031745897896,4.182873156368473,407.0,504.0,False
d:\Research\Multi-View Fusion Network\datasets\brisc2025\classification_task\test\glioma\brisc2025_test_00151_gl_co_t1.jpg,glioma,glioma,coronal,0.930665,0.023814369,0.022614757,0.02290578,0.9306650161743164,True,True,0.6564685,0.48894668,0.5822981366369209,0.9974965678751117,0.7515030059969638,14.744362732066136,644.0,499.0,False
d:\Research\Multi-View Fusion Network\datasets\brisc2025\classification_task\test\glioma\brisc2025_test_00152_gl_co_t1.jpg,glioma,glioma,coronal,0.93087983,0.022765357,0.023111392,0.02324335,0.9308798313140869,True,True,0.96202093,0.9268456,0.9616724738608944,0.9988921031573011,0.9623430962275988,0.0,1435.0,1434.0,False
d:\Research\Multi-View Fusion Network\datasets\brisc2025\classification_task\test\glioma\brisc2025_test_00153_gl_co_t1.jpg,glioma,glioma,coronal,0.9304702,0.023477314,0.023148283,0.022904195,0.9304702281951904,True,True,0.92184496,0.8551069,0.8621103117402624,0.9998581330304812,0.9903581267081217,1.0,834.0,726.0,False
d:\Research\Multi-View Fusion Network\datasets\brisc2025\classification_task\test\glioma\brisc2025_test_00154_gl_co_t1.jpg,glioma,glioma,coronal,0.9306781,0.023120832,0.022968171,0.023232806,0.930678129196167,True,True,0.8277897,0.7063129,0.7932098765350493,0.9975611738880991,0.8653198653101535,3.605551275463989,972.0,891.0,False
d:\Research\Multi-View Fusion Network\datasets\brisc2025\classification_task\test\glioma\brisc2025_test_00155_gl_co_t1.jpg,glioma,glioma,coronal,0.93035704,0.023212159,0.02331314,0.023117704,0.930357038974762,True,True,0.94093025,0.88846606,0.9102910291001792,0.9982494716390927,0.973684210523191,1.0,3333.0,3116.0,False
d:\Research\Multi-View Fusion Network\datasets\brisc2025\classification_task\test\glioma\brisc2025_test_00156_gl_co_t1.jpg,glioma,glioma,coronal,0.9296976,0.023520214,0.023461541,0.023320671,0.929697573184967,True,True,0.7818182,0.6418733,0.9701388888821519,0.9848777084699227,0.6546391752546643,7.615773105863909,1440.0,2134.0,False
d:\Research\Multi-View Fusion Network\datasets\brisc2025\classification_task\test\glioma\brisc2025_test_00157_gl_co_t1.jpg,glioma,glioma,coronal,0.9303617,0.02314031,0.023431284,0.023066774,0.9303616881370544,True,True,0.8075828,0.67731345,0.7544910179615619,0.9927284290860733,0.8686327077714722,8.48528137423857,3006.0,2611.0,False
d:\Research\Multi-View Fusion Network\datasets\brisc2025\classification_task\test\glioma\brisc2025_test_00158_gl_co_t1.jpg,glioma,glioma,coronal,0.9307721,0.022971092,0.023046993,0.023209728,0.9307721257209778,True,True,0.81774276,0.69174546,0.7021834061104708,0.9992690974395442,0.9786975045588637,5.830951894845301,2290.0,1643.0,False
d:\Research\Multi-View Fusion Network\datasets\brisc2025\classification_task\test\glioma\brisc2025_test_00159_gl_co_t1.jpg,glioma,glioma,coronal,0.9287691,0.023980262,0.023821935,0.023428675,0.9287691116333008,True,True,0.9456,0.89686555,0.9355860612361606,0.9991671575695222,0.955771305275558,1.0,947.0,927.0,False
d:\Research\Multi-View Fusion Network\datasets\brisc2025\classification_task\test\glioma\brisc2025_test_00160_gl_co_t1.jpg,glioma,glioma,coronal,0.9276945,0.024295757,0.02429025,0.023719482,0.9276944994926453,True,True,0.7995816,0.66620207,0.7001466275608494,0.9985659264113337,0.931707317064081,13.527445451240744,1364.0,1025.0,False
d:\Research\Multi-View Fusion Network\datasets\brisc2025\classification_task\test\glioma\brisc2025_test_00161_gl_co_t1.jpg,glioma,glioma,coronal,0.9291529,0.023462132,0.023602983,0.023782007,0.9291529059410095,True,True,0.9288302,0.8671498,0.9542553191438604,0.9960866324331217,0.9046898638381005,1.0,1880.0,1983.0,False
d:\Research\Multi-View Fusion Network\datasets\brisc2025\classification_task\test\glioma\brisc2025_test_00162_gl_co_t1.jpg,glioma,glioma,coronal,0.9311944,0.023077535,0.023020044,0.02270802,0.9311944246292114,True,True,0.823781,0.7005814,0.7073529411660683,0.999858574430055,0.9856557376847201,2.0,680.0,488.0,False
d:\Research\Multi-View Fusion Network\datasets\brisc2025\classification_task\test\glioma\brisc2025_test_00163_gl_co_t1.jpg,glioma,glioma,coronal,0.93101305,0.022955706,0.023303567,0.02272761,0.9310130476951599,True,True,0.87118083,0.7719298,0.9705340699637103,0.9971792960326805,0.7901049475143912,1.4142135623730951,543.0,667.0,False
d:\Research\Multi-View Fusion Network\datasets\brisc2025\classification_task\test\glioma\brisc2025_test_00164_gl_co_t1.jpg,glioma,glioma,coronal,0.9296232,0.0236323,0.023774553,0.022969943,0.9296231865882874,True,True,0.91271526,0.8394794,0.8782924613947398,0.9978738483343066,0.9499017681682226,1.4142135623730951,2202.0,2036.0,False
d:\Research\Multi-View Fusion Network\datasets\brisc2025\classification_task\test\glioma\brisc2025_test_00165_gl_co_t1.jpg,glioma,glioma,coronal,0.93009955,0.02316811,0.023668943,0.023063397,0.9300995469093323,True,True,0.940901,0.88842106,0.9307149161477021,0.9977457733247761,0.9512855209699987,1.0,2266.0,2217.0,False
d:\Research\Multi-View Fusion Network\datasets\brisc2025\classification_task\test\glioma\brisc2025_test_00166_gl_co_t1.jpg,glioma,glioma,coronal,0.9302716,0.02300084,0.023609137,0.023118448,0.9302716255187988,True,True,0.7009756,0.5397898,0.8466981131975625,0.9902084009080057,0.5978351373805343,13.038404810405298,848.0,1201.0,False
d:\Research\Multi-View Fusion Network\datasets\brisc2025\classification_task\test\glioma\brisc2025_test_00167_gl_sa_t1.jpg,glioma,glioma,sagittal,0.9320345,0.022818912,0.022350842,0.022795672,0.9320344924926758,True,True,0.9362224,0.88018435,0.9093799681890401,0.9995761600094861,0.9645868465267354,1.0,629.0,593.0,False
d:\Research\Multi-View Fusion Network\datasets\brisc2025\classification_task\test\glioma\brisc2025_test_00168_gl_sa_t1.jpg,glioma,glioma,sagittal,0.9300101,0.023564657,0.023238264,0.02318701,0.9300100803375244,True,True,0.047453705,0.024496246,0.025061626951417167,0.9979891919062884,0.3885350318223863,46.93608329051593,2434.0,157.0,False
d:\Research\Multi-View Fusion Network\datasets\brisc2025\classification_task\test\glioma\brisc2025_test_00169_gl_sa_t1.jpg,glioma,glioma,sagittal,0.93202055,0.02245772,0.022727113,0.02279461,0.9320205450057983,True,True,0.85683036,0.74957484,0.7601380500398613,0.9993104601109535,0.9816155988803253,6.0,2318.0,1795.0,False
d:\Research\Multi-View Fusion Network\datasets\brisc2025\classification_task\test\glioma\brisc2025_test_00170_gl_sa_t1.jpg,glioma,glioma,sagittal,0.93365973,0.022030888,0.022315716,0.021993611,0.9336597323417664,True,True,0.85068387,0.7402512,0.741059602644099,0.9999589035464185,0.9982158786708456,3.0,1510.0,1121.0,False
d:\Research\Multi-View Fusion Network\datasets\brisc2025\classification_task\test\glioma\brisc2025_test_00171_gl_sa_t1.jpg,glioma,glioma,sagittal,0.9302376,0.023233993,0.023233883,0.023294616,0.9302375912666321,True,True,0.8344398,0.7160142,0.7199140401094563,0.9998359983597787,0.9921026653406505,4.0,1396.0,1013.0,False
d:\Research\Multi-View Fusion Network\datasets\brisc2025\classification_task\test\glioma\brisc2025_test_00172_gl_sa_t1.jpg,glioma,glioma,sagittal,0.9300242,0.02339701,0.023276424,0.023302443,0.9300242066383362,True,True,0.83149403,0.7116921,0.7399848828364325,0.9989151126847894,0.948643410843521,5.830951894845301,1323.0,1032.0,False
d:\Research\Multi-View Fusion Network\datasets\brisc2025\classification_task\test\glioma\brisc2025_test_00173_gl_sa_t1.jpg,glioma,glioma,sagittal,0.932343,0.022857854,0.02224717,0.022551967,0.9323430061340332,True,True,0.756,0.60897434,0.6527777777324459,0.9997801407097459,0.8952380951528345,3.8422205101855935,144.0,105.0,False
d:\Research\Multi-View Fusion Network\datasets\brisc2025\classification_task\test\glioma\brisc2025_test_00174_gl_sa_t1.jpg,glioma,glioma,sagittal,0.9321155,0.022821078,0.022461638,0.022601781,0.9321154952049255,True,True,0.9683973,0.93886465,0.9553571428144929,0.9999199231260011,0.9816513761017591,0.0,224.0,218.0,False
d:\Research\Multi-View Fusion Network\datasets\brisc2025\classification_task\test\glioma\brisc2025_test_00175_gl_sa_t1.jpg,glioma,glioma,sagittal,0.92976743,0.023835436,0.023318589,0.023078578,0.9297674298286438,True,True,0.8856275,0.79491836,0.8501945525126421,0.9992750996735937,0.9238900634054146,2.0,514.0,473.0,False
d:\Research\Multi-View Fusion Network\datasets\brisc2025\classification_task\test\glioma\brisc2025_test_00176_gl_sa_t1.jpg,glioma,glioma,sagittal,0.9333053,0.022712838,0.022171654,0.021810217,0.9333053231239319,True,True,0.0018083183,0.0018083183,0.0,0.9944689378755522,0.0,41.164260585483376,276.0,276.0,False
d:\Research\Multi-View Fusion Network\datasets\brisc2025\classification_task\test\glioma\brisc2025_test_00177_gl_sa_t1.jpg,glioma,glioma,sagittal,0.93013453,0.023409694,0.023034886,0.023420895,0.9301345348358154,True,True,0.88974273,0.80144405,0.9881217520342382,0.9935693952362339,0.8091185410285161,3.0,1347.0,1645.0,False
d:\Research\Multi-View Fusion Network\datasets\brisc2025\classification_task\test\glioma\brisc2025_test_00178_gl_sa_t1.jpg,glioma,glioma,sagittal,0.93172425,0.022779945,0.022751244,0.022744475,0.9317242503166199,True,True,0.7448071,0.5935728,0.6627906976674124,0.9977452772697547,0.8495934959234472,17.029386365926403,946.0,738.0,False
d:\Research\Multi-View Fusion Network\datasets\brisc2025\classification_task\test\glioma\brisc2025_test_00179_gl_sa_t1.jpg,glioma,glioma,sagittal,0.9325411,0.022906786,0.02236589,0.02218625,0.9325410723686218,True,True,0.7814465,0.6417526,0.9959839357029725,0.9972359645079822,0.6424870466154796,5.0,249.0,386.0,False
d:\Research\Multi-View Fusion Network\datasets\brisc2025\classification_task\test\glioma\brisc2025_test_00180_gl_sa_t1.jpg,glioma,glioma,sagittal,0.93365383,0.022435874,0.021932833,0.021977516,0.9336538314819336,True,True,0.7478448,0.5979381,0.7330508474265656,0.9989187024427315,0.7621145374113606,2.0,236.0,227.0,False
d:\Research\Multi-View Fusion Network\datasets\brisc2025\classification_task\test\glioma\brisc2025_test_00181_gl_sa_t1.jpg,glioma,glioma,sagittal,0.9328779,0.02254882,0.022193413,0.022379901,0.9328778982162476,True,True,0.94981414,0.90459365,0.9732824427109434,0.9995993108144009,0.9272727272390082,0.19999999999998863,262.0,275.0,False
d:\Research\Multi-View Fusion Network\datasets\brisc2025\classification_task\test\glioma\brisc2025_test_00182_gl_sa_t1.jpg,glioma,glioma,sagittal,0.93195385,0.022606784,0.022552142,0.022887176,0.9319538474082947,True,True,0.7267303,0.57116103,0.6924829157017658,0.9981100589096653,0.7638190954581955,56.108793894488315,439.0,398.0,False
d:\Research\Multi-View Fusion Network\datasets\brisc2025\classification_task\test\glioma\brisc2025_test_00183_gl_sa_t1.jpg,glioma,glioma,sagittal,0.93303823,0.022168132,0.0223107,0.02248299,0.9330382347106934,True,True,0.5205395,0.35211268,0.3911439114355061,0.997514870039722,0.7765567765425538,65.76473218982953,1084.0,546.0,False
d:\Research\Multi-View Fusion Network\datasets\brisc2025\classification_task\test\glioma\brisc2025_test_00184_gl_sa_t1.jpg,glioma,glioma,sagittal,0.9327879,0.022520741,0.022342546,0.022348745,0.9327878952026367,True,True,0.9640233,0.9305624,0.9472111553737689,0.9992526158443367,0.9814241486017471,0.0,2008.0,1938.0,False
d:\Research\Multi-View Fusion Network\datasets\brisc2025\classification_task\test\glioma\brisc2025_test_00185_gl_sa_t1.jpg,glioma,glioma,sagittal,0.9324896,0.023213215,0.022009388,0.0222878,0.9324895739555359,True,True,0.9021818,0.8218543,0.9124356144156555,0.9969272999158088,0.8920863309288339,1.0,1359.0,1390.0,False
d:\Research\Multi-View Fusion Network\datasets\brisc2025\classification_task\test\glioma\brisc2025_test_00186_gl_sa_t1.jpg,glioma,glioma,sagittal,0.933783,0.022244481,0.02200283,0.021969616,0.9337829947471619,True,True,0.6302715,0.460371,0.5220306513359959,0.9971301799232686,0.7944606413878358,17.029386365926403,1044.0,686.0,False
d:\Research\Multi-View Fusion Network\datasets\brisc2025\classification_task\test\glioma\brisc2025_test_00187_gl_sa_t1.jpg,glioma,glioma,sagittal,0.9318617,0.022738721,0.022610134,0.022789413,0.9318616986274719,True,True,0.7779471,0.63674146,0.6763925729383167,0.9985523498825571,0.9150717703239823,4.4032873746354495,1131.0,836.0,False
d:\Research\Multi-View Fusion Network\datasets\brisc2025\classification_task\test\glioma\brisc2025_test_00188_gl_sa_t1.jpg,glioma,glioma,sagittal,0.9315964,0.022904988,0.022505332,0.022993365,0.9315963983535767,True,True,0.44891304,0.28991598,0.5435356200384291,0.9932927686404818,0.381481481474417,12.091293882294751,379.0,540.0,False
d:\Research\Multi-View Fusion Network\datasets\brisc2025\classification_task\test\glioma\brisc2025_test_00189_gl_sa_t1.jpg,glioma,glioma,sagittal,0.9311753,0.022895586,0.022759294,0.02316984,0.9311752915382385,True,True,0.9766783,0.9544293,0.9655172413751487,0.9994358074220581,0.9880899867622934,0.0,2320.0,2267.0,False
d:\Research\Multi-View Fusion Network\datasets\brisc2025\classification_task\test\glioma\brisc2025_test_00190_gl_sa_t1.jpg,glioma,glioma,sagittal,0.930695,0.023184955,0.022728315,0.023391806,0.9306949973106384,True,True,0.9522015,0.90878123,0.9320388349478368,0.9986134745066284,0.9732360097284135,0.0,2575.0,2466.0,False
d:\Research\Multi-View Fusion Network\datasets\brisc2025\classification_task\test\glioma\brisc2025_test_00191_gl_sa_t1.jpg,glioma,glioma,sagittal,0.9323124,0.022753395,0.022428984,0.022505142,0.9323124289512634,True,True,0.38622755,0.24074075,0.9999999998437501,0.99590916347362,0.23791821560453835,9.0,64.0,269.0,False
d:\Research\Multi-View Fusion Network\datasets\brisc2025\classification_task\test\glioma\brisc2025_test_00192_gl_sa_t1.jpg,glioma,glioma,sagittal,0.930894,0.023029808,0.022672698,0.023403458,0.9308940172195435,True,True,0.6883327,0.5249231,0.6246334310804647,0.994673440956938,0.7661870503528221,8.246211251235321,1364.0,1112.0,False
d:\Research\Multi-View Fusion Network\datasets\brisc2025\classification_task\test\glioma\brisc2025_test_00193_gl_sa_t1.jpg,glioma,glioma,sagittal,0.9303191,0.023237368,0.023400165,0.023043428,0.93031907081604,True,True,0.15383205,0.08341609,0.0854927565801153,0.9970623964658207,0.7590579710007417,53.150729063673246,4901.0,552.0,False
d:\Research\Multi-View Fusion Network\datasets\brisc2025\classification_task\test\glioma\brisc2025_test_00194_gl_sa_t1.jpg,glioma,glioma,sagittal,0.9314706,0.022938881,0.022480164,0.023110399,0.9314705729484558,True,True,0.6718973,0.5064378,0.9325396825026769,0.9957335149425135,0.5245535714168627,34.41075355053424,252.0,448.0,False
d:\Research\Multi-View Fusion Network\datasets\brisc2025\classification_task\test\glioma\brisc2025_test_00195_gl_sa_t1.jpg,glioma,glioma,sagittal,0.93147045,0.023077434,0.022576552,0.022875573,0.9314704537391663,True,True,0.8439938,0.7304582,0.9507042253186372,0.9982762767575968,0.7584269662708307,2.0,284.0,356.0,False
d:\Research\Multi-View Fusion Network\datasets\brisc2025\classification_task\test\glioma\brisc2025_test_00196_gl_sa_t1.jpg,glioma,glioma,sagittal,0.9322281,0.022400748,0.022410888,0.022960262,0.9322280883789062,True,True,0.9501008,0.9049904,0.9661538461439368,0.9986585638501253,0.9345238095145384,0.0,975.0,1008.0,False
d:\Research\Multi-View Fusion Network\datasets\brisc2025\classification_task\test\glioma\brisc2025_test_00197_gl_sa_t1.jpg,glioma,glioma,sagittal,0.9303265,0.023328815,0.022926584,0.023418127,0.930326521396637,True,True,0.9351415,0.8783186,0.9274004683623559,0.9995175782425779,0.9428571428346939,1.0,427.0,420.0,False
d:\Research\Multi-View Fusion Network\datasets\brisc2025\classification_task\test\glioma\brisc2025_test_00198_gl_sa_t1.jpg,glioma,glioma,sagittal,0.93205875,0.022558264,0.022521839,0.022861147,0.9320587515830994,True,True,0.9004477,0.8189655,0.8741687979494928,0.9972626034298341,0.9282998370400419,2.23606797749979,1955.0,1841.0,False
d:\Research\Multi-View Fusion Network\datasets\brisc2025\classification_task\test\glioma\brisc2025_test_00199_gl_sa_t1.jpg,glioma,glioma,sagittal,0.9321858,0.022678293,0.022427285,0.022708591,0.9321858286857605,True,True,0.940446,0.8876136,0.9421025901424983,0.9974899910799268,0.9387651821814841,1.0,1969.0,1976.0,False
d:\Research\Multi-View Fusion Network\datasets\brisc2025\classification_task\test\glioma\brisc2025_test_00200_gl_sa_t1.jpg,glioma,glioma,sagittal,0.93215954,0.022536887,0.02252089,0.022782655,0.9321595430374146,True,True,0.90143603,0.82066506,0.9019607843019352,0.9984618809574795,0.9007832898054728,1.0,765.0,766.0,False
d:\Research\Multi-View Fusion Network\datasets\brisc2025\classification_task\test\glioma\brisc2025_test_00201_gl_sa_t1.jpg,glioma,glioma,sagittal,0.9314866,0.023190364,0.022349037,0.02297391,0.9314866065979004,True,True,0.9381588,0.8835979,0.954220314721685,0.9988681609634783,0.9225449515778348,1.0,699.0,723.0,False
d:\Research\Multi-View Fusion Network\datasets\brisc2025\classification_task\test\glioma\brisc2025_test_00202_gl_sa_t1.jpg,glioma,glioma,sagittal,0.9312423,0.023217019,0.022435319,0.02310538,0.9312422871589661,True,True,0.86961323,0.76953125,0.942446043142867,0.9981108945113452,0.8069815194906164,1.4142135623730951,417.0,487.0,False
d:\Research\Multi-View Fusion Network\datasets\brisc2025\classification_task\test\glioma\brisc2025_test_00203_gl_sa_t1.jpg,glioma,glioma,sagittal,0.93242055,0.022618419,0.02227627,0.022684755,0.932420551776886,True,True,0.9040698,0.825,0.8607594936640763,0.9988755315666915,0.951881014864813,1.4142135623730951,1264.0,1143.0,False
d:\Research\Multi-View Fusion Network\datasets\brisc2025\classification_task\test\glioma\brisc2025_test_00204_gl_sa_t1.jpg,glioma,glioma,sagittal,0.9319718,0.022917064,0.022365114,0.022746015,0.9319717884063721,True,True,0.0024813896,0.0024813896,0.0,0.9999999999997992,0.0,-1.0,402.0,0.0,True
d:\Research\Multi-View Fusion Network\datasets\brisc2025\classification_task\test\glioma\brisc2025_test_00205_gl_sa_t1.jpg,glioma,glioma,sagittal,0.93172365,0.022796815,0.022441389,0.023038192,0.9317236542701721,True,True,0.88457555,0.79313546,0.8514456630024781,0.9984951091043869,0.9202586206797386,2.0,1003.0,928.0,False
d:\Research\Multi-View Fusion Network\datasets\brisc2025\classification_task\test\glioma\brisc2025_test_00206_gl_sa_t1.jpg,glioma,glioma,sagittal,0.93081445,0.023131145,0.022718787,0.02333561,0.9308144450187683,True,True,0.8752827,0.77828836,0.8635204081577582,0.9964614878207299,0.8872870248958894,2.8284271247461903,1568.0,1526.0,False
d:\Research\Multi-View Fusion Network\datasets\brisc2025\classification_task\test\glioma\brisc2025_test_00207_gl_sa_t1.jpg,glioma,glioma,sagittal,0.93108207,0.023278233,0.022884464,0.02275531,0.9310820698738098,True,True,0.7703125,0.62690353,0.6422976501137782,0.9997991685576286,0.9609374999624634,5.127634042946963,383.0,256.0,False
d:\Research\Multi-View Fusion Network\datasets\brisc2025\classification_task\test\glioma\brisc2025_test_00208_gl_sa_t1.jpg,glioma,glioma,sagittal,0.93121994,0.022809267,0.022825161,0.023145635,0.9312199354171753,True,True,0.6549556,0.4870808,0.4966329966302097,0.9992561061286526,0.9609120521068305,17.69180601295413,1782.0,921.0,False
d:\Research\Multi-View Fusion Network\datasets\brisc2025\classification_task\test\glioma\brisc2025_test_00209_gl_sa_t1.jpg,glioma,glioma,sagittal,0.9315824,0.022786485,0.02279896,0.022832243,0.9315823912620544,True,True,0.9514833,0.9074838,0.9494139420052473,0.9984553599009375,0.9535315985071033,0.0,1621.0,1614.0,False
d:\Research\Multi-View Fusion Network\datasets\brisc2025\classification_task\test\glioma\brisc2025_test_00210_gl_sa_t1.jpg,glioma,glioma,sagittal,0.9304692,0.023196876,0.023217991,0.023115853,0.9304692149162292,True,True,0.38374156,0.23759332,0.24346257889881218,0.9987906084488514,0.9030100334297155,30.37679283890624,2218.0,598.0,False
d:\Research\Multi-View Fusion Network\datasets\brisc2025\classification_task\test\glioma\brisc2025_test_00211_gl_sa_t1.jpg,glioma,glioma,sagittal,0.9317581,0.022510689,0.022803355,0.022927843,0.9317581057548523,True,True,0.48921776,0.3240067,0.33104238258687835,0.9991740656615736,0.935275080891015,98.08159868191383,1746.0,618.0,False
d:\Research\Multi-View Fusion Network\datasets\brisc2025\classification_task\test\glioma\brisc2025_test_00212_gl_sa_t1.jpg,glioma,glioma,sagittal,0.9323368,0.02280315,0.02235987,0.022500155,0.9323368072509766,True,True,0.94174755,0.8902439,0.9006211179564831,0.9999600119962012,0.9863945577560276,1.0,161.0,147.0,False
d:\Research\Multi-View Fusion Network\datasets\brisc2025\classification_task\test\glioma\brisc2025_test_00213_gl_sa_t1.jpg,glioma,glioma,sagittal,0.9320006,0.022980439,0.022503557,0.022515364,0.9320005774497986,True,True,0.88366336,0.7920354,0.8682926828844735,0.9995997678651619,0.8989898989444954,1.0,205.0,198.0,False
d:\Research\Multi-View Fusion Network\datasets\brisc2025\classification_task\test\glioma\brisc2025_test_00214_gl_sa_t1.jpg,glioma,glioma,sagittal,0.9334077,0.022318978,0.022215713,0.022057641,0.933407723903656,True,True,0.95737964,0.9183056,0.923780487790796,0.9999192245555332,0.9934426229345337,0.0,656.0,610.0,False
d:\Research\Multi-View Fusion Network\datasets\brisc2025\classification_task\test\glioma\brisc2025_test_00215_gl_sa_t1.jpg,glioma,glioma,sagittal,0.9328144,0.022692103,0.02202111,0.022472339,0.9328144192695618,True,True,0.9749596,0.9511811,0.9586645468845999,0.9998990857163905,0.9917763157731616,0.0,629.0,608.0,False
d:\Research\Multi-View Fusion Network\datasets\brisc2025\classification_task\test\glioma\brisc2025_test_00216_gl_sa_t1.jpg,glioma,glioma,sagittal,0.9320527,0.022746747,0.02239508,0.0228055,0.9320526719093323,True,True,0.8462012,0.7334755,0.784817351593694,0.9974599372210067,0.9178905206881316,3.1622776601683795,1752.0,1498.0,False
d:\Research\Multi-View Fusion Network\datasets\brisc2025\classification_task\test\glioma\brisc2025_test_00217_gl_sa_t1.jpg,glioma,glioma,sagittal,0.93079257,0.023215296,0.022771647,0.02322044,0.9307925701141357,True,True,0.51960784,0.351198,0.6797066014586833,0.9844604724662701,0.4202569916823866,20.248456731316587,818.0,1323.0,False
d:\Research\Multi-View Fusion Network\datasets\brisc2025\classification_task\test\glioma\brisc2025_test_00218_gl_sa_t1.jpg,glioma,glioma,sagittal,0.9321173,0.02281541,0.022659427,0.022407837,0.9321172833442688,True,True,0.8128272,0.6847906,0.7784280936389765,0.9966516945690085,0.8502283104945185,5.385164807134504,1196.0,1095.0,False
d:\Research\Multi-View Fusion Network\datasets\brisc2025\classification_task\test\glioma\brisc2025_test_00219_gl_sa_t1.jpg,glioma,glioma,sagittal,0.931118,0.023190415,0.022849342,0.02284224,0.9311180114746094,True,True,0.91350394,0.84090906,0.9847619047431474,0.9981873476866533,0.8517298187668578,1.0,525.0,607.0,False
d:\Research\Multi-View Fusion Network\datasets\brisc2025\classification_task\test\glioma\brisc2025_test_00220_gl_sa_t1.jpg,glioma,glioma,sagittal,0.93179756,0.022381393,0.022979781,0.0228413,0.9317975640296936,True,True,0.8721347,0.7733333,0.796465968581175,0.9990544318366636,0.9635787806732893,31.35281458984104,1528.0,1263.0,False
d:\Research\Multi-View Fusion Network\datasets\brisc2025\classification_task\test\glioma\brisc2025_test_00221_gl_sa_t1.jpg,glioma,glioma,sagittal,0.9317189,0.022830794,0.022453578,0.02299676,0.9317188858985901,True,True,0.9599805,0.9230769,0.9889336015997089,0.9985563824161282,0.9326375711486468,0.0,994.0,1054.0,False
d:\Research\Multi-View Fusion Network\datasets\brisc2025\classification_task\test\glioma\brisc2025_test_00222_gl_sa_t1.jpg,glioma,glioma,sagittal,0.9315188,0.022894925,0.022938963,0.0226474,0.9315187931060791,True,True,0.915395,0.84401375,0.852226081462418,0.9993405518090155,0.9886446886410672,1.4142135623730951,3167.0,2730.0,False
d:\Research\Multi-View Fusion Network\datasets\brisc2025\classification_task\test\glioma\brisc2025_test_00223_gl_sa_t1.jpg,glioma,glioma,sagittal,0.9318444,0.023042945,0.022630986,0.022481589,0.9318444132804871,True,True,0.9536341,0.9114832,0.9268292682700773,0.9998593417190452,0.9819121446774699,0.0,410.0,387.0,False
d:\Research\Multi-View Fusion Network\datasets\brisc2025\classification_task\test\glioma\brisc2025_test_00224_gl_sa_t1.jpg,glioma,glioma,sagittal,0.93061876,0.023728361,0.022676643,0.02297618,0.9306187629699707,True,True,0.8333333,0.7162162,0.7123287670257085,0.9999999999998005,0.9999999998076923,1.4142135623730951,73.0,52.0,False
d:\Research\Multi-View Fusion Network\datasets\brisc2025\classification_task\test\glioma\brisc2025_test_00225_gl_sa_t1.jpg,glioma,glioma,sagittal,0.93077004,0.023067694,0.02303216,0.023130119,0.9307700395584106,True,True,0.9204244,0.85294116,0.9153439152954844,0.9997199271808671,0.9251336897900998,1.0,189.0,187.0,False
d:\Research\Multi-View Fusion Network\datasets\brisc2025\classification_task\test\glioma\brisc2025_test_00226_gl_sa_t1.jpg,glioma,glioma,sagittal,0.9307754,0.022989757,0.023111481,0.023123283,0.9307754039764404,True,True,0.9459946,0.8976109,0.9162303664761565,0.9997580791482371,0.9776536312667103,1.0,573.0,537.0,False
d:\Research\Multi-View Fusion Network\datasets\brisc2025\classification_task\test\glioma\brisc2025_test_00227_gl_sa_t1.jpg,glioma,glioma,sagittal,0.9299842,0.023377748,0.023366654,0.02327139,0.9299842119216919,True,True,0.90457255,0.82608694,0.9999999999559471,0.9990390197999962,0.8254545454245289,1.0,227.0,275.0,False
d:\Research\Multi-View Fusion Network\datasets\brisc2025\classification_task\test\glioma\brisc2025_test_00228_gl_sa_t1.jpg,glioma,glioma,sagittal,0.9318867,0.022841385,0.022539854,0.022732055,0.9318866729736328,True,True,0.870021,0.77037036,0.793103448245475,0.9998397275366123,0.9627906976296376,1.0,261.0,215.0,False
d:\Research\Multi-View Fusion Network\datasets\brisc2025\classification_task\test\glioma\brisc2025_test_00229_gl_sa_t1.jpg,glioma,meningioma,sagittal,0.026838817,0.9205384,0.02716953,0.025453167,0.9205384254455566,False,True,0.9327731,0.8742138,0.8993506493214496,0.9998195235419508,0.9685314684976037,1.0,308.0,286.0,False
d:\Research\Multi-View Fusion Network\datasets\brisc2025\classification_task\test\glioma\brisc2025_test_00230_gl_sa_t1.jpg,glioma,glioma,sagittal,0.93110645,0.023025509,0.023003243,0.022864785,0.931106448173523,True,True,0.88640684,0.7960751,0.9779643231796645,0.9955711760760223,0.8104347826016485,1.4142135623730951,953.0,1150.0,False
d:\Research\Multi-View Fusion Network\datasets\brisc2025\classification_task\test\glioma\brisc2025_test_00231_gl_sa_t1.jpg,glioma,glioma,sagittal,0.9326019,0.022740848,0.022250345,0.02240691,0.9326019287109375,True,True,0.93444276,0.8770104,0.9809322033794393,0.9977250568733755,0.892100192669633,1.0,944.0,1038.0,False
d:\Research\Multi-View Fusion Network\datasets\brisc2025\classification_task\test\glioma\brisc2025_test_00232_gl_sa_t1.jpg,glioma,glioma,sagittal,0.9314282,0.022898572,0.022673963,0.022999274,0.9314281940460205,True,True,0.8992347,0.8171296,0.9462365591143485,0.998815356196089,0.8564476885436387,1.0,372.0,411.0,False
d:\Research\Multi-View Fusion Network\datasets\brisc2025\classification_task\test\glioma\brisc2025_test_00233_gl_sa_t1.jpg,glioma,glioma,sagittal,0.93193287,0.02314677,0.022472758,0.022447621,0.9319328665733337,True,True,0.95914894,0.92156863,0.9623931623767112,0.9994757113183845,0.9558573853827528,0.0,585.0,589.0,False
d:\Research\Multi-View Fusion Network\datasets\brisc2025\classification_task\test\glioma\brisc2025_test_00234_gl_sa_t1.jpg,glioma,glioma,sagittal,0.93213135,0.023016017,0.022359917,0.022492748,0.9321313500404358,True,True,0.93970317,0.8863636,0.9547169811140619,0.9991741530030619,0.9250457038222112,1.0,530.0,547.0,False
d:\Research\Multi-View Fusion Network\datasets\brisc2025\classification_task\test\glioma\brisc2025_test_00235_gl_sa_t1.jpg,glioma,glioma,sagittal,0.93163383,0.023978382,0.022475159,0.021912593,0.9316338300704956,True,True,0.87306845,0.7749511,0.9038901601623823,0.9985323388083801,0.8440170939990594,1.4142135623730951,437.0,468.0,False
d:\Research\Multi-View Fusion Network\datasets\brisc2025\classification_task\test\glioma\brisc2025_test_00236_gl_sa_t1.jpg,glioma,glioma,sagittal,0.9322597,0.022766013,0.022477936,0.022496365,0.9322596788406372,True,True,0.91997963,0.8518868,0.9289392378895063,0.998211563865258,0.911111111101908,1.0,971.0,990.0,False
d:\Research\Multi-View Fusion Network\datasets\brisc2025\classification_task\test\glioma\brisc2025_test_00237_gl_sa_t1.jpg,glioma,glioma,sagittal,0.93204683,0.02301842,0.02237531,0.022559451,0.9320468306541443,True,True,0.5778302,0.40662983,0.9734748010351864,0.9894174581816926,0.4105145413824327,8.48528137423857,377.0,894.0,False
d:\Research\Multi-View Fusion Network\datasets\brisc2025\classification_task\test\glioma\brisc2025_test_00238_gl_sa_t1.jpg,glioma,glioma,sagittal,0.9318585,0.022463476,0.022907171,0.022770803,0.931858479976654,True,True,0.9252851,0.8609756,0.8849047141402084,0.9975967783837799,0.9695054945028311,1.4142135623730951,3988.0,3640.0,False
d:\Research\Multi-View Fusion Network\datasets\brisc2025\classification_task\test\glioma\brisc2025_test_00239_gl_sa_t1.jpg,glioma,glioma,sagittal,0.93167084,0.022843832,0.022709565,0.02277574,0.9316708445549011,True,True,0.48036143,0.31618538,0.31601941747496115,0.999999999999783,0.9999999999923196,29.11786176464082,4120.0,1302.0,False
d:\Research\Multi-View Fusion Network\datasets\brisc2025\classification_task\test\glioma\brisc2025_test_00240_gl_sa_t1.jpg,glioma,glioma,sagittal,0.931808,0.023043342,0.022718064,0.022430599,0.9318079948425293,True,True,0.93494576,0.8779343,0.8903020667585008,0.9998183542896645,0.9841827767841093,1.0,629.0,569.0,False
d:\Research\Multi-View Fusion Network\datasets\brisc2025\classification_task\test\glioma\brisc2025_test_00241_gl_sa_t1.jpg,glioma,glioma,sagittal,0.9312319,0.02361026,0.022746194,0.022411618,0.9312319159507751,True,True,0.76057297,0.6138614,0.6147902869689317,0.9999594073470672,0.996422182450869,10.198039027185569,906.0,559.0,False
d:\Research\Multi-View Fusion Network\datasets\brisc2025\classification_task\test\glioma\brisc2025_test_00242_gl_sa_t1.jpg,glioma,glioma,sagittal,0.9309463,0.023224812,0.022853386,0.0229756,0.9309462904930115,True,True,0.81083846,0.6821306,0.9187935034589607,0.9969846215698067,0.7252747252614419,10.295630140987,431.0,546.0,False
d:\Research\Multi-View Fusion Network\datasets\brisc2025\classification_task\test\glioma\brisc2025_test_00243_gl_sa_t1.jpg,glioma,glioma,sagittal,0.9309062,0.022965487,0.022941783,0.023186496,0.9309061765670776,True,True,0.8955288,0.81089497,0.8617549668802835,0.9984479660184206,0.9319606087651571,1.0,1208.0,1117.0,False
d:\Research\Multi-View Fusion Network\datasets\brisc2025\classification_task\test\glioma\brisc2025_test_00244_gl_sa_t1.jpg,glioma,glioma,sagittal,0.93219155,0.02239266,0.0223664,0.023049418,0.9321915507316589,True,True,0.9633229,0.9292624,0.9672544080543625,0.998662221124352,0.9594003747597789,0.0,1588.0,1601.0,False
d:\Research\Multi-View Fusion Network\datasets\brisc2025\classification_task\test\glioma\brisc2025_test_00245_gl_sa_t1.jpg,glioma,glioma,sagittal,0.93211603,0.02247963,0.022573795,0.022830479,0.9321160316467285,True,True,0.9555323,0.9148723,0.9707602339129678,0.9976188011179217,0.9407521895881467,0.0,1881.0,1941.0,False
d:\Research\Multi-View Fusion Network\datasets\brisc2025\classification_task\test\glioma\brisc2025_test_00246_gl_sa_t1.jpg,glioma,glioma,sagittal,0.9333176,0.022256874,0.022230478,0.022195054,0.9333176016807556,True,True,0.9471802,0.8996865,0.9125132555625,0.9994408780283704,0.9845537757380747,1.0,1886.0,1748.0,False
d:\Research\Multi-View Fusion Network\datasets\brisc2025\classification_task\test\glioma\brisc2025_test_00247_gl_sa_t1.jpg,glioma,glioma,sagittal,0.93197685,0.022472901,0.022825846,0.022724383,0.931976854801178,True,True,0.9460784,0.89772725,0.9060542797400203,0.9998171400705027,0.9897377422920213,1.0,958.0,877.0,False
d:\Research\Multi-View Fusion Network\datasets\brisc2025\classification_task\test\glioma\brisc2025_test_00248_gl_sa_t1.jpg,glioma,glioma,sagittal,0.93088907,0.023102704,0.02278618,0.023222042,0.9308890700340271,True,True,0.9544846,0.9130435,0.9295039164248171,0.9998594179902799,0.9807162534165091,0.0,383.0,363.0,False
d:\Research\Multi-View Fusion Network\datasets\brisc2025\classification_task\test\glioma\brisc2025_test_00249_gl_sa_t1.jpg,glioma,glioma,sagittal,0.93131703,0.023227254,0.022762008,0.022693744,0.9313170313835144,True,True,0.92506814,0.8607595,0.9338842974949343,0.9993776724949313,0.9162162161914535,1.0,363.0,370.0,False
d:\Research\Multi-View Fusion Network\datasets\brisc2025\classification_task\test\glioma\brisc2025_test_00250_gl_sa_t1.jpg,glioma,glioma,sagittal,0.9295607,0.024074225,0.02328464,0.02308044,0.9295607209205627,True,True,0.97202164,0.94561404,0.9746376811417637,0.999657423826979,0.9693693693519032,0.0,552.0,555.0,False
d:\Research\Multi-View Fusion Network\datasets\brisc2025\classification_task\test\glioma\brisc2025_test_00251_gl_sa_t1.jpg,glioma,glioma,sagittal,0.93185365,0.022670578,0.02272636,0.022749402,0.9318536520004272,True,True,0.80504954,0.6737968,0.6743438671629656,0.9999585998466125,0.9984139571689262,7.810249675906654,1867.0,1261.0,False
d:\Research\Multi-View Fusion Network\datasets\brisc2025\classification_task\test\glioma\brisc2025_test_00252_gl_sa_t1.jpg,glioma,glioma,sagittal,0.93182653,0.022319188,0.02272565,0.023128657,0.9318265318870544,True,True,0.9173967,0.84742403,0.8844827586176397,0.9973136475164995,0.9528231797884368,1.4142135623730951,2900.0,2692.0,False
d:\Research\Multi-View Fusion Network\datasets\brisc2025\classification_task\test\glioma\brisc2025_test_00253_gl_sa_t1.jpg,glioma,glioma,sagittal,0.93214935,0.022469908,0.022605034,0.022775695,0.932149350643158,True,True,0.46147186,0.30033746,0.31666666666289683,0.9990270796171156,0.8471337579348046,32.80466010278591,840.0,314.0,False
d:\Research\Multi-View Fusion Network\datasets\brisc2025\classification_task\test\glioma\brisc2025_test_00254_gl_sa_t1.jpg,glioma,glioma,sagittal,0.9305056,0.022948686,0.023274245,0.023271553,0.9305055737495422,True,True,0.91720307,0.8471097,0.9456849728367793,0.9960221768789556,0.8903409090858504,1.0,1657.0,1760.0,False
d:\Research\Multi-View Fusion Network\datasets\brisc2025\classification_task\test\meningioma\brisc2025_test_00255_me_ax_t1.jpg,meningioma,meningioma,axial,0.02899913,0.92252535,0.025940238,0.022535268,0.9225253462791443,True,True,0.959289,0.9217774,0.9728576967779261,0.9969956089667423,0.9460784313689816,0.0,2579.0,2652.0,False
d:\Research\Multi-View Fusion Network\datasets\brisc2025\classification_task\test\meningioma\brisc2025_test_00256_me_ax_t1.jpg,meningioma,meningioma,axial,0.02308065,0.9278738,0.024184866,0.024860755,0.9278737902641296,True,True,0.7667304,0.6218227,0.6242990654166711,0.9998558810810979,0.9930624380476406,35.34119409414458,1605.0,1009.0,False
d:\Research\Multi-View Fusion Network\datasets\brisc2025\classification_task\test\meningioma\brisc2025_test_00257_me_ax_t1.jpg,meningioma,meningioma,axial,0.025460815,0.92232907,0.026418013,0.025792154,0.9223290681838989,True,True,0.97497517,0.9511817,0.9718811881149629,0.9988457744851108,0.9780789158988519,0.0,2525.0,2509.0,False
d:\Research\Multi-View Fusion Network\datasets\brisc2025\classification_task\test\meningioma\brisc2025_test_00258_me_ax_t1.jpg,meningioma,meningioma,axial,0.024948223,0.9235305,0.025875894,0.025645332,0.9235305190086365,True,True,0.9560125,0.91575277,0.9454170957726807,0.9986938673962353,0.9668246445446719,0.0,1942.0,1899.0,False
d:\Research\Multi-View Fusion Network\datasets\brisc2025\classification_task\test\meningioma\brisc2025_test_00259_me_ax_t1.jpg,meningioma,meningioma,axial,0.025555681,0.9232053,0.02629551,0.024943545,0.9232053160667419,True,True,0.9551225,0.9141104,0.9167897587372802,0.9997397753391596,0.9967880085626425,0.0,4062.0,3736.0,False
d:\Research\Multi-View Fusion Network\datasets\brisc2025\classification_task\test\meningioma\brisc2025_test_00260_me_ax_t1.jpg,meningioma,meningioma,axial,0.024928246,0.92130333,0.028143741,0.025624556,0.9213033318519592,True,True,0.92461324,0.85983264,0.8624671915965225,0.9998757017668994,0.9963614311643642,1.0,1905.0,1649.0,False
d:\Research\Multi-View Fusion Network\datasets\brisc2025\classification_task\test\meningioma\brisc2025_test_00261_me_ax_t1.jpg,meningioma,meningioma,axial,0.02450908,0.92393965,0.025209902,0.026341422,0.9239396452903748,True,True,0.8407345,0.72527474,0.9672272531221767,0.9838268173932793,0.7434537620127828,7.211102550927978,2319.0,3017.0,False
d:\Research\Multi-View Fusion Network\datasets\brisc2025\classification_task\test\meningioma\brisc2025_test_00262_me_ax_t1.jpg,meningioma,meningioma,axial,0.025546875,0.92055994,0.028248733,0.025644446,0.9205599427223206,True,True,0.970654,0.94299674,0.9644444444390865,0.9991524723001077,0.9769274057345136,0.0,1800.0,1777.0,False
d:\Research\Multi-View Fusion Network\datasets\brisc2025\classification_task\test\meningioma\brisc2025_test_00263_me_ax_t1.jpg,meningioma,meningioma,axial,0.02515559,0.92520916,0.025502138,0.024133055,0.9252091646194458,True,True,0.92694664,0.86389565,0.8802992518630067,0.9995303534598657,0.9787430683828213,1.0,1203.0,1082.0,False
d:\Research\Multi-View Fusion Network\datasets\brisc2025\classification_task\test\meningioma\brisc2025_test_00264_me_ax_t1.jpg,meningioma,meningioma,axial,0.026435196,0.9233472,0.02543424,0.024783412,0.9233471751213074,True,True,0.9527121,0.90970546,0.9123274400559159,0.9997393967031513,0.9968245567584101,0.0,4129.0,3779.0,False
d:\Research\Multi-View Fusion Network\datasets\brisc2025\classification_task\test\meningioma\brisc2025_test_00265_me_ax_t1.jpg,meningioma,meningioma,axial,0.02635611,0.9195088,0.029102573,0.025032585,0.9195088148117065,True,True,0.97138256,0.9443672,0.9526315789440258,0.9994717491440225,0.9908759124051428,0.0,2850.0,2740.0,False
d:\Research\Multi-View Fusion Network\datasets\brisc2025\classification_task\test\meningioma\brisc2025_test_00266_me_ax_t1.jpg,meningioma,meningioma,axial,0.02406788,0.92535317,0.025251657,0.025327174,0.9253531694412231,True,True,0.9766095,0.9542986,0.9590536851639716,0.9997707282502398,0.994808872104791,0.0,2198.0,2119.0,False
d:\Research\Multi-View Fusion Network\datasets\brisc2025\classification_task\test\meningioma\brisc2025_test_00267_me_ax_t1.jpg,meningioma,meningioma,axial,0.025477255,0.9223303,0.026424877,0.025767565,0.9223303198814392,True,True,0.97279716,0.94704527,0.9614185502690514,0.9991808443602187,0.9844373503552097,0.0,2566.0,2506.0,False
d:\Research\Multi-View Fusion Network\datasets\brisc2025\classification_task\test\meningioma\brisc2025_test_00268_me_ax_t1.jpg,meningioma,meningioma,axial,0.02473649,0.9144746,0.03698043,0.023808477,0.914474606513977,True,True,0.71951354,0.5619432,0.571575166751203,0.9977215818085232,0.9706651176271547,21.840329667841555,5847.0,3443.0,False
d:\Research\Multi-View Fusion Network\datasets\brisc2025\classification_task\test\meningioma\brisc2025_test_00269_me_ax_t1.jpg,meningioma,pituitary,axial,0.029034246,0.076865256,0.85551536,0.038585138,0.8555153608322144,False,True,0.97034377,0.9424084,0.9477611940256903,0.9997285899200385,0.9940147329604327,0.0,2278.0,2172.0,False
d:\Research\Multi-View Fusion Network\datasets\brisc2025\classification_task\test\meningioma\brisc2025_test_00270_me_ax_t1.jpg,meningioma,meningioma,axial,0.024237469,0.9215815,0.028975515,0.025205517,0.921581506729126,True,True,0.9473479,0.9,0.9469578783077461,0.9986296887141575,0.9476971116241398,1.0,1282.0,1281.0,False
d:\Research\Multi-View Fusion Network\datasets\brisc2025\classification_task\test\meningioma\brisc2025_test_00271_me_ax_t1.jpg,meningioma,meningioma,axial,0.025619866,0.92364085,0.026255898,0.02448336,0.9236408472061157,True,True,0.97146267,0.94451475,0.9605150214571663,0.998264346603173,0.9826564215126616,0.0,4660.0,4555.0,False
d:\Research\Multi-View Fusion Network\datasets\brisc2025\classification_task\test\meningioma\brisc2025_test_00272_me_ax_t1.jpg,meningioma,meningioma,axial,0.026202386,0.92077374,0.027150106,0.02587373,0.9207737445831299,True,True,0.9859271,0.97224724,0.9782372143616644,0.9992387264338813,0.9937361827542488,0.0,5514.0,5428.0,False
d:\Research\Multi-View Fusion Network\datasets\brisc2025\classification_task\test\meningioma\brisc2025_test_00273_me_ax_t1.jpg,meningioma,meningioma,axial,0.025284894,0.9199107,0.02895502,0.025849374,0.919910728931427,True,True,0.9752813,0.95176387,0.9660087719262939,0.9991357504213746,0.9847242920976724,0.0,2736.0,2684.0,False
d:\Research\Multi-View Fusion Network\datasets\brisc2025\classification_task\test\meningioma\brisc2025_test_00274_me_ax_t1.jpg,meningioma,meningioma,axial,0.02555531,0.922731,0.026522707,0.025191026,0.9227309823036194,True,True,0.96907,0.9400081,0.9430431244876198,0.9998323483798568,0.9965606190842796,0.0,2458.0,2326.0,False
d:\Research\Multi-View Fusion Network\datasets\brisc2025\classification_task\test\meningioma\brisc2025_test_00275_me_ax_t1.jpg,meningioma,meningioma,axial,0.025546875,0.92055994,0.028248733,0.025644446,0.9205599427223206,True,True,0.9731599,0.9477371,0.9575163398640659,0.9996069507652049,0.9893078221666332,0.0,1836.0,1777.0,False
d:\Research\Multi-View Fusion Network\datasets\brisc2025\classification_task\test\meningioma\brisc2025_test_00276_me_ax_t1.jpg,meningioma,meningioma,axial,0.025334436,0.9146258,0.03427456,0.025765061,0.9146258234977722,True,True,0.8151571,0.6884735,0.9166666666284722,0.9983979493750004,0.7333333333088888,2.23606797749979,240.0,300.0,False
d:\Research\Multi-View Fusion Network\datasets\brisc2025\classification_task\test\meningioma\brisc2025_test_00277_me_ax_t1.jpg,meningioma,meningioma,axial,0.02531084,0.92036855,0.028388385,0.025932211,0.9203685522079468,True,True,0.96119064,0.92530817,0.9572072072000211,0.9990582261892967,0.9651778955263802,0.0,1332.0,1321.0,False
d:\Research\Multi-View Fusion Network\datasets\brisc2025\classification_task\test\meningioma\brisc2025_test_00278_me_ax_t1.jpg,meningioma,meningioma,axial,0.02484103,0.92380995,0.025694445,0.025654566,0.9238099455833435,True,True,0.9609551,0.9248649,0.9710391822772798,0.9981823814931328,0.9510567296943768,0.0,1761.0,1798.0,False
d:\Research\Multi-View Fusion Network\datasets\brisc2025\classification_task\test\meningioma\brisc2025_test_00279_me_ax_t1.jpg,meningioma,meningioma,axial,0.025039464,0.92313296,0.02615033,0.025677208,0.9231329560279846,True,True,0.97440344,0.950091,0.978575254416233,0.9975883898193452,0.9702602230457508,0.0,3734.0,3766.0,False
d:\Research\Multi-View Fusion Network\datasets\brisc2025\classification_task\test\meningioma\brisc2025_test_00280_me_ax_t1.jpg,meningioma,meningioma,axial,0.03248583,0.8423767,0.049977727,0.07515966,0.842376708984375,True,True,0.00012894906,0.00012894906,0.0,0.9999999999997643,0.0,-1.0,7754.0,0.0,True
d:\Research\Multi-View Fusion Network\datasets\brisc2025\classification_task\test\meningioma\brisc2025_test_00281_me_ax_t1.jpg,meningioma,meningioma,axial,0.117804505,0.78757566,0.051025763,0.043594047,0.7875756621360779,True,True,0.845679,0.73273027,0.7343234323371756,0.9999387304956704,0.9966405375028372,3.0,1212.0,893.0,False
d:\Research\Multi-View Fusion Network\datasets\brisc2025\classification_task\test\meningioma\brisc2025_test_00282_me_ax_t1.jpg,meningioma,meningioma,axial,0.024958435,0.9216718,0.02776927,0.025600486,0.9216718077659607,True,True,0.9497093,0.90426123,0.919999999994817,0.9993595173651373,0.9813701923017947,1.0,1775.0,1664.0,False
d:\Research\Multi-View Fusion Network\datasets\brisc2025\classification_task\test\meningioma\brisc2025_test_00283_me_ax_t1.jpg,meningioma,meningioma,axial,0.025589298,0.9228435,0.026599966,0.024967236,0.9228435158729553,True,True,0.97637993,0.9538611,0.9641453830993904,0.9995429995843375,0.9889168765693254,0.0,2036.0,1985.0,False
d:\Research\Multi-View Fusion Network\datasets\brisc2025\classification_task\test\meningioma\brisc2025_test_00284_me_ax_t1.jpg,meningioma,meningioma,axial,0.024475273,0.9245251,0.026601072,0.024398642,0.9245250821113586,True,True,0.9616986,0.92628205,0.9796264855521286,0.999314336418618,0.944353518806148,0.0,589.0,611.0,False
d:\Research\Multi-View Fusion Network\datasets\brisc2025\classification_task\test\meningioma\brisc2025_test_00285_me_ax_t1.jpg,meningioma,meningioma,axial,0.022409242,0.92111164,0.024467738,0.03201141,0.9211116433143616,True,True,0.9616443,0.92613447,0.9748866410848452,0.996808218309202,0.9487440597388027,0.0,2867.0,2946.0,False
d:\Research\Multi-View Fusion Network\datasets\brisc2025\classification_task\test\meningioma\brisc2025_test_00286_me_ax_t1.jpg,meningioma,meningioma,axial,0.02498134,0.9236532,0.026228087,0.02513745,0.9236531853675842,True,True,0.94504225,0.8958485,0.9424846625694595,0.998608610246972,0.9475713184198338,1.0,1304.0,1297.0,False
d:\Research\Multi-View Fusion Network\datasets\brisc2025\classification_task\test\meningioma\brisc2025_test_00287_me_ax_t1.jpg,meningioma,meningioma,axial,0.026203997,0.9206714,0.027237466,0.025887111,0.9206714034080505,True,True,0.98723286,0.9747899,0.9907149489303794,0.9980353195952317,0.9837728194708025,0.0,5385.0,5423.0,False
d:\Research\Multi-View Fusion Network\datasets\brisc2025\classification_task\test\meningioma\brisc2025_test_00288_me_ax_t1.jpg,meningioma,meningioma,axial,0.023560364,0.92653644,0.025826178,0.024077006,0.9265364408493042,True,True,0.97963953,0.96010464,0.965131578941019,0.9998355804009784,0.9945762711796978,0.0,1520.0,1475.0,False
d:\Research\Multi-View Fusion Network\datasets\brisc2025\classification_task\test\meningioma\brisc2025_test_00289_me_ax_t1.jpg,meningioma,meningioma,axial,0.024422385,0.92665935,0.024146149,0.02477211,0.926659345626831,True,True,0.96825397,0.9384794,0.9517078916316154,0.9995049300711665,0.9853658536525283,0.0,1698.0,1640.0,False
d:\Research\Multi-View Fusion Network\datasets\brisc2025\classification_task\test\meningioma\brisc2025_test_00290_me_ax_t1.jpg,meningioma,meningioma,axial,0.02604418,0.92163634,0.026311329,0.026008055,0.9216363430023193,True,True,0.95985943,0.922825,0.9377861007054977,0.9982808022920436,0.9829880043599063,0.0,4806.0,4585.0,False
d:\Research\Multi-View Fusion Network\datasets\brisc2025\classification_task\test\meningioma\brisc2025_test_00291_me_ax_t1.jpg,meningioma,meningioma,axial,0.025206799,0.9200209,0.028878335,0.02589393,0.9200208783149719,True,True,0.9732224,0.9478506,0.9839004756641643,0.9978078957905281,0.9627640529861698,0.0,2733.0,2793.0,False
d:\Research\Multi-View Fusion Network\datasets\brisc2025\classification_task\test\meningioma\brisc2025_test_00292_me_ax_t1.jpg,meningioma,meningioma,axial,0.025361996,0.92275125,0.026256481,0.025630232,0.922751247882843,True,True,0.97753257,0.95605826,0.9768801488148369,0.9982332536140741,0.9781798829138421,0.0,3763.0,3758.0,False
d:\Research\Multi-View Fusion Network\datasets\brisc2025\classification_task\test\meningioma\brisc2025_test_00293_me_ax_t1.jpg,meningioma,meningioma,axial,0.025001755,0.92374307,0.026073534,0.025181606,0.9237430691719055,True,True,0.95972073,0.9226006,0.9633225458364258,0.9991674957865136,0.9561027837156734,0.0,927.0,934.0,False
d:\Research\Multi-View Fusion Network\datasets\brisc2025\classification_task\test\meningioma\brisc2025_test_00294_me_ax_t1.jpg,meningioma,meningioma,axial,0.02992341,0.87163687,0.0676707,0.030769024,0.8716368675231934,True,True,0.937881,0.8830601,0.890297684669844,0.9996898391296887,0.9907975460061915,1.0,1814.0,1630.0,False
d:\Research\Multi-View Fusion Network\datasets\brisc2025\classification_task\test\meningioma\brisc2025_test_00295_me_ax_t1.jpg,meningioma,meningioma,axial,0.024935622,0.9228403,0.026635405,0.02558875,0.9228402972221375,True,True,0.9695296,0.94087213,0.9684170471804855,0.998380583830866,0.9706331044966795,0.0,2628.0,2622.0,False
d:\Research\Multi-View Fusion Network\datasets\brisc2025\classification_task\test\meningioma\brisc2025_test_00296_me_ax_t1.jpg,meningioma,meningioma,axial,0.023982214,0.92592555,0.02566164,0.024430592,0.9259255528450012,True,True,0.9671961,0.93649733,0.960878517495121,0.9992200168310107,0.9735744088944814,0.0,1457.0,1438.0,False
d:\Research\Multi-View Fusion Network\datasets\brisc2025\classification_task\test\meningioma\brisc2025_test_00297_me_ax_t1.jpg,meningioma,meningioma,axial,0.02576422,0.9249968,0.024657823,0.024581207,0.9249967932701111,True,True,0.9826887,0.96597177,0.9803921568596938,0.9989779187869177,0.9849906191338806,0.0,3213.0,3198.0,False
d:\Research\Multi-View Fusion Network\datasets\brisc2025\classification_task\test\meningioma\brisc2025_test_00298_me_ax_t1.jpg,meningioma,meningioma,axial,0.0267614,0.922253,0.02600799,0.024977572,0.9222530126571655,True,True,0.95847917,0.9202781,0.9797630799580954,0.9943196600466148,0.938090737237859,0.0,4052.0,4232.0,False
d:\Research\Multi-View Fusion Network\datasets\brisc2025\classification_task\test\meningioma\brisc2025_test_00299_me_ax_t1.jpg,meningioma,meningioma,axial,0.026206989,0.9227527,0.025691556,0.025348725,0.9227526783943176,True,True,0.98136115,0.96340877,0.972060252670136,0.9991966999563615,0.9908370480411322,0.0,4116.0,4038.0,False
d:\Research\Multi-View Fusion Network\datasets\brisc2025\classification_task\test\meningioma\brisc2025_test_00300_me_ax_t1.jpg,meningioma,meningioma,axial,0.025420643,0.92198837,0.027020976,0.025570042,0.9219883680343628,True,True,0.9377849,0.8828874,0.9001029866071056,0.9992121739849485,0.9787234042498393,1.0,1942.0,1786.0,False
d:\Research\Multi-View Fusion Network\datasets\brisc2025\classification_task\test\meningioma\brisc2025_test_00301_me_ax_t1.jpg,meningioma,meningioma,axial,0.025277603,0.9220201,0.02858758,0.024114741,0.9220200777053833,True,True,0.9591837,0.921593,0.9444798978880379,0.9991976794418731,0.9743252139501362,0.0,1567.0,1519.0,False
d:\Research\Multi-View Fusion Network\datasets\brisc2025\classification_task\test\meningioma\brisc2025_test_00302_me_ax_t1.jpg,meningioma,meningioma,axial,0.025348194,0.91343313,0.03528165,0.025936944,0.9134331345558167,True,True,0.89649415,0.8126888,0.9889298892624011,0.9988177537318909,0.8195718654183617,1.4142135623730951,271.0,327.0,False
d:\Research\Multi-View Fusion Network\datasets\brisc2025\classification_task\test\meningioma\brisc2025_test_00303_me_ax_t1.jpg,meningioma,meningioma,axial,0.025317702,0.9234099,0.025909267,0.025363155,0.9234098792076111,True,True,0.93171805,0.87221766,0.9626593806834003,0.9976771669585155,0.902647309983752,1.0,1098.0,1171.0,False
d:\Research\Multi-View Fusion Network\datasets\brisc2025\classification_task\test\meningioma\brisc2025_test_00304_me_ax_t1.jpg,meningioma,meningioma,axial,0.026274871,0.92104614,0.026967349,0.025711682,0.9210461378097534,True,True,0.9865401,0.97344005,0.9889094269852331,0.9980788991643216,0.9841795437803823,0.0,5410.0,5436.0,False
d:\Research\Multi-View Fusion Network\datasets\brisc2025\classification_task\test\meningioma\brisc2025_test_00305_me_ax_t1.jpg,meningioma,meningioma,axial,0.026656192,0.92300266,0.025932664,0.024408551,0.9230026602745056,True,True,0.9765233,0.95413166,0.9618644067762646,0.9995141939842431,0.9916272297015231,0.0,2832.0,2747.0,False
d:\Research\Multi-View Fusion Network\datasets\brisc2025\classification_task\test\meningioma\brisc2025_test_00306_me_ax_t1.jpg,meningioma,meningioma,axial,0.025618663,0.9202408,0.027996114,0.026144482,0.9202408194541931,True,True,0.9772913,0.9555969,0.9640461497156855,0.9992895433699328,0.990899062324901,0.0,3727.0,3626.0,False
d:\Research\Multi-View Fusion Network\datasets\brisc2025\classification_task\test\meningioma\brisc2025_test_00307_me_ax_t1.jpg,meningioma,meningioma,axial,0.026481545,0.92365927,0.025153799,0.024705334,0.9236592650413513,True,True,0.9574912,0.91845924,0.9214357429695748,0.9997185659852357,0.9964712269245481,0.0,3984.0,3684.0,False
d:\Research\Multi-View Fusion Network\datasets\brisc2025\classification_task\test\meningioma\brisc2025_test_00308_me_ax_t1.jpg,meningioma,meningioma,axial,0.026784573,0.9245389,0.024173673,0.024502756,0.9245389103889465,True,True,0.91164243,0.83765346,0.9733587059912041,0.9891329774788957,0.8572625698300077,42.857849913706296,3153.0,3580.0,False
d:\Research\Multi-View Fusion Network\datasets\brisc2025\classification_task\test\meningioma\brisc2025_test_00309_me_ax_t1.jpg,meningioma,meningioma,axial,0.025397172,0.9205329,0.028548831,0.02552109,0.9205328822135925,True,True,0.9454705,0.89666665,0.9148211243455737,0.9997580108489788,0.9781420764849155,1.0,587.0,549.0,False
d:\Research\Multi-View Fusion Network\datasets\brisc2025\classification_task\test\meningioma\brisc2025_test_00310_me_ax_t1.jpg,meningioma,meningioma,axial,0.025420377,0.9246529,0.024823772,0.025103085,0.9246528744697571,True,True,0.9784567,0.95782924,0.983315583951071,0.9984163516964044,0.9736379613322543,0.0,2817.0,2845.0,False
d:\Research\Multi-View Fusion Network\datasets\brisc2025\classification_task\test\meningioma\brisc2025_test_00311_me_ax_t1.jpg,meningioma,meningioma,axial,0.024760675,0.92476165,0.025453364,0.02502431,0.9247616529464722,True,True,0.9301282,0.86946106,0.8863080684488226,0.9996758377565949,0.9784075573417219,1.0,818.0,741.0,False
d:\Research\Multi-View Fusion Network\datasets\brisc2025\classification_task\test\meningioma\brisc2025_test_00312_me_ax_t1.jpg,meningioma,meningioma,axial,0.024504408,0.92664707,0.023990002,0.02485848,0.9266470670700073,True,True,0.96092266,0.92480415,0.9762824048484486,0.9979116266565354,0.9460181720954248,0.0,1813.0,1871.0,False
d:\Research\Multi-View Fusion Network\datasets\brisc2025\classification_task\test\meningioma\brisc2025_test_00313_me_ax_t1.jpg,meningioma,meningioma,axial,0.025527922,0.9238138,0.026145905,0.024512332,0.9238138198852539,True,True,0.9791171,0.95909286,0.963783553470465,0.9994943054392949,0.9949417198130747,0.0,4694.0,4547.0,False
d:\Research\Multi-View Fusion Network\datasets\brisc2025\classification_task\test\meningioma\brisc2025_test_00314_me_ax_t1.jpg,meningioma,meningioma,axial,0.024737079,0.9240987,0.02512,0.026044285,0.9240986704826355,True,True,0.8238246,0.7004739,0.981834293305353,0.9810722260479182,0.7095741274392905,8.54400374531753,2257.0,3123.0,False
d:\Research\Multi-View Fusion Network\datasets\brisc2025\classification_task\test\meningioma\brisc2025_test_00315_me_ax_t1.jpg,meningioma,meningioma,axial,0.024997571,0.92192006,0.027496785,0.025585614,0.9219200611114502,True,True,0.9374034,0.8822674,0.8938053097213303,0.9998181744714939,0.9853658536425144,1.0,678.0,615.0,False
d:\Research\Multi-View Fusion Network\datasets\brisc2025\classification_task\test\meningioma\brisc2025_test_00316_me_ax_t1.jpg,meningioma,meningioma,axial,0.02564896,0.92244065,0.02624015,0.0256702,0.9224406480789185,True,True,0.9756433,0.952454,0.9718199608572532,0.9989080447699548,0.9794871794833157,0.0,2555.0,2535.0,False
d:\Research\Multi-View Fusion Network\datasets\brisc2025\classification_task\test\meningioma\brisc2025_test_00317_me_ax_t1.jpg,meningioma,meningioma,axial,0.024358138,0.92494285,0.025752675,0.024946421,0.9249428510665894,True,True,0.9483591,0.90183485,0.9433237271763371,0.9990230996232831,0.953398058243171,1.0,1041.0,1030.0,False
d:\Research\Multi-View Fusion Network\datasets\brisc2025\classification_task\test\meningioma\brisc2025_test_00318_me_ax_t1.jpg,meningioma,meningioma,axial,0.0253995,0.92335314,0.026091529,0.025155827,0.9233531355857849,True,True,0.97429204,0.94988257,0.984971567827031,0.9980928029507068,0.9638314785335301,0.0,2462.0,2516.0,False
d:\Research\Multi-View Fusion Network\datasets\brisc2025\classification_task\test\meningioma\brisc2025_test_00319_me_ax_t1.jpg,meningioma,meningioma,axial,0.024239467,0.9223211,0.028604262,0.024835201,0.922321081161499,True,True,0.90038073,0.8189158,0.8282710280277071,0.9997972424977698,0.9860917941448387,4.0,856.0,719.0,False
d:\Research\Multi-View Fusion Network\datasets\brisc2025\classification_task\test\meningioma\brisc2025_test_00320_me_ax_t1.jpg,meningioma,meningioma,axial,0.024779728,0.9240795,0.025825871,0.025314901,0.9240794777870178,True,True,0.95490605,0.913738,0.9532944120020577,0.9989382771502953,0.9564853556405316,0.0,1199.0,1195.0,False
d:\Research\Multi-View Fusion Network\datasets\brisc2025\classification_task\test\meningioma\brisc2025_test_00321_me_ax_t1.jpg,meningioma,meningioma,axial,0.025377821,0.92342895,0.025730897,0.025462372,0.9234289526939392,True,True,0.9645522,0.93154275,0.9630758807555452,0.9978824326611474,0.9660210669352157,0.0,2952.0,2943.0,False
d:\Research\Multi-View Fusion Network\datasets\brisc2025\classification_task\test\meningioma\brisc2025_test_00322_me_ax_t1.jpg,meningioma,meningioma,axial,0.025402492,0.9202859,0.028505154,0.025806546,0.9202858805656433,True,True,0.9627329,0.928169,0.9648351648280965,0.9988936919954521,0.9606126914590766,0.0,1365.0,1371.0,False
d:\Research\Multi-View Fusion Network\datasets\brisc2025\classification_task\test\meningioma\brisc2025_test_00323_me_ax_t1.jpg,meningioma,meningioma,axial,0.025351621,0.9231726,0.02659836,0.02487742,0.9231725931167603,True,True,0.9796846,0.96018857,0.9812533476112414,0.9991512968595916,0.978109983977693,0.0,1867.0,1873.0,False
d:\Research\Multi-View Fusion Network\datasets\brisc2025\classification_task\test\meningioma\brisc2025_test_00324_me_ax_t1.jpg,meningioma,meningioma,axial,0.025246158,0.9199273,0.028178204,0.026648276,0.9199272990226746,True,True,0.8815612,0.78846157,0.9674556212731522,0.9984549941809466,0.8094059405740246,1.4142135623730951,338.0,404.0,False
d:\Research\Multi-View Fusion Network\datasets\brisc2025\classification_task\test\meningioma\brisc2025_test_00325_me_ax_t1.jpg,meningioma,meningioma,axial,0.02444555,0.92214346,0.028082438,0.025328528,0.9221434593200684,True,True,0.92252964,0.856305,0.9510603588751866,0.9986280087966833,0.8955453148863971,1.0,613.0,651.0,False
d:\Research\Multi-View Fusion Network\datasets\brisc2025\classification_task\test\meningioma\brisc2025_test_00326_me_ax_t1.jpg,meningioma,meningioma,axial,0.024981821,0.92297024,0.026416847,0.025631,0.9229702353477478,True,True,0.9587496,0.9207921,0.9587362991556497,0.998683804627044,0.9587362991556497,0.0,1551.0,1551.0,False
d:\Research\Multi-View Fusion Network\datasets\brisc2025\classification_task\test\meningioma\brisc2025_test_00327_me_ax_t1.jpg,meningioma,meningioma,axial,0.024938194,0.91498536,0.032374274,0.027702186,0.9149853587150574,True,True,0.87310344,0.77506113,0.8851540615998557,0.9989762941847491,0.8610354223198627,1.4142135623730951,357.0,367.0,False
d:\Research\Multi-View Fusion Network\datasets\brisc2025\classification_task\test\meningioma\brisc2025_test_00328_me_ax_t1.jpg,meningioma,meningioma,axial,0.025409043,0.91958,0.029229192,0.025781773,0.9195799827575684,True,True,0.96744514,0.9369863,0.9525801952447339,0.9997573747950829,0.9827338129355002,0.0,717.0,695.0,False
d:\Research\Multi-View Fusion Network\datasets\brisc2025\classification_task\test\meningioma\brisc2025_test_00329_me_ax_t1.jpg,meningioma,meningioma,axial,0.024224052,0.91674286,0.03328051,0.025752472,0.9167428612709045,True,True,0.73519164,0.5824176,0.5833333333009258,0.999979998399672,0.9905660376423995,3.0,180.0,106.0,False
d:\Research\Multi-View Fusion Network\datasets\brisc2025\classification_task\test\meningioma\brisc2025_test_00330_me_ax_t1.jpg,meningioma,meningioma,axial,0.025232691,0.9234051,0.026235063,0.025127215,0.923405110836029,True,True,0.9341177,0.87647057,0.91820987652904,0.9993740914228317,0.9504792332116537,1.0,648.0,626.0,False
d:\Research\Multi-View Fusion Network\datasets\brisc2025\classification_task\test\meningioma\brisc2025_test_00331_me_ax_t1.jpg,meningioma,meningioma,axial,0.025604017,0.9214196,0.027180688,0.02579572,0.921419620513916,True,True,0.90923315,0.83381087,0.8405797101205629,0.9999397965120107,0.9897610921163904,1.0,345.0,293.0,False
d:\Research\Multi-View Fusion Network\datasets\brisc2025\classification_task\test\meningioma\brisc2025_test_00332_me_ax_t1.jpg,meningioma,meningioma,axial,0.02465745,0.92374665,0.025706576,0.025889313,0.923746645450592,True,True,0.94739723,0.90010405,0.9075630252005508,0.9998374776529743,0.9908256880620319,1.0,952.0,872.0,False
d:\Research\Multi-View Fusion Network\datasets\brisc2025\classification_task\test\meningioma\brisc2025_test_00333_me_ax_t1.jpg,meningioma,meningioma,axial,0.027523762,0.91430163,0.032873206,0.02530133,0.9143016338348389,True,True,0.92839354,0.8664344,0.9019370459939233,0.9993110435661603,0.9563543003728324,1.0,826.0,779.0,False
d:\Research\Multi-View Fusion Network\datasets\brisc2025\classification_task\test\meningioma\brisc2025_test_00334_me_ax_t1.jpg,meningioma,meningioma,axial,0.024535475,0.920604,0.028732011,0.026128544,0.9206039905548096,True,True,0.9577922,0.9190871,0.9671772428672389,0.9995172871536034,0.9484978540568991,0.0,457.0,466.0,False
d:\Research\Multi-View Fusion Network\datasets\brisc2025\classification_task\test\meningioma\brisc2025_test_00335_me_ax_t1.jpg,meningioma,meningioma,axial,0.024354553,0.9256976,0.024481373,0.025466405,0.9256976246833801,True,True,0.97636634,0.9538905,0.9880239520662268,0.9997592391956583,0.9649122806735405,0.0,334.0,342.0,False
d:\Research\Multi-View Fusion Network\datasets\brisc2025\classification_task\test\meningioma\brisc2025_test_00336_me_ax_t1.jpg,meningioma,meningioma,axial,0.025156006,0.9232064,0.025883531,0.025754048,0.9232063889503479,True,True,0.97860867,0.9581205,0.9713397790021708,0.9991539763111255,0.9859796705188014,0.0,2896.0,2853.0,False
d:\Research\Multi-View Fusion Network\datasets\brisc2025\classification_task\test\meningioma\brisc2025_test_00337_me_ax_t1.jpg,meningioma,meningioma,axial,0.0241623,0.9255251,0.025267063,0.025045533,0.9255251288414001,True,True,0.93767184,0.8827586,0.9124999999837053,0.9996170590130201,0.9641509433780349,1.0,560.0,530.0,False
d:\Research\Multi-View Fusion Network\datasets\brisc2025\classification_task\test\meningioma\brisc2025_test_00338_me_ax_t1.jpg,meningioma,meningioma,axial,0.025501467,0.92146033,0.027552493,0.025485732,0.9214603304862976,True,True,0.97579426,0.95274264,0.9645299145257926,0.9993937620200269,0.9873140857349637,0.0,2340.0,2286.0,False
d:\Research\Multi-View Fusion Network\datasets\brisc2025\classification_task\test\meningioma\brisc2025_test_00339_me_ax_t1.jpg,meningioma,meningioma,axial,0.024601191,0.9255153,0.024126856,0.025756668,0.9255152940750122,True,True,0.9419962,0.89039147,0.9071117561617772,0.9994671912781263,0.9796238244437334,1.0,1378.0,1276.0,False
d:\Research\Multi-View Fusion Network\datasets\brisc2025\classification_task\test\meningioma\brisc2025_test_00340_me_ax_t1.jpg,meningioma,meningioma,axial,0.02341023,0.9260606,0.024291229,0.026237944,0.9260606169700623,True,True,0.91780823,0.8487395,0.9090909090082645,0.9998402109213839,0.9259259258401921,1.0,110.0,108.0,False
d:\Research\Multi-View Fusion Network\datasets\brisc2025\classification_task\test\meningioma\brisc2025_test_00341_me_ax_t1.jpg,meningioma,meningioma,axial,0.024673207,0.9199738,0.029583251,0.025769781,0.9199737906455994,True,True,0.97259563,0.94668007,0.9670781892904622,0.9995732054302497,0.9781477627369599,0.0,972.0,961.0,False
d:\Research\Multi-View Fusion Network\datasets\brisc2025\classification_task\test\meningioma\brisc2025_test_00342_me_ax_t1.jpg,meningioma,meningioma,axial,0.025203489,0.9235943,0.02582523,0.025376938,0.9235942959785461,True,True,0.9782976,0.95752716,0.9754689754642835,0.9991891386155064,0.9811320754669515,0.0,2079.0,2067.0,False
d:\Research\Multi-View Fusion Network\datasets\brisc2025\classification_task\test\meningioma\brisc2025_test_00343_me_ax_t1.jpg,meningioma,meningioma,axial,0.02565571,0.92091155,0.028040022,0.02539269,0.9209115505218506,True,True,0.9443631,0.8947368,0.9415204678087274,0.9996388008185176,0.9470588235015571,1.0,342.0,340.0,False
d:\Research\Multi-View Fusion Network\datasets\brisc2025\classification_task\test\meningioma\brisc2025_test_00344_me_ax_t1.jpg,meningioma,meningioma,axial,0.024372194,0.92178553,0.028028378,0.025813853,0.9217855334281921,True,True,0.9589989,0.92126787,0.9374999999902344,0.9996545838749595,0.9814612867940953,0.0,960.0,917.0,False
d:\Research\Multi-View Fusion Network\datasets\brisc2025\classification_task\test\meningioma\brisc2025_test_00345_me_ax_t1.jpg,meningioma,meningioma,axial,0.025023703,0.9251088,0.024239099,0.025628434,0.925108790397644,True,True,0.70088303,0.53989816,0.5610619468927246,0.999536393138417,0.9323529411490484,13.030723848324238,565.0,340.0,False
d:\Research\Multi-View Fusion Network\datasets\brisc2025\classification_task\test\meningioma\brisc2025_test_00346_me_ax_t1.jpg,meningioma,meningioma,axial,0.02522521,0.919017,0.029849974,0.025907718,0.9190170168876648,True,True,0.9811422,0.9630021,0.9743040685120524,0.9997766134598515,0.9880564603584359,0.0,934.0,921.0,False
d:\Research\Multi-View Fusion Network\datasets\brisc2025\classification_task\test\meningioma\brisc2025_test_00347_me_ax_t1.jpg,meningioma,meningioma,axial,0.025037458,0.92337847,0.026395282,0.02518874,0.9233784675598145,True,True,0.9577586,0.9189636,0.9219701162096183,0.9998759536064422,0.9964114832476292,0.0,1807.0,1672.0,False
d:\Research\Multi-View Fusion Network\datasets\brisc2025\classification_task\test\meningioma\brisc2025_test_00348_me_ax_t1.jpg,meningioma,meningioma,axial,0.024368659,0.9253275,0.024519224,0.025784658,0.925327479839325,True,True,0.95683455,0.91726106,0.9620758482985925,0.997965623183385,0.9516288252667738,0.0,2004.0,2026.0,False
d:\Research\Multi-View Fusion Network\datasets\brisc2025\classification_task\test\meningioma\brisc2025_test_00349_me_ax_t1.jpg,meningioma,meningioma,axial,0.02308065,0.9278738,0.024184866,0.024860755,0.9278737902641296,True,True,0.9726912,0.9468599,0.9750996015839133,0.9993898966889695,0.9702675916653095,0.0,1004.0,1009.0,False
d:\Research\Multi-View Fusion Network\datasets\brisc2025\classification_task\test\meningioma\brisc2025_test_00350_me_ax_t1.jpg,meningioma,meningioma,axial,0.025389457,0.9211427,0.027824,0.025643868,0.9211426973342896,True,True,0.9312321,0.87138265,0.9248291571648652,0.9989046208769121,0.9376443417905583,1.0,878.0,866.0,False
d:\Research\Multi-View Fusion Network\datasets\brisc2025\classification_task\test\meningioma\brisc2025_test_00351_me_ax_t1.jpg,meningioma,meningioma,axial,0.025142144,0.9238235,0.025874464,0.025159892,0.9238234758377075,True,True,0.9180672,0.84858567,0.8643301300120728,0.9993182804137833,0.978873239430353,1.4142135623730951,1769.0,1562.0,False
d:\Research\Multi-View Fusion Network\datasets\brisc2025\classification_task\test\meningioma\brisc2025_test_00352_me_ax_t1.jpg,meningioma,meningioma,axial,0.024997571,0.92192006,0.027496785,0.025585614,0.9219200611114502,True,True,0.9482484,0.90166414,0.9296874999854736,0.9995962532297724,0.9674796747810166,1.0,640.0,615.0,False
d:\Research\Multi-View Fusion Network\datasets\brisc2025\classification_task\test\meningioma\brisc2025_test_00353_me_ax_t1.jpg,meningioma,meningioma,axial,0.024638664,0.9232238,0.026860349,0.025277186,0.9232237935066223,True,True,0.96158856,0.92606515,0.938931297697978,0.9997772828505771,0.9853137516557368,0.0,786.0,749.0,False
d:\Research\Multi-View Fusion Network\datasets\brisc2025\classification_task\test\meningioma\brisc2025_test_00354_me_ax_t1.jpg,meningioma,meningioma,axial,0.024239467,0.9223211,0.028604262,0.024835201,0.922321081161499,True,True,0.90473145,0.82613766,0.8376777251085583,0.9997567501822348,0.9833101529765882,2.23606797749979,844.0,719.0,False
d:\Research\Multi-View Fusion Network\datasets\brisc2025\classification_task\test\meningioma\brisc2025_test_00355_me_ax_t1.jpg,meningioma,meningioma,axial,0.025985641,0.9134232,0.034093156,0.026498066,0.9134231805801392,True,True,0.92111236,0.8538381,0.8796095444590064,0.9994315182521218,0.9666269368180378,1.0,922.0,839.0,False
d:\Research\Multi-View Fusion Network\datasets\brisc2025\classification_task\test\meningioma\brisc2025_test_00356_me_ax_t1.jpg,meningioma,meningioma,axial,0.024621993,0.9242534,0.025436185,0.025688332,0.9242534041404724,True,True,0.98477256,0.9700076,0.9895389383921367,0.9989074482611622,0.9800460475787413,0.0,2581.0,2606.0,False
d:\Research\Multi-View Fusion Network\datasets\brisc2025\classification_task\test\meningioma\brisc2025_test_00357_me_ax_t1.jpg,meningioma,meningioma,axial,0.025010394,0.9259145,0.024491787,0.02458333,0.9259145259857178,True,True,0.9611973,0.92537314,0.939262472864658,0.9998591974251233,0.9840909090685434,0.0,461.0,440.0,False
d:\Research\Multi-View Fusion Network\datasets\brisc2025\classification_task\test\meningioma\brisc2025_test_00358_me_ax_t1.jpg,meningioma,meningioma,axial,0.0243939,0.9250288,0.024712248,0.025865095,0.9250288009643555,True,True,0.96138996,0.9257058,0.9764521192939333,0.9992934859401685,0.9467275494528656,0.0,637.0,657.0,False
d:\Research\Multi-View Fusion Network\datasets\brisc2025\classification_task\test\meningioma\brisc2025_test_00359_me_ax_t1.jpg,meningioma,meningioma,axial,0.025154004,0.9214752,0.027677044,0.025693744,0.9214751720428467,True,True,0.96972245,0.9412405,0.9686274509749657,0.9989254200159123,0.9708029197025784,0.0,1785.0,1781.0,False
d:\Research\Multi-View Fusion Network\datasets\brisc2025\classification_task\test\meningioma\brisc2025_test_00360_me_ax_t1.jpg,meningioma,meningioma,axial,0.02585789,0.92136437,0.027596865,0.025180811,0.9213643670082092,True,True,0.9442959,0.89451474,0.973345588226348,0.9980443285525998,0.9168831168751785,1.0,1088.0,1155.0,False
d:\Research\Multi-View Fusion Network\datasets\brisc2025\classification_task\test\meningioma\brisc2025_test_00361_me_ax_t1.jpg,meningioma,meningioma,axial,0.02530965,0.92341006,0.025978817,0.025301507,0.9234100580215454,True,True,0.91003186,0.8350365,0.8625377643374239,0.9995556812212709,0.9629005058859544,1.0,662.0,593.0,False
d:\Research\Multi-View Fusion Network\datasets\brisc2025\classification_task\test\meningioma\brisc2025_test_00362_me_ax_t1.jpg,meningioma,meningioma,axial,0.023989873,0.9262191,0.02471792,0.02507311,0.92621910572052,True,True,0.9458728,0.8974359,0.9694444444175154,0.9994178577161957,0.9232804232559979,1.0,360.0,378.0,False
d:\Research\Multi-View Fusion Network\datasets\brisc2025\classification_task\test\meningioma\brisc2025_test_00363_me_ax_t1.jpg,meningioma,meningioma,axial,0.025508415,0.9189837,0.02951994,0.025987968,0.9189836978912354,True,True,0.9288762,0.867374,0.8739946380462735,0.999939762664699,0.9908814589364473,1.0,373.0,329.0,False
d:\Research\Multi-View Fusion Network\datasets\brisc2025\classification_task\test\meningioma\brisc2025_test_00364_me_ax_t1.jpg,meningioma,meningioma,axial,0.024823612,0.924163,0.025670484,0.025342932,0.9241629838943481,True,True,0.9226857,0.8566038,0.9005964214532685,0.9994765768121516,0.945720250502177,1.0,503.0,479.0,False
d:\Research\Multi-View Fusion Network\datasets\brisc2025\classification_task\test\meningioma\brisc2025_test_00365_me_ax_t1.jpg,meningioma,meningioma,axial,0.023072042,0.926539,0.026077356,0.024311608,0.9265390038490295,True,True,0.94025606,0.88739944,0.97633136091786,0.999317789638228,0.9065934065685002,1.0,338.0,364.0,False
d:\Research\Multi-View Fusion Network\datasets\brisc2025\classification_task\test\meningioma\brisc2025_test_00366_me_ax_t1.jpg,meningioma,meningioma,axial,0.025809264,0.92328763,0.02560963,0.02529352,0.9232876300811768,True,True,0.9675557,0.9371672,0.9627805144993827,0.9989658524476207,0.9723604201162391,0.0,1827.0,1809.0,False
d:\Research\Multi-View Fusion Network\datasets\brisc2025\classification_task\test\meningioma\brisc2025_test_00367_me_ax_t1.jpg,meningioma,meningioma,axial,0.024371875,0.9234031,0.026820304,0.025404738,0.9234030842781067,True,True,0.9338235,0.87598425,0.9269311064524649,0.9994365857091979,0.9406779660817652,1.0,479.0,472.0,False
d:\Research\Multi-View Fusion Network\datasets\brisc2025\classification_task\test\meningioma\brisc2025_test_00368_me_ax_t1.jpg,meningioma,meningioma,axial,0.024962261,0.92335826,0.025787022,0.025892477,0.9233582615852356,True,True,0.947343,0.9,0.9849246231056792,0.9980886927876623,0.9124767225240925,1.0,995.0,1074.0,False
d:\Research\Multi-View Fusion Network\datasets\brisc2025\classification_task\test\meningioma\brisc2025_test_00369_me_ax_t1.jpg,meningioma,meningioma,axial,0.025845088,0.92089397,0.027673544,0.025587426,0.9208939671516418,True,True,0.7908416,0.6543967,0.999999999968652,0.9966103054734549,0.6536885245767686,6.057933771208748,319.0,488.0,False
d:\Research\Multi-View Fusion Network\datasets\brisc2025\classification_task\test\meningioma\brisc2025_test_00370_me_ax_t1.jpg,meningioma,meningioma,axial,0.02539788,0.922847,0.026485745,0.025269361,0.9228469729423523,True,True,0.96612597,0.9345018,0.9873170731610994,0.9988199629710487,0.9457943925145254,0.0,1025.0,1070.0,False
d:\Research\Multi-View Fusion Network\datasets\brisc2025\classification_task\test\meningioma\brisc2025_test_00371_me_ax_t1.jpg,meningioma,meningioma,axial,0.024746556,0.9221571,0.027172975,0.0259233,0.9221571087837219,True,True,0.9222222,0.8558052,0.9913043478045368,0.9985316598276213,0.8620037807020415,1.0,460.0,529.0,False
d:\Research\Multi-View Fusion Network\datasets\brisc2025\classification_task\test\meningioma\brisc2025_test_00372_me_ax_t1.jpg,meningioma,meningioma,axial,0.02399015,0.9258614,0.02416968,0.025978722,0.9258614182472229,True,True,0.9366755,0.8811881,0.8939393938942455,0.9999399735881789,0.9833333332787036,1.0,198.0,180.0,False
d:\Research\Multi-View Fusion Network\datasets\brisc2025\classification_task\test\meningioma\brisc2025_test_00373_me_ax_t1.jpg,meningioma,meningioma,axial,0.025413755,0.9199981,0.029145073,0.02544314,0.9199981093406677,True,True,0.96327686,0.9291939,0.9594594594486547,0.9994116214898151,0.967082860374948,0.0,888.0,881.0,False
d:\Research\Multi-View Fusion Network\datasets\brisc2025\classification_task\test\meningioma\brisc2025_test_00374_me_ax_t1.jpg,meningioma,meningioma,axial,0.024960594,0.92393404,0.02550284,0.025602557,0.9239340424537659,True,True,0.95701814,0.9176319,0.9780219780085436,0.9990292832872919,0.936842105250831,0.0,728.0,760.0,False
d:\Research\Multi-View Fusion Network\datasets\brisc2025\classification_task\test\meningioma\brisc2025_test_00375_me_ax_t1.jpg,meningioma,meningioma,axial,0.02639786,0.92234623,0.02589394,0.025361944,0.9223462343215942,True,True,0.8793296,0.78486055,0.8053278688359564,0.9997383674124538,0.9679802955426605,1.4142135623730951,488.0,406.0,False
d:\Research\Multi-View Fusion Network\datasets\brisc2025\classification_task\test\meningioma\brisc2025_test_00376_me_ax_t1.jpg,meningioma,meningioma,axial,0.023827396,0.9196433,0.027299317,0.029229963,0.9196432828903198,True,True,0.77134144,0.6287129,0.6666666666313933,0.9997599375835718,0.913043478194707,3.0,189.0,138.0,False
d:\Research\Multi-View Fusion Network\datasets\brisc2025\classification_task\test\meningioma\brisc2025_test_00377_me_ax_t1.jpg,meningioma,meningioma,axial,0.02514185,0.9236834,0.025538076,0.025636775,0.9236834049224854,True,True,0.9741984,0.94970703,0.9749247743180797,0.9989000041507204,0.9734601902805535,0.0,1994.0,1997.0,False
d:\Research\Multi-View Fusion Network\datasets\brisc2025\classification_task\test\meningioma\brisc2025_test_00378_me_ax_t1.jpg,meningioma,meningioma,axial,0.027137322,0.9135686,0.033360332,0.025933722,0.9135686159133911,True,True,0.7552083,0.6070234,0.6209262435571025,0.9997177020948522,0.962765957421203,8.06225774829855,583.0,376.0,False
d:\Research\Multi-View Fusion Network\datasets\brisc2025\classification_task\test\meningioma\brisc2025_test_00379_me_ax_t1.jpg,meningioma,meningioma,axial,0.025278898,0.9241689,0.02500811,0.025544085,0.9241688847541809,True,True,0.9688914,0.9396709,0.982785003821795,0.9974769774187382,0.9553737448830221,0.0,2614.0,2689.0,False
d:\Research\Multi-View Fusion Network\datasets\brisc2025\classification_task\test\meningioma\brisc2025_test_00380_me_ax_t1.jpg,meningioma,meningioma,axial,0.024881849,0.92327327,0.025925774,0.025919156,0.9232732653617859,True,True,0.9511236,0.90685225,0.9116379310246591,0.999898473034235,0.9941245593302688,0.0,928.0,851.0,False
d:\Research\Multi-View Fusion Network\datasets\brisc2025\classification_task\test\meningioma\brisc2025_test_00381_me_ax_t1.jpg,meningioma,meningioma,axial,0.02582,0.91958493,0.028472228,0.026122881,0.9195849299430847,True,True,0.9165854,0.8460846,0.9361914257134976,0.997824009110488,0.8977055449244962,1.0,1003.0,1046.0,False
d:\Research\Multi-View Fusion Network\datasets\brisc2025\classification_task\test\meningioma\brisc2025_test_00382_me_ax_t1.jpg,meningioma,meningioma,axial,0.026110211,0.9230256,0.025104892,0.025759337,0.9230256080627441,True,True,0.96090907,0.9248252,0.968807339431765,0.9994761338677441,0.9530685920405583,0.0,545.0,554.0,False
d:\Research\Multi-View Fusion Network\datasets\brisc2025\classification_task\test\meningioma\brisc2025_test_00383_me_ax_t1.jpg,meningioma,meningioma,axial,0.025851415,0.921457,0.02696221,0.02572944,0.9214569926261902,True,True,0.95013475,0.9051282,0.9513513513256391,0.9996185198568447,0.9487870619690354,0.0,370.0,371.0,False
d:\Research\Multi-View Fusion Network\datasets\brisc2025\classification_task\test\meningioma\brisc2025_test_00384_me_ax_t1.jpg,meningioma,meningioma,axial,0.024392884,0.9239051,0.026486756,0.02521536,0.923905074596405,True,True,0.9621571,0.92714024,0.9495327102626255,0.9997381196992406,0.9750479846261987,0.0,535.0,521.0,False
d:\Research\Multi-View Fusion Network\datasets\brisc2025\classification_task\test\meningioma\brisc2025_test_00385_me_ax_t1.jpg,meningioma,meningioma,axial,0.025028657,0.9217041,0.02756968,0.025697492,0.921704113483429,True,True,0.9645477,0.93154997,0.9617886178783596,0.99918277285151,0.9672935404663345,0.0,1230.0,1223.0,False
d:\Research\Multi-View Fusion Network\datasets\brisc2025\classification_task\test\meningioma\brisc2025_test_00386_me_ax_t1.jpg,meningioma,meningioma,axial,0.024304984,0.91630465,0.032731712,0.026658572,0.9163046479225159,True,True,0.9464115,0.89836663,0.9233644859640493,0.9996978304222317,0.9705304518473373,1.0,535.0,509.0,False
d:\Research\Multi-View Fusion Network\datasets\brisc2025\classification_task\test\meningioma\brisc2025_test_00387_me_ax_t1.jpg,meningioma,meningioma,axial,0.025154412,0.92383444,0.025745945,0.02526513,0.9238344430923462,True,True,0.97348994,0.948366,0.960901259105627,0.9995890439104528,0.9863945578164192,0.0,1509.0,1470.0,False
d:\Research\Multi-View Fusion Network\datasets\brisc2025\classification_task\test\meningioma\brisc2025_test_00388_me_ax_t1.jpg,meningioma,meningioma,axial,0.02438911,0.9233924,0.026410103,0.025808457,0.9233924150466919,True,True,0.96957964,0.9409871,0.9809630459016689,0.9992289430430373,0.9584245076481572,0.0,893.0,914.0,False
d:\Research\Multi-View Fusion Network\datasets\brisc2025\classification_task\test\meningioma\brisc2025_test_00389_me_ax_t1.jpg,meningioma,meningioma,axial,0.024396716,0.92288417,0.027106285,0.025612883,0.9228841662406921,True,True,0.9770609,0.9551821,0.9742489270246888,0.9997170402407181,0.979856115093815,0.0,699.0,695.0,False
d:\Research\Multi-View Fusion Network\datasets\brisc2025\classification_task\test\meningioma\brisc2025_test_00390_me_ax_t1.jpg,meningioma,meningioma,axial,0.024879131,0.92469764,0.024974188,0.025449054,0.9246976375579834,True,True,0.90694004,0.8299712,0.9082278480725244,0.9993983152825915,0.9053627759966763,1.0,316.0,317.0,False
d:\Research\Multi-View Fusion Network\datasets\brisc2025\classification_task\test\meningioma\brisc2025_test_00391_me_ax_t1.jpg,meningioma,meningioma,axial,0.025015738,0.9209756,0.028125335,0.025883297,0.9209756255149841,True,True,0.95985913,0.9228687,0.979856115093815,0.9991309795677131,0.940607734793638,0.0,695.0,724.0,False
d:\Research\Multi-View Fusion Network\datasets\brisc2025\classification_task\test\meningioma\brisc2025_test_00392_me_co_t1.jpg,meningioma,meningioma,coronal,0.023563195,0.92602587,0.022601895,0.027808977,0.9260258674621582,True,True,0.84753364,0.7354576,0.928838951306513,0.9883014154868884,0.7792615867997673,5.0,2136.0,2546.0,False
d:\Research\Multi-View Fusion Network\datasets\brisc2025\classification_task\test\meningioma\brisc2025_test_00393_me_co_t1.jpg,meningioma,no_tumor,coronal,0.02754183,0.03767199,0.033222105,0.9015641,0.9015641212463379,False,True,0.000777605,0.000777605,0.0,0.9999999999997955,0.0,-1.0,1285.0,0.0,True
d:\Research\Multi-View Fusion Network\datasets\brisc2025\classification_task\test\meningioma\brisc2025_test_00394_me_co_t1.jpg,meningioma,meningioma,coronal,0.026531968,0.92215127,0.026300307,0.025016423,0.9221512675285339,True,True,0.97154737,0.94468087,0.9732456140308191,0.9985593786535414,0.9698426573384186,0.0,2280.0,2288.0,False
d:\Research\Multi-View Fusion Network\datasets\brisc2025\classification_task\test\meningioma\brisc2025_test_00395_me_co_t1.jpg,meningioma,meningioma,coronal,0.024899257,0.92551523,0.023944013,0.025641449,0.9255152344703674,True,True,0.9670516,0.9362262,0.9411375661313417,0.9998356074303387,0.9944095038365172,0.0,1512.0,1431.0,False
d:\Research\Multi-View Fusion Network\datasets\brisc2025\classification_task\test\meningioma\brisc2025_test_00396_me_co_t1.jpg,meningioma,meningioma,coronal,0.024628604,0.92567974,0.023992393,0.025699241,0.9256797432899475,True,True,0.9692973,0.94043624,0.9463682432392468,0.9996862449797106,0.9933510638253842,0.0,2368.0,2256.0,False
d:\Research\Multi-View Fusion Network\datasets\brisc2025\classification_task\test\meningioma\brisc2025_test_00397_me_co_t1.jpg,meningioma,meningioma,coronal,0.025726901,0.9230865,0.025690258,0.025496317,0.9230865240097046,True,True,0.9507067,0.9060606,0.9187158469913979,0.9991322384014141,0.9849871841780118,0.0,2928.0,2731.0,False
d:\Research\Multi-View Fusion Network\datasets\brisc2025\classification_task\test\meningioma\brisc2025_test_00398_me_co_t1.jpg,meningioma,meningioma,coronal,0.025698865,0.9247181,0.024049323,0.025533726,0.9247180819511414,True,True,0.97085387,0.9433661,0.9570966001053506,0.998837959973962,0.9850041655068453,0.0,3706.0,3601.0,False
d:\Research\Multi-View Fusion Network\datasets\brisc2025\classification_task\test\meningioma\brisc2025_test_00399_me_co_t1.jpg,meningioma,meningioma,coronal,0.024581384,0.93156743,0.020217625,0.023633521,0.9315674304962158,True,True,0.9669967,0.9361088,0.9572091062374427,0.9976448318363714,0.9769793459531476,0.0,4744.0,4648.0,False
d:\Research\Multi-View Fusion Network\datasets\brisc2025\classification_task\test\meningioma\brisc2025_test_00400_me_co_t1.jpg,meningioma,meningioma,coronal,0.026012335,0.92292964,0.025458192,0.025599815,0.9229296445846558,True,True,0.9670075,0.9361309,0.9398356745270612,0.999676745037821,0.9957877000814497,0.0,3773.0,3561.0,False
d:\Research\Multi-View Fusion Network\datasets\brisc2025\classification_task\test\meningioma\brisc2025_test_00401_me_co_t1.jpg,meningioma,meningioma,coronal,0.024647372,0.9258082,0.02406753,0.025476946,0.9258081912994385,True,True,0.96553963,0.9333892,0.9365012615604016,0.999832628980083,0.9964205816510228,0.0,2378.0,2235.0,False
d:\Research\Multi-View Fusion Network\datasets\brisc2025\classification_task\test\meningioma\brisc2025_test_00402_me_co_t1.jpg,meningioma,meningioma,coronal,0.026257822,0.9216139,0.025879247,0.026249016,0.921613872051239,True,True,0.9544662,0.91291666,0.9201680672230246,0.9996024771945352,0.9913988229923432,0.0,2380.0,2209.0,False
d:\Research\Multi-View Fusion Network\datasets\brisc2025\classification_task\test\meningioma\brisc2025_test_00403_me_co_t1.jpg,meningioma,meningioma,coronal,0.024690269,0.923971,0.02568398,0.025654722,0.9239709973335266,True,True,0.9314693,0.8717949,0.9582392776415548,0.9982146480014206,0.9060832443873417,1.0,886.0,937.0,False
d:\Research\Multi-View Fusion Network\datasets\brisc2025\classification_task\test\meningioma\brisc2025_test_00404_me_co_t1.jpg,meningioma,meningioma,coronal,0.024361707,0.9229959,0.026373247,0.026269143,0.922995924949646,True,True,0.9475511,0.9003663,0.9136904761836779,0.9995904325030719,0.9839743589664747,1.0,1344.0,1248.0,False
d:\Research\Multi-View Fusion Network\datasets\brisc2025\classification_task\test\meningioma\brisc2025_test_00405_me_co_t1.jpg,meningioma,meningioma,coronal,0.02562354,0.9192269,0.029052112,0.02609742,0.919226884841919,True,True,0.9148936,0.8432304,0.9752407152548109,0.9976945944304237,0.8614823815205166,1.4142135623730951,727.0,823.0,False
d:\Research\Multi-View Fusion Network\datasets\brisc2025\classification_task\test\meningioma\brisc2025_test_00406_me_co_t1.jpg,meningioma,meningioma,coronal,0.02324998,0.9068918,0.026504172,0.043354064,0.9068918228149414,True,True,0.93598056,0.87975645,0.9202551833984011,0.999414720781247,0.9521452145057402,1.0,627.0,606.0,False
d:\Research\Multi-View Fusion Network\datasets\brisc2025\classification_task\test\meningioma\brisc2025_test_00407_me_co_t1.jpg,meningioma,meningioma,coronal,0.025667068,0.9208963,0.027431756,0.026004853,0.9208962917327881,True,True,0.9783356,0.9576043,0.976648351641644,0.9994047619045568,0.980013783590765,0.0,1456.0,1451.0,False
d:\Research\Multi-View Fusion Network\datasets\brisc2025\classification_task\test\meningioma\brisc2025_test_00408_me_co_t1.jpg,meningioma,meningioma,coronal,0.026238073,0.92170644,0.025818791,0.026236724,0.9217064380645752,True,True,0.9600618,0.92320746,0.9399308556571309,0.9991224771215163,0.9810554803744653,0.0,2314.0,2217.0,False
d:\Research\Multi-View Fusion Network\datasets\brisc2025\classification_task\test\meningioma\brisc2025_test_00409_me_co_t1.jpg,meningioma,meningioma,coronal,0.025190875,0.9245326,0.025062941,0.025213653,0.9245325922966003,True,True,0.9774795,0.95596087,0.9675675675632092,0.9994369839017018,0.9875862068920112,0.0,2220.0,2175.0,False
d:\Research\Multi-View Fusion Network\datasets\brisc2025\classification_task\test\meningioma\brisc2025_test_00410_me_co_t1.jpg,meningioma,meningioma,coronal,0.025069268,0.92582893,0.023944847,0.025156895,0.9258289337158203,True,True,0.98229384,0.9652072,0.9856258734258622,0.9976531538510423,0.9789807654154691,0.0,5009.0,5043.0,False
d:\Research\Multi-View Fusion Network\datasets\brisc2025\classification_task\test\meningioma\brisc2025_test_00411_me_co_t1.jpg,meningioma,meningioma,coronal,0.026305947,0.922063,0.026122289,0.02550882,0.9220629930496216,True,True,0.9530387,0.91032404,0.9869174161816279,0.9978959410044334,0.9213740457944934,0.0,1223.0,1310.0,False
d:\Research\Multi-View Fusion Network\datasets\brisc2025\classification_task\test\meningioma\brisc2025_test_00412_me_co_t1.jpg,meningioma,meningioma,coronal,0.029923355,0.90500283,0.031537253,0.0335365,0.9050028324127197,True,True,0.8365724,0.7192716,0.7254601226882598,0.9998788466196189,0.9874739039459818,6.324555320336759,652.0,479.0,False
d:\Research\Multi-View Fusion Network\datasets\brisc2025\classification_task\test\meningioma\brisc2025_test_00413_me_co_t1.jpg,meningioma,meningioma,coronal,0.027381163,0.9271888,0.021815818,0.02361422,0.9271888136863708,True,True,0.9345182,0.8771067,0.8867187499968512,0.9993454391889782,0.9877373417682448,1.0,2816.0,2528.0,False
d:\Research\Multi-View Fusion Network\datasets\brisc2025\classification_task\test\meningioma\brisc2025_test_00414_me_co_t1.jpg,meningioma,meningioma,coronal,0.024156189,0.92680496,0.024130713,0.024908174,0.9268049597740173,True,True,0.94615793,0.8978305,0.90511320274509,0.9993080333006814,0.9910863509721697,1.0,3931.0,3590.0,False
d:\Research\Multi-View Fusion Network\datasets\brisc2025\classification_task\test\meningioma\brisc2025_test_00415_me_co_t1.jpg,meningioma,meningioma,coronal,0.025731748,0.9248176,0.024441727,0.02500891,0.9248176217079163,True,True,0.97049487,0.9426913,0.9530447542151392,0.9993677555319286,0.988584474882083,0.0,2726.0,2628.0,False
d:\Research\Multi-View Fusion Network\datasets\brisc2025\classification_task\test\meningioma\brisc2025_test_00416_me_co_t1.jpg,meningioma,meningioma,coronal,0.025731748,0.9248176,0.024441727,0.02500891,0.9248176217079163,True,True,0.9774901,0.95597947,0.964100666169637,0.9995155242867677,0.9912480974087091,0.0,2702.0,2628.0,False
d:\Research\Multi-View Fusion Network\datasets\brisc2025\classification_task\test\meningioma\brisc2025_test_00417_me_co_t1.jpg,meningioma,meningioma,coronal,0.02602207,0.9230841,0.025357012,0.025536789,0.9230840802192688,True,True,0.97836405,0.95765024,0.9690265486698866,0.9990764604808852,0.9878770792190925,0.0,3616.0,3547.0,False
d:\Research\Multi-View Fusion Network\datasets\brisc2025\classification_task\test\meningioma\brisc2025_test_00418_me_co_t1.jpg,meningioma,pituitary,coronal,0.033423122,0.033924658,0.90408796,0.028564334,0.9040879607200623,False,True,0.0006357279,0.0006357279,0.0,0.9922018535906194,0.0,99.61601248736673,1190.0,382.0,False
d:\Research\Multi-View Fusion Network\datasets\brisc2025\classification_task\test\meningioma\brisc2025_test_00419_me_co_t1.jpg,meningioma,meningioma,coronal,0.025534052,0.9239123,0.025078649,0.025474984,0.9239122867584229,True,True,0.9707875,0.94324166,0.9586555621625263,0.9988251377790834,0.9832214765070677,0.0,3362.0,3278.0,False
d:\Research\Multi-View Fusion Network\datasets\brisc2025\classification_task\test\meningioma\brisc2025_test_00420_me_co_t1.jpg,meningioma,meningioma,coronal,0.025648916,0.9251201,0.024286894,0.024944166,0.9251201152801514,True,True,0.9765659,0.9542148,0.9737876802054444,0.9990185227721514,0.9793497363753104,0.0,2289.0,2276.0,False
d:\Research\Multi-View Fusion Network\datasets\brisc2025\classification_task\test\meningioma\brisc2025_test_00421_me_co_t1.jpg,meningioma,meningioma,coronal,0.02550423,0.92416555,0.024710756,0.025619548,0.9241655468940735,True,True,0.8997494,0.81781375,0.8202133062426602,0.9998755367475679,0.9962985811166176,5.0,1969.0,1621.0,False
d:\Research\Multi-View Fusion Network\datasets\brisc2025\classification_task\test\meningioma\brisc2025_test_00422_me_co_t1.jpg,meningioma,meningioma,coronal,0.025068874,0.92516094,0.023955906,0.025814276,0.9251609444618225,True,True,0.9679274,0.93786633,0.9852125693100111,0.9983111239262253,0.9512195121894633,0.0,1623.0,1681.0,False
d:\Research\Multi-View Fusion Network\datasets\brisc2025\classification_task\test\meningioma\brisc2025_test_00423_me_co_t1.jpg,meningioma,meningioma,coronal,0.026790742,0.9070256,0.038200945,0.027982717,0.9070255756378174,True,True,0.8589563,0.75308645,0.9681528662112053,0.9981950182501709,0.7715736040413306,2.153444185374858,314.0,394.0,False
d:\Research\Multi-View Fusion Network\datasets\brisc2025\classification_task\test\meningioma\brisc2025_test_00424_me_co_t1.jpg,meningioma,meningioma,coronal,0.024611909,0.92329484,0.026576197,0.025517149,0.9232948422431946,True,True,0.911339,0.8372093,0.869815668192744,0.9993104567208163,0.9569074778078972,1.0,868.0,789.0,False
d:\Research\Multi-View Fusion Network\datasets\brisc2025\classification_task\test\meningioma\brisc2025_test_00425_me_co_t1.jpg,meningioma,meningioma,coronal,0.02530031,0.92210937,0.027042262,0.025548017,0.9221093654632568,True,True,0.9785288,0.95797664,0.9832134292487353,0.9993254982113441,0.9738717339590351,0.0,1251.0,1263.0,False
d:\Research\Multi-View Fusion Network\datasets\brisc2025\classification_task\test\meningioma\brisc2025_test_00426_me_co_t1.jpg,meningioma,meningioma,coronal,0.027813975,0.9003885,0.04169621,0.030101342,0.9003884792327881,True,True,0.92922145,0.8679245,0.9765957446600724,0.9988130205606972,0.8861003860832799,1.0,470.0,518.0,False
d:\Research\Multi-View Fusion Network\datasets\brisc2025\classification_task\test\meningioma\brisc2025_test_00427_me_co_t1.jpg,meningioma,meningioma,coronal,0.024764406,0.92435044,0.025321333,0.02556376,0.9243504405021667,True,True,0.9658163,0.93392503,0.9653061224391295,0.999329213757013,0.9662921348215905,0.0,980.0,979.0,False
d:\Research\Multi-View Fusion Network\datasets\brisc2025\classification_task\test\meningioma\brisc2025_test_00428_me_co_t1.jpg,meningioma,meningioma,coronal,0.025119888,0.9240773,0.025554355,0.025248453,0.9240772724151611,True,True,0.81377304,0.6862745,0.7101694915133869,0.9995764933648612,0.9522727272510847,6.4031242374328485,590.0,440.0,False
d:\Research\Multi-View Fusion Network\datasets\brisc2025\classification_task\test\meningioma\brisc2025_test_00429_me_co_t1.jpg,meningioma,meningioma,coronal,0.025729952,0.923909,0.024726525,0.025634475,0.9239090085029602,True,True,0.91003186,0.8350365,0.8625377643374239,0.9995556812212709,0.9629005058859544,1.0,662.0,593.0,False
d:\Research\Multi-View Fusion Network\datasets\brisc2025\classification_task\test\meningioma\brisc2025_test_00430_me_co_t1.jpg,meningioma,meningioma,coronal,0.024653643,0.9259491,0.023938457,0.02545878,0.9259490966796875,True,True,0.97418135,0.94969326,0.9674593241430856,0.9996962148366649,0.9809644669926273,0.0,799.0,788.0,False
d:\Research\Multi-View Fusion Network\datasets\brisc2025\classification_task\test\meningioma\brisc2025_test_00431_me_co_t1.jpg,meningioma,meningioma,coronal,0.025889022,0.92197895,0.025994116,0.02613785,0.9219789505004883,True,True,0.94194484,0.89041096,0.9529411764425605,0.9995184204187737,0.9310344827318668,1.0,340.0,348.0,False
d:\Research\Multi-View Fusion Network\datasets\brisc2025\classification_task\test\meningioma\brisc2025_test_00432_me_co_t1.jpg,meningioma,meningioma,coronal,0.025961911,0.91872925,0.028518265,0.026790654,0.9187292456626892,True,True,0.9295612,0.8685345,0.8973214285513991,0.9996983590731581,0.9640287769552991,1.0,448.0,417.0,False
d:\Research\Multi-View Fusion Network\datasets\brisc2025\classification_task\test\meningioma\brisc2025_test_00433_me_co_t1.jpg,meningioma,meningioma,coronal,0.025812116,0.92304975,0.026059078,0.025078988,0.9230497479438782,True,True,0.9432892,0.89285713,0.9467680608005031,0.9996794422292791,0.9396226414739764,1.0,263.0,265.0,False
d:\Research\Multi-View Fusion Network\datasets\brisc2025\classification_task\test\meningioma\brisc2025_test_00434_me_co_t1.jpg,meningioma,meningioma,coronal,0.024569198,0.9252775,0.024782125,0.02537125,0.9252774715423584,True,True,0.9472422,0.8998483,0.9264475743203999,0.9996164483111615,0.9689034369726857,1.0,639.0,611.0,False
d:\Research\Multi-View Fusion Network\datasets\brisc2025\classification_task\test\meningioma\brisc2025_test_00435_me_co_t1.jpg,meningioma,meningioma,coronal,0.025487885,0.9208077,0.027434113,0.026270261,0.9208077192306519,True,True,0.91424966,0.8422274,0.9234693877315441,0.9992367025548371,0.904999999977375,1.0,392.0,400.0,False
d:\Research\Multi-View Fusion Network\datasets\brisc2025\classification_task\test\meningioma\brisc2025_test_00436_me_co_t1.jpg,meningioma,meningioma,coronal,0.025199585,0.92336464,0.025534375,0.025901414,0.9233646392822266,True,True,0.94121534,0.8890274,0.931937172762671,0.999251194041731,0.9506008010553991,1.0,764.0,749.0,False
d:\Research\Multi-View Fusion Network\datasets\brisc2025\classification_task\test\meningioma\brisc2025_test_00437_me_co_t1.jpg,meningioma,meningioma,coronal,0.024506338,0.9251602,0.024759362,0.025574077,0.9251602292060852,True,True,0.8697034,0.7696629,0.992736077457803,0.997588569820751,0.7735849056457814,1.9414213562372962,413.0,530.0,False
d:\Research\Multi-View Fusion Network\datasets\brisc2025\classification_task\test\meningioma\brisc2025_test_00438_me_co_t1.jpg,meningioma,meningioma,coronal,0.02514224,0.92423517,0.024974093,0.025648514,0.9242351651191711,True,True,0.9584475,0.9202454,0.990557129357974,0.9983508764784091,0.9283185840625814,0.0,1059.0,1130.0,False
d:\Research\Multi-View Fusion Network\datasets\brisc2025\classification_task\test\meningioma\brisc2025_test_00439_me_co_t1.jpg,meningioma,meningioma,coronal,0.02527103,0.92490673,0.024388999,0.025433237,0.9249067306518555,True,True,0.9597478,0.92264676,0.9473180076537614,0.9994301066512662,0.9724680432549413,0.0,1044.0,1017.0,False
d:\Research\Multi-View Fusion Network\datasets\brisc2025\classification_task\test\meningioma\brisc2025_test_00440_me_co_t1.jpg,meningioma,meningioma,coronal,0.025546862,0.91713387,0.03159267,0.025726657,0.9171338677406311,True,True,0.9163987,0.84615386,0.8711656441183333,0.9999000259930418,0.9659863944921098,1.0,163.0,147.0,False
d:\Research\Multi-View Fusion Network\datasets\brisc2025\classification_task\test\meningioma\brisc2025_test_00441_me_co_t1.jpg,meningioma,meningioma,coronal,0.024977356,0.92192334,0.027316954,0.025782295,0.9219233393669128,True,True,0.95887446,0.92105263,0.992526158430605,0.9989496434845581,0.9273743016630255,0.0,669.0,716.0,False
d:\Research\Multi-View Fusion Network\datasets\brisc2025\classification_task\test\meningioma\brisc2025_test_00442_me_co_t1.jpg,meningioma,meningioma,coronal,0.024505293,0.92675537,0.023440216,0.025299044,0.9267553687095642,True,True,0.9396006,0.8861341,0.9051643192403271,0.9995316731483783,0.9766970617935492,1.0,1065.0,987.0,False
d:\Research\Multi-View Fusion Network\datasets\brisc2025\classification_task\test\meningioma\brisc2025_test_00443_me_co_t1.jpg,meningioma,meningioma,coronal,0.024697421,0.92447627,0.024695065,0.026131254,0.9244762659072876,True,True,0.9675882,0.9372694,0.9584120982805593,0.9997582935522792,0.9768786126979406,0.0,529.0,519.0,False
d:\Research\Multi-View Fusion Network\datasets\brisc2025\classification_task\test\meningioma\brisc2025_test_00444_me_co_t1.jpg,meningioma,meningioma,coronal,0.0250873,0.92644954,0.022789894,0.025673188,0.9264495372772217,True,True,0.8817481,0.78899086,0.8142857142469387,0.9998599047350198,0.9606741572494003,1.0,210.0,178.0,False
d:\Research\Multi-View Fusion Network\datasets\brisc2025\classification_task\test\meningioma\brisc2025_test_00445_me_co_t1.jpg,meningioma,meningioma,coronal,0.025336059,0.9243435,0.024632351,0.025688002,0.9243435263633728,True,True,0.9784156,0.9577528,0.9677419354794742,0.9995205836371028,0.9893172317650287,0.0,2201.0,2153.0,False
d:\Research\Multi-View Fusion Network\datasets\brisc2025\classification_task\test\meningioma\brisc2025_test_00446_me_co_t1.jpg,meningioma,meningioma,coronal,0.025568882,0.9259787,0.023142993,0.025309395,0.9259787201881409,True,True,0.9465174,0.8985051,0.9367816091877113,0.9989378651086649,0.9564124056918994,1.0,1218.0,1193.0,False
d:\Research\Multi-View Fusion Network\datasets\brisc2025\classification_task\test\meningioma\brisc2025_test_00447_me_co_t1.jpg,meningioma,meningioma,coronal,0.025027571,0.9236492,0.025495987,0.025827246,0.9236491918563843,True,True,0.975639,0.95245516,0.9736842105185513,0.9994276603570992,0.9775820656446952,0.0,1254.0,1249.0,False
d:\Research\Multi-View Fusion Network\datasets\brisc2025\classification_task\test\meningioma\brisc2025_test_00448_me_co_t1.jpg,meningioma,meningioma,coronal,0.025684323,0.92407185,0.024802996,0.025440723,0.9240718483924866,True,True,0.9356936,0.87924016,0.936324167859098,0.9990906335251089,0.9349710982523848,1.0,691.0,692.0,False
d:\Research\Multi-View Fusion Network\datasets\brisc2025\classification_task\test\meningioma\brisc2025_test_00449_me_co_t1.jpg,meningioma,meningioma,coronal,0.025454424,0.9248541,0.02387477,0.02581675,0.9248540997505188,True,True,0.85998106,0.75456053,0.9497907949592094,0.9975049297756454,0.7854671280140922,2.0,478.0,578.0,False
d:\Research\Multi-View Fusion Network\datasets\brisc2025\classification_task\test\meningioma\brisc2025_test_00450_me_co_t1.jpg,meningioma,meningioma,coronal,0.024966566,0.9245061,0.024666294,0.025861042,0.9245061278343201,True,True,0.9745763,0.95043105,0.9677891654394746,0.9994878098748209,0.9814402375576732,0.0,1366.0,1347.0,False
d:\Research\Multi-View Fusion Network\datasets\brisc2025\classification_task\test\meningioma\brisc2025_test_00451_me_co_t1.jpg,meningioma,meningioma,coronal,0.024957826,0.9244732,0.024464227,0.02610479,0.924473226070404,True,True,0.9279279,0.86559534,0.969696969689028,0.996997242365234,0.8895567242607848,1.0,1221.0,1331.0,False
d:\Research\Multi-View Fusion Network\datasets\brisc2025\classification_task\test\meningioma\brisc2025_test_00452_me_co_t1.jpg,meningioma,meningioma,coronal,0.024972782,0.92519355,0.024749808,0.025083816,0.9251935482025146,True,True,0.960644,0.9243986,0.9537366547703297,0.9998196212043292,0.9675090252358299,0.0,281.0,277.0,False
d:\Research\Multi-View Fusion Network\datasets\brisc2025\classification_task\test\meningioma\brisc2025_test_00453_me_co_t1.jpg,meningioma,meningioma,coronal,0.025249245,0.9218832,0.027061036,0.025806447,0.921883225440979,True,True,0.96657574,0.9353562,0.9685362516967368,0.9994741632114472,0.964577656662608,0.0,731.0,734.0,False
d:\Research\Multi-View Fusion Network\datasets\brisc2025\classification_task\test\meningioma\brisc2025_test_00454_me_co_t1.jpg,meningioma,meningioma,coronal,0.025107535,0.9239429,0.025474595,0.025474971,0.9239429235458374,True,True,0.85465926,0.7463592,0.7627329192451834,0.9996354135016509,0.9715189873264,4.47213595499958,805.0,632.0,False
d:\Research\Multi-View Fusion Network\datasets\brisc2025\classification_task\test\meningioma\brisc2025_test_00455_me_co_t1.jpg,meningioma,meningioma,coronal,0.02568047,0.92427784,0.023827733,0.02621395,0.9242778420448303,True,True,0.78508127,0.64641553,0.9186851210913722,0.9950804467920088,0.6851612903137398,5.830951894845301,578.0,775.0,False
d:\Research\Multi-View Fusion Network\datasets\brisc2025\classification_task\test\meningioma\brisc2025_test_00456_me_co_t1.jpg,meningioma,meningioma,coronal,0.027039303,0.92448556,0.02403689,0.024438204,0.9244855642318726,True,True,0.9530075,0.91039425,0.9768339767962612,0.9996193681509307,0.9301470587893328,0.0,259.0,272.0,False
d:\Research\Multi-View Fusion Network\datasets\brisc2025\classification_task\test\meningioma\brisc2025_test_00457_me_co_t1.jpg,meningioma,meningioma,coronal,0.02590043,0.9243744,0.024486288,0.025238836,0.9243744015693665,True,True,0.9472954,0.9,0.924119241167368,0.9997992250083323,0.9715099714822931,1.0,369.0,351.0,False
d:\Research\Multi-View Fusion Network\datasets\brisc2025\classification_task\test\meningioma\brisc2025_test_00458_me_co_t1.jpg,meningioma,meningioma,coronal,0.02531604,0.92432946,0.02457663,0.025777886,0.9243294596672058,True,True,0.9607121,0.9244392,0.9571603427055427,0.9994124678374766,0.9642416769301573,0.0,817.0,811.0,False
d:\Research\Multi-View Fusion Network\datasets\brisc2025\classification_task\test\meningioma\brisc2025_test_00459_me_co_t1.jpg,meningioma,meningioma,coronal,0.02569379,0.92310005,0.026094774,0.025111364,0.9231000542640686,True,True,0.9329055,0.87431693,0.9987499999875156,0.9976911860010942,0.8751369112719043,1.0,800.0,913.0,False
d:\Research\Multi-View Fusion Network\datasets\brisc2025\classification_task\test\meningioma\brisc2025_test_00460_me_co_t1.jpg,meningioma,meningioma,coronal,0.02470383,0.92144364,0.028805455,0.025047148,0.9214436411857605,True,True,0.926499,0.8633093,0.9335937499635315,0.9995793269228768,0.9192307691954141,1.0,256.0,260.0,False
d:\Research\Multi-View Fusion Network\datasets\brisc2025\classification_task\test\meningioma\brisc2025_test_00461_me_co_t1.jpg,meningioma,meningioma,coronal,0.024511494,0.9244544,0.02561783,0.025416326,0.924454391002655,True,True,0.9755649,0.9523077,0.974789915961267,0.9990677825652555,0.9763282482852377,0.0,1904.0,1901.0,False
d:\Research\Multi-View Fusion Network\datasets\brisc2025\classification_task\test\meningioma\brisc2025_test_00462_me_co_t1.jpg,meningioma,meningioma,coronal,0.025288362,0.92429954,0.025018927,0.025393113,0.9242995381355286,True,True,0.9461338,0.8978022,0.9143337066018234,0.9993180409173384,0.9801920768248489,1.0,1786.0,1666.0,False
d:\Research\Multi-View Fusion Network\datasets\brisc2025\classification_task\test\meningioma\brisc2025_test_00463_me_co_t1.jpg,meningioma,meningioma,coronal,0.024772473,0.92283136,0.026523095,0.025873078,0.9228313565254211,True,True,0.9044776,0.82577133,0.8376383763683093,0.9998388201633962,0.9826839826627124,1.0,542.0,462.0,False
d:\Research\Multi-View Fusion Network\datasets\brisc2025\classification_task\test\meningioma\brisc2025_test_00464_me_co_t1.jpg,meningioma,meningioma,coronal,0.025401039,0.9218831,0.02683342,0.025882393,0.9218831062316895,True,True,0.9788242,0.95853794,0.9685603971264835,0.9996071376876953,0.9892957746423139,0.0,1813.0,1775.0,False
d:\Research\Multi-View Fusion Network\datasets\brisc2025\classification_task\test\meningioma\brisc2025_test_00465_me_co_t1.jpg,meningioma,meningioma,coronal,0.025149995,0.92422146,0.02494913,0.02567942,0.9242214560508728,True,True,0.9780832,0.9571221,0.9777117384771344,0.9994061028054476,0.9784386617027626,0.0,1346.0,1345.0,False
d:\Research\Multi-View Fusion Network\datasets\brisc2025\classification_task\test\meningioma\brisc2025_test_00466_me_co_t1.jpg,meningioma,meningioma,coronal,0.026076155,0.91567266,0.032279532,0.025971659,0.9156726598739624,True,True,0.94747084,0.900369,0.9604743082624319,0.9996594755922121,0.9346153845794378,1.0,253.0,260.0,False
d:\Research\Multi-View Fusion Network\datasets\brisc2025\classification_task\test\meningioma\brisc2025_test_00467_me_co_t1.jpg,meningioma,meningioma,coronal,0.025881,0.9210068,0.026280211,0.026831979,0.9210067987442017,True,True,0.91943234,0.8509106,0.8861429832264514,0.9980379878937596,0.9552806850573012,1.4142135623730951,2266.0,2102.0,False
d:\Research\Multi-View Fusion Network\datasets\brisc2025\classification_task\test\meningioma\brisc2025_test_00468_me_co_t1.jpg,meningioma,meningioma,coronal,0.02504925,0.92558753,0.024235422,0.02512789,0.92558753490448,True,True,0.97849464,0.9579061,0.9609967497239383,0.9998758535069316,0.9966292134775471,0.0,1846.0,1780.0,False
d:\Research\Multi-View Fusion Network\datasets\brisc2025\classification_task\test\meningioma\brisc2025_test_00469_me_co_t1.jpg,meningioma,meningioma,coronal,0.024888473,0.92470926,0.024687782,0.025714466,0.9247092604637146,True,True,0.9814607,0.9636163,0.9732441471463407,0.9998173664236288,0.9897959183561248,0.0,897.0,882.0,False
d:\Research\Multi-View Fusion Network\datasets\brisc2025\classification_task\test\meningioma\brisc2025_test_00470_me_co_t1.jpg,meningioma,meningioma,coronal,0.025240751,0.92282575,0.026014747,0.025918808,0.9228257536888123,True,True,0.93343896,0.8753709,0.9158878504387573,0.9996991274694615,0.9514563106488202,1.0,321.0,309.0,False
d:\Research\Multi-View Fusion Network\datasets\brisc2025\classification_task\test\meningioma\brisc2025_test_00471_me_co_t1.jpg,meningioma,meningioma,coronal,0.025615755,0.92325246,0.02558161,0.025550142,0.9232524633407593,True,True,0.47853535,0.31509122,0.3197969543093097,0.9997781587171525,0.94499999995275,19.824211557251267,591.0,200.0,False
d:\Research\Multi-View Fusion Network\datasets\brisc2025\classification_task\test\meningioma\brisc2025_test_00472_me_co_t1.jpg,meningioma,meningioma,coronal,0.024792809,0.92441505,0.023725828,0.027066257,0.9244150519371033,True,True,0.9684801,0.93891215,0.95404255318337,0.9996122528109632,0.9833333333247077,0.0,1175.0,1140.0,False
d:\Research\Multi-View Fusion Network\datasets\brisc2025\classification_task\test\meningioma\brisc2025_test_00473_me_co_t1.jpg,meningioma,meningioma,coronal,0.025532076,0.9228944,0.025518171,0.0260554,0.9228944182395935,True,True,0.9735556,0.94848824,0.9769186381940167,0.998926573498545,0.9702005730603428,0.0,1733.0,1745.0,False
d:\Research\Multi-View Fusion Network\datasets\brisc2025\classification_task\test\meningioma\brisc2025_test_00474_me_co_t1.jpg,meningioma,meningioma,coronal,0.025620827,0.92172134,0.026861647,0.025796244,0.921721339225769,True,True,0.97546726,0.95212764,0.989723320150279,0.9989777350696165,0.961597542235318,0.0,1265.0,1302.0,False
d:\Research\Multi-View Fusion Network\datasets\brisc2025\classification_task\test\meningioma\brisc2025_test_00475_me_co_t1.jpg,meningioma,meningioma,coronal,0.025763862,0.9218518,0.025848614,0.0265357,0.9218518137931824,True,True,0.96811223,0.9382716,0.9717948717699539,0.9997187964486001,0.9643765903062499,0.0,390.0,393.0,False
d:\Research\Multi-View Fusion Network\datasets\brisc2025\classification_task\test\meningioma\brisc2025_test_00476_me_co_t1.jpg,meningioma,meningioma,coronal,0.026101034,0.9207877,0.02765569,0.025455568,0.9207876920700073,True,True,0.97028786,0.94234234,0.9560439560264461,0.9998388071728794,0.9849056603587754,0.0,546.0,530.0,False
d:\Research\Multi-View Fusion Network\datasets\brisc2025\classification_task\test\meningioma\brisc2025_test_00477_me_co_t1.jpg,meningioma,meningioma,coronal,0.02571126,0.9223086,0.026443467,0.025536653,0.922308623790741,True,True,0.9761382,0.9534028,0.9923371647446212,0.9986833984774741,0.9604449938135944,0.0,1566.0,1618.0,False
d:\Research\Multi-View Fusion Network\datasets\brisc2025\classification_task\test\meningioma\brisc2025_test_00478_me_sa_t1.jpg,meningioma,meningioma,sagittal,0.0231504,0.91567457,0.022350976,0.03882411,0.9156745672225952,True,True,0.97372884,0.9488167,0.9663488502469639,0.9993180831936439,0.981207289288262,0.0,1783.0,1756.0,False
d:\Research\Multi-View Fusion Network\datasets\brisc2025\classification_task\test\meningioma\brisc2025_test_00479_me_sa_t1.jpg,meningioma,meningioma,sagittal,0.02511513,0.92509615,0.024100892,0.025687858,0.9250961542129517,True,True,0.9771216,0.9552782,0.9839228295767207,0.9988408197058583,0.970401691326795,0.0,1866.0,1892.0,False
d:\Research\Multi-View Fusion Network\datasets\brisc2025\classification_task\test\meningioma\brisc2025_test_00480_me_sa_t1.jpg,meningioma,meningioma,sagittal,0.025752299,0.92389876,0.02476017,0.02558871,0.9238987565040588,True,True,0.9638253,0.9301894,0.9350261389061426,0.9997052507471895,0.9944400317672978,0.0,2678.0,2518.0,False
d:\Research\Multi-View Fusion Network\datasets\brisc2025\classification_task\test\meningioma\brisc2025_test_00481_me_sa_t1.jpg,meningioma,meningioma,sagittal,0.02601157,0.9196442,0.027532184,0.026811983,0.9196441769599915,True,True,0.93212265,0.8729097,0.9690402476720184,0.9963345071145577,0.8978772231732767,1.0,1615.0,1743.0,False
d:\Research\Multi-View Fusion Network\datasets\brisc2025\classification_task\test\meningioma\brisc2025_test_00482_me_sa_t1.jpg,meningioma,meningioma,sagittal,0.025334593,0.9193389,0.028966248,0.026360232,0.9193388819694519,True,True,0.9459777,0.8975501,0.9075535512862734,0.9997971149747409,0.9877300613375739,1.0,887.0,815.0,False
d:\Research\Multi-View Fusion Network\datasets\brisc2025\classification_task\test\meningioma\brisc2025_test_00483_me_sa_t1.jpg,meningioma,meningioma,sagittal,0.024411015,0.92427754,0.02518897,0.026122497,0.9242775440216064,True,True,0.78125,0.64128846,0.9864559819190416,0.9951943377634579,0.646449704132449,6.708203932499369,443.0,676.0,False
d:\Research\Multi-View Fusion Network\datasets\brisc2025\classification_task\test\meningioma\brisc2025_test_00484_me_sa_t1.jpg,meningioma,meningioma,sagittal,0.026560182,0.91817415,0.028897397,0.02636818,0.918174147605896,True,True,0.9555655,0.91494846,0.953405017912604,0.9990419894005302,0.9576957695683377,0.0,1116.0,1111.0,False
d:\Research\Multi-View Fusion Network\datasets\brisc2025\classification_task\test\meningioma\brisc2025_test_00485_me_sa_t1.jpg,meningioma,meningioma,sagittal,0.027567005,0.9181267,0.028385265,0.025920982,0.9181267023086548,True,True,0.96862745,0.9391965,0.9599999999893333,0.9995941228993832,0.9773755655998034,0.0,900.0,884.0,False
d:\Research\Multi-View Fusion Network\datasets\brisc2025\classification_task\test\meningioma\brisc2025_test_00486_me_sa_t1.jpg,meningioma,meningioma,sagittal,0.026236808,0.9190723,0.02786886,0.026822086,0.9190722703933716,True,True,0.9348783,0.8777533,0.9660400242512672,0.9965792239369843,0.9056281978345332,1.0,1649.0,1759.0,False
d:\Research\Multi-View Fusion Network\datasets\brisc2025\classification_task\test\meningioma\brisc2025_test_00487_me_sa_t1.jpg,meningioma,meningioma,sagittal,0.02403446,0.92160136,0.025356185,0.029008007,0.9216013550758362,True,True,0.962077,0.9269663,0.9614935822524913,0.999351162837649,0.962616822418661,0.0,857.0,856.0,False
d:\Research\Multi-View Fusion Network\datasets\brisc2025\classification_task\test\meningioma\brisc2025_test_00488_me_sa_t1.jpg,meningioma,meningioma,sagittal,0.026332162,0.92108583,0.026603192,0.02597887,0.9210858345031738,True,True,0.97913,0.9591222,0.9725010912222938,0.9993317322750341,0.9858407079602397,0.0,2291.0,2260.0,False
d:\Research\Multi-View Fusion Network\datasets\brisc2025\classification_task\test\meningioma\brisc2025_test_00489_me_sa_t1.jpg,meningioma,meningioma,sagittal,0.024952544,0.9256873,0.023911374,0.025448784,0.925687313079834,True,True,0.96652937,0.935259,0.9640287769685094,0.9993902810802189,0.9690082644527995,0.0,973.0,968.0,False
d:\Research\Multi-View Fusion Network\datasets\brisc2025\classification_task\test\meningioma\brisc2025_test_00490_me_sa_t1.jpg,meningioma,meningioma,sagittal,0.026254842,0.9245844,0.023665013,0.025495745,0.9245843887329102,True,True,0.9698053,0.9414032,0.9561128526570838,0.9995910020447855,0.9838709677340012,0.0,1276.0,1240.0,False
d:\Research\Multi-View Fusion Network\datasets\brisc2025\classification_task\test\meningioma\brisc2025_test_00491_me_sa_t1.jpg,meningioma,meningioma,sagittal,0.04438411,0.6213866,0.043702528,0.29052675,0.6213865876197815,True,True,0.95949143,0.9221591,0.9463243873923786,0.9990714374146756,0.9730053989143792,0.0,1714.0,1667.0,False
d:\Research\Multi-View Fusion Network\datasets\brisc2025\classification_task\test\meningioma\brisc2025_test_00492_me_sa_t1.jpg,meningioma,meningioma,sagittal,0.025952721,0.92475253,0.024065534,0.02522922,0.9247525334358215,True,True,0.97532016,0.95184004,0.9672055427207058,0.9992710003955345,0.9835603569704859,0.0,2165.0,2129.0,False
d:\Research\Multi-View Fusion Network\datasets\brisc2025\classification_task\test\meningioma\brisc2025_test_00493_me_sa_t1.jpg,meningioma,meningioma,sagittal,0.025703298,0.92333525,0.025082331,0.025879111,0.9233352541923523,True,True,0.9474898,0.900232,0.9020671834602014,0.9998272362110743,0.9977136324635676,1.0,3870.0,3499.0,False
d:\Research\Multi-View Fusion Network\datasets\brisc2025\classification_task\test\meningioma\brisc2025_test_00494_me_sa_t1.jpg,meningioma,meningioma,sagittal,0.025375316,0.9247677,0.024388168,0.025468847,0.9247676730155945,True,True,0.970098,0.94196004,0.9583333333240472,0.999633729447949,0.9821251241213295,0.0,1032.0,1007.0,False
d:\Research\Multi-View Fusion Network\datasets\brisc2025\classification_task\test\meningioma\brisc2025_test_00495_me_sa_t1.jpg,meningioma,meningioma,sagittal,0.025504604,0.9249206,0.023834657,0.025740093,0.9249206185340881,True,True,0.9189837,0.8501773,0.9346341463323451,0.9979247624664813,0.9037735848971343,1.0,1025.0,1060.0,False
d:\Research\Multi-View Fusion Network\datasets\brisc2025\classification_task\test\meningioma\brisc2025_test_00496_me_sa_t1.jpg,meningioma,meningioma,sagittal,0.02587223,0.92450625,0.023734193,0.025887432,0.9245062470436096,True,True,0.92509365,0.8606811,0.9479522184219459,0.9975716268057715,0.9032520325129818,1.0,1172.0,1230.0,False
d:\Research\Multi-View Fusion Network\datasets\brisc2025\classification_task\test\meningioma\brisc2025_test_00497_me_sa_t1.jpg,meningioma,meningioma,sagittal,0.025259882,0.92431796,0.024339972,0.02608223,0.9243179559707642,True,True,0.9643338,0.93116885,0.9445910290112851,0.9997774090410377,0.9848693259837019,0.0,758.0,727.0,False
d:\Research\Multi-View Fusion Network\datasets\brisc2025\classification_task\test\meningioma\brisc2025_test_00498_me_sa_t1.jpg,meningioma,meningioma,sagittal,0.025406288,0.9236959,0.025048904,0.02584895,0.9236959218978882,True,True,0.9824715,0.96555686,0.9699942296539528,0.99983485746114,0.9952634695026924,0.0,1733.0,1689.0,False
d:\Research\Multi-View Fusion Network\datasets\brisc2025\classification_task\test\meningioma\brisc2025_test_00499_me_sa_t1.jpg,meningioma,meningioma,sagittal,0.025075333,0.9235302,0.025728283,0.025666146,0.9235302209854126,True,True,0.9495268,0.904,0.9260780287284173,0.9997584978564673,0.9740820734130867,0.5499999999999545,487.0,463.0,False
d:\Research\Multi-View Fusion Network\datasets\brisc2025\classification_task\test\meningioma\brisc2025_test_00500_me_sa_t1.jpg,meningioma,meningioma,sagittal,0.026025174,0.92208415,0.02593512,0.02595554,0.9220841526985168,True,True,0.8507109,0.7407407,0.8905472636372862,0.9991795897946976,0.8136363635993802,2.0,201.0,220.0,False
d:\Research\Multi-View Fusion Network\datasets\brisc2025\classification_task\test\meningioma\brisc2025_test_00501_me_sa_t1.jpg,meningioma,meningioma,sagittal,0.025614206,0.92371196,0.025517315,0.025156528,0.9237119555473328,True,True,0.97392815,0.9492099,0.9589041095780947,0.9998174442188642,0.9893992932745653,0.0,876.0,849.0,False
d:\Research\Multi-View Fusion Network\datasets\brisc2025\classification_task\test\meningioma\brisc2025_test_00502_me_sa_t1.jpg,meningioma,meningioma,sagittal,0.026354825,0.92386955,0.024315124,0.025460484,0.9238695502281189,True,True,0.9329983,0.87460816,0.9025974025680975,0.9997994706021899,0.9652777777442612,1.0,308.0,288.0,False
d:\Research\Multi-View Fusion Network\datasets\brisc2025\classification_task\test\meningioma\brisc2025_test_00503_me_sa_t1.jpg,meningioma,meningioma,sagittal,0.029161155,0.90871847,0.03532035,0.026800044,0.908718466758728,True,True,0.9391172,0.8853868,0.9624999999699219,0.9994383825415197,0.9166666666393849,1.0,320.0,336.0,False
d:\Research\Multi-View Fusion Network\datasets\brisc2025\classification_task\test\meningioma\brisc2025_test_00504_me_sa_t1.jpg,meningioma,meningioma,sagittal,0.0274544,0.92363936,0.02359779,0.02530849,0.9236393570899963,True,True,0.9244898,0.8598485,0.8968253967898084,0.999779665090738,0.9535864978500596,1.0,252.0,237.0,False
d:\Research\Multi-View Fusion Network\datasets\brisc2025\classification_task\test\meningioma\brisc2025_test_00505_me_sa_t1.jpg,meningioma,meningioma,sagittal,0.025315423,0.92291623,0.0252811,0.02648726,0.9229162335395813,True,True,0.94733655,0.9,0.9726368159083005,0.9986834643115534,0.9232585596112957,1.0,804.0,847.0,False
d:\Research\Multi-View Fusion Network\datasets\brisc2025\classification_task\test\meningioma\brisc2025_test_00506_me_sa_t1.jpg,meningioma,meningioma,sagittal,0.02580496,0.9226031,0.025369855,0.026222134,0.9226030707359314,True,True,0.94368464,0.8934551,0.9559543229860367,0.9991324173272403,0.9316375198580026,1.0,613.0,629.0,False
d:\Research\Multi-View Fusion Network\datasets\brisc2025\classification_task\test\meningioma\brisc2025_test_00507_me_sa_t1.jpg,meningioma,meningioma,sagittal,0.025967684,0.9234711,0.025044588,0.025516657,0.9234710931777954,True,True,0.9493356,0.9036335,0.9760683760516912,0.9990522473833964,0.9239482200497743,0.8999999999998636,585.0,618.0,False
d:\Research\Multi-View Fusion Network\datasets\brisc2025\classification_task\test\meningioma\brisc2025_test_00508_me_sa_t1.jpg,meningioma,meningioma,sagittal,0.024652485,0.92558867,0.025173696,0.024585146,0.9255886673927307,True,True,0.9640905,0.9307229,0.9840510366669211,0.999273446487114,0.9448698315322378,0.0,627.0,653.0,False
d:\Research\Multi-View Fusion Network\datasets\brisc2025\classification_task\test\meningioma\brisc2025_test_00509_me_sa_t1.jpg,meningioma,meningioma,sagittal,0.027575767,0.9182386,0.027787423,0.026398161,0.9182385802268982,True,True,0.94756275,0.9004208,0.9053672316256304,0.9999191396456296,0.9937984495969954,1.0,708.0,645.0,False
d:\Research\Multi-View Fusion Network\datasets\brisc2025\classification_task\test\meningioma\brisc2025_test_00510_me_sa_t1.jpg,meningioma,meningioma,sagittal,0.025285931,0.92392296,0.025330534,0.025460608,0.9239229559898376,True,True,0.9758339,0.95282394,0.971525423722227,0.9994045296809102,0.9801641586800263,0.0,1475.0,1462.0,False
d:\Research\Multi-View Fusion Network\datasets\brisc2025\classification_task\test\meningioma\brisc2025_test_00511_me_sa_t1.jpg,meningioma,meningioma,sagittal,0.025045522,0.9250401,0.023885695,0.026028605,0.9250401258468628,True,True,0.97548795,0.9521701,0.9675675675588509,0.9996331471892962,0.983516483507477,0.0,1110.0,1092.0,False
d:\Research\Multi-View Fusion Network\datasets\brisc2025\classification_task\test\meningioma\brisc2025_test_00512_me_sa_t1.jpg,meningioma,meningioma,sagittal,0.027078984,0.92385095,0.024081372,0.024988707,0.923850953578949,True,True,0.93364483,0.8756567,0.9432892249349094,0.9991741696374405,0.9240740740569616,1.0,529.0,540.0,False
d:\Research\Multi-View Fusion Network\datasets\brisc2025\classification_task\test\meningioma\brisc2025_test_00513_me_sa_t1.jpg,meningioma,meningioma,sagittal,0.0255186,0.9198759,0.028727042,0.025878489,0.9198759198188782,True,True,0.9324324,0.8737374,0.9772727272172004,0.9995799999998002,0.8911917097983838,1.0,176.0,193.0,False
d:\Research\Multi-View Fusion Network\datasets\brisc2025\classification_task\test\meningioma\brisc2025_test_00514_me_sa_t1.jpg,meningioma,meningioma,sagittal,0.025463644,0.9215608,0.02699809,0.025977386,0.9215608239173889,True,True,0.9788136,0.9585308,0.9817739975579372,0.9995947561443075,0.9758454106162338,0.0,823.0,828.0,False
d:\Research\Multi-View Fusion Network\datasets\brisc2025\classification_task\test\meningioma\brisc2025_test_00515_me_sa_t1.jpg,meningioma,meningioma,sagittal,0.025809566,0.9221494,0.026952008,0.02508904,0.9221494197845459,True,True,0.9797936,0.9604044,0.9810508182516706,0.9994899520552893,0.978522336761353,0.0,1161.0,1164.0,False
d:\Research\Multi-View Fusion Network\datasets\brisc2025\classification_task\test\meningioma\brisc2025_test_00516_me_sa_t1.jpg,meningioma,meningioma,sagittal,0.025475448,0.92165416,0.026790764,0.026079511,0.9216541647911072,True,True,0.9681404,0.93828714,0.958762886585583,0.9996558704451418,0.9776609723918835,0.0,776.0,761.0,False
d:\Research\Multi-View Fusion Network\datasets\brisc2025\classification_task\test\meningioma\brisc2025_test_00517_me_sa_t1.jpg,meningioma,meningioma,sagittal,0.025569785,0.9226916,0.025599021,0.026139624,0.9226915836334229,True,True,0.87641865,0.7802691,0.8463414633939916,0.9992967085960296,0.9083769633270058,3.0,410.0,382.0,False
d:\Research\Multi-View Fusion Network\datasets\brisc2025\classification_task\test\meningioma\brisc2025_test_00518_me_sa_t1.jpg,meningioma,meningioma,sagittal,0.026210472,0.9229184,0.025074676,0.025796488,0.9229183793067932,True,True,0.9790516,0.95897204,0.9815327793121813,0.9989377213078529,0.9765732659578477,0.0,2166.0,2177.0,False
d:\Research\Multi-View Fusion Network\datasets\brisc2025\classification_task\test\meningioma\brisc2025_test_00519_me_sa_t1.jpg,meningioma,meningioma,sagittal,0.026045205,0.9233469,0.02473297,0.025874913,0.9233468770980835,True,True,0.96888673,0.93967956,0.9521988527633634,0.9997150417258296,0.9861386138516224,0.0,1046.0,1010.0,False
d:\Research\Multi-View Fusion Network\datasets\brisc2025\classification_task\test\meningioma\brisc2025_test_00520_me_sa_t1.jpg,meningioma,meningioma,sagittal,0.025907775,0.9238543,0.024691889,0.025545971,0.9238542914390564,True,True,0.95487106,0.9136986,0.9406779660884085,0.9995754831404141,0.9694323143963692,0.0,708.0,687.0,False
d:\Research\Multi-View Fusion Network\datasets\brisc2025\classification_task\test\meningioma\brisc2025_test_00521_me_sa_t1.jpg,meningioma,meningioma,sagittal,0.026048759,0.9219074,0.026678387,0.025365446,0.9219074249267578,True,True,0.87828946,0.7836257,0.9708029196371676,0.9993405143985693,0.801204819228843,1.3727922061357762,137.0,166.0,False
d:\Research\Multi-View Fusion Network\datasets\brisc2025\classification_task\test\meningioma\brisc2025_test_00522_me_sa_t1.jpg,meningioma,meningioma,sagittal,0.028377695,0.9198465,0.02586898,0.025906797,0.9198464751243591,True,True,0.9411085,0.8888889,0.9334862385106999,0.9995577000400082,0.948717948695834,1.0,436.0,429.0,False
d:\Research\Multi-View Fusion Network\datasets\brisc2025\classification_task\test\meningioma\brisc2025_test_00523_me_sa_t1.jpg,meningioma,meningioma,sagittal,0.025345374,0.92297083,0.025881197,0.025802618,0.9229708313941956,True,True,0.9195562,0.85128206,0.9706744867750535,0.9990368215107859,0.873350923459806,1.0,341.0,379.0,False
d:\Research\Multi-View Fusion Network\datasets\brisc2025\classification_task\test\meningioma\brisc2025_test_00524_me_sa_t1.jpg,meningioma,meningioma,sagittal,0.025517225,0.92481893,0.023462841,0.02620099,0.9248189330101013,True,True,0.94412273,0.8941886,0.9819277108374583,0.9966402836175702,0.9090909090858389,1.0,1660.0,1793.0,False
d:\Research\Multi-View Fusion Network\datasets\brisc2025\classification_task\test\meningioma\brisc2025_test_00525_me_sa_t1.jpg,meningioma,meningioma,sagittal,0.025210004,0.92669153,0.022277463,0.025821025,0.9266915321350098,True,True,0.9530183,0.9102765,0.9169295478395535,0.9997099888136473,0.9920364050000453,0.0,1902.0,1758.0,False
d:\Research\Multi-View Fusion Network\datasets\brisc2025\classification_task\test\meningioma\brisc2025_test_00526_me_sa_t1.jpg,meningioma,meningioma,sagittal,0.025400171,0.92331415,0.025037916,0.026247844,0.9233141541481018,True,True,0.84903383,0.7379455,0.9410187667308038,0.9979318514946895,0.7731277532869355,2.0,373.0,454.0,False
d:\Research\Multi-View Fusion Network\datasets\brisc2025\classification_task\test\meningioma\brisc2025_test_00527_me_sa_t1.jpg,meningioma,meningioma,sagittal,0.025457216,0.9234412,0.025334565,0.025767066,0.9234411716461182,True,True,0.91829485,0.84918034,0.8775510203783146,0.9997995268832446,0.962686567128258,1.0,294.0,268.0,False
d:\Research\Multi-View Fusion Network\datasets\brisc2025\classification_task\test\meningioma\brisc2025_test_00528_me_sa_t1.jpg,meningioma,meningioma,sagittal,0.025787855,0.92428935,0.024786443,0.025136327,0.924289345741272,True,True,0.9238372,0.8585313,0.8763796909395543,0.9996143697988635,0.9766297662856503,1.0,906.0,813.0,False
d:\Research\Multi-View Fusion Network\datasets\brisc2025\classification_task\test\meningioma\brisc2025_test_00529_me_sa_t1.jpg,meningioma,meningioma,sagittal,0.025213482,0.9239931,0.0250107,0.025782691,0.9239931106567383,True,True,0.95469433,0.9133612,0.9347593582787727,0.9995532178467132,0.9754464285605419,0.0,935.0,896.0,False
d:\Research\Multi-View Fusion Network\datasets\brisc2025\classification_task\test\meningioma\brisc2025_test_00530_me_sa_t1.jpg,meningioma,meningioma,sagittal,0.024972308,0.92494774,0.024716163,0.02536377,0.9249477386474609,True,True,0.97804207,0.9570662,0.97623400363846,0.9997783553968447,0.9798165137434895,0.0,547.0,545.0,False
d:\Research\Multi-View Fusion Network\datasets\brisc2025\classification_task\test\meningioma\brisc2025_test_00531_me_sa_t1.jpg,meningioma,meningioma,sagittal,0.025288546,0.92391586,0.024834346,0.025961302,0.9239158630371094,True,True,0.96356034,0.9297235,0.9595238095123866,0.9994527322845388,0.9675870348023099,0.0,840.0,833.0,False
d:\Research\Multi-View Fusion Network\datasets\brisc2025\classification_task\test\meningioma\brisc2025_test_00532_me_sa_t1.jpg,meningioma,meningioma,sagittal,0.025851408,0.9198726,0.028086178,0.026189791,0.9198725819587708,True,True,0.9656085,0.93353784,0.9691817215624954,0.999268812836194,0.9620253164455482,0.0,941.0,948.0,False
d:\Research\Multi-View Fusion Network\datasets\brisc2025\classification_task\test\meningioma\brisc2025_test_00533_me_sa_t1.jpg,meningioma,meningioma,sagittal,0.028227229,0.92187244,0.024650881,0.025249448,0.9218724370002747,True,True,0.9464988,0.8985075,0.9677938808217746,0.9990313792753509,0.9260400616190132,1.0,621.0,649.0,False
d:\Research\Multi-View Fusion Network\datasets\brisc2025\classification_task\test\meningioma\brisc2025_test_00534_me_sa_t1.jpg,meningioma,meningioma,sagittal,0.027492775,0.92351794,0.024433035,0.02455627,0.9235179424285889,True,True,0.9686255,0.9391892,0.9848024316009645,0.9990241720707884,0.9529411764612457,0.0,987.0,1020.0,False
d:\Research\Multi-View Fusion Network\datasets\brisc2025\classification_task\test\meningioma\brisc2025_test_00535_me_sa_t1.jpg,meningioma,meningioma,sagittal,0.025772972,0.92110986,0.027786667,0.02533052,0.9211098551750183,True,True,0.9456967,0.8970874,0.9564315352498666,0.9993560590813783,0.9350912778714991,1.0,482.0,493.0,False
d:\Research\Multi-View Fusion Network\datasets\brisc2025\classification_task\test\meningioma\brisc2025_test_00536_me_sa_t1.jpg,meningioma,meningioma,sagittal,0.026421074,0.92251796,0.025284983,0.025775911,0.9225179553031921,True,True,0.9711581,0.9439452,0.9735099337705364,0.9985180856168733,0.9688049209096274,0.0,2265.0,2276.0,False
d:\Research\Multi-View Fusion Network\datasets\brisc2025\classification_task\test\meningioma\brisc2025_test_00537_me_sa_t1.jpg,meningioma,meningioma,sagittal,0.025971333,0.9229539,0.025345277,0.025729453,0.9229539036750793,True,True,0.9758574,0.95286345,0.9682042095791841,0.9992491083159171,0.9836214740628589,0.0,2233.0,2198.0,False
d:\Research\Multi-View Fusion Network\datasets\brisc2025\classification_task\test\meningioma\brisc2025_test_00538_me_sa_t1.jpg,meningioma,meningioma,sagittal,0.024579072,0.9253223,0.024013454,0.026085144,0.9253222942352295,True,True,0.8850405,0.7939234,0.9646302250648773,0.997295879242645,0.8174386920869559,5.024754878398197,622.0,734.0,False
d:\Research\Multi-View Fusion Network\datasets\brisc2025\classification_task\test\meningioma\brisc2025_test_00539_me_sa_t1.jpg,meningioma,meningioma,sagittal,0.025625141,0.9258916,0.021876099,0.02660716,0.9258915781974792,True,True,0.9311581,0.8712274,0.9057920446552283,0.9988306013169074,0.9579335793287238,1.0,1433.0,1355.0,False
d:\Research\Multi-View Fusion Network\datasets\brisc2025\classification_task\test\meningioma\brisc2025_test_00540_me_sa_t1.jpg,meningioma,meningioma,sagittal,0.026060555,0.9216125,0.026432328,0.025894668,0.9216125011444092,True,True,0.9799582,0.96071064,0.96730901582599,0.9995768986670194,0.9929353585270473,0.0,2906.0,2831.0,False
d:\Research\Multi-View Fusion Network\datasets\brisc2025\classification_task\test\meningioma\brisc2025_test_00541_me_sa_t1.jpg,meningioma,meningioma,sagittal,0.026337145,0.92433363,0.02402882,0.025300391,0.9243336319923401,True,True,0.9034864,0.824031,0.8820598006571259,0.9982643143018464,0.9258936355629827,1.4142135623730951,1204.0,1147.0,False
d:\Research\Multi-View Fusion Network\datasets\brisc2025\classification_task\test\meningioma\brisc2025_test_00542_me_sa_t1.jpg,meningioma,meningioma,sagittal,0.02659665,0.9195902,0.028113618,0.025699588,0.919590175151825,True,True,0.9329897,0.8745981,0.8914473683917287,0.9998796920113492,0.9783393501451862,1.0,304.0,277.0,False
d:\Research\Multi-View Fusion Network\datasets\brisc2025\classification_task\test\meningioma\brisc2025_test_00543_me_sa_t1.jpg,meningioma,meningioma,sagittal,0.02579437,0.9247605,0.023711821,0.025733305,0.9247605204582214,True,True,0.912967,0.8399353,0.9999999999903662,0.9959705319709806,0.839805825235924,1.4142135623730951,1038.0,1236.0,False
d:\Research\Multi-View Fusion Network\datasets\brisc2025\classification_task\test\meningioma\brisc2025_test_00544_me_sa_t1.jpg,meningioma,meningioma,sagittal,0.025886495,0.92333364,0.025459629,0.025320232,0.9233336448669434,True,True,0.92259413,0.85658914,0.9523809523397238,0.999479427369907,0.8943089430530768,1.0,231.0,246.0,False
d:\Research\Multi-View Fusion Network\datasets\brisc2025\classification_task\test\meningioma\brisc2025_test_00545_me_sa_t1.jpg,meningioma,meningioma,sagittal,0.026879149,0.91639036,0.030201767,0.026528755,0.9163903594017029,True,True,0.96332407,0.92927486,0.983870967732601,0.9987378364071091,0.9435850773344534,0.0,1054.0,1099.0,False
d:\Research\Multi-View Fusion Network\datasets\brisc2025\classification_task\test\meningioma\brisc2025_test_00546_me_sa_t1.jpg,meningioma,meningioma,sagittal,0.02534347,0.9248838,0.023941435,0.025831375,0.9248837828636169,True,True,0.96067417,0.9243516,0.9914926527378849,0.9980770410979282,0.931686046504857,0.0,1293.0,1376.0,False
d:\Research\Multi-View Fusion Network\datasets\brisc2025\classification_task\test\meningioma\brisc2025_test_00547_me_sa_t1.jpg,meningioma,meningioma,sagittal,0.025213992,0.9252253,0.024259103,0.025301538,0.9252253174781799,True,True,0.9844911,0.9694657,0.9813144329833678,0.9996092464624466,0.9876783398120126,0.0,1552.0,1542.0,False
d:\Research\Multi-View Fusion Network\datasets\brisc2025\classification_task\test\meningioma\brisc2025_test_00548_me_sa_t1.jpg,meningioma,meningioma,sagittal,0.025340747,0.9244665,0.024749644,0.025443178,0.9244664907455444,True,True,0.9480916,0.90135396,0.9789695057730918,0.998334179786491,0.9190523198329807,1.0,951.0,1013.0,False
d:\Research\Multi-View Fusion Network\datasets\brisc2025\classification_task\test\meningioma\brisc2025_test_00549_me_sa_t1.jpg,meningioma,meningioma,sagittal,0.025087766,0.92420524,0.025130115,0.025576876,0.9242052435874939,True,True,0.9757426,0.952657,0.9899497487337694,0.9992070108373154,0.9619140624906064,0.0,995.0,1024.0,False
d:\Research\Multi-View Fusion Network\datasets\brisc2025\classification_task\test\meningioma\brisc2025_test_00550_me_sa_t1.jpg,meningioma,meningioma,sagittal,0.025924701,0.9234847,0.02506286,0.025527798,0.9234846830368042,True,True,0.9255515,0.86153847,0.9112318840414632,0.9993551507333147,0.9401869158702769,1.0,552.0,535.0,False
d:\Research\Multi-View Fusion Network\datasets\brisc2025\classification_task\test\meningioma\brisc2025_test_00551_me_sa_t1.jpg,meningioma,meningioma,sagittal,0.026262108,0.9230977,0.025257492,0.025382705,0.9230977296829224,True,True,0.98379886,0.96813184,0.989876265455682,0.9995942134840832,0.9777777777669135,0.0,889.0,900.0,False
d:\Research\Multi-View Fusion Network\datasets\brisc2025\classification_task\test\meningioma\brisc2025_test_00552_me_sa_t1.jpg,meningioma,meningioma,sagittal,0.02662971,0.91901135,0.027591553,0.026767425,0.9190113544464111,True,True,0.9179487,0.8485804,0.8993288590302239,0.9996391194512612,0.9370629370301726,1.0,298.0,286.0,False
d:\Research\Multi-View Fusion Network\datasets\brisc2025\classification_task\test\meningioma\brisc2025_test_00553_me_sa_t1.jpg,meningioma,meningioma,sagittal,0.02583025,0.92307985,0.025377264,0.025712697,0.9230798482894897,True,True,0.96256983,0.92787945,0.9430449068899995,0.9996955118443863,0.982876712317547,0.0,913.0,876.0,False
d:\Research\Multi-View Fusion Network\datasets\brisc2025\classification_task\test\meningioma\brisc2025_test_00554_me_sa_t1.jpg,meningioma,meningioma,sagittal,0.025442425,0.92264086,0.026099188,0.025817595,0.922640860080719,True,True,0.9835675,0.9676747,0.9898612593330317,0.9991097677112751,0.9773445732298349,0.0,1874.0,1898.0,False
d:\Research\Multi-View Fusion Network\datasets\brisc2025\classification_task\test\meningioma\brisc2025_test_00555_me_sa_t1.jpg,meningioma,meningioma,sagittal,0.026000965,0.92128825,0.027321916,0.025388865,0.921288251876831,True,True,0.9547139,0.9133858,0.9546952223974079,0.9988766798739842,0.9546952223974079,0.0,1214.0,1214.0,False
d:\Research\Multi-View Fusion Network\datasets\brisc2025\classification_task\test\meningioma\brisc2025_test_00556_me_sa_t1.jpg,meningioma,meningioma,sagittal,0.02577539,0.9216637,0.026508812,0.02605201,0.9216637015342712,True,True,0.94550174,0.8967213,0.9837837837660579,0.9989117510729331,0.9099999999848333,1.0,555.0,600.0,False
d:\Research\Multi-View Fusion Network\datasets\brisc2025\classification_task\test\meningioma\brisc2025_test_00557_me_sa_t1.jpg,meningioma,meningioma,sagittal,0.026452806,0.9209,0.026777906,0.025869247,0.9208999872207642,True,True,0.9664516,0.93516207,0.9920424402919883,0.9995381433360109,0.9420654911601495,0.0,377.0,397.0,False
d:\Research\Multi-View Fusion Network\datasets\brisc2025\classification_task\test\meningioma\brisc2025_test_00558_me_sa_t1.jpg,meningioma,meningioma,sagittal,0.026282946,0.92342216,0.024996072,0.025298765,0.9234221577644348,True,True,0.9054054,0.8278689,0.9900990098029605,0.9996005991011484,0.8333333332638889,1.0,101.0,120.0,False
d:\Research\Multi-View Fusion Network\datasets\brisc2025\classification_task\test\meningioma\brisc2025_test_00559_me_sa_t1.jpg,meningioma,meningioma,sagittal,0.025607977,0.926279,0.023325453,0.024787517,0.9262790083885193,True,True,0.8335234,0.71484375,0.9999999999726027,0.9970689205193638,0.714285714271736,3.1622776601683795,365.0,511.0,False
d:\Research\Multi-View Fusion Network\datasets\brisc2025\classification_task\test\meningioma\brisc2025_test_00560_me_sa_t1.jpg,meningioma,meningioma,sagittal,0.025214454,0.9235423,0.02533096,0.025912218,0.923542320728302,True,True,0.96924204,0.94034094,0.949748743711775,0.999713014779534,0.9895287958041173,0.0,1393.0,1337.0,False
d:\Research\Multi-View Fusion Network\datasets\brisc2025\classification_task\test\no_tumor\brisc2025_test_00561_no_ax_t1.jpg,no_tumor,no_tumor,axial,0.021241495,0.021790449,0.022002278,0.9349657,0.9349657297134399,True,True,1.0,1.0,0.0,0.9999999999998007,0.0,0.0,0.0,0.0,False
d:\Research\Multi-View Fusion Network\datasets\brisc2025\classification_task\test\no_tumor\brisc2025_test_00562_no_ax_t1.jpg,no_tumor,no_tumor,axial,0.020755816,0.021383986,0.021991115,0.93586904,0.935869038105011,True,True,1.0,1.0,0.0,0.9999999999998007,0.0,0.0,0.0,0.0,False
d:\Research\Multi-View Fusion Network\datasets\brisc2025\classification_task\test\no_tumor\brisc2025_test_00563_no_ax_t1.jpg,no_tumor,no_tumor,axial,0.020879077,0.021335311,0.02124818,0.93653744,0.9365374445915222,True,True,1.0,1.0,0.0,0.9999999999998007,0.0,0.0,0.0,0.0,False
d:\Research\Multi-View Fusion Network\datasets\brisc2025\classification_task\test\no_tumor\brisc2025_test_00564_no_ax_t1.jpg,no_tumor,no_tumor,axial,0.021715738,0.02178962,0.021812428,0.9346822,0.9346821904182434,True,True,1.0,1.0,0.0,0.9999999999998007,0.0,0.0,0.0,0.0,False
d:\Research\Multi-View Fusion Network\datasets\brisc2025\classification_task\test\no_tumor\brisc2025_test_00565_no_ax_t1.jpg,no_tumor,no_tumor,axial,0.021687912,0.021062702,0.021174343,0.936075,0.93607497215271,True,True,1.0,1.0,0.0,0.9999999999998007,0.0,0.0,0.0,0.0,False
d:\Research\Multi-View Fusion Network\datasets\brisc2025\classification_task\test\no_tumor\brisc2025_test_00566_no_ax_t1.jpg,no_tumor,no_tumor,axial,0.022644706,0.022034368,0.022144612,0.9331763,0.9331762790679932,True,True,1.0,1.0,0.0,0.9999999999998007,0.0,0.0,0.0,0.0,False
d:\Research\Multi-View Fusion Network\datasets\brisc2025\classification_task\test\no_tumor\brisc2025_test_00567_no_ax_t1.jpg,no_tumor,no_tumor,axial,0.021753468,0.021630395,0.021662898,0.9349532,0.9349532127380371,True,True,1.0,1.0,0.0,0.9999999999998007,0.0,0.0,0.0,0.0,False
d:\Research\Multi-View Fusion Network\datasets\brisc2025\classification_task\test\no_tumor\brisc2025_test_00568_no_ax_t1.jpg,no_tumor,no_tumor,axial,0.021720922,0.021386286,0.02151058,0.93538225,0.9353822469711304,True,True,1.0,1.0,0.0,0.9999999999998007,0.0,0.0,0.0,0.0,False
d:\Research\Multi-View Fusion Network\datasets\brisc2025\classification_task\test\no_tumor\brisc2025_test_00569_no_ax_t1.jpg,no_tumor,no_tumor,axial,0.021062404,0.020750115,0.020706961,0.93748045,0.9374804496765137,True,True,1.0,1.0,0.0,0.9999999999998007,0.0,0.0,0.0,0.0,False
d:\Research\Multi-View Fusion Network\datasets\brisc2025\classification_task\test\no_tumor\brisc2025_test_00570_no_ax_t1.jpg,no_tumor,no_tumor,axial,0.02091521,0.020728756,0.020678561,0.93767744,0.9376774430274963,True,True,1.0,1.0,0.0,0.9999999999998007,0.0,0.0,0.0,0.0,False
d:\Research\Multi-View Fusion Network\datasets\brisc2025\classification_task\test\no_tumor\brisc2025_test_00571_no_ax_t1.jpg,no_tumor,no_tumor,axial,0.02078925,0.02063945,0.020706898,0.93786436,0.937864363193512,True,True,1.0,1.0,0.0,0.9999999999998007,0.0,0.0,0.0,0.0,False
d:\Research\Multi-View Fusion Network\datasets\brisc2025\classification_task\test\no_tumor\brisc2025_test_00572_no_ax_t1.jpg,no_tumor,no_tumor,axial,0.021153642,0.021114625,0.021151483,0.9365802,0.9365801811218262,True,True,1.0,1.0,0.0,0.9999999999998007,0.0,0.0,0.0,0.0,False
d:\Research\Multi-View Fusion Network\datasets\brisc2025\classification_task\test\no_tumor\brisc2025_test_00573_no_ax_t1.jpg,no_tumor,no_tumor,axial,0.020714305,0.020664897,0.020629326,0.9379914,0.9379913806915283,True,True,1.0,1.0,0.0,0.9999999999998007,0.0,0.0,0.0,0.0,False
d:\Research\Multi-View Fusion Network\datasets\brisc2025\classification_task\test\no_tumor\brisc2025_test_00574_no_ax_t1.jpg,no_tumor,no_tumor,axial,0.02081238,0.020856727,0.020921363,0.9374095,0.937409520149231,True,True,1.0,1.0,0.0,0.9999999999998007,0.0,0.0,0.0,0.0,False
d:\Research\Multi-View Fusion Network\datasets\brisc2025\classification_task\test\no_tumor\brisc2025_test_00575_no_ax_t1.jpg,no_tumor,no_tumor,axial,0.021301657,0.02092444,0.021113826,0.93666,0.9366599917411804,True,True,1.0,1.0,0.0,0.9999999999998007,0.0,0.0,0.0,0.0,False
d:\Research\Multi-View Fusion Network\datasets\brisc2025\classification_task\test\no_tumor\brisc2025_test_00576_no_ax_t1.jpg,no_tumor,no_tumor,axial,0.021322507,0.021006424,0.021116609,0.9365545,0.936554491519928,True,True,1.0,1.0,0.0,0.9999999999998007,0.0,0.0,0.0,0.0,False
d:\Research\Multi-View Fusion Network\datasets\brisc2025\classification_task\test\no_tumor\brisc2025_test_00577_no_ax_t1.jpg,no_tumor,no_tumor,axial,0.020657545,0.020623226,0.020657107,0.9380621,0.9380620718002319,True,True,1.0,1.0,0.0,0.9999999999998007,0.0,0.0,0.0,0.0,False
d:\Research\Multi-View Fusion Network\datasets\brisc2025\classification_task\test\no_tumor\brisc2025_test_00578_no_ax_t1.jpg,no_tumor,no_tumor,axial,0.021034274,0.02136846,0.021439811,0.9361574,0.9361574053764343,True,True,1.0,1.0,0.0,0.9999999999998007,0.0,0.0,0.0,0.0,False
d:\Research\Multi-View Fusion Network\datasets\brisc2025\classification_task\test\no_tumor\brisc2025_test_00579_no_ax_t1.jpg,no_tumor,no_tumor,axial,0.021164974,0.020859059,0.021001529,0.93697447,0.9369744658470154,True,True,1.0,1.0,0.0,0.9999999999998007,0.0,0.0,0.0,0.0,False
d:\Research\Multi-View Fusion Network\datasets\brisc2025\classification_task\test\no_tumor\brisc2025_test_00580_no_ax_t1.jpg,no_tumor,no_tumor,axial,0.02122431,0.021106431,0.021095777,0.9365735,0.9365735054016113,True,True,1.0,1.0,0.0,0.9999999999998007,0.0,0.0,0.0,0.0,False
d:\Research\Multi-View Fusion Network\datasets\brisc2025\classification_task\test\no_tumor\brisc2025_test_00581_no_ax_t1.jpg,no_tumor,no_tumor,axial,0.021182494,0.02102388,0.02105419,0.9367395,0.9367395043373108,True,True,1.0,1.0,0.0,0.9999999999998007,0.0,0.0,0.0,0.0,False
d:\Research\Multi-View Fusion Network\datasets\brisc2025\classification_task\test\no_tumor\brisc2025_test_00582_no_ax_t1.jpg,no_tumor,no_tumor,axial,0.021493597,0.021587977,0.021536017,0.9353824,0.9353824257850647,True,True,1.0,1.0,0.0,0.9999999999998007,0.0,0.0,0.0,0.0,False
d:\Research\Multi-View Fusion Network\datasets\brisc2025\classification_task\test\no_tumor\brisc2025_test_00583_no_ax_t1.jpg,no_tumor,no_tumor,axial,0.021480031,0.021942489,0.021874398,0.934703,0.93470299243927,True,True,1.0,1.0,0.0,0.9999999999998007,0.0,0.0,0.0,0.0,False
d:\Research\Multi-View Fusion Network\datasets\brisc2025\classification_task\test\no_tumor\brisc2025_test_00584_no_ax_t1.jpg,no_tumor,no_tumor,axial,0.021478632,0.021421738,0.021480273,0.93561935,0.9356193542480469,True,True,1.0,1.0,0.0,0.9999999999998007,0.0,0.0,0.0,0.0,False
d:\Research\Multi-View Fusion Network\datasets\brisc2025\classification_task\test\no_tumor\brisc2025_test_00585_no_ax_t1.jpg,no_tumor,no_tumor,axial,0.02115217,0.021177642,0.021066416,0.9366037,0.9366037249565125,True,True,1.0,1.0,0.0,0.9999999999998007,0.0,0.0,0.0,0.0,False
d:\Research\Multi-View Fusion Network\datasets\brisc2025\classification_task\test\no_tumor\brisc2025_test_00586_no_ax_t1.jpg,no_tumor,no_tumor,axial,0.021535253,0.022432487,0.022157887,0.93387437,0.9338743686676025,True,True,1.0,1.0,0.0,0.9999999999998007,0.0,0.0,0.0,0.0,False
d:\Research\Multi-View Fusion Network\datasets\brisc2025\classification_task\test\no_tumor\brisc2025_test_00587_no_ax_t1.jpg,no_tumor,no_tumor,axial,0.021259528,0.021631826,0.02160393,0.9355047,0.935504674911499,True,True,1.0,1.0,0.0,0.9999999999998007,0.0,0.0,0.0,0.0,False
d:\Research\Multi-View Fusion Network\datasets\brisc2025\classification_task\test\no_tumor\brisc2025_test_00588_no_ax_t1.jpg,no_tumor,no_tumor,axial,0.020799678,0.023529265,0.023064079,0.932607,0.9326069951057434,True,True,1.0,1.0,0.0,0.9999999999998007,0.0,0.0,0.0,0.0,False
d:\Research\Multi-View Fusion Network\datasets\brisc2025\classification_task\test\no_tumor\brisc2025_test_00589_no_ax_t1.jpg,no_tumor,no_tumor,axial,0.11434532,0.040538665,0.037612353,0.80750364,0.8075036406517029,True,True,1.0,1.0,0.0,0.9999999999998007,0.0,0.0,0.0,0.0,False
d:\Research\Multi-View Fusion Network\datasets\brisc2025\classification_task\test\no_tumor\brisc2025_test_00590_no_ax_t1.jpg,no_tumor,no_tumor,axial,0.021324286,0.021499593,0.022185938,0.9349902,0.9349902272224426,True,True,1.0,1.0,0.0,0.9999999999998007,0.0,0.0,0.0,0.0,False
d:\Research\Multi-View Fusion Network\datasets\brisc2025\classification_task\test\no_tumor\brisc2025_test_00591_no_ax_t1.jpg,no_tumor,no_tumor,axial,0.0211036,0.020937948,0.021145537,0.93681294,0.9368129372596741,True,True,1.0,1.0,0.0,0.9999999999998007,0.0,0.0,0.0,0.0,False
d:\Research\Multi-View Fusion Network\datasets\brisc2025\classification_task\test\no_tumor\brisc2025_test_00592_no_ax_t1.jpg,no_tumor,no_tumor,axial,0.021771252,0.021699734,0.02194975,0.9345792,0.9345791935920715,True,True,1.0,1.0,0.0,0.9999999999998007,0.0,0.0,0.0,0.0,False
d:\Research\Multi-View Fusion Network\datasets\brisc2025\classification_task\test\no_tumor\brisc2025_test_00593_no_ax_t1.jpg,no_tumor,no_tumor,axial,0.021529254,0.021142872,0.021736568,0.9355913,0.9355912804603577,True,True,1.0,1.0,0.0,0.9999999999998007,0.0,0.0,0.0,0.0,False
d:\Research\Multi-View Fusion Network\datasets\brisc2025\classification_task\test\no_tumor\brisc2025_test_00594_no_ax_t1.jpg,no_tumor,no_tumor,axial,0.021468999,0.02304401,0.023601217,0.9318857,0.9318857192993164,True,True,1.0,1.0,0.0,0.9999999999998007,0.0,0.0,0.0,0.0,False
d:\Research\Multi-View Fusion Network\datasets\brisc2025\classification_task\test\no_tumor\brisc2025_test_00595_no_ax_t1.jpg,no_tumor,no_tumor,axial,0.021530531,0.02241863,0.021903228,0.9341477,0.9341477155685425,True,True,1.0,1.0,0.0,0.9999999999998007,0.0,0.0,0.0,0.0,False
d:\Research\Multi-View Fusion Network\datasets\brisc2025\classification_task\test\no_tumor\brisc2025_test_00596_no_ax_t1.jpg,no_tumor,no_tumor,axial,0.021500677,0.020565616,0.021124987,0.93680876,0.9368087649345398,True,True,1.0,1.0,0.0,0.9999999999998007,0.0,0.0,0.0,0.0,False
d:\Research\Multi-View Fusion Network\datasets\brisc2025\classification_task\test\no_tumor\brisc2025_test_00597_no_ax_t1.jpg,no_tumor,no_tumor,axial,0.021658873,0.021570714,0.022041926,0.93472844,0.9347284436225891,True,True,1.0,1.0,0.0,0.9999999999998007,0.0,0.0,0.0,0.0,False
d:\Research\Multi-View Fusion Network\datasets\brisc2025\classification_task\test\no_tumor\brisc2025_test_00598_no_ax_t1.jpg,no_tumor,no_tumor,axial,0.021595167,0.0212413,0.021980356,0.93518317,0.9351831674575806,True,True,1.0,1.0,0.0,0.9999999999998007,0.0,0.0,0.0,0.0,False
d:\Research\Multi-View Fusion Network\datasets\brisc2025\classification_task\test\no_tumor\brisc2025_test_00599_no_ax_t1.jpg,no_tumor,no_tumor,axial,0.021694878,0.021431116,0.021710882,0.935163,0.9351630210876465,True,True,1.0,1.0,0.0,0.9999999999998007,0.0,0.0,0.0,0.0,False
d:\Research\Multi-View Fusion Network\datasets\brisc2025\classification_task\test\no_tumor\brisc2025_test_00600_no_ax_t1.jpg,no_tumor,no_tumor,axial,0.021555305,0.021529516,0.021846263,0.9350689,0.9350689053535461,True,True,1.0,1.0,0.0,0.9999999999998007,0.0,0.0,0.0,0.0,False
d:\Research\Multi-View Fusion Network\datasets\brisc2025\classification_task\test\no_tumor\brisc2025_test_00601_no_ax_t1.jpg,no_tumor,no_tumor,axial,0.021534845,0.020610498,0.021385785,0.93646884,0.9364688396453857,True,True,1.0,1.0,0.0,0.9999999999998007,0.0,0.0,0.0,0.0,False
d:\Research\Multi-View Fusion Network\datasets\brisc2025\classification_task\test\no_tumor\brisc2025_test_00602_no_ax_t1.jpg,no_tumor,no_tumor,axial,0.02160449,0.020367319,0.021580378,0.93644786,0.9364478588104248,True,True,1.0,1.0,0.0,0.9999999999998007,0.0,0.0,0.0,0.0,False
d:\Research\Multi-View Fusion Network\datasets\brisc2025\classification_task\test\no_tumor\brisc2025_test_00603_no_ax_t1.jpg,no_tumor,no_tumor,axial,0.021172782,0.021834942,0.021672294,0.93531996,0.9353199601173401,True,True,1.0,1.0,0.0,0.9999999999998007,0.0,0.0,0.0,0.0,False
d:\Research\Multi-View Fusion Network\datasets\brisc2025\classification_task\test\no_tumor\brisc2025_test_00604_no_ax_t1.jpg,no_tumor,no_tumor,axial,0.021848878,0.020306796,0.021475013,0.93636924,0.9363692402839661,True,True,1.0,1.0,0.0,0.9999999999998007,0.0,0.0,0.0,0.0,False
d:\Research\Multi-View Fusion Network\datasets\brisc2025\classification_task\test\no_tumor\brisc2025_test_00605_no_ax_t1.jpg,no_tumor,no_tumor,axial,0.021926427,0.020841774,0.021438366,0.93579346,0.9357934594154358,True,True,1.0,1.0,0.0,0.9999999999998007,0.0,0.0,0.0,0.0,False
d:\Research\Multi-View Fusion Network\datasets\brisc2025\classification_task\test\no_tumor\brisc2025_test_00606_no_ax_t1.jpg,no_tumor,no_tumor,axial,0.022559077,0.022529159,0.022425132,0.93248665,0.9324866533279419,True,True,1.0,1.0,0.0,0.9999999999998007,0.0,0.0,0.0,0.0,False
d:\Research\Multi-View Fusion Network\datasets\brisc2025\classification_task\test\no_tumor\brisc2025_test_00607_no_ax_t1.jpg,no_tumor,no_tumor,axial,0.021680752,0.02121996,0.021741793,0.9353575,0.9353575110435486,True,True,1.0,1.0,0.0,0.9999999999998007,0.0,0.0,0.0,0.0,False
d:\Research\Multi-View Fusion Network\datasets\brisc2025\classification_task\test\no_tumor\brisc2025_test_00608_no_ax_t1.jpg,no_tumor,no_tumor,axial,0.021209404,0.021154488,0.021423236,0.9362129,0.9362128973007202,True,True,1.0,1.0,0.0,0.9999999999998007,0.0,0.0,0.0,0.0,False
d:\Research\Multi-View Fusion Network\datasets\brisc2025\classification_task\test\no_tumor\brisc2025_test_00609_no_ax_t1.jpg,no_tumor,no_tumor,axial,0.022732284,0.023843588,0.022549354,0.93087476,0.930874764919281,True,True,1.0,1.0,0.0,0.9999999999998007,0.0,0.0,0.0,0.0,False
d:\Research\Multi-View Fusion Network\datasets\brisc2025\classification_task\test\no_tumor\brisc2025_test_00610_no_ax_t1.jpg,no_tumor,no_tumor,axial,0.021224102,0.021137707,0.021308776,0.9363294,0.9363294243812561,True,True,1.0,1.0,0.0,0.9999999999998007,0.0,0.0,0.0,0.0,False
d:\Research\Multi-View Fusion Network\datasets\brisc2025\classification_task\test\no_tumor\brisc2025_test_00611_no_ax_t1.jpg,no_tumor,no_tumor,axial,0.022134125,0.022426907,0.022656577,0.9327825,0.9327824711799622,True,True,1.0,1.0,0.0,0.9999999999998007,0.0,0.0,0.0,0.0,False
d:\Research\Multi-View Fusion Network\datasets\brisc2025\classification_task\test\no_tumor\brisc2025_test_00612_no_ax_t1.jpg,no_tumor,no_tumor,axial,0.021355815,0.021918936,0.022228768,0.9344964,0.9344964027404785,True,True,1.0,1.0,0.0,0.9999999999998007,0.0,0.0,0.0,0.0,False
d:\Research\Multi-View Fusion Network\datasets\brisc2025\classification_task\test\no_tumor\brisc2025_test_00613_no_co_t1.jpg,no_tumor,no_tumor,coronal,0.0206716,0.021212986,0.021113371,0.9370021,0.9370021224021912,True,True,1.0,1.0,0.0,0.9999999999998007,0.0,0.0,0.0,0.0,False
d:\Research\Multi-View Fusion Network\datasets\brisc2025\classification_task\test\no_tumor\brisc2025_test_00614_no_co_t1.jpg,no_tumor,no_tumor,coronal,0.02055283,0.02080645,0.021271233,0.9373695,0.9373695254325867,True,True,1.0,1.0,0.0,0.9999999999998007,0.0,0.0,0.0,0.0,False
d:\Research\Multi-View Fusion Network\datasets\brisc2025\classification_task\test\no_tumor\brisc2025_test_00615_no_co_t1.jpg,no_tumor,no_tumor,coronal,0.021013739,0.020819461,0.021168144,0.93699867,0.9369986653327942,True,True,1.0,1.0,0.0,0.9999999999998007,0.0,0.0,0.0,0.0,False
d:\Research\Multi-View Fusion Network\datasets\brisc2025\classification_task\test\no_tumor\brisc2025_test_00616_no_co_t1.jpg,no_tumor,no_tumor,coronal,0.020763952,0.021094834,0.0213433,0.93679786,0.9367978572845459,True,True,1.0,1.0,0.0,0.9999999999998007,0.0,0.0,0.0,0.0,False
d:\Research\Multi-View Fusion Network\datasets\brisc2025\classification_task\test\no_tumor\brisc2025_test_00617_no_co_t1.jpg,no_tumor,no_tumor,coronal,0.021057567,0.02135418,0.021301556,0.9362867,0.9362866878509521,True,True,1.0,1.0,0.0,0.9999999999998007,0.0,0.0,0.0,0.0,False
d:\Research\Multi-View Fusion Network\datasets\brisc2025\classification_task\test\no_tumor\brisc2025_test_00618_no_co_t1.jpg,no_tumor,no_tumor,coronal,0.020885672,0.020910846,0.020807153,0.93739635,0.9373963475227356,True,True,1.0,1.0,0.0,0.9999999999998007,0.0,0.0,0.0,0.0,False
d:\Research\Multi-View Fusion Network\datasets\brisc2025\classification_task\test\no_tumor\brisc2025_test_00619_no_co_t1.jpg,no_tumor,no_tumor,coronal,0.021805732,0.021351172,0.021764958,0.9350781,0.9350780844688416,True,True,1.0,1.0,0.0,0.9999999999998007,0.0,0.0,0.0,0.0,False
d:\Research\Multi-View Fusion Network\datasets\brisc2025\classification_task\test\no_tumor\brisc2025_test_00620_no_co_t1.jpg,no_tumor,no_tumor,coronal,0.021474684,0.02139395,0.021281887,0.93584955,0.9358495473861694,True,True,1.0,1.0,0.0,0.9999999999998007,0.0,0.0,0.0,0.0,False
d:\Research\Multi-View Fusion Network\datasets\brisc2025\classification_task\test\no_tumor\brisc2025_test_00621_no_co_t1.jpg,no_tumor,no_tumor,coronal,0.0216812,0.02138034,0.021449406,0.93548906,0.9354890584945679,True,True,1.0,1.0,0.0,0.9999999999998007,0.0,0.0,0.0,0.0,False
d:\Research\Multi-View Fusion Network\datasets\brisc2025\classification_task\test\no_tumor\brisc2025_test_00622_no_co_t1.jpg,no_tumor,no_tumor,coronal,0.020993467,0.02122081,0.021082465,0.9367033,0.9367033243179321,True,True,1.0,1.0,0.0,0.9999999999998007,0.0,0.0,0.0,0.0,False
d:\Research\Multi-View Fusion Network\datasets\brisc2025\classification_task\test\no_tumor\brisc2025_test_00623_no_co_t1.jpg,no_tumor,no_tumor,coronal,0.02146643,0.021311065,0.021172248,0.93605024,0.9360502362251282,True,True,1.0,1.0,0.0,0.9999999999998007,0.0,0.0,0.0,0.0,False
d:\Research\Multi-View Fusion Network\datasets\brisc2025\classification_task\test\no_tumor\brisc2025_test_00624_no_co_t1.jpg,no_tumor,no_tumor,coronal,0.022236716,0.021619042,0.021743555,0.9344007,0.9344006776809692,True,True,1.0,1.0,0.0,0.9999999999998007,0.0,0.0,0.0,0.0,False
d:\Research\Multi-View Fusion Network\datasets\brisc2025\classification_task\test\no_tumor\brisc2025_test_00625_no_co_t1.jpg,no_tumor,no_tumor,coronal,0.021696722,0.021471953,0.021344412,0.935487,0.9354869723320007,True,True,1.0,1.0,0.0,0.9999999999998007,0.0,0.0,0.0,0.0,False
d:\Research\Multi-View Fusion Network\datasets\brisc2025\classification_task\test\no_tumor\brisc2025_test_00626_no_co_t1.jpg,no_tumor,no_tumor,coronal,0.022361742,0.021730855,0.021846952,0.9340605,0.9340605139732361,True,True,1.0,1.0,0.0,0.9999999999998007,0.0,0.0,0.0,0.0,False
d:\Research\Multi-View Fusion Network\datasets\brisc2025\classification_task\test\no_tumor\brisc2025_test_00627_no_co_t1.jpg,no_tumor,no_tumor,coronal,0.021091612,0.021147897,0.021248316,0.9365121,0.9365121126174927,True,True,1.0,1.0,0.0,0.9999999999998007,0.0,0.0,0.0,0.0,False
d:\Research\Multi-View Fusion Network\datasets\brisc2025\classification_task\test\no_tumor\brisc2025_test_00628_no_co_t1.jpg,no_tumor,no_tumor,coronal,0.021406943,0.020757515,0.021081842,0.9367537,0.9367536902427673,True,True,1.0,1.0,0.0,0.9999999999998007,0.0,0.0,0.0,0.0,False
d:\Research\Multi-View Fusion Network\datasets\brisc2025\classification_task\test\no_tumor\brisc2025_test_00629_no_co_t1.jpg,no_tumor,no_tumor,coronal,0.02187875,0.021430142,0.02181398,0.9348771,0.9348770976066589,True,True,1.0,1.0,0.0,0.9999999999998007,0.0,0.0,0.0,0.0,False
d:\Research\Multi-View Fusion Network\datasets\brisc2025\classification_task\test\no_tumor\brisc2025_test_00630_no_co_t1.jpg,no_tumor,no_tumor,coronal,0.021931805,0.021591228,0.021904306,0.93457264,0.9345726370811462,True,True,1.0,1.0,0.0,0.9999999999998007,0.0,0.0,0.0,0.0,False
d:\Research\Multi-View Fusion Network\datasets\brisc2025\classification_task\test\no_tumor\brisc2025_test_00631_no_co_t1.jpg,no_tumor,no_tumor,coronal,0.022432951,0.022052411,0.022076363,0.93343824,0.933438241481781,True,True,1.0,1.0,0.0,0.9999999999998007,0.0,0.0,0.0,0.0,False
d:\Research\Multi-View Fusion Network\datasets\brisc2025\classification_task\test\no_tumor\brisc2025_test_00632_no_co_t1.jpg,no_tumor,no_tumor,coronal,0.02199579,0.021601457,0.021778319,0.9346245,0.9346244931221008,True,True,1.0,1.0,0.0,0.9999999999998007,0.0,0.0,0.0,0.0,False
d:\Research\Multi-View Fusion Network\datasets\brisc2025\classification_task\test\no_tumor\brisc2025_test_00633_no_co_t1.jpg,no_tumor,no_tumor,coronal,0.0215745,0.021227766,0.02133528,0.9358625,0.9358624815940857,True,True,1.0,1.0,0.0,0.9999999999998007,0.0,0.0,0.0,0.0,False
d:\Research\Multi-View Fusion Network\datasets\brisc2025\classification_task\test\no_tumor\brisc2025_test_00634_no_co_t1.jpg,no_tumor,no_tumor,coronal,0.021050012,0.020625217,0.020864561,0.93746024,0.9374602437019348,True,True,1.0,1.0,0.0,0.9999999999998007,0.0,0.0,0.0,0.0,False
d:\Research\Multi-View Fusion Network\datasets\brisc2025\classification_task\test\no_tumor\brisc2025_test_00635_no_co_t1.jpg,no_tumor,no_tumor,coronal,0.021304429,0.021467848,0.021380866,0.9358469,0.9358469247817993,True,True,1.0,1.0,0.0,0.9999999999998007,0.0,0.0,0.0,0.0,False
d:\Research\Multi-View Fusion Network\datasets\brisc2025\classification_task\test\no_tumor\brisc2025_test_00636_no_co_t1.jpg,no_tumor,no_tumor,coronal,0.02206201,0.021447988,0.021621838,0.9348681,0.9348680973052979,True,True,1.0,1.0,0.0,0.9999999999998007,0.0,0.0,0.0,0.0,False
d:\Research\Multi-View Fusion Network\datasets\brisc2025\classification_task\test\no_tumor\brisc2025_test_00637_no_co_t1.jpg,no_tumor,no_tumor,coronal,0.021888662,0.021538645,0.021740342,0.9348323,0.9348322749137878,True,True,1.0,1.0,0.0,0.9999999999998007,0.0,0.0,0.0,0.0,False
d:\Research\Multi-View Fusion Network\datasets\brisc2025\classification_task\test\no_tumor\brisc2025_test_00638_no_co_t1.jpg,no_tumor,no_tumor,coronal,0.021814626,0.021686072,0.021656126,0.9348432,0.9348431825637817,True,True,1.0,1.0,0.0,0.9999999999998007,0.0,0.0,0.0,0.0,False
d:\Research\Multi-View Fusion Network\datasets\brisc2025\classification_task\test\no_tumor\brisc2025_test_00639_no_co_t1.jpg,no_tumor,no_tumor,coronal,0.021193871,0.020986075,0.020800244,0.9370198,0.9370198249816895,True,True,1.0,1.0,0.0,0.9999999999998007,0.0,0.0,0.0,0.0,False
d:\Research\Multi-View Fusion Network\datasets\brisc2025\classification_task\test\no_tumor\brisc2025_test_00640_no_co_t1.jpg,no_tumor,no_tumor,coronal,0.021834925,0.021413507,0.02166338,0.9350882,0.9350882172584534,True,True,1.0,1.0,0.0,0.9999999999998007,0.0,0.0,0.0,0.0,False
d:\Research\Multi-View Fusion Network\datasets\brisc2025\classification_task\test\no_tumor\brisc2025_test_00641_no_co_t1.jpg,no_tumor,no_tumor,coronal,0.021532875,0.02128606,0.021464827,0.9357162,0.9357162117958069,True,True,1.0,1.0,0.0,0.9999999999998007,0.0,0.0,0.0,0.0,False
d:\Research\Multi-View Fusion Network\datasets\brisc2025\classification_task\test\no_tumor\brisc2025_test_00642_no_co_t1.jpg,no_tumor,no_tumor,coronal,0.02152267,0.020919623,0.021147242,0.93641055,0.9364105463027954,True,True,1.0,1.0,0.0,0.9999999999998007,0.0,0.0,0.0,0.0,False
d:\Research\Multi-View Fusion Network\datasets\brisc2025\classification_task\test\no_tumor\brisc2025_test_00643_no_co_t1.jpg,no_tumor,no_tumor,coronal,0.02208864,0.021811852,0.021716967,0.93438256,0.9343825578689575,True,True,1.0,1.0,0.0,0.9999999999998007,0.0,0.0,0.0,0.0,False
d:\Research\Multi-View Fusion Network\datasets\brisc2025\classification_task\test\no_tumor\brisc2025_test_00644_no_co_t1.jpg,no_tumor,no_tumor,coronal,0.021455294,0.021086846,0.021210881,0.93624705,0.9362470507621765,True,True,1.0,1.0,0.0,0.9999999999998007,0.0,0.0,0.0,0.0,False
d:\Research\Multi-View Fusion Network\datasets\brisc2025\classification_task\test\no_tumor\brisc2025_test_00645_no_co_t1.jpg,no_tumor,no_tumor,coronal,0.021403484,0.020969449,0.021015763,0.93661135,0.9366113543510437,True,True,1.0,1.0,0.0,0.9999999999998007,0.0,0.0,0.0,0.0,False
d:\Research\Multi-View Fusion Network\datasets\brisc2025\classification_task\test\no_tumor\brisc2025_test_00646_no_co_t1.jpg,no_tumor,no_tumor,coronal,0.021345543,0.021031722,0.020938238,0.93668455,0.9366845488548279,True,True,1.0,1.0,0.0,0.9999999999998007,0.0,0.0,0.0,0.0,False
d:\Research\Multi-View Fusion Network\datasets\brisc2025\classification_task\test\no_tumor\brisc2025_test_00647_no_co_t1.jpg,no_tumor,no_tumor,coronal,0.021152776,0.02084904,0.020712366,0.9372857,0.9372857213020325,True,True,1.0,1.0,0.0,0.9999999999998007,0.0,0.0,0.0,0.0,False
d:\Research\Multi-View Fusion Network\datasets\brisc2025\classification_task\test\no_tumor\brisc2025_test_00648_no_co_t1.jpg,no_tumor,no_tumor,coronal,0.02149508,0.021035,0.020887768,0.9365822,0.9365822076797485,True,True,1.0,1.0,0.0,0.9999999999998007,0.0,0.0,0.0,0.0,False
d:\Research\Multi-View Fusion Network\datasets\brisc2025\classification_task\test\no_tumor\brisc2025_test_00649_no_co_t1.jpg,no_tumor,no_tumor,coronal,0.021735143,0.021494634,0.021482969,0.93528724,0.9352872371673584,True,True,1.0,1.0,0.0,0.9999999999998007,0.0,0.0,0.0,0.0,False
d:\Research\Multi-View Fusion Network\datasets\brisc2025\classification_task\test\no_tumor\brisc2025_test_00650_no_co_t1.jpg,no_tumor,no_tumor,coronal,0.021257555,0.021010246,0.020832164,0.93689996,0.9368999600410461,True,True,1.0,1.0,0.0,0.9999999999998007,0.0,0.0,0.0,0.0,False
d:\Research\Multi-View Fusion Network\datasets\brisc2025\classification_task\test\no_tumor\brisc2025_test_00651_no_co_t1.jpg,no_tumor,no_tumor,coronal,0.02144348,0.021201726,0.021107027,0.9362477,0.936247706413269,True,True,1.0,1.0,0.0,0.9999999999998007,0.0,0.0,0.0,0.0,False
d:\Research\Multi-View Fusion Network\datasets\brisc2025\classification_task\test\no_tumor\brisc2025_test_00652_no_co_t1.jpg,no_tumor,no_tumor,coronal,0.021353878,0.021173127,0.0210783,0.93639463,0.9363946318626404,True,True,1.0,1.0,0.0,0.9999999999998007,0.0,0.0,0.0,0.0,False
d:\Research\Multi-View Fusion Network\datasets\brisc2025\classification_task\test\no_tumor\brisc2025_test_00653_no_co_t1.jpg,no_tumor,no_tumor,coronal,0.021264616,0.021089707,0.020993317,0.93665236,0.9366523623466492,True,True,1.0,1.0,0.0,0.9999999999998007,0.0,0.0,0.0,0.0,False
d:\Research\Multi-View Fusion Network\datasets\brisc2025\classification_task\test\no_tumor\brisc2025_test_00654_no_co_t1.jpg,no_tumor,no_tumor,coronal,0.02140927,0.0213715,0.021288056,0.9359311,0.9359310865402222,True,True,1.0,1.0,0.0,0.9999999999998007,0.0,0.0,0.0,0.0,False
d:\Research\Multi-View Fusion Network\datasets\brisc2025\classification_task\test\no_tumor\brisc2025_test_00655_no_co_t1.jpg,no_tumor,no_tumor,coronal,0.02162267,0.021028044,0.021004483,0.9363448,0.9363448023796082,True,True,1.0,1.0,0.0,0.9999999999998007,0.0,0.0,0.0,0.0,False
d:\Research\Multi-View Fusion Network\datasets\brisc2025\classification_task\test\no_tumor\brisc2025_test_00656_no_co_t1.jpg,no_tumor,no_tumor,coronal,0.02077025,0.021816518,0.021094859,0.93631846,0.9363184571266174,True,True,1.0,1.0,0.0,0.9999999999998007,0.0,0.0,0.0,0.0,False
d:\Research\Multi-View Fusion Network\datasets\brisc2025\classification_task\test\no_tumor\brisc2025_test_00657_no_co_t1.jpg,no_tumor,no_tumor,coronal,0.021013513,0.020947749,0.020597506,0.9374413,0.9374412894248962,True,True,1.0,1.0,0.0,0.9999999999998007,0.0,0.0,0.0,0.0,False
d:\Research\Multi-View Fusion Network\datasets\brisc2025\classification_task\test\no_tumor\brisc2025_test_00658_no_co_t1.jpg,no_tumor,no_tumor,coronal,0.020675186,0.021485358,0.02075753,0.937082,0.9370819926261902,True,True,1.0,1.0,0.0,0.9999999999998007,0.0,0.0,0.0,0.0,False
d:\Research\Multi-View Fusion Network\datasets\brisc2025\classification_task\test\no_tumor\brisc2025_test_00659_no_co_t1.jpg,no_tumor,no_tumor,coronal,0.020741284,0.020924345,0.020538274,0.93779606,0.9377960562705994,True,True,1.0,1.0,0.0,0.9999999999998007,0.0,0.0,0.0,0.0,False
d:\Research\Multi-View Fusion Network\datasets\brisc2025\classification_task\test\no_tumor\brisc2025_test_00660_no_co_t1.jpg,no_tumor,no_tumor,coronal,0.020741284,0.020924345,0.020538274,0.93779606,0.9377960562705994,True,True,1.0,1.0,0.0,0.9999999999998007,0.0,0.0,0.0,0.0,False
d:\Research\Multi-View Fusion Network\datasets\brisc2025\classification_task\test\no_tumor\brisc2025_test_00661_no_sa_t1.jpg,no_tumor,no_tumor,sagittal,0.022342607,0.022557596,0.022288764,0.932811,0.9328110218048096,True,True,1.0,1.0,0.0,0.9999999999998007,0.0,0.0,0.0,0.0,False
d:\Research\Multi-View Fusion Network\datasets\brisc2025\classification_task\test\no_tumor\brisc2025_test_00662_no_sa_t1.jpg,no_tumor,no_tumor,sagittal,0.021874653,0.022085676,0.02188563,0.93415403,0.9341540336608887,True,True,1.0,1.0,0.0,0.9999999999998007,0.0,0.0,0.0,0.0,False
d:\Research\Multi-View Fusion Network\datasets\brisc2025\classification_task\test\no_tumor\brisc2025_test_00663_no_sa_t1.jpg,no_tumor,no_tumor,sagittal,0.021832287,0.021885319,0.021605901,0.9346765,0.9346765279769897,True,True,1.0,1.0,0.0,0.9999999999998007,0.0,0.0,0.0,0.0,False
d:\Research\Multi-View Fusion Network\datasets\brisc2025\classification_task\test\no_tumor\brisc2025_test_00664_no_sa_t1.jpg,no_tumor,no_tumor,sagittal,0.022265108,0.022716356,0.02230317,0.93271536,0.9327153563499451,True,True,1.0,1.0,0.0,0.9999999999998007,0.0,0.0,0.0,0.0,False
d:\Research\Multi-View Fusion Network\datasets\brisc2025\classification_task\test\no_tumor\brisc2025_test_00665_no_sa_t1.jpg,no_tumor,no_tumor,sagittal,0.021620393,0.021513928,0.021606814,0.93525887,0.9352588653564453,True,True,1.0,1.0,0.0,0.9999999999998007,0.0,0.0,0.0,0.0,False
d:\Research\Multi-View Fusion Network\datasets\brisc2025\classification_task\test\no_tumor\brisc2025_test_00666_no_sa_t1.jpg,no_tumor,no_tumor,sagittal,0.021499818,0.021991722,0.021544522,0.93496394,0.9349639415740967,True,True,1.0,1.0,0.0,0.9999999999998007,0.0,0.0,0.0,0.0,False
d:\Research\Multi-View Fusion Network\datasets\brisc2025\classification_task\test\no_tumor\brisc2025_test_00667_no_sa_t1.jpg,no_tumor,no_tumor,sagittal,0.02180922,0.022475816,0.021905664,0.93380934,0.9338093400001526,True,True,1.0,1.0,0.0,0.9999999999998007,0.0,0.0,0.0,0.0,False
d:\Research\Multi-View Fusion Network\datasets\brisc2025\classification_task\test\no_tumor\brisc2025_test_00668_no_sa_t1.jpg,no_tumor,no_tumor,sagittal,0.021631068,0.022206895,0.021695938,0.9344661,0.9344661235809326,True,True,1.0,1.0,0.0,0.9999999999998007,0.0,0.0,0.0,0.0,False
d:\Research\Multi-View Fusion Network\datasets\brisc2025\classification_task\test\no_tumor\brisc2025_test_00669_no_sa_t1.jpg,no_tumor,no_tumor,sagittal,0.021580905,0.021777075,0.021705717,0.93493634,0.9349363446235657,True,True,1.0,1.0,0.0,0.9999999999998007,0.0,0.0,0.0,0.0,False
d:\Research\Multi-View Fusion Network\datasets\brisc2025\classification_task\test\no_tumor\brisc2025_test_00670_no_sa_t1.jpg,no_tumor,no_tumor,sagittal,0.02272365,0.023435952,0.022344165,0.93149626,0.931496262550354,True,True,1.0,1.0,0.0,0.9999999999998007,0.0,0.0,0.0,0.0,False
d:\Research\Multi-View Fusion Network\datasets\brisc2025\classification_task\test\no_tumor\brisc2025_test_00671_no_sa_t1.jpg,no_tumor,no_tumor,sagittal,0.022008365,0.022490349,0.021881253,0.93362,0.9336199760437012,True,True,1.0,1.0,0.0,0.9999999999998007,0.0,0.0,0.0,0.0,False
d:\Research\Multi-View Fusion Network\datasets\brisc2025\classification_task\test\no_tumor\brisc2025_test_00672_no_sa_t1.jpg,no_tumor,no_tumor,sagittal,0.021637596,0.022407925,0.021951143,0.93400335,0.9340033531188965,True,True,1.0,1.0,0.0,0.9999999999998007,0.0,0.0,0.0,0.0,False
d:\Research\Multi-View Fusion Network\datasets\brisc2025\classification_task\test\no_tumor\brisc2025_test_00673_no_sa_t1.jpg,no_tumor,no_tumor,sagittal,0.022178046,0.022631282,0.022084957,0.9331057,0.9331057071685791,True,True,1.0,1.0,0.0,0.9999999999998007,0.0,0.0,0.0,0.0,False
d:\Research\Multi-View Fusion Network\datasets\brisc2025\classification_task\test\no_tumor\brisc2025_test_00674_no_sa_t1.jpg,no_tumor,no_tumor,sagittal,0.02193565,0.022418434,0.021731,0.93391484,0.933914840221405,True,True,1.0,1.0,0.0,0.9999999999998007,0.0,0.0,0.0,0.0,False
d:\Research\Multi-View Fusion Network\datasets\brisc2025\classification_task\test\no_tumor\brisc2025_test_00675_no_sa_t1.jpg,no_tumor,no_tumor,sagittal,0.021940468,0.022805199,0.021972679,0.93328166,0.933281660079956,True,True,1.0,1.0,0.0,0.9999999999998007,0.0,0.0,0.0,0.0,False
d:\Research\Multi-View Fusion Network\datasets\brisc2025\classification_task\test\no_tumor\brisc2025_test_00676_no_sa_t1.jpg,no_tumor,no_tumor,sagittal,0.02172131,0.022419905,0.02170901,0.9341498,0.9341498017311096,True,True,1.0,1.0,0.0,0.9999999999998007,0.0,0.0,0.0,0.0,False
d:\Research\Multi-View Fusion Network\datasets\brisc2025\classification_task\test\no_tumor\brisc2025_test_00677_no_sa_t1.jpg,no_tumor,no_tumor,sagittal,0.021897357,0.021992361,0.021664873,0.9344454,0.9344453811645508,True,True,1.0,1.0,0.0,0.9999999999998007,0.0,0.0,0.0,0.0,False
d:\Research\Multi-View Fusion Network\datasets\brisc2025\classification_task\test\no_tumor\brisc2025_test_00678_no_sa_t1.jpg,no_tumor,no_tumor,sagittal,0.022159338,0.022787387,0.02195986,0.9330934,0.9330934286117554,True,True,1.0,1.0,0.0,0.9999999999998007,0.0,0.0,0.0,0.0,False
d:\Research\Multi-View Fusion Network\datasets\brisc2025\classification_task\test\no_tumor\brisc2025_test_00679_no_sa_t1.jpg,no_tumor,no_tumor,sagittal,0.021770617,0.022694333,0.022119423,0.9334156,0.9334155917167664,True,True,1.0,1.0,0.0,0.9999999999998007,0.0,0.0,0.0,0.0,False
d:\Research\Multi-View Fusion Network\datasets\brisc2025\classification_task\test\no_tumor\brisc2025_test_00680_no_sa_t1.jpg,no_tumor,no_tumor,sagittal,0.021670017,0.022212194,0.021735512,0.9343822,0.9343822002410889,True,True,1.0,1.0,0.0,0.9999999999998007,0.0,0.0,0.0,0.0,False
d:\Research\Multi-View Fusion Network\datasets\brisc2025\classification_task\test\no_tumor\brisc2025_test_00681_no_sa_t1.jpg,no_tumor,no_tumor,sagittal,0.021740127,0.022294514,0.022037266,0.9339281,0.9339280724525452,True,True,1.0,1.0,0.0,0.9999999999998007,0.0,0.0,0.0,0.0,False
d:\Research\Multi-View Fusion Network\datasets\brisc2025\classification_task\test\no_tumor\brisc2025_test_00682_no_sa_t1.jpg,no_tumor,no_tumor,sagittal,0.021880772,0.022702802,0.021799928,0.9336165,0.9336165189743042,True,True,1.0,1.0,0.0,0.9999999999998007,0.0,0.0,0.0,0.0,False
d:\Research\Multi-View Fusion Network\datasets\brisc2025\classification_task\test\no_tumor\brisc2025_test_00683_no_sa_t1.jpg,no_tumor,no_tumor,sagittal,0.021738667,0.022602746,0.022172365,0.93348616,0.9334861636161804,True,True,1.0,1.0,0.0,0.9999999999998007,0.0,0.0,0.0,0.0,False
d:\Research\Multi-View Fusion Network\datasets\brisc2025\classification_task\test\no_tumor\brisc2025_test_00684_no_sa_t1.jpg,no_tumor,no_tumor,sagittal,0.02118039,0.021960262,0.021464938,0.93539447,0.9353944659233093,True,True,1.0,1.0,0.0,0.9999999999998007,0.0,0.0,0.0,0.0,False
d:\Research\Multi-View Fusion Network\datasets\brisc2025\classification_task\test\no_tumor\brisc2025_test_00685_no_sa_t1.jpg,no_tumor,no_tumor,sagittal,0.021969553,0.022642998,0.021843202,0.9335442,0.9335442185401917,True,True,1.0,1.0,0.0,0.9999999999998007,0.0,0.0,0.0,0.0,False
d:\Research\Multi-View Fusion Network\datasets\brisc2025\classification_task\test\no_tumor\brisc2025_test_00686_no_sa_t1.jpg,no_tumor,no_tumor,sagittal,0.02119033,0.02141649,0.021337708,0.9360555,0.9360554814338684,True,True,1.0,1.0,0.0,0.9999999999998007,0.0,0.0,0.0,0.0,False
d:\Research\Multi-View Fusion Network\datasets\brisc2025\classification_task\test\no_tumor\brisc2025_test_00687_no_sa_t1.jpg,no_tumor,no_tumor,sagittal,0.021966398,0.022141628,0.021852972,0.934039,0.9340389966964722,True,True,1.0,1.0,0.0,0.9999999999998007,0.0,0.0,0.0,0.0,False
d:\Research\Multi-View Fusion Network\datasets\brisc2025\classification_task\test\no_tumor\brisc2025_test_00688_no_sa_t1.jpg,no_tumor,no_tumor,sagittal,0.02209044,0.022643894,0.021931695,0.9333339,0.9333338737487793,True,True,1.0,1.0,0.0,0.9999999999998007,0.0,0.0,0.0,0.0,False
d:\Research\Multi-View Fusion Network\datasets\brisc2025\classification_task\test\no_tumor\brisc2025_test_00689_no_sa_t1.jpg,no_tumor,no_tumor,sagittal,0.022235235,0.022529112,0.022232981,0.93300265,0.9330026507377625,True,True,1.0,1.0,0.0,0.9999999999998007,0.0,0.0,0.0,0.0,False
d:\Research\Multi-View Fusion Network\datasets\brisc2025\classification_task\test\no_tumor\brisc2025_test_00690_no_sa_t1.jpg,no_tumor,no_tumor,sagittal,0.0225312,0.023178304,0.02212716,0.93216336,0.9321633577346802,True,True,1.0,1.0,0.0,0.9999999999998007,0.0,0.0,0.0,0.0,False
d:\Research\Multi-View Fusion Network\datasets\brisc2025\classification_task\test\no_tumor\brisc2025_test_00691_no_sa_t1.jpg,no_tumor,no_tumor,sagittal,0.021716783,0.021956068,0.021491462,0.93483573,0.9348357319831848,True,True,1.0,1.0,0.0,0.9999999999998007,0.0,0.0,0.0,0.0,False
d:\Research\Multi-View Fusion Network\datasets\brisc2025\classification_task\test\no_tumor\brisc2025_test_00692_no_sa_t1.jpg,no_tumor,no_tumor,sagittal,0.021537913,0.022428991,0.021743953,0.9342891,0.9342890977859497,True,True,1.0,1.0,0.0,0.9999999999998007,0.0,0.0,0.0,0.0,False
d:\Research\Multi-View Fusion Network\datasets\brisc2025\classification_task\test\no_tumor\brisc2025_test_00693_no_sa_t1.jpg,no_tumor,no_tumor,sagittal,0.021931302,0.021914361,0.021724029,0.9344302,0.9344301819801331,True,True,1.0,1.0,0.0,0.9999999999998007,0.0,0.0,0.0,0.0,False
d:\Research\Multi-View Fusion Network\datasets\brisc2025\classification_task\test\no_tumor\brisc2025_test_00694_no_sa_t1.jpg,no_tumor,no_tumor,sagittal,0.021207038,0.021639142,0.02154025,0.93561363,0.9356136322021484,True,True,1.0,1.0,0.0,0.9999999999998007,0.0,0.0,0.0,0.0,False
d:\Research\Multi-View Fusion Network\datasets\brisc2025\classification_task\test\no_tumor\brisc2025_test_00695_no_sa_t1.jpg,no_tumor,no_tumor,sagittal,0.02183819,0.022211814,0.021714138,0.93423593,0.9342359304428101,True,True,1.0,1.0,0.0,0.9999999999998007,0.0,0.0,0.0,0.0,False
d:\Research\Multi-View Fusion Network\datasets\brisc2025\classification_task\test\no_tumor\brisc2025_test_00696_no_sa_t1.jpg,no_tumor,no_tumor,sagittal,0.02158898,0.022031523,0.021538319,0.9348412,0.9348412156105042,True,True,1.0,1.0,0.0,0.9999999999998007,0.0,0.0,0.0,0.0,False
d:\Research\Multi-View Fusion Network\datasets\brisc2025\classification_task\test\no_tumor\brisc2025_test_00697_no_sa_t1.jpg,no_tumor,no_tumor,sagittal,0.021734105,0.0218148,0.02166453,0.93478656,0.9347865581512451,True,True,1.0,1.0,0.0,0.9999999999998007,0.0,0.0,0.0,0.0,False
d:\Research\Multi-View Fusion Network\datasets\brisc2025\classification_task\test\no_tumor\brisc2025_test_00698_no_sa_t1.jpg,no_tumor,no_tumor,sagittal,0.021381708,0.021791073,0.021381369,0.93544585,0.9354458451271057,True,True,1.0,1.0,0.0,0.9999999999998007,0.0,0.0,0.0,0.0,False
d:\Research\Multi-View Fusion Network\datasets\brisc2025\classification_task\test\no_tumor\brisc2025_test_00699_no_sa_t1.jpg,no_tumor,no_tumor,sagittal,0.022386702,0.022679543,0.022011157,0.93292254,0.9329225420951843,True,True,1.0,1.0,0.0,0.9999999999998007,0.0,0.0,0.0,0.0,False
d:\Research\Multi-View Fusion Network\datasets\brisc2025\classification_task\test\no_tumor\brisc2025_test_00700_no_sa_t1.jpg,no_tumor,no_tumor,sagittal,0.021923156,0.022097696,0.021860104,0.9341191,0.9341191053390503,True,True,1.0,1.0,0.0,0.9999999999998007,0.0,0.0,0.0,0.0,False
d:\Research\Multi-View Fusion Network\datasets\brisc2025\classification_task\test\pituitary\brisc2025_test_00701_pi_ax_t1.jpg,pituitary,pituitary,axial,0.028113773,0.0281788,0.9153901,0.028317371,0.9153900742530823,True,True,0.9139785,0.8418079,0.8633720929981578,0.9998193931608205,0.970588235262399,1.0,344.0,306.0,False
d:\Research\Multi-View Fusion Network\datasets\brisc2025\classification_task\test\pituitary\brisc2025_test_00702_pi_ax_t1.jpg,pituitary,pituitary,axial,0.027789678,0.028972708,0.91549635,0.027741326,0.9154963493347168,True,True,0.95510834,0.9142012,0.9535603714875058,0.9997191743724552,0.9565217391007291,0.0,323.0,322.0,False
d:\Research\Multi-View Fusion Network\datasets\brisc2025\classification_task\test\pituitary\brisc2025_test_00703_pi_ax_t1.jpg,pituitary,pituitary,axial,0.028214177,0.030190948,0.9134104,0.028184434,0.9134104251861572,True,True,0.91608393,0.84615386,0.970149253586545,0.999800435051388,0.8666666665511111,1.0,67.0,75.0,False
d:\Research\Multi-View Fusion Network\datasets\brisc2025\classification_task\test\pituitary\brisc2025_test_00704_pi_ax_t1.jpg,pituitary,pituitary,axial,0.027657447,0.029539417,0.9153665,0.027436595,0.9153664708137512,True,True,0.86690015,0.7654321,0.8727915194037883,0.9991982843282627,0.8606271776703615,1.4142135623730951,283.0,287.0,False
d:\Research\Multi-View Fusion Network\datasets\brisc2025\classification_task\test\pituitary\brisc2025_test_00705_pi_ax_t1.jpg,pituitary,pituitary,axial,0.028376525,0.02907704,0.91430575,0.028240709,0.9143057465553284,True,True,0.7770598,0.6358839,0.9677419354448491,0.9973962506006655,0.6486486486311176,5.0,248.0,370.0,False
d:\Research\Multi-View Fusion Network\datasets\brisc2025\classification_task\test\pituitary\brisc2025_test_00706_pi_ax_t1.jpg,pituitary,pituitary,axial,0.026942203,0.027960723,0.9178693,0.027227722,0.9178693294525146,True,True,0.86281586,0.75949365,0.9083969464955421,0.9994804675789791,0.8206896551158145,1.0,131.0,145.0,False
d:\Research\Multi-View Fusion Network\datasets\brisc2025\classification_task\test\pituitary\brisc2025_test_00707_pi_ax_t1.jpg,pituitary,pituitary,axial,0.027924828,0.027732544,0.91666985,0.027672803,0.9166698455810547,True,True,0.8841808,0.7925801,0.9710144927335194,0.997806532106937,0.8114186851070688,1.4142135623730951,483.0,578.0,False
d:\Research\Multi-View Fusion Network\datasets\brisc2025\classification_task\test\pituitary\brisc2025_test_00708_pi_ax_t1.jpg,pituitary,pituitary,axial,0.027474452,0.028632857,0.9160819,0.0278108,0.9160819053649902,True,True,0.9445351,0.89506173,0.9537953795064754,0.9995989814125881,0.9352750808758811,1.0,303.0,309.0,False
d:\Research\Multi-View Fusion Network\datasets\brisc2025\classification_task\test\pituitary\brisc2025_test_00709_pi_ax_t1.jpg,pituitary,pituitary,axial,0.02820444,0.030933026,0.91295195,0.02791059,0.9129519462585449,True,True,0.9488085,0.90268457,0.9437609841661905,0.9994758804199005,0.9538188276917616,1.0,569.0,563.0,False
d:\Research\Multi-View Fusion Network\datasets\brisc2025\classification_task\test\pituitary\brisc2025_test_00710_pi_ax_t1.jpg,pituitary,pituitary,axial,0.028641121,0.029783638,0.9130714,0.028503878,0.9130713939666748,True,True,0.82222223,0.6983842,0.9699999999757499,0.9968659594983533,0.7132352941045361,3.0,400.0,544.0,False
d:\Research\Multi-View Fusion Network\datasets\brisc2025\classification_task\test\pituitary\brisc2025_test_00711_pi_ax_t1.jpg,pituitary,pituitary,axial,0.027198328,0.02886539,0.91642517,0.027511049,0.9164251685142517,True,True,0.9143731,0.8426966,0.9551282050669789,0.999580167932627,0.876470588183737,1.0,156.0,170.0,False
d:\Research\Multi-View Fusion Network\datasets\brisc2025\classification_task\test\pituitary\brisc2025_test_00712_pi_ax_t1.jpg,pituitary,pituitary,axial,0.027875936,0.030328028,0.9134195,0.028376568,0.9134194850921631,True,True,0.76585364,0.6210526,0.9957627118222134,0.9971365638764523,0.6216931216766748,3.0,236.0,378.0,False
d:\Research\Multi-View Fusion Network\datasets\brisc2025\classification_task\test\pituitary\brisc2025_test_00713_pi_ax_t1.jpg,pituitary,pituitary,axial,0.028070781,0.027620627,0.9162045,0.028104117,0.9162045121192932,True,True,0.82046676,0.6960486,0.9913043477829867,0.9980378809111845,0.6993865030460311,2.23606797749979,230.0,326.0,False
d:\Research\Multi-View Fusion Network\datasets\brisc2025\classification_task\test\pituitary\brisc2025_test_00714_pi_ax_t1.jpg,pituitary,pituitary,axial,0.027460368,0.028909279,0.91658473,0.027045608,0.9165847301483154,True,True,0.9490741,0.9032258,0.9808306708951811,0.9994585163345568,0.9191616766191868,0.6999999999999318,313.0,334.0,False
d:\Research\Multi-View Fusion Network\datasets\brisc2025\classification_task\test\pituitary\brisc2025_test_00715_pi_ax_t1.jpg,pituitary,pituitary,axial,0.02681869,0.027835306,0.9178743,0.027471675,0.917874276638031,True,True,0.94455445,0.8951311,0.9558232931343043,0.9996595028739962,0.933333333296732,1.0,249.0,255.0,False
d:\Research\Multi-View Fusion Network\datasets\brisc2025\classification_task\test\pituitary\brisc2025_test_00716_pi_ax_t1.jpg,pituitary,pituitary,axial,0.027323613,0.02877614,0.9160128,0.027887434,0.9160128235816956,True,True,0.66541356,0.5,0.9999999998863637,0.9982231272957599,0.49717514121484885,3.0,88.0,177.0,False
d:\Research\Multi-View Fusion Network\datasets\brisc2025\classification_task\test\pituitary\brisc2025_test_00717_pi_ax_t1.jpg,pituitary,pituitary,axial,0.028407117,0.027560497,0.9155776,0.028454782,0.9155775904655457,True,True,0.8932384,0.8071625,0.9865168539214998,0.9959826319845401,0.8159851301039407,2.0,890.0,1076.0,False
d:\Research\Multi-View Fusion Network\datasets\brisc2025\classification_task\test\pituitary\brisc2025_test_00718_pi_ax_t1.jpg,pituitary,pituitary,axial,0.02813837,0.027827188,0.9157956,0.028238831,0.915795624256134,True,True,0.9798091,0.96043164,0.9730123997011452,0.9996311853291673,0.9866863905252464,0.0,1371.0,1352.0,False
d:\Research\Multi-View Fusion Network\datasets\brisc2025\classification_task\test\pituitary\brisc2025_test_00719_pi_ax_t1.jpg,pituitary,pituitary,axial,0.028145265,0.027622804,0.91684467,0.027387252,0.9168446660041809,True,True,0.8684211,0.7675737,0.9941176470442041,0.9959390657828924,0.7708095780983945,2.0,680.0,877.0,False
d:\Research\Multi-View Fusion Network\datasets\brisc2025\classification_task\test\pituitary\brisc2025_test_00720_pi_ax_t1.jpg,pituitary,pituitary,axial,0.027735796,0.029727312,0.9154867,0.027050277,0.9154866933822632,True,True,0.93364197,0.8757225,0.9235474005833777,0.9996389095065098,0.9437499999705078,1.0,327.0,320.0,False
d:\Research\Multi-View Fusion Network\datasets\brisc2025\classification_task\test\pituitary\brisc2025_test_00721_pi_ax_t1.jpg,pituitary,pituitary,axial,0.027529694,0.029398289,0.91533643,0.027735585,0.9153364300727844,True,True,0.88911706,0.80073804,0.9773755655666345,0.999019117205285,0.8150943395918832,1.0,221.0,265.0,False
d:\Research\Multi-View Fusion Network\datasets\brisc2025\classification_task\test\pituitary\brisc2025_test_00722_pi_ax_t1.jpg,pituitary,pituitary,axial,0.027482763,0.031771977,0.91338843,0.027356861,0.9133884310722351,True,True,0.7006937,0.53963417,0.6801541425687831,0.9972612119135275,0.7218813905782846,9.0,519.0,489.0,False
d:\Research\Multi-View Fusion Network\datasets\brisc2025\classification_task\test\pituitary\brisc2025_test_00723_pi_ax_t1.jpg,pituitary,pituitary,axial,0.027330698,0.02844915,0.91723907,0.026981106,0.9172390699386597,True,True,0.56397307,0.39344263,0.9940476189884495,0.9948408254677262,0.3929411764613426,10.294946019875557,168.0,425.0,False
d:\Research\Multi-View Fusion Network\datasets\brisc2025\classification_task\test\pituitary\brisc2025_test_00724_pi_ax_t1.jpg,pituitary,pituitary,axial,0.027414832,0.029618008,0.9150707,0.027896484,0.9150707125663757,True,True,0.89391977,0.80841124,0.9007832897937132,0.9991163416542488,0.8868894601314424,1.0,383.0,389.0,False
d:\Research\Multi-View Fusion Network\datasets\brisc2025\classification_task\test\pituitary\brisc2025_test_00725_pi_ax_t1.jpg,pituitary,pituitary,axial,0.027566023,0.028668774,0.9158483,0.027916849,0.9158483147621155,True,True,0.9258675,0.8621701,0.933121019078563,0.9994785608276846,0.9184952977768497,1.0,314.0,319.0,False
d:\Research\Multi-View Fusion Network\datasets\brisc2025\classification_task\test\pituitary\brisc2025_test_00726_pi_ax_t1.jpg,pituitary,pituitary,axial,0.027928706,0.02799911,0.9160167,0.028055407,0.916016697883606,True,True,0.9251462,0.8608696,0.9186046511414278,0.999417038555663,0.9316037735629339,1.0,430.0,424.0,False
d:\Research\Multi-View Fusion Network\datasets\brisc2025\classification_task\test\pituitary\brisc2025_test_00727_pi_ax_t1.jpg,pituitary,pituitary,axial,0.027739884,0.028918317,0.9155336,0.027808122,0.9155336022377014,True,True,0.9196102,0.8513514,0.8954869358457129,0.9995578333833787,0.9448621553647905,1.0,421.0,399.0,False
d:\Research\Multi-View Fusion Network\datasets\brisc2025\classification_task\test\pituitary\brisc2025_test_00728_pi_ax_t1.jpg,pituitary,pituitary,axial,0.027817125,0.029276742,0.9145972,0.028308928,0.91459721326828,True,True,0.8957219,0.8115942,0.9653179190193457,0.9993400395974243,0.8349999999582499,1.0,173.0,200.0,False
d:\Research\Multi-View Fusion Network\datasets\brisc2025\classification_task\test\pituitary\brisc2025_test_00729_pi_ax_t1.jpg,pituitary,pituitary,axial,0.027611466,0.02947205,0.91516715,0.027749399,0.9151671528816223,True,True,0.91247267,0.83935744,0.9162995594309999,0.9995795711623858,0.9082969431917773,1.0,227.0,229.0,False
d:\Research\Multi-View Fusion Network\datasets\brisc2025\classification_task\test\pituitary\brisc2025_test_00730_pi_ax_t1.jpg,pituitary,pituitary,axial,0.027419517,0.028282547,0.917078,0.027219895,0.9170780181884766,True,True,0.74187726,0.5902579,0.8333333332994579,0.9979571399957946,0.6677524429749918,3.605551275463989,246.0,307.0,False
d:\Research\Multi-View Fusion Network\datasets\brisc2025\classification_task\test\pituitary\brisc2025_test_00731_pi_ax_t1.jpg,pituitary,pituitary,axial,0.027771186,0.028643193,0.9154291,0.028156582,0.9154291152954102,True,True,0.66883117,0.50292397,0.9999999999610895,0.9948917245936428,0.5019531249901962,4.242640687119285,257.0,512.0,False
d:\Research\Multi-View Fusion Network\datasets\brisc2025\classification_task\test\pituitary\brisc2025_test_00732_pi_ax_t1.jpg,pituitary,pituitary,axial,0.027778924,0.028619032,0.9155058,0.028096203,0.9155058264732361,True,True,0.9468085,0.8991935,0.9866666666228148,0.9995595683768094,0.9098360655364821,1.0,225.0,244.0,False
d:\Research\Multi-View Fusion Network\datasets\brisc2025\classification_task\test\pituitary\brisc2025_test_00733_pi_ax_t1.jpg,pituitary,pituitary,axial,0.027195128,0.027971929,0.9175814,0.02725162,0.9175813794136047,True,True,0.94434136,0.8947368,0.9548872180092147,0.9996393508312965,0.933823529377433,1.0,266.0,272.0,False
d:\Research\Multi-View Fusion Network\datasets\brisc2025\classification_task\test\pituitary\brisc2025_test_00734_pi_ax_t1.jpg,pituitary,pituitary,axial,0.027198473,0.028411223,0.9166446,0.027745655,0.9166445732116699,True,True,0.95087975,0.9064246,0.9404934687817055,0.9994746094932004,0.9614243323299492,0.0,689.0,674.0,False
d:\Research\Multi-View Fusion Network\datasets\brisc2025\classification_task\test\pituitary\brisc2025_test_00735_pi_ax_t1.jpg,pituitary,pituitary,axial,0.027812056,0.028994897,0.9158019,0.027391143,0.9158018827438354,True,True,0.9293764,0.8681627,0.9048316251697682,0.999414058553533,0.9551777434164578,1.0,683.0,647.0,False
d:\Research\Multi-View Fusion Network\datasets\brisc2025\classification_task\test\pituitary\brisc2025_test_00736_pi_ax_t1.jpg,pituitary,pituitary,axial,0.028173763,0.028723123,0.91465646,0.028446652,0.9146564602851868,True,True,0.95604396,0.9159159,0.9934640522551156,0.9994786444754363,0.9212121211842057,0.0,306.0,330.0,False
d:\Research\Multi-View Fusion Network\datasets\brisc2025\classification_task\test\pituitary\brisc2025_test_00737_pi_ax_t1.jpg,pituitary,pituitary,axial,0.028196061,0.028055407,0.91554624,0.028202321,0.9155462384223938,True,True,0.8831615,0.7909836,0.8671171170975874,0.9991353655591976,0.8995327102593567,1.4142135623730951,444.0,428.0,False
d:\Research\Multi-View Fusion Network\datasets\brisc2025\classification_task\test\pituitary\brisc2025_test_00738_pi_ax_t1.jpg,pituitary,pituitary,axial,0.027725615,0.028254809,0.9163298,0.027689755,0.9163298010826111,True,True,0.9142682,0.8421646,0.9688311688185866,0.9976521070313328,0.8654292343287073,1.0,770.0,862.0,False
d:\Research\Multi-View Fusion Network\datasets\brisc2025\classification_task\test\pituitary\brisc2025_test_00739_pi_ax_t1.jpg,pituitary,pituitary,axial,0.030259453,0.027269319,0.9183118,0.024159506,0.9183117747306824,True,True,0.74038464,0.5882353,0.7958579881421344,0.9975921987236652,0.6915167094937913,54.06939569569944,338.0,389.0,False
d:\Research\Multi-View Fusion Network\datasets\brisc2025\classification_task\test\pituitary\brisc2025_test_00740_pi_ax_t1.jpg,pituitary,pituitary,axial,0.027451938,0.029729865,0.9148026,0.028015679,0.914802610874176,True,True,0.9212598,0.85411143,0.948377581106956,0.9984847872639302,0.8955431754749924,1.0,678.0,718.0,False
d:\Research\Multi-View Fusion Network\datasets\brisc2025\classification_task\test\pituitary\brisc2025_test_00741_pi_ax_t1.jpg,pituitary,pituitary,axial,0.027586607,0.027518438,0.9174814,0.027413487,0.9174814224243164,True,True,0.80099505,0.6685083,0.9717741935092026,0.9977367409067062,0.680790960432746,3.0,248.0,354.0,False
d:\Research\Multi-View Fusion Network\datasets\brisc2025\classification_task\test\pituitary\brisc2025_test_00742_pi_ax_t1.jpg,pituitary,pituitary,axial,0.02728045,0.028854424,0.91584086,0.02802424,0.9158408641815186,True,True,0.9301948,0.869697,0.9137380191401362,0.9996791207907668,0.9470198675183106,1.0,313.0,302.0,False
d:\Research\Multi-View Fusion Network\datasets\brisc2025\classification_task\test\pituitary\brisc2025_test_00743_pi_ax_t1.jpg,pituitary,pituitary,axial,0.02791955,0.028852662,0.9152105,0.028017273,0.915210485458374,True,True,0.95790905,0.9192708,0.9901685393119358,0.9988880802197561,0.9276315789351627,0.0,712.0,760.0,False
d:\Research\Multi-View Fusion Network\datasets\brisc2025\classification_task\test\pituitary\brisc2025_test_00744_pi_ax_t1.jpg,pituitary,pituitary,axial,0.027986493,0.027678767,0.916337,0.02799783,0.9163370132446289,True,True,0.9015707,0.82095236,0.9817351597949375,0.998270939723954,0.8333333333171834,1.1449747468305456,438.0,516.0,False
d:\Research\Multi-View Fusion Network\datasets\brisc2025\classification_task\test\pituitary\brisc2025_test_00745_pi_ax_t1.jpg,pituitary,pituitary,axial,0.027583234,0.02972766,0.91540575,0.027283302,0.9154057502746582,True,True,0.9511041,0.9069069,0.9616613418223111,0.9996189559390732,0.9406249999706054,0.0,313.0,320.0,False
d:\Research\Multi-View Fusion Network\datasets\brisc2025\classification_task\test\pituitary\brisc2025_test_00746_pi_ax_t1.jpg,pituitary,pituitary,axial,0.027771123,0.027862009,0.91626126,0.028105594,0.9162612557411194,True,True,0.8960097,0.8118162,0.9113300492386371,0.9989953787420135,0.8809523809314059,1.0,406.0,420.0,False
d:\Research\Multi-View Fusion Network\datasets\brisc2025\classification_task\test\pituitary\brisc2025_test_00747_pi_ax_t1.jpg,pituitary,pituitary,axial,0.028356781,0.03025702,0.9138779,0.027508251,0.9138779044151306,True,True,0.47446808,0.3119777,0.99999999990991,0.9950664136620404,0.31005586591312695,6.0,111.0,358.0,False
d:\Research\Multi-View Fusion Network\datasets\brisc2025\classification_task\test\pituitary\brisc2025_test_00748_pi_ax_t1.jpg,pituitary,pituitary,axial,0.026918659,0.029786848,0.9162526,0.02704187,0.916252613067627,True,True,0.8237952,0.7007673,0.9646643109199765,0.9978554105784383,0.7184210526126731,2.0,283.0,380.0,False
d:\Research\Multi-View Fusion Network\datasets\brisc2025\classification_task\test\pituitary\brisc2025_test_00749_pi_ax_t1.jpg,pituitary,pituitary,axial,0.027526356,0.027727691,0.91703653,0.027709426,0.9170365333557129,True,True,0.94889504,0.90288717,0.9346049046066865,0.9997390029912266,0.9634831460403516,0.8999999999999773,367.0,356.0,False
d:\Research\Multi-View Fusion Network\datasets\brisc2025\classification_task\test\pituitary\brisc2025_test_00750_pi_ax_t1.jpg,pituitary,pituitary,axial,0.027909001,0.030454313,0.91406894,0.027567731,0.9140689373016357,True,True,0.92604005,0.8624642,0.9287925696306875,0.999498525665256,0.9230769230485207,1.0,323.0,325.0,False
d:\Research\Multi-View Fusion Network\datasets\brisc2025\classification_task\test\pituitary\brisc2025_test_00751_pi_ax_t1.jpg,pituitary,pituitary,axial,0.028130742,0.028939769,0.9151936,0.027735783,0.9151936173439026,True,True,0.95655376,0.9167842,0.9502196193125882,0.9994948780633627,0.9629080118551497,0.0,683.0,674.0,False
d:\Research\Multi-View Fusion Network\datasets\brisc2025\classification_task\test\pituitary\brisc2025_test_00752_pi_ax_t1.jpg,pituitary,pituitary,axial,0.027906446,0.02906606,0.9149299,0.028097693,0.9149299263954163,True,True,0.9212963,0.8542857,0.9312499999708984,0.9994183247751526,0.9113149846816111,1.0,320.0,327.0,False
d:\Research\Multi-View Fusion Network\datasets\brisc2025\classification_task\test\pituitary\brisc2025_test_00753_pi_ax_t1.jpg,pituitary,pituitary,axial,0.028151536,0.028386805,0.9159341,0.027527535,0.9159340858459473,True,True,0.9237918,0.8586207,0.9288389512760734,0.9995591977396864,0.9185185184844993,1.0,267.0,270.0,False
d:\Research\Multi-View Fusion Network\datasets\brisc2025\classification_task\test\pituitary\brisc2025_test_00754_pi_ax_t1.jpg,pituitary,pituitary,axial,0.027841028,0.029127786,0.91530764,0.027723601,0.9153076410293579,True,True,0.68854964,0.5255814,0.9955752211948861,0.9959359359357366,0.5257009345671565,5.0,226.0,428.0,False
d:\Research\Multi-View Fusion Network\datasets\brisc2025\classification_task\test\pituitary\brisc2025_test_00755_pi_ax_t1.jpg,pituitary,pituitary,axial,0.02817194,0.028041737,0.9154195,0.028366746,0.9154195189476013,True,True,0.91381156,0.8413793,0.906482465452641,0.9985173149180465,0.9211663066855166,1.0,941.0,926.0,False
d:\Research\Multi-View Fusion Network\datasets\brisc2025\classification_task\test\pituitary\brisc2025_test_00756_pi_ax_t1.jpg,pituitary,pituitary,axial,0.027785303,0.028924644,0.9153495,0.02794054,0.9153494834899902,True,True,0.89597905,0.81170887,0.988416988397907,0.9977244351361316,0.8191999999868927,1.0,518.0,625.0,False
d:\Research\Multi-View Fusion Network\datasets\brisc2025\classification_task\test\pituitary\brisc2025_test_00757_pi_ax_t1.jpg,pituitary,pituitary,axial,0.02740904,0.028533079,0.9158588,0.028199056,0.915858805179596,True,True,0.980596,0.9619565,0.9738292010885148,0.9998179979775532,0.9874301675839744,0.0,726.0,716.0,False
d:\Research\Multi-View Fusion Network\datasets\brisc2025\classification_task\test\pituitary\brisc2025_test_00758_pi_ax_t1.jpg,pituitary,pituitary,axial,0.02762539,0.027825976,0.9169882,0.027560463,0.9169881939888,True,True,0.8016529,0.6692913,0.9854651162504225,0.9967290094716253,0.6752988047674243,3.605551275463989,344.0,502.0,False
d:\Research\Multi-View Fusion Network\datasets\brisc2025\classification_task\test\pituitary\brisc2025_test_00759_pi_ax_t1.jpg,pituitary,pituitary,axial,0.026568765,0.029013516,0.91701937,0.02739831,0.9170193672180176,True,True,0.9324056,0.87360597,0.9285714285345805,0.9996795128593463,0.93599999996256,1.0,252.0,250.0,False
d:\Research\Multi-View Fusion Network\datasets\brisc2025\classification_task\test\pituitary\brisc2025_test_00760_pi_ax_t1.jpg,pituitary,pituitary,axial,0.02785054,0.028788596,0.91568476,0.027676122,0.9156847596168518,True,True,0.966,0.93427837,0.9705093833650066,0.9994133117537934,0.961487383785372,0.0,746.0,753.0,False
d:\Research\Multi-View Fusion Network\datasets\brisc2025\classification_task\test\pituitary\brisc2025_test_00761_pi_ax_t1.jpg,pituitary,pituitary,axial,0.027718166,0.027529348,0.9169188,0.027833644,0.9169188141822815,True,True,0.8237214,0.70055455,0.9973614775462437,0.996766873506236,0.7012987012856902,3.605551275463989,379.0,539.0,False
d:\Research\Multi-View Fusion Network\datasets\brisc2025\classification_task\test\pituitary\brisc2025_test_00762_pi_ax_t1.jpg,pituitary,pituitary,axial,0.027197974,0.028454956,0.9171501,0.02719699,0.91715008020401,True,True,0.91597795,0.84517765,0.945868945841998,0.999157049673658,0.8877005347356229,1.0,351.0,374.0,False
d:\Research\Multi-View Fusion Network\datasets\brisc2025\classification_task\test\pituitary\brisc2025_test_00763_pi_ax_t1.jpg,pituitary,pituitary,axial,0.027515499,0.02992978,0.9152782,0.027276495,0.9152781963348389,True,True,0.9495114,0.9040248,0.9897959183336804,0.9994386752734455,0.9122257053005571,0.39999999999997726,294.0,319.0,False
d:\Research\Multi-View Fusion Network\datasets\brisc2025\classification_task\test\pituitary\brisc2025_test_00764_pi_ax_t1.jpg,pituitary,pituitary,axial,0.027817957,0.028138116,0.9160307,0.028013146,0.9160307049751282,True,True,0.9038224,0.8247191,0.9360613810502286,0.998935422315758,0.8735083532011095,1.0,391.0,419.0,False
d:\Research\Multi-View Fusion Network\datasets\brisc2025\classification_task\test\pituitary\brisc2025_test_00765_pi_ax_t1.jpg,pituitary,pituitary,axial,0.028096842,0.029459944,0.9146789,0.02776434,0.9146788716316223,True,True,0.47276688,0.3105413,0.9999999999074075,0.9951665734598956,0.3085714285626122,5.656854249492381,108.0,350.0,False
d:\Research\Multi-View Fusion Network\datasets\brisc2025\classification_task\test\pituitary\brisc2025_test_00766_pi_ax_t1.jpg,pituitary,pituitary,axial,0.026987772,0.02975248,0.9163217,0.026938023,0.9163216948509216,True,True,0.86984813,0.77011496,0.9615384614922337,0.9989593339735433,0.7936507936192996,1.020710678118636,208.0,252.0,False
d:\Research\Multi-View Fusion Network\datasets\brisc2025\classification_task\test\pituitary\brisc2025_test_00767_pi_ax_t1.jpg,pituitary,pituitary,axial,0.027896041,0.028594395,0.91551864,0.02799092,0.9155186414718628,True,True,0.6613475,0.49470899,0.9999999999462366,0.9961792358469702,0.4933687002521653,3.1622776601683795,186.0,377.0,False
d:\Research\Multi-View Fusion Network\datasets\brisc2025\classification_task\test\pituitary\brisc2025_test_00768_pi_ax_t1.jpg,pituitary,pituitary,axial,0.028121838,0.029316248,0.9145929,0.02796901,0.9145929217338562,True,True,0.8672986,0.7660167,0.9927536231524364,0.9983567134266537,0.7696629213266949,2.0,276.0,356.0,False
d:\Research\Multi-View Fusion Network\datasets\brisc2025\classification_task\test\pituitary\brisc2025_test_00769_pi_ax_t1.jpg,pituitary,pituitary,axial,0.027923213,0.027856134,0.9167705,0.027450182,0.9167705178260803,True,True,0.8480447,0.7364341,0.7912317327600995,0.9992756101975977,0.9132530120261867,2.8284271247461903,479.0,415.0,False
d:\Research\Multi-View Fusion Network\datasets\brisc2025\classification_task\test\pituitary\brisc2025_test_00770_pi_ax_t1.jpg,pituitary,pituitary,axial,0.027512139,0.029006429,0.91616786,0.027313635,0.9161678552627563,True,True,0.8969072,0.8136646,0.955882352870891,0.9995203836928459,0.8441558441010288,1.0,136.0,154.0,False
d:\Research\Multi-View Fusion Network\datasets\brisc2025\classification_task\test\pituitary\brisc2025_test_00771_pi_ax_t1.jpg,pituitary,pituitary,axial,0.027471937,0.0292444,0.9155494,0.027734239,0.9155493974685669,True,True,0.7715431,0.6286645,0.9320388349062116,0.9979987992793681,0.6575342465528241,3.605551275463989,206.0,292.0,False
d:\Research\Multi-View Fusion Network\datasets\brisc2025\classification_task\test\pituitary\brisc2025_test_00772_pi_ax_t1.jpg,pituitary,pituitary,axial,0.027999938,0.027936306,0.915987,0.028076805,0.9159870147705078,True,True,0.9178794,0.8483685,0.8855421686569168,0.9995571480331336,0.9524838012753243,1.0,498.0,463.0,False
d:\Research\Multi-View Fusion Network\datasets\brisc2025\classification_task\test\pituitary\brisc2025_test_00773_pi_ax_t1.jpg,pituitary,pituitary,axial,0.02813175,0.02797482,0.91573673,0.028156739,0.915736734867096,True,True,0.78622156,0.6479532,0.7200520833239576,0.9982593911915079,0.8654147104715898,3.605551275463989,768.0,639.0,False
d:\Research\Multi-View Fusion Network\datasets\brisc2025\classification_task\test\pituitary\brisc2025_test_00774_pi_ax_t1.jpg,pituitary,pituitary,axial,0.027552323,0.028454335,0.91616476,0.027828583,0.916164755821228,True,True,0.943761,0.8936877,0.933797909375129,0.9997394215155646,0.9537366547703297,1.0,287.0,281.0,False
d:\Research\Multi-View Fusion Network\datasets\brisc2025\classification_task\test\pituitary\brisc2025_test_00775_pi_ax_t1.jpg,pituitary,pituitary,axial,0.027432527,0.02930927,0.9157133,0.027544867,0.9157133102416992,True,True,0.93958664,0.88622755,0.9703947368101844,0.9994185113889559,0.9104938271323921,1.0,304.0,324.0,False
d:\Research\Multi-View Fusion Network\datasets\brisc2025\classification_task\test\pituitary\brisc2025_test_00776_pi_ax_t1.jpg,pituitary,pituitary,axial,0.02798206,0.029811507,0.91452694,0.027679516,0.9145269393920898,True,True,0.95761496,0.91873276,0.9514285714149796,0.9994947045029915,0.9638205499136929,0.0,700.0,691.0,False
d:\Research\Multi-View Fusion Network\datasets\brisc2025\classification_task\test\pituitary\brisc2025_test_00777_pi_ax_t1.jpg,pituitary,pituitary,axial,0.027915146,0.028326467,0.9156189,0.02813948,0.915618896484375,True,True,0.70058995,0.53968257,0.9957983192858908,0.9959549841801842,0.5398633257280213,7.0,238.0,439.0,False
d:\Research\Multi-View Fusion Network\datasets\brisc2025\classification_task\test\pituitary\brisc2025_test_00778_pi_ax_t1.jpg,pituitary,pituitary,axial,0.027760254,0.028457833,0.9154369,0.028344966,0.9154369235038757,True,True,0.6547368,0.4875,0.5201342281704653,0.9995789726931715,0.8806818181317794,4.242640687119285,298.0,176.0,False
d:\Research\Multi-View Fusion Network\datasets\brisc2025\classification_task\test\pituitary\brisc2025_test_00779_pi_ax_t1.jpg,pituitary,pituitary,axial,0.027766217,0.028603746,0.91564095,0.027989114,0.9156409502029419,True,True,0.73333335,0.5794872,0.7425742574012352,0.9982756200747903,0.7234726687870265,7.0,303.0,311.0,False
d:\Research\Multi-View Fusion Network\datasets\brisc2025\classification_task\test\pituitary\brisc2025_test_00780_pi_ax_t1.jpg,pituitary,pituitary,axial,0.027926186,0.028767755,0.91541165,0.027894378,0.915411651134491,True,True,0.9003932,0.81904763,0.8817480719567674,0.9993974330646556,0.9195710455517541,1.0,389.0,373.0,False
d:\Research\Multi-View Fusion Network\datasets\brisc2025\classification_task\test\pituitary\brisc2025_test_00781_pi_ax_t1.jpg,pituitary,pituitary,axial,0.02755241,0.028470604,0.9159772,0.02799978,0.9159771800041199,True,True,0.79072535,0.654224,0.9567723342663754,0.9967689498081446,0.6734279918727499,3.1622776601683795,347.0,493.0,False
d:\Research\Multi-View Fusion Network\datasets\brisc2025\classification_task\test\pituitary\brisc2025_test_00782_pi_ax_t1.jpg,pituitary,pituitary,axial,0.027765734,0.027663443,0.91723716,0.027333666,0.9172371625900269,True,True,0.9030023,0.8235294,0.9512195121487209,0.9993596285843791,0.8590308369665625,1.0,205.0,227.0,False
d:\Research\Multi-View Fusion Network\datasets\brisc2025\classification_task\test\pituitary\brisc2025_test_00783_pi_ax_t1.jpg,pituitary,pituitary,axial,0.027204849,0.029101806,0.9158065,0.02788691,0.9158064723014832,True,True,0.8544061,0.74666667,0.8473282442101275,0.9996403237084626,0.860465116212367,1.0,131.0,129.0,False
d:\Research\Multi-View Fusion Network\datasets\brisc2025\classification_task\test\pituitary\brisc2025_test_00784_pi_ax_t1.jpg,pituitary,pituitary,axial,0.027834656,0.027881302,0.91654015,0.027743923,0.9165401458740234,True,True,0.80373,0.6721068,0.9637526652246534,0.9958959502683735,0.689024390233399,5.0,469.0,656.0,False
d:\Research\Multi-View Fusion Network\datasets\brisc2025\classification_task\test\pituitary\brisc2025_test_00785_pi_ax_t1.jpg,pituitary,pituitary,axial,0.02754787,0.029031722,0.9155328,0.027887536,0.9155328273773193,True,True,0.9752212,0.9517241,0.9892086330579422,0.9997795502823762,0.9615384615048412,0.0,278.0,286.0,False
d:\Research\Multi-View Fusion Network\datasets\brisc2025\classification_task\test\pituitary\brisc2025_test_00786_pi_ax_t1.jpg,pituitary,pituitary,axial,0.027617795,0.030372724,0.9137292,0.02828027,0.913729190826416,True,True,0.932341,0.87341774,0.9424657533988365,0.9994177992810827,0.9222520106991353,1.0,365.0,373.0,False
d:\Research\Multi-View Fusion Network\datasets\brisc2025\classification_task\test\pituitary\brisc2025_test_00787_pi_ax_t1.jpg,pituitary,pituitary,axial,0.028446237,0.029380567,0.91378736,0.02838585,0.9137873649597168,True,True,0.89329267,0.80733943,0.969094922715914,0.9981698610299061,0.8283018867768245,1.3727922061357762,453.0,530.0,False
d:\Research\Multi-View Fusion Network\datasets\brisc2025\classification_task\test\pituitary\brisc2025_test_00788_pi_ax_t1.jpg,pituitary,pituitary,axial,0.027284633,0.029160505,0.91581666,0.027738199,0.9158166646957397,True,True,0.9297125,0.86904764,0.9602649005986579,0.9996801599198402,0.9006211179564831,1.0,151.0,161.0,False
d:\Research\Multi-View Fusion Network\datasets\brisc2025\classification_task\test\pituitary\brisc2025_test_00789_pi_ax_t1.jpg,pituitary,pituitary,axial,0.027274286,0.028780265,0.9160375,0.027907927,0.9160374999046326,True,True,0.8300971,0.7107438,0.988372092908329,0.9993212218005592,0.7142857142256903,1.4142135623730951,86.0,119.0,False
d:\Research\Multi-View Fusion Network\datasets\brisc2025\classification_task\test\pituitary\brisc2025_test_00790_pi_ax_t1.jpg,pituitary,pituitary,axial,0.02727724,0.030383326,0.91470414,0.027635282,0.9147041440010071,True,True,0.9194757,0.8512111,0.9799999999608,0.9992388735326285,0.8657243815948507,1.0,250.0,283.0,False
d:\Research\Multi-View Fusion Network\datasets\brisc2025\classification_task\test\pituitary\brisc2025_test_00791_pi_ax_t1.jpg,pituitary,pituitary,axial,0.027303096,0.028809292,0.91656077,0.027326861,0.9165607690811157,True,True,0.93677205,0.88125,0.9304635761281304,0.9996591410352088,0.9429530201025854,1.0,302.0,298.0,False
d:\Research\Multi-View Fusion Network\datasets\brisc2025\classification_task\test\pituitary\brisc2025_test_00792_pi_ax_t1.jpg,pituitary,pituitary,axial,0.02718647,0.028110292,0.9168518,0.027851405,0.916851818561554,True,True,0.9451303,0.8961039,0.9772727272449638,0.9993577392419318,0.9148936169969443,1.0,352.0,376.0,False
d:\Research\Multi-View Fusion Network\datasets\brisc2025\classification_task\test\pituitary\brisc2025_test_00793_pi_ax_t1.jpg,pituitary,pituitary,axial,0.028032688,0.028450197,0.9154724,0.028044693,0.9154723882675171,True,True,0.38252148,0.23716815,0.682051282016305,0.9926171945337243,0.264940239038547,14.317821063276353,195.0,502.0,False
d:\Research\Multi-View Fusion Network\datasets\brisc2025\classification_task\test\pituitary\brisc2025_test_00794_pi_ax_t1.jpg,pituitary,pituitary,axial,0.02743433,0.028885517,0.915469,0.028211191,0.9154689908027649,True,True,0.865019,0.76254183,0.9497907949393393,0.9988185113240686,0.7937062936785417,1.4142135623730951,239.0,286.0,False
d:\Research\Multi-View Fusion Network\datasets\brisc2025\classification_task\test\pituitary\brisc2025_test_00795_pi_ax_t1.jpg,pituitary,pituitary,axial,0.02731674,0.028111696,0.91697174,0.027599825,0.916971743106842,True,True,0.8875969,0.7986111,0.942148760252715,0.9995604834679853,0.838235294056012,1.0,121.0,136.0,False
d:\Research\Multi-View Fusion Network\datasets\brisc2025\classification_task\test\pituitary\brisc2025_test_00796_pi_ax_t1.jpg,pituitary,pituitary,axial,0.027801458,0.028582664,0.91566026,0.027955577,0.9156602621078491,True,True,0.92512316,0.86080587,0.9178082191601211,0.9993154132687004,0.9324055665818607,1.0,511.0,503.0,False
d:\Research\Multi-View Fusion Network\datasets\brisc2025\classification_task\test\pituitary\brisc2025_test_00797_pi_ax_t1.jpg,pituitary,pituitary,axial,0.02809655,0.026791386,0.917444,0.027668044,0.9174439907073975,True,True,0.90621865,0.8285976,0.9901315789365117,0.9963868139004148,0.8353376503160469,1.4142135623730951,912.0,1081.0,False
d:\Research\Multi-View Fusion Network\datasets\brisc2025\classification_task\test\pituitary\brisc2025_test_00798_pi_ax_t1.jpg,pituitary,pituitary,axial,0.028117564,0.028033817,0.91566586,0.028182806,0.915665864944458,True,True,0.9787156,0.9583333,0.9687499999929597,0.9996926229506149,0.988872403553495,0.0,1376.0,1348.0,False
d:\Research\Multi-View Fusion Network\datasets\brisc2025\classification_task\test\pituitary\brisc2025_test_00799_pi_ax_t1.jpg,pituitary,pituitary,axial,0.027613698,0.028667064,0.9158683,0.027850997,0.9158682823181152,True,True,0.8672922,0.7659575,0.9999999999690402,0.9980141616350073,0.7654028435837582,1.4142135623730951,323.0,422.0,False
d:\Research\Multi-View Fusion Network\datasets\brisc2025\classification_task\test\pituitary\brisc2025_test_00800_pi_ax_t1.jpg,pituitary,pituitary,axial,0.027871193,0.02740286,0.9172793,0.027446637,0.9172793030738831,True,True,0.8538523,0.74515235,0.9658273381121254,0.9966747279320846,0.7649572649463682,2.0,556.0,702.0,False
d:\Research\Multi-View Fusion Network\datasets\brisc2025\classification_task\test\pituitary\brisc2025_test_00801_pi_ax_t1.jpg,pituitary,pituitary,axial,0.028027432,0.028192917,0.9159096,0.027870059,0.9159095883369446,True,True,0.91613317,0.8453365,0.9986033519413603,0.9973716134247883,0.8461538461438325,1.0,716.0,845.0,False
d:\Research\Multi-View Fusion Network\datasets\brisc2025\classification_task\test\pituitary\brisc2025_test_00802_pi_ax_t1.jpg,pituitary,pituitary,axial,0.027834155,0.028122922,0.9175055,0.026537409,0.9175055027008057,True,True,0.7184943,0.56122446,0.9820627802250196,0.9966368386281111,0.5658914728535945,4.188849909443548,223.0,387.0,False
d:\Research\Multi-View Fusion Network\datasets\brisc2025\classification_task\test\pituitary\brisc2025_test_00803_pi_ax_t1.jpg,pituitary,pituitary,axial,0.027801307,0.02942623,0.91532344,0.027449034,0.9153234362602234,True,True,0.90497077,0.82666665,0.911504424751873,0.999297710536148,0.8982558139273763,1.0,339.0,344.0,False
d:\Research\Multi-View Fusion Network\datasets\brisc2025\classification_task\test\pituitary\brisc2025_test_00804_pi_ax_t1.jpg,pituitary,pituitary,axial,0.026820896,0.02953098,0.9163278,0.02732037,0.9163277745246887,True,True,0.9045802,0.8263889,0.861313868550269,0.9998800935268491,0.9516129031490635,1.0,137.0,124.0,False
d:\Research\Multi-View Fusion Network\datasets\brisc2025\classification_task\test\pituitary\brisc2025_test_00805_pi_ax_t1.jpg,pituitary,pituitary,axial,0.02839668,0.03258941,0.9107262,0.028287683,0.9107261896133423,True,True,0.67228466,0.5070422,0.9728260869036507,0.9965994559127468,0.5128939827933268,5.0,184.0,349.0,False
d:\Research\Multi-View Fusion Network\datasets\brisc2025\classification_task\test\pituitary\brisc2025_test_00806_pi_ax_t1.jpg,pituitary,pituitary,axial,0.02794065,0.029143201,0.9150205,0.02789556,0.9150205254554749,True,True,0.8481308,0.7368421,0.9836956521204513,0.9987598015680512,0.7448559670475368,2.0,184.0,243.0,False
d:\Research\Multi-View Fusion Network\datasets\brisc2025\classification_task\test\pituitary\brisc2025_test_00807_pi_ax_t1.jpg,pituitary,pituitary,axial,0.027444636,0.029504409,0.9153357,0.0277152,0.9153357148170471,True,True,0.9043583,0.82560706,0.8555045871363416,0.9996783273017693,0.9588688945768928,1.0,436.0,389.0,False
d:\Research\Multi-View Fusion Network\datasets\brisc2025\classification_task\test\pituitary\brisc2025_test_00808_pi_ax_t1.jpg,pituitary,pituitary,axial,0.027748078,0.029118953,0.915084,0.0280489,0.9150840044021606,True,True,0.9279141,0.8657143,0.9123867069210759,0.9996388805294414,0.9437499999705078,1.0,331.0,320.0,False
d:\Research\Multi-View Fusion Network\datasets\brisc2025\classification_task\test\pituitary\brisc2025_test_00809_pi_ax_t1.jpg,pituitary,pituitary,axial,0.028316295,0.02834498,0.91473526,0.02860349,0.9147352576255798,True,True,0.9266386,0.86338186,0.904817861328968,0.9991687785096809,0.9494451294580832,1.0,851.0,811.0,False
d:\Research\Multi-View Fusion Network\datasets\brisc2025\classification_task\test\pituitary\brisc2025_test_00810_pi_ax_t1.jpg,pituitary,pituitary,axial,0.02756485,0.027801478,0.9167627,0.027870983,0.9167627096176147,True,True,0.95411766,0.91235954,0.9374999999782986,0.999758764875965,0.9712230215594431,0.0,432.0,417.0,False
d:\Research\Multi-View Fusion Network\datasets\brisc2025\classification_task\test\pituitary\brisc2025_test_00811_pi_ax_t1.jpg,pituitary,pituitary,axial,0.02809245,0.028818179,0.91497254,0.028116805,0.9149725437164307,True,True,0.79196703,0.65587735,0.9297820823019423,0.9965235214916712,0.6894075403825959,5.0,413.0,557.0,False
d:\Research\Multi-View Fusion Network\datasets\brisc2025\classification_task\test\pituitary\brisc2025_test_00812_pi_ax_t1.jpg,pituitary,pituitary,axial,0.027698532,0.029639067,0.91441715,0.028245214,0.9144171476364136,True,True,0.9450867,0.89617485,0.9209039547502313,0.99989999799976,0.9702380951803429,1.0,177.0,168.0,False
d:\Research\Multi-View Fusion Network\datasets\brisc2025\classification_task\test\pituitary\brisc2025_test_00813_pi_ax_t1.jpg,pituitary,pituitary,axial,0.027753199,0.030215528,0.9139287,0.02810254,0.9139286875724792,True,True,0.3765586,0.23312883,0.23219814240767186,0.999959882053036,0.9740259738994772,11.05210996070284,323.0,77.0,False
d:\Research\Multi-View Fusion Network\datasets\brisc2025\classification_task\test\pituitary\brisc2025_test_00814_pi_ax_t1.jpg,pituitary,pituitary,axial,0.027847968,0.03021145,0.9141257,0.027814837,0.9141256809234619,True,True,0.8997722,0.8181818,0.9516908212100632,0.9993195781382459,0.8528138527769344,1.0,207.0,231.0,False
d:\Research\Multi-View Fusion Network\datasets\brisc2025\classification_task\test\pituitary\brisc2025_test_00815_pi_ax_t1.jpg,pituitary,pituitary,axial,0.02768998,0.028898684,0.915793,0.027618287,0.9157930016517639,True,True,0.48678413,0.32267442,0.9999999999090909,0.995346143090921,0.32069970844546064,12.0,110.0,343.0,False
d:\Research\Multi-View Fusion Network\datasets\brisc2025\classification_task\test\pituitary\brisc2025_test_00816_pi_ax_t1.jpg,pituitary,pituitary,axial,0.02796093,0.028349029,0.9155821,0.028107988,0.9155821204185486,True,True,0.8373894,0.7205323,0.9667519181338426,0.9973084262326007,0.7382812499855804,2.0,391.0,512.0,False
d:\Research\Multi-View Fusion Network\datasets\brisc2025\classification_task\test\pituitary\brisc2025_test_00817_pi_ax_t1.jpg,pituitary,pituitary,axial,0.028076736,0.028800068,0.914927,0.028196102,0.9149270057678223,True,True,0.9450317,0.896,0.982378854582274,0.9995595507415566,0.9102040815955018,1.0,227.0,245.0,False
d:\Research\Multi-View Fusion Network\datasets\brisc2025\classification_task\test\pituitary\brisc2025_test_00818_pi_ax_t1.jpg,pituitary,pituitary,axial,0.02706393,0.028042179,0.9175077,0.027386118,0.9175077080726624,True,True,0.9514019,0.9074733,0.9584905660015663,0.9996994650475848,0.9442379181805116,0.0,265.0,269.0,False
d:\Research\Multi-View Fusion Network\datasets\brisc2025\classification_task\test\pituitary\brisc2025_test_00819_pi_ax_t1.jpg,pituitary,pituitary,axial,0.027616536,0.028356351,0.9161578,0.027869312,0.9161577820777893,True,True,0.82286096,0.69920546,0.9715639810273055,0.995014431907435,0.7134570765578485,3.0486832980505065,633.0,862.0,False
d:\Research\Multi-View Fusion Network\datasets\brisc2025\classification_task\test\pituitary\brisc2025_test_00820_pi_ax_t1.jpg,pituitary,pituitary,axial,0.026588451,0.032986898,0.9157604,0.024664227,0.9157603979110718,True,True,0.6625,0.49689442,0.5410958903738975,0.9997201678990607,0.8494623655000578,4.242640687119285,146.0,93.0,False
d:\Research\Multi-View Fusion Network\datasets\brisc2025\classification_task\test\pituitary\brisc2025_test_00821_pi_ax_t1.jpg,pituitary,pituitary,axial,0.027172476,0.028628424,0.9170318,0.027167346,0.9170318245887756,True,True,0.9849483,0.97037035,0.9942965779278651,0.9997381671699901,0.9757462686385122,0.0,526.0,536.0,False
d:\Research\Multi-View Fusion Network\datasets\brisc2025\classification_task\test\pituitary\brisc2025_test_00822_pi_ax_t1.jpg,pituitary,pituitary,axial,0.02815111,0.029268548,0.91438156,0.028198859,0.9143815636634827,True,True,0.96857923,0.93915343,0.977900552459174,0.999698879832778,0.9593495934699363,0.0,362.0,369.0,False
d:\Research\Multi-View Fusion Network\datasets\brisc2025\classification_task\test\pituitary\brisc2025_test_00823_pi_ax_t1.jpg,pituitary,pituitary,axial,0.02762694,0.028262153,0.9165553,0.027555618,0.9165552854537964,True,True,0.95737123,0.9183673,0.9711191335389487,0.9996793522914288,0.9438596490896891,0.0,277.0,285.0,False
d:\Research\Multi-View Fusion Network\datasets\brisc2025\classification_task\test\pituitary\brisc2025_test_00824_pi_ax_t1.jpg,pituitary,pituitary,axial,0.027926069,0.030099548,0.91377443,0.028200034,0.9137744307518005,True,True,0.82922536,0.7087087,0.8047945205203837,0.9991981396838668,0.8545454545143801,2.6507193805722298,292.0,275.0,False
d:\Research\Multi-View Fusion Network\datasets\brisc2025\classification_task\test\pituitary\brisc2025_test_00825_pi_co_t1.jpg,pituitary,pituitary,coronal,0.028346214,0.027999911,0.91498727,0.028666602,0.9149872660636902,True,True,0.95327806,0.91079134,0.9418777943227737,0.9995354004643977,0.964885496168475,0.0,671.0,655.0,False
d:\Research\Multi-View Fusion Network\datasets\brisc2025\classification_task\test\pituitary\brisc2025_test_00826_pi_co_t1.jpg,pituitary,meningioma,coronal,0.025314644,0.9175118,0.030078085,0.027095487,0.9175118207931519,False,True,0.9390863,0.8852773,0.972631578926892,0.9990543449827973,0.9076620824969025,1.0,475.0,509.0,False
d:\Research\Multi-View Fusion Network\datasets\brisc2025\classification_task\test\pituitary\brisc2025_test_00827_pi_co_t1.jpg,pituitary,pituitary,coronal,0.028067011,0.028357858,0.91519994,0.028375182,0.9151999354362488,True,True,0.9490566,0.9032258,0.9471698112850124,0.9997395363745468,0.9507575757215622,0.5999999999999659,265.0,264.0,False
d:\Research\Multi-View Fusion Network\datasets\brisc2025\classification_task\test\pituitary\brisc2025_test_00828_pi_co_t1.jpg,pituitary,pituitary,coronal,0.027885884,0.028673535,0.9148524,0.028588142,0.9148523807525635,True,True,0.9459695,0.89752066,0.9584805653625577,0.9984299812411308,0.9337349397510006,1.0,1132.0,1162.0,False
d:\Research\Multi-View Fusion Network\datasets\brisc2025\classification_task\test\pituitary\brisc2025_test_00829_pi_co_t1.jpg,pituitary,pituitary,coronal,0.02854202,0.029111749,0.91353804,0.028808262,0.9135380387306213,True,True,0.92627984,0.86277,0.9755395683312872,0.9981609102481765,0.8816644993383399,1.0,695.0,769.0,False
d:\Research\Multi-View Fusion Network\datasets\brisc2025\classification_task\test\pituitary\brisc2025_test_00830_pi_co_t1.jpg,pituitary,pituitary,coronal,0.027987456,0.028067553,0.9154601,0.028484803,0.9154601097106934,True,True,0.8487179,0.73777777,0.7783018867557404,0.9997598270752943,0.9322033897778416,3.605551275463989,212.0,177.0,False
d:\Research\Multi-View Fusion Network\datasets\brisc2025\classification_task\test\pituitary\brisc2025_test_00831_pi_co_t1.jpg,pituitary,pituitary,coronal,0.02857376,0.028286425,0.9150355,0.02810423,0.9150354862213135,True,True,0.9075,0.8310502,0.8578199051726152,0.9998599019311519,0.9627659573955976,1.0,211.0,188.0,False
d:\Research\Multi-View Fusion Network\datasets\brisc2025\classification_task\test\pituitary\brisc2025_test_00832_pi_co_t1.jpg,pituitary,pituitary,coronal,0.029449448,0.029180234,0.9123549,0.029015407,0.9123548865318298,True,True,0.93133044,0.8716577,0.9206798866594708,0.9995985789693517,0.9420289854799412,1.0,353.0,345.0,False
d:\Research\Multi-View Fusion Network\datasets\brisc2025\classification_task\test\pituitary\brisc2025_test_00833_pi_co_t1.jpg,pituitary,pituitary,coronal,0.027936786,0.028091125,0.915948,0.028024051,0.9159479737281799,True,True,0.9326241,0.8738938,0.9825436408732533,0.9989954796582624,0.8873873873674012,1.0,401.0,444.0,False
d:\Research\Multi-View Fusion Network\datasets\brisc2025\classification_task\test\pituitary\brisc2025_test_00834_pi_co_t1.jpg,pituitary,pituitary,coronal,0.027947415,0.028505584,0.91512036,0.028426668,0.9151203632354736,True,True,0.9663533,0.93492824,0.981891348078653,0.9989833678986217,0.9512670565209429,0.0,994.0,1026.0,False
d:\Research\Multi-View Fusion Network\datasets\brisc2025\classification_task\test\pituitary\brisc2025_test_00835_pi_co_t1.jpg,pituitary,pituitary,coronal,0.028042937,0.028921211,0.9143329,0.028702825,0.914332926273346,True,True,0.7690114,0.625,0.876355748354092,0.9962586744441324,0.6847457627002586,2.0,461.0,590.0,False
d:\Research\Multi-View Fusion Network\datasets\brisc2025\classification_task\test\pituitary\brisc2025_test_00836_pi_co_t1.jpg,pituitary,pituitary,coronal,0.028707694,0.030971706,0.91107094,0.029249614,0.9110709428787231,True,True,0.74703,0.59643257,0.6402877697764954,0.9987434639858541,0.895973154347383,5.0,834.0,596.0,False
d:\Research\Multi-View Fusion Network\datasets\brisc2025\classification_task\test\pituitary\brisc2025_test_00837_pi_co_t1.jpg,pituitary,pituitary,coronal,0.028525934,0.02895234,0.913169,0.029352663,0.9131690263748169,True,True,0.84659636,0.73421925,0.7564322469853099,0.9996370455505819,0.9607843137045581,2.23606797749979,583.0,459.0,False
d:\Research\Multi-View Fusion Network\datasets\brisc2025\classification_task\test\pituitary\brisc2025_test_00838_pi_co_t1.jpg,pituitary,pituitary,coronal,0.028289355,0.028402762,0.91489744,0.028410431,0.9148974418640137,True,True,0.42857143,0.2751678,0.99999999975,0.9978458592626062,0.2702702702520087,10.03241915372858,40.0,148.0,False
d:\Research\Multi-View Fusion Network\datasets\brisc2025\classification_task\test\pituitary\brisc2025_test_00839_pi_co_t1.jpg,pituitary,pituitary,coronal,0.027502827,0.028123975,0.91640687,0.027966373,0.9164068698883057,True,True,0.90608466,0.8285024,0.8528678304026716,0.9997589151178303,0.9661016948879632,1.0,401.0,354.0,False
d:\Research\Multi-View Fusion Network\datasets\brisc2025\classification_task\test\pituitary\brisc2025_test_00840_pi_co_t1.jpg,pituitary,pituitary,coronal,0.02803232,0.028445227,0.9150732,0.0284493,0.9150732159614563,True,True,0.8456113,0.7327001,0.7800289435487695,0.9990906335251089,0.9229452054636482,2.0,691.0,584.0,False
d:\Research\Multi-View Fusion Network\datasets\brisc2025\classification_task\test\pituitary\brisc2025_test_00841_pi_co_t1.jpg,pituitary,pituitary,coronal,0.028393777,0.028200174,0.9145034,0.02890266,0.9145033955574036,True,True,0.8877119,0.7982234,0.8155844155738236,0.9996559122371778,0.973643410837618,2.0,770.0,645.0,False
d:\Research\Multi-View Fusion Network\datasets\brisc2025\classification_task\test\pituitary\brisc2025_test_00842_pi_co_t1.jpg,pituitary,pituitary,coronal,0.027817395,0.0290595,0.9150848,0.028038248,0.9150847792625427,True,True,0.6911765,0.5284974,0.9050445103589008,0.9951644294626708,0.5586080585978277,12.0,337.0,546.0,False
d:\Research\Multi-View Fusion Network\datasets\brisc2025\classification_task\test\pituitary\brisc2025_test_00843_pi_co_t1.jpg,pituitary,pituitary,coronal,0.028293407,0.027697384,0.9160075,0.02800178,0.9160075187683105,True,True,0.54027355,0.37044746,0.9466666666414222,0.9882532479265501,0.37765957446406745,18.0,375.0,940.0,False
d:\Research\Multi-View Fusion Network\datasets\brisc2025\classification_task\test\pituitary\brisc2025_test_00844_pi_co_t1.jpg,pituitary,pituitary,coronal,0.02804447,0.02749889,0.91589147,0.028565142,0.9158914685249329,True,True,0.8628454,0.7589928,0.9745370370144782,0.9975273399805007,0.7738970588093034,2.0,432.0,544.0,False
d:\Research\Multi-View Fusion Network\datasets\brisc2025\classification_task\test\pituitary\brisc2025_test_00845_pi_co_t1.jpg,pituitary,pituitary,coronal,0.028608624,0.030051121,0.913243,0.028097225,0.9132429957389832,True,True,0.9360529,0.8799172,0.954954954933447,0.9992359044476395,0.9177489177290531,1.0,444.0,462.0,False
d:\Research\Multi-View Fusion Network\datasets\brisc2025\classification_task\test\pituitary\brisc2025_test_00846_pi_co_t1.jpg,pituitary,pituitary,coronal,0.027983764,0.028702363,0.9154219,0.027892012,0.9154219031333923,True,True,0.78107077,0.64106584,0.9951219511952409,0.9954386528953512,0.6425196850292516,5.0,410.0,635.0,False
d:\Research\Multi-View Fusion Network\datasets\brisc2025\classification_task\test\pituitary\brisc2025_test_00847_pi_co_t1.jpg,pituitary,pituitary,coronal,0.028733091,0.02841706,0.914477,0.0283729,0.9144769906997681,True,True,0.67183226,0.50617284,0.9813333333071644,0.9929117889197019,0.5104022191330041,13.0,375.0,721.0,False
d:\Research\Multi-View Fusion Network\datasets\brisc2025\classification_task\test\pituitary\brisc2025_test_00848_pi_co_t1.jpg,pituitary,pituitary,coronal,0.028877217,0.02843692,0.91406155,0.028624255,0.9140615463256836,True,True,0.8789102,0.78417265,0.9157894736649307,0.9983903744389453,0.8446601941583561,1.0,475.0,515.0,False
d:\Research\Multi-View Fusion Network\datasets\brisc2025\classification_task\test\pituitary\brisc2025_test_00849_pi_co_t1.jpg,pituitary,pituitary,coronal,0.028827548,0.027940676,0.9148518,0.028380072,0.9148517847061157,True,True,0.9000925,0.8184874,0.9681274900205552,0.9981479244673274,0.8408304498124424,1.0,502.0,578.0,False
d:\Research\Multi-View Fusion Network\datasets\brisc2025\classification_task\test\pituitary\brisc2025_test_00850_pi_co_t1.jpg,pituitary,pituitary,coronal,0.02846319,0.02828617,0.9146794,0.028571181,0.9146794080734253,True,True,0.919598,0.85139316,0.9102990032920166,0.9995789473682207,0.9288135592905487,1.0,301.0,295.0,False
d:\Research\Multi-View Fusion Network\datasets\brisc2025\classification_task\test\pituitary\brisc2025_test_00851_pi_co_t1.jpg,pituitary,pituitary,coronal,0.028211817,0.028332291,0.9146827,0.028773203,0.9146826863288879,True,True,0.8382353,0.7217262,0.7694753576984185,0.999152320019174,0.9201520912372595,3.605551275463989,629.0,526.0,False
d:\Research\Multi-View Fusion Network\datasets\brisc2025\classification_task\test\pituitary\brisc2025_test_00852_pi_co_t1.jpg,pituitary,pituitary,coronal,0.029230522,0.027485562,0.9145729,0.02871097,0.9145728945732117,True,True,0.9237369,0.8584071,0.9080675421968467,0.9993755413651473,0.9398058252244698,1.0,533.0,515.0,False
d:\Research\Multi-View Fusion Network\datasets\brisc2025\classification_task\test\pituitary\brisc2025_test_00853_pi_co_t1.jpg,pituitary,pituitary,coronal,0.028041651,0.028186265,0.9157948,0.027977282,0.9157947897911072,True,True,0.92517537,0.8608696,0.96266233764671,0.9985270379336162,0.8903903903770212,1.0,616.0,666.0,False
d:\Research\Multi-View Fusion Network\datasets\brisc2025\classification_task\test\pituitary\brisc2025_test_00854_pi_co_t1.jpg,pituitary,pituitary,coronal,0.027772471,0.027969252,0.9162238,0.028034374,0.9162238240242004,True,True,0.7526946,0.6036468,0.9952456418225792,0.9917246947217698,0.6050096339055395,4.47213595499958,631.0,1038.0,False
d:\Research\Multi-View Fusion Network\datasets\brisc2025\classification_task\test\pituitary\brisc2025_test_00855_pi_co_t1.jpg,pituitary,pituitary,coronal,0.028266773,0.028441332,0.9147203,0.028571585,0.9147202968597412,True,True,0.82342654,0.70029676,0.79124579121915,0.9992181078207264,0.8576642335453407,1.4142135623730951,297.0,274.0,False
d:\Research\Multi-View Fusion Network\datasets\brisc2025\classification_task\test\pituitary\brisc2025_test_00856_pi_co_t1.jpg,pituitary,pituitary,coronal,0.027753696,0.02830155,0.9158725,0.028072307,0.9158725142478943,True,True,0.971415,0.9444444,0.9798076922982711,0.9992062845976476,0.9631379962101784,0.0,1040.0,1058.0,False
d:\Research\Multi-View Fusion Network\datasets\brisc2025\classification_task\test\pituitary\brisc2025_test_00857_pi_co_t1.jpg,pituitary,pituitary,coronal,0.027810456,0.02890972,0.9150112,0.028268604,0.9150112271308899,True,True,0.9591503,0.9216301,0.970198675464563,0.9996791915625377,0.9482200646942324,0.0,302.0,309.0,False
d:\Research\Multi-View Fusion Network\datasets\brisc2025\classification_task\test\pituitary\brisc2025_test_00858_pi_co_t1.jpg,pituitary,pituitary,coronal,0.027808215,0.028351028,0.915439,0.028401706,0.9154390096664429,True,True,0.93655175,0.88082904,0.9495798319061742,0.9994379654346737,0.9237057220456756,1.0,357.0,367.0,False
d:\Research\Multi-View Fusion Network\datasets\brisc2025\classification_task\test\pituitary\brisc2025_test_00859_pi_co_t1.jpg,pituitary,pituitary,coronal,0.028037919,0.029214114,0.9141007,0.028647259,0.914100706577301,True,True,0.89923257,0.8169697,0.9144602851261748,0.9963862595731278,0.8844386080046984,1.4142135623730951,1473.0,1523.0,False
d:\Research\Multi-View Fusion Network\datasets\brisc2025\classification_task\test\pituitary\brisc2025_test_00860_pi_co_t1.jpg,pituitary,pituitary,coronal,0.028453926,0.029091712,0.9134037,0.029050656,0.9134036898612976,True,True,0.9670402,0.93622446,0.9721485411011651,0.9994132167858445,0.9619422572052239,0.0,754.0,762.0,False
d:\Research\Multi-View Fusion Network\datasets\brisc2025\classification_task\test\pituitary\brisc2025_test_00861_pi_co_t1.jpg,pituitary,pituitary,coronal,0.028363718,0.028319174,0.9148366,0.028480474,0.914836585521698,True,True,0.9391026,0.8852657,0.966974900911929,0.9985835407432367,0.9127182044773975,1.0,757.0,802.0,False
d:\Research\Multi-View Fusion Network\datasets\brisc2025\classification_task\test\pituitary\brisc2025_test_00862_pi_co_t1.jpg,pituitary,pituitary,coronal,0.028602853,0.02790737,0.91494834,0.028541416,0.9149483442306519,True,True,0.59902793,0.42807627,0.4497257769570434,0.9994156642283747,0.8945454545129256,6.985410196624948,547.0,275.0,False
d:\Research\Multi-View Fusion Network\datasets\brisc2025\classification_task\test\pituitary\brisc2025_test_00863_pi_co_t1.jpg,pituitary,pituitary,coronal,0.028418675,0.02807239,0.9153701,0.028138762,0.9153701066970825,True,True,0.7981982,0.66467065,0.7293729372696577,0.9993984721189824,0.8804780876143236,2.23606797749979,303.0,251.0,False
d:\Research\Multi-View Fusion Network\datasets\brisc2025\classification_task\test\pituitary\brisc2025_test_00864_pi_co_t1.jpg,pituitary,pituitary,coronal,0.028864954,0.028598852,0.91424626,0.028289843,0.9142462611198425,True,True,0.8221529,0.6984127,0.7827380952147994,0.9991773675760436,0.8651315789189101,2.0,336.0,304.0,False
d:\Research\Multi-View Fusion Network\datasets\brisc2025\classification_task\test\pituitary\brisc2025_test_00865_pi_co_t1.jpg,pituitary,pituitary,coronal,0.028932324,0.028893506,0.91359824,0.028575862,0.9135982394218445,True,True,0.9210155,0.8537859,0.9080779944036746,0.9995383102151877,0.9340974211766734,1.0,359.0,349.0,False
d:\Research\Multi-View Fusion Network\datasets\brisc2025\classification_task\test\pituitary\brisc2025_test_00866_pi_co_t1.jpg,pituitary,pituitary,coronal,0.028322618,0.02874183,0.91437155,0.028564028,0.9143715500831604,True,True,0.9179367,0.8484849,0.924349881774838,0.9992362269609875,0.9114219114006661,1.0,423.0,429.0,False
d:\Research\Multi-View Fusion Network\datasets\brisc2025\classification_task\test\pituitary\brisc2025_test_00867_pi_co_t1.jpg,pituitary,pituitary,coronal,0.028279861,0.027929561,0.9148204,0.028970238,0.9148203730583191,True,True,0.79083663,0.65460527,0.9082568806922817,0.9982985707992718,0.6996466430848182,2.8284271247461903,218.0,283.0,False
d:\Research\Multi-View Fusion Network\datasets\brisc2025\classification_task\test\pituitary\brisc2025_test_00868_pi_co_t1.jpg,pituitary,pituitary,coronal,0.028345509,0.028137023,0.9144704,0.029047051,0.914470374584198,True,True,0.90359896,0.82435596,0.8560975609547293,0.999678495358076,0.9564032697287084,1.0,410.0,367.0,False
d:\Research\Multi-View Fusion Network\datasets\brisc2025\classification_task\test\pituitary\brisc2025_test_00869_pi_co_t1.jpg,pituitary,pituitary,coronal,0.02813866,0.027973918,0.91517097,0.028716395,0.9151709675788879,True,True,0.89541984,0.8107735,0.8946564885359595,0.9986268451765921,0.8960244648181036,1.0,655.0,654.0,False
d:\Research\Multi-View Fusion Network\datasets\brisc2025\classification_task\test\pituitary\brisc2025_test_00870_pi_co_t1.jpg,pituitary,pituitary,coronal,0.02795654,0.028706945,0.9151791,0.028157517,0.9151790738105774,True,True,0.9668382,0.9358407,0.9802784222624098,0.9991685930970924,0.9537246049553756,0.0,862.0,886.0,False
d:\Research\Multi-View Fusion Network\datasets\brisc2025\classification_task\test\pituitary\brisc2025_test_00871_pi_co_t1.jpg,pituitary,pituitary,coronal,0.028478248,0.028660858,0.9142283,0.028632607,0.9142283201217651,True,True,0.9684494,0.9388516,0.9774669774593826,0.9989159115545422,0.9595728451490498,0.0,1287.0,1311.0,False
d:\Research\Multi-View Fusion Network\datasets\brisc2025\classification_task\test\pituitary\brisc2025_test_00872_pi_co_t1.jpg,pituitary,pituitary,coronal,0.028270006,0.02984155,0.9132537,0.028634721,0.9132537245750427,True,True,0.8306852,0.7105263,0.9576174112146894,0.9938340466095382,0.7333333333269006,15.231546211727817,873.0,1140.0,False
d:\Research\Multi-View Fusion Network\datasets\brisc2025\classification_task\test\pituitary\brisc2025_test_00873_pi_co_t1.jpg,pituitary,pituitary,coronal,0.028767994,0.028549304,0.91399276,0.028689984,0.9139927625656128,True,True,0.92251813,0.8562444,0.8998109640746711,0.998900606702024,0.9463220675850266,1.0,1058.0,1006.0,False
d:\Research\Multi-View Fusion Network\datasets\brisc2025\classification_task\test\pituitary\brisc2025_test_00874_pi_co_t1.jpg,pituitary,pituitary,coronal,0.02820615,0.028318029,0.91480047,0.02867532,0.9148004651069641,True,True,0.95543903,0.914787,0.9604221635630495,0.9996184509104967,0.9503916448838018,0.0,379.0,383.0,False
d:\Research\Multi-View Fusion Network\datasets\brisc2025\classification_task\test\pituitary\brisc2025_test_00875_pi_co_t1.jpg,pituitary,pituitary,coronal,0.028446587,0.028113572,0.9152032,0.028236657,0.9152032136917114,True,True,0.9623389,0.92748094,0.9472656249814987,0.9997785115977369,0.9778225806254471,0.0,512.0,496.0,False
d:\Research\Multi-View Fusion Network\datasets\brisc2025\classification_task\test\pituitary\brisc2025_test_00876_pi_co_t1.jpg,pituitary,pituitary,coronal,0.028378308,0.02830166,0.9144321,0.028887946,0.9144321084022522,True,True,0.4613936,0.3007335,0.7393939393491276,0.9951410689646288,0.3342465753333083,15.018313008105098,165.0,365.0,False
d:\Research\Multi-View Fusion Network\datasets\brisc2025\classification_task\test\pituitary\brisc2025_test_00877_pi_co_t1.jpg,pituitary,pituitary,coronal,0.0283812,0.02853096,0.91435915,0.02872861,0.9143591523170471,True,True,0.92990655,0.86905915,0.9728260869459475,0.9977667695304131,0.8905472636727308,1.0,920.0,1005.0,False
d:\Research\Multi-View Fusion Network\datasets\brisc2025\classification_task\test\pituitary\brisc2025_test_00878_pi_co_t1.jpg,pituitary,pituitary,coronal,0.027969023,0.027248604,0.9162353,0.028547008,0.9162353277206421,True,True,0.8491989,0.7381342,0.7745266781278051,0.9994152636352457,0.9394572024856063,2.265685934862083,581.0,479.0,False
d:\Research\Multi-View Fusion Network\datasets\brisc2025\classification_task\test\pituitary\brisc2025_test_00879_pi_co_t1.jpg,pituitary,pituitary,coronal,0.027647752,0.028429318,0.9157756,0.028147262,0.9157755970954895,True,True,0.85955054,0.75409836,0.8149466191880802,0.9995390319669307,0.908730158694098,1.0,281.0,252.0,False
d:\Research\Multi-View Fusion Network\datasets\brisc2025\classification_task\test\pituitary\brisc2025_test_00880_pi_co_t1.jpg,pituitary,pituitary,coronal,0.028131532,0.02886508,0.91459304,0.028410342,0.9145930409431458,True,True,0.8247588,0.7021858,0.7420289854857383,0.9995986434145413,0.9275362318504515,2.8284271247461903,345.0,276.0,False
d:\Research\Multi-View Fusion Network\datasets\brisc2025\classification_task\test\pituitary\brisc2025_test_00881_pi_co_t1.jpg,pituitary,pituitary,coronal,0.028753243,0.027775845,0.9149458,0.028525105,0.9149457812309265,True,True,0.9802976,0.96136457,0.9661157024753466,0.9997487226733814,0.994893617017043,0.0,2420.0,2350.0,False
d:\Research\Multi-View Fusion Network\datasets\brisc2025\classification_task\test\pituitary\brisc2025_test_00882_pi_co_t1.jpg,pituitary,pituitary,coronal,0.028295403,0.02731888,0.9159663,0.028419413,0.915966272354126,True,True,0.87659895,0.7804552,0.9009287925557131,0.9979810216028674,0.8533724340050826,1.4142135623730951,646.0,682.0,False
d:\Research\Multi-View Fusion Network\datasets\brisc2025\classification_task\test\pituitary\brisc2025_test_00883_pi_co_t1.jpg,pituitary,pituitary,coronal,0.028239258,0.02927425,0.91438186,0.028104587,0.9143818616867065,True,True,0.85264057,0.74332345,0.7507507507394782,0.9998586144211271,0.9861932938661501,8.135839149473233,666.0,507.0,False
d:\Research\Multi-View Fusion Network\datasets\brisc2025\classification_task\test\pituitary\brisc2025_test_00884_pi_co_t1.jpg,pituitary,pituitary,coronal,0.028349394,0.028301844,0.9147652,0.028583638,0.9147651791572571,True,True,0.9278947,0.86555445,0.8881048387007248,0.9994713728039608,0.9713340683465123,1.0,992.0,907.0,False
d:\Research\Multi-View Fusion Network\datasets\brisc2025\classification_task\test\pituitary\brisc2025_test_00885_pi_co_t1.jpg,pituitary,pituitary,coronal,0.027846249,0.027933262,0.915879,0.028341493,0.9158790111541748,True,True,0.826484,0.7045101,0.7385620914912,0.9993947219754259,0.9377593360801295,4.0,612.0,482.0,False
d:\Research\Multi-View Fusion Network\datasets\brisc2025\classification_task\test\pituitary\brisc2025_test_00886_pi_co_t1.jpg,pituitary,pituitary,coronal,0.028047554,0.028466724,0.91457915,0.028906558,0.9145791530609131,True,True,0.836478,0.72043014,0.8354430378689314,0.9997405034231592,0.8354430378689314,2.0,79.0,79.0,False
d:\Research\Multi-View Fusion Network\datasets\brisc2025\classification_task\test\pituitary\brisc2025_test_00887_pi_co_t1.jpg,pituitary,pituitary,coronal,0.02800302,0.028837558,0.9146677,0.028491596,0.9146677255630493,True,True,0.95657897,0.91687655,0.9379844960997936,0.9998192371807026,0.9758064515866719,0.0,387.0,372.0,False
d:\Research\Multi-View Fusion Network\datasets\brisc2025\classification_task\test\pituitary\brisc2025_test_00888_pi_co_t1.jpg,pituitary,pituitary,coronal,0.028318137,0.028284175,0.915345,0.028052716,0.9153450131416321,True,True,0.7408759,0.5895954,0.9805825241766425,0.9986220118624811,0.5941176470238754,2.23606797749979,103.0,170.0,False
d:\Research\Multi-View Fusion Network\datasets\brisc2025\classification_task\test\pituitary\brisc2025_test_00889_pi_co_t1.jpg,pituitary,pituitary,coronal,0.028234527,0.028742637,0.91462964,0.028393101,0.9146296381950378,True,True,0.93047035,0.870229,0.9742489269968133,0.9994393608711933,0.8901960783964629,1.0,233.0,255.0,False
d:\Research\Multi-View Fusion Network\datasets\brisc2025\classification_task\test\pituitary\brisc2025_test_00890_pi_co_t1.jpg,pituitary,pituitary,coronal,0.0278403,0.029226143,0.91553515,0.02739844,0.9155351519584656,True,True,0.7617729,0.6160714,0.9513888888228201,0.9984210105530464,0.6342592592298953,3.0,144.0,216.0,False
d:\Research\Multi-View Fusion Network\datasets\brisc2025\classification_task\test\pituitary\brisc2025_test_00891_pi_co_t1.jpg,pituitary,pituitary,coronal,0.027975025,0.027941622,0.9158174,0.028265942,0.915817379951477,True,True,0.96049744,0.9240506,0.9590643274713587,0.9994746625715268,0.961876832830471,0.0,684.0,682.0,False
d:\Research\Multi-View Fusion Network\datasets\brisc2025\classification_task\test\pituitary\brisc2025_test_00892_pi_co_t1.jpg,pituitary,pituitary,coronal,0.028041802,0.027769335,0.9158209,0.028368028,0.9158208966255188,True,True,0.85868263,0.7526205,0.8817733989930597,0.9985935302388993,0.8364485981112979,2.8284271247461903,406.0,428.0,False
d:\Research\Multi-View Fusion Network\datasets\brisc2025\classification_task\test\pituitary\brisc2025_test_00893_pi_co_t1.jpg,pituitary,pituitary,coronal,0.028832259,0.029559897,0.912749,0.028858893,0.9127489924430847,True,True,0.9203036,0.852459,0.9553219447969077,0.9981382171403425,0.8876678876570492,1.0,761.0,819.0,False
d:\Research\Multi-View Fusion Network\datasets\brisc2025\classification_task\test\pituitary\brisc2025_test_00894_pi_co_t1.jpg,pituitary,pituitary,coronal,0.028290967,0.028210297,0.9148037,0.028695028,0.914803683757782,True,True,0.93619734,0.8800959,0.8814102564031939,0.9999591236099984,0.9981851179582742,1.0,1248.0,1102.0,False
d:\Research\Multi-View Fusion Network\datasets\brisc2025\classification_task\test\pituitary\brisc2025_test_00895_pi_co_t1.jpg,pituitary,pituitary,coronal,0.027840666,0.027695179,0.9166458,0.02781826,0.9166458249092102,True,True,0.92919075,0.8679245,0.9668674698503955,0.9992376213785011,0.8941504178023914,1.0,332.0,359.0,False
d:\Research\Multi-View Fusion Network\datasets\brisc2025\classification_task\test\pituitary\brisc2025_test_00896_pi_co_t1.jpg,pituitary,pituitary,coronal,0.028344592,0.028623872,0.9145616,0.028469898,0.9145616292953491,True,True,0.94285715,0.891954,0.9348612786376976,0.9991894137432875,0.9509202453871053,1.0,829.0,815.0,False
d:\Research\Multi-View Fusion Network\datasets\brisc2025\classification_task\test\pituitary\brisc2025_test_00897_pi_co_t1.jpg,pituitary,pituitary,coronal,0.028484002,0.028568642,0.9142151,0.028732315,0.914215087890625,True,True,0.90286624,0.8231884,0.8899371068902535,0.9994785189937424,0.9158576051483541,1.0,318.0,309.0,False
d:\Research\Multi-View Fusion Network\datasets\brisc2025\classification_task\test\pituitary\brisc2025_test_00898_pi_co_t1.jpg,pituitary,pituitary,coronal,0.028518086,0.028351251,0.91458344,0.028547283,0.9145834445953369,True,True,0.943128,0.8924731,0.952107279675247,0.9992951222457407,0.9342105262982291,1.0,522.0,532.0,False
d:\Research\Multi-View Fusion Network\datasets\brisc2025\classification_task\test\pituitary\brisc2025_test_00899_pi_co_t1.jpg,pituitary,pituitary,coronal,0.028225916,0.028269542,0.9149369,0.028567594,0.914936900138855,True,True,0.70617694,0.5463917,0.8865546218114893,0.9970163002120637,0.5861111110948303,11.668323207844955,238.0,360.0,False
d:\Research\Multi-View Fusion Network\datasets\brisc2025\classification_task\test\pituitary\brisc2025_test_00900_pi_co_t1.jpg,pituitary,pituitary,coronal,0.028073514,0.027983043,0.91517776,0.028765649,0.9151777625083923,True,True,0.87582564,0.7793427,0.9594202898272631,0.998394573658767,0.805352798033933,1.4142135623730951,345.0,411.0,False
d:\Research\Multi-View Fusion Network\datasets\brisc2025\classification_task\test\pituitary\brisc2025_test_00901_pi_co_t1.jpg,pituitary,pituitary,coronal,0.028163277,0.028442388,0.9147591,0.028635265,0.91475909948349,True,True,0.9551672,0.9142442,0.9262536873019727,0.9998181744714939,0.9858712715700805,0.0,678.0,637.0,False
d:\Research\Multi-View Fusion Network\datasets\brisc2025\classification_task\test\pituitary\brisc2025_test_00902_pi_co_t1.jpg,pituitary,pituitary,coronal,0.02862385,0.028335463,0.9143952,0.028645381,0.9143952131271362,True,True,0.9413043,0.8893443,0.9391304347417769,0.999739718896208,0.9432314410068457,1.0,230.0,229.0,False
d:\Research\Multi-View Fusion Network\datasets\brisc2025\classification_task\test\pituitary\brisc2025_test_00903_pi_co_t1.jpg,pituitary,pituitary,coronal,0.028786603,0.028754115,0.91386926,0.028589943,0.9138692617416382,True,True,0.65981734,0.4931973,0.9411764705267205,0.9972012874075932,0.5070422535032731,7.347242532597193,153.0,284.0,False
d:\Research\Multi-View Fusion Network\datasets\brisc2025\classification_task\test\pituitary\brisc2025_test_00904_pi_co_t1.jpg,pituitary,pituitary,coronal,0.028562114,0.027682615,0.9152659,0.028489398,0.9152659177780151,True,True,0.9767784,0.95462376,0.9898688915316457,0.9987215967666712,0.9640162507198838,0.0,1678.0,1723.0,False
d:\Research\Multi-View Fusion Network\datasets\brisc2025\classification_task\test\pituitary\brisc2025_test_00905_pi_co_t1.jpg,pituitary,pituitary,coronal,0.028294785,0.028026622,0.9150624,0.028616147,0.915062427520752,True,True,0.7374477,0.5844371,0.5956006768088731,0.9997579913278211,0.9670329670064002,9.219544457292887,591.0,364.0,False
d:\Research\Multi-View Fusion Network\datasets\brisc2025\classification_task\test\pituitary\brisc2025_test_00906_pi_co_t1.jpg,pituitary,pituitary,coronal,0.027895264,0.027360912,0.9163609,0.02838284,0.9163609147071838,True,True,0.9657895,0.9338983,0.9803921568452693,0.9994356545397562,0.9515570934091426,0.0,561.0,578.0,False
d:\Research\Multi-View Fusion Network\datasets\brisc2025\classification_task\test\pituitary\brisc2025_test_00907_pi_co_t1.jpg,pituitary,pituitary,coronal,0.0277582,0.028013628,0.915868,0.02836014,0.9158679842948914,True,True,0.91550416,0.8442322,0.9687763712998416,0.996427915331184,0.867724867718309,1.0,1185.0,1323.0,False
d:\Research\Multi-View Fusion Network\datasets\brisc2025\classification_task\test\pituitary\brisc2025_test_00908_pi_co_t1.jpg,pituitary,pituitary,coronal,0.02826828,0.027689973,0.91556,0.028481664,0.9155600070953369,True,True,0.94715446,0.89966923,0.952102803727195,0.9989862124896596,0.942196531781015,1.0,856.0,865.0,False
d:\Research\Multi-View Fusion Network\datasets\brisc2025\classification_task\test\pituitary\brisc2025_test_00909_pi_co_t1.jpg,pituitary,pituitary,coronal,0.027903827,0.028111696,0.91565335,0.028331114,0.9156533479690552,True,True,0.9292763,0.86809814,0.9657534246244605,0.999338465239155,0.895238095209675,1.0,292.0,315.0,False
d:\Research\Multi-View Fusion Network\datasets\brisc2025\classification_task\test\pituitary\brisc2025_test_00910_pi_co_t1.jpg,pituitary,pituitary,coronal,0.028360894,0.029794166,0.9135453,0.028299678,0.9135453104972839,True,True,0.6976517,0.536036,0.88999999997775,0.9946761491479841,0.5732689210857767,19.0,400.0,621.0,False
d:\Research\Multi-View Fusion Network\datasets\brisc2025\classification_task\test\pituitary\brisc2025_test_00911_pi_co_t1.jpg,pituitary,pituitary,coronal,0.02966525,0.030202575,0.9112821,0.02885008,0.9112821221351624,True,True,0.8614458,0.7570422,0.7896678966498277,0.9997595431317504,0.9469026548253583,1.4142135623730951,271.0,226.0,False
d:\Research\Multi-View Fusion Network\datasets\brisc2025\classification_task\test\pituitary\brisc2025_test_00912_pi_co_t1.jpg,pituitary,pituitary,coronal,0.028088847,0.02782421,0.91608125,0.028005775,0.9160812497138977,True,True,0.90317196,0.82370824,0.9747292418420676,0.9989779354293676,0.8411214953008996,1.0,277.0,321.0,False
d:\Research\Multi-View Fusion Network\datasets\brisc2025\classification_task\test\pituitary\brisc2025_test_00913_pi_co_t1.jpg,pituitary,pituitary,coronal,0.028416092,0.028240548,0.91511756,0.028225828,0.9151175618171692,True,True,0.9625159,0.92778456,0.970512820500378,0.9992711960480608,0.9546027742628675,0.0,780.0,793.0,False
d:\Research\Multi-View Fusion Network\datasets\brisc2025\classification_task\test\pituitary\brisc2025_test_00914_pi_co_t1.jpg,pituitary,pituitary,coronal,0.028260328,0.028683672,0.9143445,0.028711516,0.9143444895744324,True,True,0.89819,0.8153215,0.9384858044016011,0.99806225021174,0.8610709117096805,1.0,634.0,691.0,False
d:\Research\Multi-View Fusion Network\datasets\brisc2025\classification_task\test\pituitary\brisc2025_test_00915_pi_sa_t1.jpg,pituitary,pituitary,sagittal,0.02827926,0.028585628,0.91450816,0.02862699,0.9145081639289856,True,True,0.9092827,0.8339768,0.8995815899205196,0.9996195205957508,0.9188034187641537,1.0,239.0,234.0,False
d:\Research\Multi-View Fusion Network\datasets\brisc2025\classification_task\test\pituitary\brisc2025_test_00916_pi_sa_t1.jpg,pituitary,pituitary,sagittal,0.028122963,0.028769497,0.91441387,0.028693706,0.9144138693809509,True,True,0.9187898,0.85,0.8597014925116507,0.9999197447882266,0.9863013698292362,1.0,335.0,292.0,False
d:\Research\Multi-View Fusion Network\datasets\brisc2025\classification_task\test\pituitary\brisc2025_test_00917_pi_sa_t1.jpg,pituitary,pituitary,sagittal,0.027978733,0.028484926,0.9148216,0.028714702,0.9148216247558594,True,True,0.9354396,0.87886596,0.9018567639018075,0.9997991927546739,0.9714285714008163,1.0,377.0,350.0,False
d:\Research\Multi-View Fusion Network\datasets\brisc2025\classification_task\test\pituitary\brisc2025_test_00918_pi_sa_t1.jpg,pituitary,pituitary,sagittal,0.02758414,0.028135028,0.91661143,0.027669476,0.9166114330291748,True,True,0.938326,0.88429755,0.954954954868923,0.9998202336959953,0.9217391303546314,1.0,111.0,115.0,False
d:\Research\Multi-View Fusion Network\datasets\brisc2025\classification_task\test\pituitary\brisc2025_test_00919_pi_sa_t1.jpg,pituitary,pituitary,sagittal,0.028777575,0.028300796,0.9139147,0.029006943,0.913914680480957,True,True,0.85294116,0.7439759,0.9723320157718446,0.9984375938943978,0.7592592592358253,2.0,253.0,324.0,False
d:\Research\Multi-View Fusion Network\datasets\brisc2025\classification_task\test\pituitary\brisc2025_test_00920_pi_sa_t1.jpg,pituitary,pituitary,sagittal,0.028269561,0.02761393,0.9157817,0.02833472,0.9157816767692566,True,True,0.96060175,0.92424244,0.9795321637283694,0.9991715832859859,0.9423347397898406,0.0,684.0,711.0,False
d:\Research\Multi-View Fusion Network\datasets\brisc2025\classification_task\test\pituitary\brisc2025_test_00921_pi_sa_t1.jpg,pituitary,pituitary,sagittal,0.027574915,0.028396986,0.9162377,0.027790345,0.9162377119064331,True,True,0.9349481,0.87792206,0.9259259259132246,0.9991910530464945,0.9440559440427405,1.0,729.0,715.0,False
d:\Research\Multi-View Fusion Network\datasets\brisc2025\classification_task\test\pituitary\brisc2025_test_00922_pi_sa_t1.jpg,pituitary,pituitary,sagittal,0.02775713,0.028931823,0.91510725,0.02820375,0.915107250213623,True,True,0.97244304,0.94639176,0.9797008546903878,0.9993298131598296,0.9652631578845762,0.0,936.0,950.0,False
d:\Research\Multi-View Fusion Network\datasets\brisc2025\classification_task\test\pituitary\brisc2025_test_00923_pi_sa_t1.jpg,pituitary,pituitary,sagittal,0.028300675,0.02927572,0.91419035,0.028233245,0.9141903519630432,True,True,0.94413406,0.89429176,0.9274725274521435,0.9996580921540196,0.9612756264017932,1.0,455.0,439.0,False
d:\Research\Multi-View Fusion Network\datasets\brisc2025\classification_task\test\pituitary\brisc2025_test_00924_pi_sa_t1.jpg,pituitary,pituitary,sagittal,0.027994849,0.0289885,0.91538805,0.02762853,0.9153880476951599,True,True,0.9345088,0.8773585,0.9249999999537499,0.9997798943490876,0.9438775509722511,1.0,200.0,196.0,False
d:\Research\Multi-View Fusion Network\datasets\brisc2025\classification_task\test\pituitary\brisc2025_test_00925_pi_sa_t1.jpg,pituitary,pituitary,sagittal,0.028139466,0.028416758,0.914992,0.028451808,0.9149919748306274,True,True,0.9745223,0.9503343,0.9793103448179378,0.9993694188480708,0.9697560975515147,0.0,1015.0,1025.0,False
d:\Research\Multi-View Fusion Network\datasets\brisc2025\classification_task\test\pituitary\brisc2025_test_00926_pi_sa_t1.jpg,pituitary,pituitary,sagittal,0.027713314,0.028407175,0.9162217,0.02765785,0.9162216782569885,True,True,0.8467337,0.73478264,0.7433628318255149,0.9999399399397398,0.9824561402934235,2.0,226.0,171.0,False
d:\Research\Multi-View Fusion Network\datasets\brisc2025\classification_task\test\pituitary\brisc2025_test_00927_pi_sa_t1.jpg,pituitary,pituitary,sagittal,0.028049987,0.028505618,0.91542804,0.028016295,0.9154280424118042,True,True,0.9266169,0.8634259,0.9051094890290727,0.9995981111220739,0.948979591812526,1.0,411.0,392.0,False
d:\Research\Multi-View Fusion Network\datasets\brisc2025\classification_task\test\pituitary\brisc2025_test_00928_pi_sa_t1.jpg,pituitary,pituitary,sagittal,0.027686745,0.028955115,0.9152272,0.028130941,0.9152271747589111,True,True,0.91528237,0.8440367,0.910596026459914,0.9995187873439068,0.9197324414408116,1.0,302.0,299.0,False
d:\Research\Multi-View Fusion Network\datasets\brisc2025\classification_task\test\pituitary\brisc2025_test_00929_pi_sa_t1.jpg,pituitary,pituitary,sagittal,0.027909229,0.028755136,0.9150358,0.028299844,0.9150357842445374,True,True,0.69501466,0.5336323,0.9999999999152543,0.9979224100041956,0.5315315315075887,2.23606797749979,118.0,222.0,False
d:\Research\Multi-View Fusion Network\datasets\brisc2025\classification_task\test\pituitary\brisc2025_test_00930_pi_sa_t1.jpg,pituitary,pituitary,sagittal,0.027647913,0.029120428,0.91516215,0.028069453,0.9151621460914612,True,True,0.8746988,0.7777778,0.874396135223459,0.999479677399788,0.874396135223459,1.4142135623730951,207.0,207.0,False
d:\Research\Multi-View Fusion Network\datasets\brisc2025\classification_task\test\pituitary\brisc2025_test_00931_pi_sa_t1.jpg,pituitary,pituitary,sagittal,0.027606547,0.028314086,0.9158936,0.028185692,0.9158936142921448,True,True,0.8590551,0.75310344,0.9527972027805455,0.9969357309892354,0.7819225250963856,2.0,572.0,697.0,False
d:\Research\Multi-View Fusion Network\datasets\brisc2025\classification_task\test\pituitary\brisc2025_test_00932_pi_sa_t1.jpg,pituitary,pituitary,sagittal,0.027552336,0.028501198,0.9159455,0.028000958,0.9159454703330994,True,True,0.75635105,0.60853434,0.979041916138352,0.9959070663294017,0.6158192090279506,11.036288813749806,334.0,531.0,False
d:\Research\Multi-View Fusion Network\datasets\brisc2025\classification_task\test\pituitary\brisc2025_test_00933_pi_sa_t1.jpg,pituitary,pituitary,sagittal,0.028270109,0.02955712,0.91366404,0.028508727,0.9136640429496765,True,True,0.8882682,0.7993311,0.9189189188834394,0.999218703046858,0.8592057761422669,1.0,259.0,277.0,False
d:\Research\Multi-View Fusion Network\datasets\brisc2025\classification_task\test\pituitary\brisc2025_test_00934_pi_sa_t1.jpg,pituitary,pituitary,sagittal,0.027352298,0.029134063,0.9156653,0.027848369,0.915665328502655,True,True,0.94741964,0.90018487,0.9346153845974112,0.999597228934872,0.9604743082814136,1.0,520.0,506.0,False
d:\Research\Multi-View Fusion Network\datasets\brisc2025\classification_task\test\pituitary\brisc2025_test_00935_pi_sa_t1.jpg,pituitary,pituitary,sagittal,0.028349334,0.028350484,0.91567165,0.02762853,0.9156716465950012,True,True,0.92948717,0.8685259,0.9117647058440435,0.9997597020303177,0.9475982532337293,1.0,238.0,229.0,False
d:\Research\Multi-View Fusion Network\datasets\brisc2025\classification_task\test\pituitary\brisc2025_test_00936_pi_sa_t1.jpg,pituitary,pituitary,sagittal,0.02761068,0.028732473,0.9153273,0.02832948,0.9153273105621338,True,True,0.84810126,0.73722625,0.9009009008197387,0.9995006491558975,0.799999999936,1.4142135623730951,111.0,125.0,False
d:\Research\Multi-View Fusion Network\datasets\brisc2025\classification_task\test\pituitary\brisc2025_test_00937_pi_sa_t1.jpg,pituitary,pituitary,sagittal,0.028255392,0.027415259,0.9157928,0.028536519,0.9157928228378296,True,True,0.9643687,0.9312407,0.984177215174301,0.9992733731630472,0.945288753785026,0.0,632.0,658.0,False
d:\Research\Multi-View Fusion Network\datasets\brisc2025\classification_task\test\pituitary\brisc2025_test_00938_pi_sa_t1.jpg,pituitary,pituitary,sagittal,0.027910685,0.027821144,0.916225,0.028043142,0.916225016117096,True,True,0.5395987,0.3699422,0.9272727272390082,0.9916634937173621,0.3800298062536508,12.529964086141668,275.0,671.0,False
d:\Research\Multi-View Fusion Network\datasets\brisc2025\classification_task\test\pituitary\brisc2025_test_00939_pi_sa_t1.jpg,pituitary,pituitary,sagittal,0.027707115,0.027921677,0.9163437,0.028027536,0.9163436889648438,True,True,0.8979933,0.8151515,0.9209621992810666,0.9992382479701315,0.8758169934354308,1.0,291.0,306.0,False
d:\Research\Multi-View Fusion Network\datasets\brisc2025\classification_task\test\pituitary\brisc2025_test_00940_pi_sa_t1.jpg,pituitary,pituitary,sagittal,0.027916469,0.02933519,0.91428363,0.02846471,0.9142836332321167,True,True,0.8207237,0.6963788,0.9999999999598393,0.9978168125461179,0.695530726237555,2.0,249.0,358.0,False
d:\Research\Multi-View Fusion Network\datasets\brisc2025\classification_task\test\pituitary\brisc2025_test_00941_pi_sa_t1.jpg,pituitary,pituitary,sagittal,0.028054932,0.028319102,0.91506296,0.028563065,0.9150629639625549,True,True,0.9070465,0.830137,0.9408099688180432,0.9991374987461641,0.8753623188152069,1.0,321.0,345.0,False
d:\Research\Multi-View Fusion Network\datasets\brisc2025\classification_task\test\pituitary\brisc2025_test_00942_pi_sa_t1.jpg,pituitary,pituitary,sagittal,0.028104175,0.028750166,0.91473705,0.028408572,0.9147370457649231,True,True,0.949327,0.90361446,0.935937499985376,0.9995356912142686,0.9630225080231025,0.9500000000000455,640.0,622.0,False
d:\Research\Multi-View Fusion Network\datasets\brisc2025\classification_task\test\pituitary\brisc2025_test_00943_pi_sa_t1.jpg,pituitary,pituitary,sagittal,0.027577857,0.028484745,0.9158894,0.028048025,0.9158893823623657,True,True,0.9420904,0.89066666,0.9433427761772424,0.9995785079178292,0.9406779660751221,1.0,353.0,354.0,False
d:\Research\Multi-View Fusion Network\datasets\brisc2025\classification_task\test\pituitary\brisc2025_test_00944_pi_sa_t1.jpg,pituitary,pituitary,sagittal,0.027518533,0.028572015,0.9157614,0.028148007,0.915761411190033,True,True,0.9171375,0.8472222,0.9310344827229489,0.9994791144944407,0.9033457248734815,1.0,261.0,269.0,False
d:\Research\Multi-View Fusion Network\datasets\brisc2025\classification_task\test\pituitary\brisc2025_test_00945_pi_sa_t1.jpg,pituitary,pituitary,sagittal,0.027545003,0.028857516,0.91551226,0.02808522,0.9155122637748718,True,True,0.9068441,0.8298611,0.8880597014594007,0.9996192995109002,0.9260700388744719,1.0,268.0,257.0,False
d:\Research\Multi-View Fusion Network\datasets\brisc2025\classification_task\test\pituitary\brisc2025_test_00946_pi_sa_t1.jpg,pituitary,pituitary,sagittal,0.027678235,0.028590614,0.9154733,0.028257886,0.9154732823371887,True,True,0.9663677,0.9350649,0.9555555555130864,0.9998999019036656,0.9772727272283057,0.0,225.0,220.0,False
d:\Research\Multi-View Fusion Network\datasets\brisc2025\classification_task\test\pituitary\brisc2025_test_00947_pi_sa_t1.jpg,pituitary,pituitary,sagittal,0.027919218,0.028740343,0.91517603,0.028164387,0.9151760339736938,True,True,0.9169329,0.84705883,0.8773006134431104,0.9998800311916902,0.9597315435597495,1.0,163.0,149.0,False
d:\Research\Multi-View Fusion Network\datasets\brisc2025\classification_task\test\pituitary\brisc2025_test_00948_pi_sa_t1.jpg,pituitary,pituitary,sagittal,0.028519604,0.028695587,0.9143817,0.028403087,0.9143816828727722,True,True,0.828125,0.7071006,0.959677419316142,0.9982174331034694,0.7278287461551123,2.0,248.0,327.0,False
d:\Research\Multi-View Fusion Network\datasets\brisc2025\classification_task\test\pituitary\brisc2025_test_00949_pi_sa_t1.jpg,pituitary,pituitary,sagittal,0.02779707,0.028423224,0.91570383,0.02807589,0.9157038331031799,True,True,0.95686555,0.91735536,0.9925373134180219,0.998889023552499,0.9236111110982832,0.0,670.0,720.0,False
d:\Research\Multi-View Fusion Network\datasets\brisc2025\classification_task\test\pituitary\brisc2025_test_00950_pi_sa_t1.jpg,pituitary,pituitary,sagittal,0.027207743,0.028234474,0.91638315,0.02817462,0.9163831472396851,True,True,0.9129606,0.83995324,0.9808743169264907,0.9975123371893461,0.8537455410124406,1.0,732.0,841.0,False
d:\Research\Multi-View Fusion Network\datasets\brisc2025\classification_task\test\pituitary\brisc2025_test_00951_pi_sa_t1.jpg,pituitary,pituitary,sagittal,0.02821405,0.028126726,0.9159382,0.027721053,0.9159381985664368,True,True,0.9187706,0.8498986,0.9905213269907459,0.9985930779432812,0.8565573770316279,1.0,422.0,488.0,False
d:\Research\Multi-View Fusion Network\datasets\brisc2025\classification_task\test\pituitary\brisc2025_test_00952_pi_sa_t1.jpg,pituitary,pituitary,sagittal,0.02749531,0.028474152,0.9158835,0.028147075,0.915883481502533,True,True,0.7411243,0.58920187,0.9881422924510616,0.9965546942289133,0.5924170615973361,5.0,253.0,422.0,False
d:\Research\Multi-View Fusion Network\datasets\brisc2025\classification_task\test\pituitary\brisc2025_test_00953_pi_sa_t1.jpg,pituitary,pituitary,sagittal,0.02741401,0.028853294,0.91566116,0.02807149,0.9156611561775208,True,True,0.9631902,0.92907804,0.9679012345440025,0.9996584356350084,0.9584352078005273,0.0,405.0,409.0,False
d:\Research\Multi-View Fusion Network\datasets\brisc2025\classification_task\test\pituitary\brisc2025_test_00954_pi_sa_t1.jpg,pituitary,pituitary,sagittal,0.027756337,0.02788503,0.9158162,0.02854244,0.9158161878585815,True,True,0.82935154,0.7093023,0.8642857142239796,0.9993804460786235,0.7960526315265755,1.4142135623730951,140.0,152.0,False
d:\Research\Multi-View Fusion Network\datasets\brisc2025\classification_task\test\pituitary\brisc2025_test_00955_pi_sa_t1.jpg,pituitary,pituitary,sagittal,0.027717091,0.02920599,0.914853,0.028223924,0.9148529767990112,True,True,0.8729097,0.7751479,0.928571428505102,0.9994404029097052,0.8227848100745072,1.4142135623730951,140.0,158.0,False
d:\Research\Multi-View Fusion Network\datasets\brisc2025\classification_task\test\pituitary\brisc2025_test_00956_pi_sa_t1.jpg,pituitary,pituitary,sagittal,0.027073428,0.028985454,0.91608214,0.02785892,0.9160821437835693,True,True,0.9255319,0.8618421,0.970149253658944,0.9996602853600977,0.8843537414364385,1.0,134.0,147.0,False
d:\Research\Multi-View Fusion Network\datasets\brisc2025\classification_task\test\pituitary\brisc2025_test_00957_pi_sa_t1.jpg,pituitary,pituitary,sagittal,0.027709251,0.02759671,0.9171018,0.027592244,0.9171018004417419,True,True,0.9130435,0.8404908,0.9251700679642741,0.9997001738989387,0.9006622515959826,1.0,147.0,151.0,False
d:\Research\Multi-View Fusion Network\datasets\brisc2025\classification_task\test\pituitary\brisc2025_test_00958_pi_sa_t1.jpg,pituitary,pituitary,sagittal,0.027460137,0.027945476,0.9169049,0.027689522,0.9169049263000488,True,True,0.94962686,0.90425533,0.9372693726591413,0.9997996192764254,0.9621212120847681,0.2999999999999545,271.0,264.0,False
d:\Research\Multi-View Fusion Network\datasets\brisc2025\classification_task\test\pituitary\brisc2025_test_00959_pi_sa_t1.jpg,pituitary,pituitary,sagittal,0.027684757,0.0282902,0.9159063,0.028118826,0.9159063100814819,True,True,0.90316904,0.82371795,0.9110320284373298,0.9993987373482315,0.8951048950735977,1.0,281.0,286.0,False
d:\Research\Multi-View Fusion Network\datasets\brisc2025\classification_task\test\pituitary\brisc2025_test_00960_pi_sa_t1.jpg,pituitary,pituitary,sagittal,0.028139472,0.029077431,0.9141025,0.028680557,0.9141024947166443,True,True,0.84750736,0.7360406,0.9473684209903046,0.9991204221971456,0.7659574467677682,1.4142135623730951,152.0,188.0,False
d:\Research\Multi-View Fusion Network\datasets\brisc2025\classification_task\test\pituitary\brisc2025_test_00961_pi_sa_t1.jpg,pituitary,pituitary,sagittal,0.028210584,0.029506572,0.91353804,0.028744766,0.9135380387306213,True,True,0.95523584,0.9143731,0.975490196062492,0.9991727866998227,0.9357366771013207,0.0,612.0,638.0,False
d:\Research\Multi-View Fusion Network\datasets\brisc2025\classification_task\test\pituitary\brisc2025_test_00962_pi_sa_t1.jpg,pituitary,pituitary,sagittal,0.027748246,0.02912822,0.9149895,0.028134132,0.9149894714355469,True,True,0.9485672,0.9022346,0.9699248120154899,0.998990123406718,0.9280575539434812,1.0,665.0,695.0,False
d:\Research\Multi-View Fusion Network\datasets\brisc2025\classification_task\test\pituitary\brisc2025_test_00963_pi_sa_t1.jpg,pituitary,pituitary,sagittal,0.02755935,0.02863383,0.9157416,0.02806519,0.9157416224479675,True,True,0.9502075,0.9052133,0.9240710823760246,0.9997376758074542,0.9777777777610636,0.0,619.0,585.0,False
d:\Research\Multi-View Fusion Network\datasets\brisc2025\classification_task\test\pituitary\brisc2025_test_00964_pi_sa_t1.jpg,pituitary,pituitary,sagittal,0.02742601,0.027843298,0.9167149,0.02801581,0.9167149066925049,True,True,0.9345157,0.87723786,0.9771428571149388,0.9991972062776464,0.8952879580917463,1.0,350.0,382.0,False
d:\Research\Multi-View Fusion Network\datasets\brisc2025\classification_task\test\pituitary\brisc2025_test_00965_pi_sa_t1.jpg,pituitary,pituitary,sagittal,0.027759055,0.028411638,0.9157862,0.028043114,0.9157862067222595,True,True,0.9382184,0.88378376,0.9731343283291601,0.9993178307014308,0.9055555555304012,1.0,335.0,360.0,False
d:\Research\Multi-View Fusion Network\datasets\brisc2025\classification_task\test\pituitary\brisc2025_test_00966_pi_sa_t1.jpg,pituitary,pituitary,sagittal,0.027840964,0.028782777,0.91523176,0.028144432,0.9152317643165588,True,True,0.92349726,0.8581081,0.96197718627521,0.9993588844587584,0.8877192982144659,1.0,263.0,285.0,False
d:\Research\Multi-View Fusion Network\datasets\brisc2025\classification_task\test\pituitary\brisc2025_test_00967_pi_sa_t1.jpg,pituitary,pituitary,sagittal,0.027488038,0.028235093,0.9163167,0.02796021,0.9163166880607605,True,True,0.92281103,0.85683763,0.9756097560737655,0.9988546397136602,0.8752735229567774,1.0,410.0,457.0,False
d:\Research\Multi-View Fusion Network\datasets\brisc2025\classification_task\test\pituitary\brisc2025_test_00968_pi_sa_t1.jpg,pituitary,pituitary,sagittal,0.027650313,0.02829117,0.9159515,0.028107036,0.9159514904022217,True,True,0.74671817,0.5960591,0.6248382923593164,0.9992308159421495,0.9270633397134921,6.324555320336759,773.0,521.0,False
d:\Research\Multi-View Fusion Network\datasets\brisc2025\classification_task\test\pituitary\brisc2025_test_00969_pi_sa_t1.jpg,pituitary,pituitary,sagittal,0.027368315,0.028102266,0.9167196,0.027809752,0.9167196154594421,True,True,0.89278555,0.80651,0.8225508317777717,0.9997783821897855,0.9758771929610554,1.0,541.0,456.0,False
d:\Research\Multi-View Fusion Network\datasets\brisc2025\classification_task\test\pituitary\brisc2025_test_00970_pi_sa_t1.jpg,pituitary,pituitary,sagittal,0.027571892,0.029127879,0.9150898,0.028210385,0.9150897860527039,True,True,0.77436686,0.63204,0.6478149100173802,0.9995951253085147,0.9618320610503467,7.0,778.0,524.0,False
d:\Research\Multi-View Fusion Network\datasets\brisc2025\classification_task\test\pituitary\brisc2025_test_00971_pi_sa_t1.jpg,pituitary,pituitary,sagittal,0.027284753,0.02845115,0.91627824,0.027985921,0.9162782430648804,True,True,0.8254364,0.7033898,0.7236842104945752,0.9998598542482182,0.9593023255256219,2.0,228.0,172.0,False
d:\Research\Multi-View Fusion Network\datasets\brisc2025\classification_task\test\pituitary\brisc2025_test_00972_pi_sa_t1.jpg,pituitary,pituitary,sagittal,0.02795625,0.02798628,0.9161566,0.027900914,0.9161565899848938,True,True,0.85768646,0.7509987,0.9383333333176944,0.9969743424235524,0.7896213183619969,2.23606797749979,600.0,713.0,False
d:\Research\Multi-View Fusion Network\datasets\brisc2025\classification_task\test\pituitary\brisc2025_test_00973_pi_sa_t1.jpg,pituitary,pituitary,sagittal,0.028411724,0.02819815,0.91473585,0.028654367,0.9147358536720276,True,True,0.9735113,0.9484,0.9701187065044203,0.9988268074495635,0.9769167353628322,0.0,2443.0,2426.0,False
d:\Research\Multi-View Fusion Network\datasets\brisc2025\classification_task\test\pituitary\brisc2025_test_00974_pi_sa_t1.jpg,pituitary,pituitary,sagittal,0.028444925,0.029740216,0.91469127,0.027123528,0.9146912693977356,True,True,0.94659775,0.8986928,0.9465517241216111,0.9993749495925076,0.9465517241216111,1.0,580.0,580.0,False
d:\Research\Multi-View Fusion Network\datasets\brisc2025\classification_task\test\pituitary\brisc2025_test_00975_pi_sa_t1.jpg,pituitary,pituitary,sagittal,0.027965527,0.02891602,0.91472167,0.028396705,0.914721667766571,True,True,0.93947655,0.8859198,0.9451152579479131,0.9987617984368216,0.9338394793824963,1.0,911.0,922.0,False
d:\Research\Multi-View Fusion Network\datasets\brisc2025\classification_task\test\pituitary\brisc2025_test_00976_pi_sa_t1.jpg,pituitary,pituitary,sagittal,0.027140431,0.02856556,0.9168566,0.027437437,0.916856586933136,True,True,0.8394161,0.72384936,0.8390243902029744,0.9993396169776472,0.8390243902029744,2.0,205.0,205.0,False
d:\Research\Multi-View Fusion Network\datasets\brisc2025\classification_task\test\pituitary\brisc2025_test_00977_pi_sa_t1.jpg,pituitary,pituitary,sagittal,0.027493153,0.028545624,0.9162252,0.027735963,0.9162251949310303,True,True,0.93380284,0.87598944,0.9735294117360727,0.9992374989965087,0.8970189701653924,1.0,340.0,369.0,False
d:\Research\Multi-View Fusion Network\datasets\brisc2025\classification_task\test\pituitary\brisc2025_test_00978_pi_sa_t1.jpg,pituitary,pituitary,sagittal,0.027791379,0.028844152,0.91516286,0.028201556,0.9151628613471985,True,True,0.9497608,0.9045454,0.9295774647450902,0.9998799111340393,0.9705882352465398,0.19999999999998863,213.0,204.0,False
d:\Research\Multi-View Fusion Network\datasets\brisc2025\classification_task\test\pituitary\brisc2025_test_00979_pi_sa_t1.jpg,pituitary,pituitary,sagittal,0.028143188,0.028926726,0.9145029,0.028427122,0.9145029187202454,True,True,0.9003559,0.81935483,0.8689655171814507,0.9998201115306511,0.9333333332641974,1.0,145.0,135.0,False
d:\Research\Multi-View Fusion Network\datasets\brisc2025\classification_task\test\pituitary\brisc2025_test_00980_pi_sa_t1.jpg,pituitary,pituitary,sagittal,0.027735014,0.028863452,0.9150949,0.028306592,0.9150949120521545,True,True,0.9004525,0.8196721,0.9519230768315459,0.9996604888957902,0.8534482757884959,1.0,104.0,116.0,False
d:\Research\Multi-View Fusion Network\datasets\brisc2025\classification_task\test\pituitary\brisc2025_test_00981_pi_sa_t1.jpg,pituitary,pituitary,sagittal,0.028762795,0.029241044,0.9137361,0.028260024,0.91373610496521,True,True,0.8715278,0.77300614,0.9469696968979567,0.9994005275355689,0.8064516128511966,1.0,132.0,155.0,False
d:\Research\Multi-View Fusion Network\datasets\brisc2025\classification_task\test\pituitary\brisc2025_test_00982_pi_sa_t1.jpg,pituitary,pituitary,sagittal,0.028480254,0.028665183,0.91434175,0.02851287,0.9143417477607727,True,True,0.6833977,0.5204678,0.9887640448327232,0.9983828139036081,0.5207100591407864,4.551315561749631,89.0,169.0,False
d:\Research\Multi-View Fusion Network\datasets\brisc2025\classification_task\test\pituitary\brisc2025_test_00983_pi_sa_t1.jpg,pituitary,pituitary,sagittal,0.027726447,0.028564489,0.9152927,0.02841646,0.9152926802635193,True,True,0.9398593,0.8866104,0.977363515299902,0.9984420839654025,0.9050554870418612,1.0,751.0,811.0,False
d:\Research\Multi-View Fusion Network\datasets\brisc2025\classification_task\test\pituitary\brisc2025_test_00984_pi_sa_t1.jpg,pituitary,pituitary,sagittal,0.02787829,0.02821022,0.9158562,0.028055301,0.9158561825752258,True,True,0.86078715,0.7557545,0.9035222051929016,0.997415342365972,0.8217270194871625,2.0,653.0,718.0,False
d:\Research\Multi-View Fusion Network\datasets\brisc2025\classification_task\test\pituitary\brisc2025_test_00985_pi_sa_t1.jpg,pituitary,pituitary,sagittal,0.027881363,0.027688904,0.91607815,0.028351573,0.9160781502723694,True,True,0.85468453,0.74638486,0.7613636363549845,0.9996348588118713,0.973837209288171,3.8619429464123423,880.0,688.0,False
d:\Research\Multi-View Fusion Network\datasets\brisc2025\classification_task\test\pituitary\brisc2025_test_00986_pi_sa_t1.jpg,pituitary,pituitary,sagittal,0.027556745,0.027945617,0.9169626,0.027534986,0.9169626235961914,True,True,0.784375,0.64615387,0.9689922479868998,0.9987012208521993,0.6578947368074792,3.0162277660168324,129.0,190.0,False
d:\Research\Multi-View Fusion Network\datasets\brisc2025\classification_task\test\pituitary\brisc2025_test_00987_pi_sa_t1.jpg,pituitary,pituitary,sagittal,0.02753677,0.028272029,0.9161678,0.028023386,0.9161677956581116,True,True,0.8891051,0.8006993,0.9956331877294483,0.9988788115400327,0.8028169013801825,1.0,229.0,284.0,False
d:\Research\Multi-View Fusion Network\datasets\brisc2025\classification_task\test\pituitary\brisc2025_test_00988_pi_sa_t1.jpg,pituitary,pituitary,sagittal,0.027690697,0.027905399,0.9164248,0.027979184,0.9164248108863831,True,True,0.8769231,0.7818182,0.8854166665744359,0.9997404153352637,0.8673469386870055,1.0,96.0,98.0,False
d:\Research\Multi-View Fusion Network\datasets\brisc2025\classification_task\test\pituitary\brisc2025_test_00989_pi_sa_t1.jpg,pituitary,pituitary,sagittal,0.027485132,0.028930621,0.91523683,0.028347395,0.9152368307113647,True,True,0.8141264,0.6875,0.6987179486731591,0.999940023990204,0.9732142856273917,2.0,156.0,112.0,False
d:\Research\Multi-View Fusion Network\datasets\brisc2025\classification_task\test\pituitary\brisc2025_test_00990_pi_sa_t1.jpg,pituitary,pituitary,sagittal,0.027794193,0.02920991,0.91478825,0.028207598,0.9147882461547852,True,True,0.94603527,0.8977035,0.9816933638219292,0.9991756971388651,0.912765957427388,1.0,437.0,470.0,False
d:\Research\Multi-View Fusion Network\datasets\brisc2025\classification_task\test\pituitary\brisc2025_test_00991_pi_sa_t1.jpg,pituitary,pituitary,sagittal,0.028095178,0.029009447,0.91457975,0.028315593,0.9145797491073608,True,True,0.8184931,0.6936416,0.9834710742988867,0.9989811207669566,0.6999999999588234,1.4142135623730951,121.0,170.0,False
d:\Research\Multi-View Fusion Network\datasets\brisc2025\classification_task\test\pituitary\brisc2025_test_00992_pi_sa_t1.jpg,pituitary,pituitary,sagittal,0.029006073,0.03030027,0.9129191,0.027774593,0.9129191040992737,True,True,0.49333334,0.32941177,0.9999999998181818,0.9977255042794443,0.3254437869629915,5.830951894845301,55.0,169.0,False
d:\Research\Multi-View Fusion Network\datasets\brisc2025\classification_task\test\pituitary\brisc2025_test_00993_pi_sa_t1.jpg,pituitary,pituitary,sagittal,0.027935233,0.02889668,0.91456753,0.02860056,0.9145675301551819,True,True,0.95050335,0.9057508,0.9158576051631738,0.9998587513618388,0.9877835950961992,0.0,618.0,573.0,False
d:\Research\Multi-View Fusion Network\datasets\brisc2025\classification_task\test\pituitary\brisc2025_test_00994_pi_sa_t1.jpg,pituitary,pituitary,sagittal,0.028156528,0.02915145,0.91429,0.028402073,0.9142900109291077,True,True,0.9061728,0.8288288,0.9481865284482804,0.9994398095350421,0.8672985781579479,1.0,193.0,211.0,False
d:\Research\Multi-View Fusion Network\datasets\brisc2025\classification_task\test\pituitary\brisc2025_test_00995_pi_sa_t1.jpg,pituitary,pituitary,sagittal,0.027930338,0.029042775,0.91448504,0.028541861,0.9144850373268127,True,True,0.94083524,0.88840264,0.9418604650943753,0.9994773449119528,0.9396751739921189,1.0,430.0,431.0,False
d:\Research\Multi-View Fusion Network\datasets\brisc2025\classification_task\test\pituitary\brisc2025_test_00996_pi_sa_t1.jpg,pituitary,pituitary,sagittal,0.028190348,0.029225677,0.9145344,0.028049637,0.9145343899726868,True,True,0.5753604,0.40441176,0.41320754716201497,0.999738146074004,0.9439655172006911,16.48786235068994,530.0,232.0,False
d:\Research\Multi-View Fusion Network\datasets\brisc2025\classification_task\test\pituitary\brisc2025_test_00997_pi_sa_t1.jpg,pituitary,pituitary,sagittal,0.027704066,0.0283786,0.9157034,0.028213922,0.9157034158706665,True,True,0.9678631,0.9377526,0.980541455152449,0.9988978242231704,0.9554822753424941,0.0,1182.0,1213.0,False
d:\Research\Multi-View Fusion Network\datasets\brisc2025\classification_task\test\pituitary\brisc2025_test_00998_pi_sa_t1.jpg,pituitary,pituitary,sagittal,0.02762436,0.027865909,0.91639364,0.028115984,0.9163936376571655,True,True,0.7016479,0.54072094,0.5580110497160495,0.9995146809024915,0.9439252336228054,16.0,724.0,428.0,False
d:\Research\Multi-View Fusion Network\datasets\brisc2025\classification_task\test\pituitary\brisc2025_test_00999_pi_sa_t1.jpg,pituitary,pituitary,sagittal,0.028186847,0.028524432,0.91489726,0.028391361,0.9148972630500793,True,True,0.9645902,0.9316456,0.9852546916758008,0.9991300829453775,0.9447300771086795,0.0,746.0,778.0,False
d:\Research\Multi-View Fusion Network\datasets\brisc2025\classification_task\test\pituitary\brisc2025_test_01000_pi_sa_t1.jpg,pituitary,pituitary,sagittal,0.02781726,0.028495193,0.915101,0.028586632,0.9151009917259216,True,True,0.9757316,0.95264626,0.9785100286392764,0.9996159909452688,0.9729344729206134,0.0,698.0,702.0,False
