abs_path,true_label,pred_label,plane,prob_0,prob_1,prob_2,prob_3,max_prob,correct,has_mask,dice,iou,gt_area,pred_area,fn_mask
d:\Research\Multi-View Fusion Network\datasets\brisc2025\classification_task\test\glioma\brisc2025_test_00001_gl_ax_t1.jpg,glioma,glioma,axial,0.92415947,0.026106426,0.024555849,0.025178343,0.92415947,True,True,0.000683527,0.000683527,222.0,1240.0,False
d:\Research\Multi-View Fusion Network\datasets\brisc2025\classification_task\test\glioma\brisc2025_test_00002_gl_ax_t1.jpg,glioma,glioma,axial,0.93249387,0.024113787,0.021284077,0.022108233,0.93249387,True,True,0.0011918951,0.0011918951,419.0,419.0,False
d:\Research\Multi-View Fusion Network\datasets\brisc2025\classification_task\test\glioma\brisc2025_test_00003_gl_ax_t1.jpg,glioma,glioma,axial,0.9368645,0.020631567,0.019745037,0.022758855,0.9368645,True,True,0.68631667,0.5225933,1117.0,1206.0,False
d:\Research\Multi-View Fusion Network\datasets\brisc2025\classification_task\test\glioma\brisc2025_test_00004_gl_ax_t1.jpg,glioma,pituitary,axial,0.033703085,0.058536317,0.8785408,0.029219816,0.8785408,False,True,0.65098375,0.48288974,758.0,410.0,False
d:\Research\Multi-View Fusion Network\datasets\brisc2025\classification_task\test\glioma\brisc2025_test_00005_gl_ax_t1.jpg,glioma,pituitary,axial,0.30590332,0.10215199,0.5540811,0.037863612,0.5540811,False,True,0.012987013,0.008695652,229.0,1.0,False
d:\Research\Multi-View Fusion Network\datasets\brisc2025\classification_task\test\glioma\brisc2025_test_00006_gl_ax_t1.jpg,glioma,glioma,axial,0.92361814,0.024157342,0.025428524,0.026795968,0.92361814,True,True,0.95815676,0.91971546,966.0,921.0,False
d:\Research\Multi-View Fusion Network\datasets\brisc2025\classification_task\test\glioma\brisc2025_test_00007_gl_ax_t1.jpg,glioma,glioma,axial,0.9184929,0.025733296,0.029638452,0.026135439,0.9184929,True,True,0.0064935065,0.0064935065,153.0,0.0,True
d:\Research\Multi-View Fusion Network\datasets\brisc2025\classification_task\test\glioma\brisc2025_test_00008_gl_ax_t1.jpg,glioma,glioma,axial,0.9334251,0.021192476,0.022101922,0.02328041,0.9334251,True,True,0.88391775,0.7922078,368.0,458.0,False
d:\Research\Multi-View Fusion Network\datasets\brisc2025\classification_task\test\glioma\brisc2025_test_00009_gl_ax_t1.jpg,glioma,glioma,axial,0.9255865,0.0229949,0.02526534,0.026153212,0.9255865,True,True,0.84779555,0.73586744,1792.0,1768.0,False
d:\Research\Multi-View Fusion Network\datasets\brisc2025\classification_task\test\glioma\brisc2025_test_00010_gl_ax_t1.jpg,glioma,glioma,axial,0.9347734,0.020006185,0.02427565,0.020944804,0.9347734,True,True,0.0053475937,0.0053475937,156.0,30.0,False
d:\Research\Multi-View Fusion Network\datasets\brisc2025\classification_task\test\glioma\brisc2025_test_00011_gl_ax_t1.jpg,glioma,glioma,axial,0.9350099,0.020383185,0.022486174,0.022120776,0.9350099,True,True,0.001216545,0.001216545,61.0,760.0,False
d:\Research\Multi-View Fusion Network\datasets\brisc2025\classification_task\test\glioma\brisc2025_test_00012_gl_ax_t1.jpg,glioma,glioma,axial,0.92197657,0.02604392,0.026812613,0.025166843,0.92197657,True,True,0.0019762847,0.0019762847,349.0,156.0,False
d:\Research\Multi-View Fusion Network\datasets\brisc2025\classification_task\test\glioma\brisc2025_test_00013_gl_ax_t1.jpg,glioma,glioma,axial,0.9305687,0.023761092,0.022166805,0.023503369,0.9305687,True,True,0.9713752,0.94437724,786.0,820.0,False
d:\Research\Multi-View Fusion Network\datasets\brisc2025\classification_task\test\glioma\brisc2025_test_00014_gl_ax_t1.jpg,glioma,glioma,axial,0.9286625,0.021575455,0.023465732,0.02629636,0.9286625,True,True,0.96014005,0.92335576,1850.0,1862.0,False
d:\Research\Multi-View Fusion Network\datasets\brisc2025\classification_task\test\glioma\brisc2025_test_00015_gl_ax_t1.jpg,glioma,glioma,axial,0.9254713,0.026344998,0.02448503,0.023698658,0.9254713,True,True,0.7893821,0.65229887,626.0,522.0,False
d:\Research\Multi-View Fusion Network\datasets\brisc2025\classification_task\test\glioma\brisc2025_test_00016_gl_ax_t1.jpg,glioma,glioma,axial,0.9379124,0.020044131,0.020408807,0.021634689,0.9379124,True,True,0.659364,0.49209693,561.0,853.0,False
d:\Research\Multi-View Fusion Network\datasets\brisc2025\classification_task\test\glioma\brisc2025_test_00017_gl_ax_t1.jpg,glioma,glioma,axial,0.9324531,0.02133767,0.022701904,0.023507351,0.9324531,True,True,0.6631579,0.49685535,271.0,203.0,False
d:\Research\Multi-View Fusion Network\datasets\brisc2025\classification_task\test\glioma\brisc2025_test_00018_gl_ax_t1.jpg,glioma,glioma,axial,0.9331421,0.022913737,0.021826906,0.022117227,0.9331421,True,True,0.66427666,0.49747476,1556.0,814.0,False
d:\Research\Multi-View Fusion Network\datasets\brisc2025\classification_task\test\glioma\brisc2025_test_00019_gl_ax_t1.jpg,glioma,glioma,axial,0.9291634,0.022069577,0.024507329,0.02425973,0.9291634,True,True,0.92152864,0.8545111,2062.0,1862.0,False
d:\Research\Multi-View Fusion Network\datasets\brisc2025\classification_task\test\glioma\brisc2025_test_00020_gl_ax_t1.jpg,glioma,glioma,axial,0.8930416,0.04947059,0.029527161,0.02796059,0.8930416,True,True,0.9600213,0.9231557,939.0,936.0,False
d:\Research\Multi-View Fusion Network\datasets\brisc2025\classification_task\test\glioma\brisc2025_test_00021_gl_ax_t1.jpg,glioma,glioma,axial,0.9168336,0.028183585,0.026210764,0.028772075,0.9168336,True,True,0.88174605,0.7886525,570.0,689.0,False
d:\Research\Multi-View Fusion Network\datasets\brisc2025\classification_task\test\glioma\brisc2025_test_00022_gl_ax_t1.jpg,glioma,glioma,axial,0.9316349,0.023423117,0.021241426,0.023700625,0.9316349,True,True,0.79591835,0.66118103,974.0,740.0,False
d:\Research\Multi-View Fusion Network\datasets\brisc2025\classification_task\test\glioma\brisc2025_test_00023_gl_ax_t1.jpg,glioma,glioma,axial,0.9315956,0.02115185,0.023801556,0.023451027,0.9315956,True,True,0.9243636,0.85945946,645.0,729.0,False
d:\Research\Multi-View Fusion Network\datasets\brisc2025\classification_task\test\glioma\brisc2025_test_00024_gl_ax_t1.jpg,glioma,glioma,axial,0.94181216,0.02152743,0.017732894,0.018927647,0.94181216,True,True,0.9722484,0.9460201,1074.0,1051.0,False
d:\Research\Multi-View Fusion Network\datasets\brisc2025\classification_task\test\glioma\brisc2025_test_00025_gl_ax_t1.jpg,glioma,glioma,axial,0.9297142,0.02391075,0.02341081,0.02296423,0.9297142,True,True,0.7477797,0.59773374,235.0,327.0,False
d:\Research\Multi-View Fusion Network\datasets\brisc2025\classification_task\test\glioma\brisc2025_test_00026_gl_ax_t1.jpg,glioma,glioma,axial,0.93184185,0.02334625,0.021203954,0.023607988,0.93184185,True,True,0.5318725,0.3625678,1105.0,400.0,False
d:\Research\Multi-View Fusion Network\datasets\brisc2025\classification_task\test\glioma\brisc2025_test_00027_gl_ax_t1.jpg,glioma,glioma,axial,0.9375656,0.020942478,0.018430486,0.023061434,0.9375656,True,True,0.929374,0.86810553,1528.0,1586.0,False
d:\Research\Multi-View Fusion Network\datasets\brisc2025\classification_task\test\glioma\brisc2025_test_00028_gl_ax_t1.jpg,glioma,glioma,axial,0.9472602,0.019282544,0.015501283,0.01795601,0.9472602,True,True,0.96686447,0.9358852,1037.0,984.0,False
d:\Research\Multi-View Fusion Network\datasets\brisc2025\classification_task\test\glioma\brisc2025_test_00029_gl_ax_t1.jpg,glioma,glioma,axial,0.9232122,0.024277871,0.026274461,0.026235525,0.9232122,True,True,0.8798051,0.78550726,963.0,883.0,False
d:\Research\Multi-View Fusion Network\datasets\brisc2025\classification_task\test\glioma\brisc2025_test_00030_gl_ax_t1.jpg,glioma,glioma,axial,0.93337995,0.022109518,0.021558225,0.022952301,0.93337995,True,True,0.91972077,0.8516129,306.0,266.0,False
d:\Research\Multi-View Fusion Network\datasets\brisc2025\classification_task\test\glioma\brisc2025_test_00031_gl_ax_t1.jpg,glioma,glioma,axial,0.9375359,0.02222864,0.020185782,0.020049646,0.9375359,True,True,0.8584263,0.7520347,1458.0,1769.0,False
d:\Research\Multi-View Fusion Network\datasets\brisc2025\classification_task\test\glioma\brisc2025_test_00032_gl_ax_t1.jpg,glioma,glioma,axial,0.9276401,0.025092805,0.024072526,0.023194548,0.9276401,True,True,0.85931206,0.7533949,1662.0,1564.0,False
d:\Research\Multi-View Fusion Network\datasets\brisc2025\classification_task\test\glioma\brisc2025_test_00033_gl_ax_t1.jpg,glioma,glioma,axial,0.92248553,0.026016412,0.024066586,0.027431523,0.92248553,True,True,0.93732196,0.88214284,504.0,548.0,False
d:\Research\Multi-View Fusion Network\datasets\brisc2025\classification_task\test\glioma\brisc2025_test_00034_gl_ax_t1.jpg,glioma,glioma,axial,0.9391555,0.019108338,0.020765914,0.02097027,0.9391555,True,True,0.6477007,0.47926268,514.0,768.0,False
d:\Research\Multi-View Fusion Network\datasets\brisc2025\classification_task\test\glioma\brisc2025_test_00035_gl_ax_t1.jpg,glioma,glioma,axial,0.9362019,0.021424403,0.021256167,0.021117566,0.9362019,True,True,0.9265659,0.86327076,659.0,729.0,False
d:\Research\Multi-View Fusion Network\datasets\brisc2025\classification_task\test\glioma\brisc2025_test_00036_gl_ax_t1.jpg,glioma,glioma,axial,0.9115667,0.03079763,0.02927087,0.028364832,0.9115667,True,True,0.92714286,0.8643617,324.0,375.0,False
d:\Research\Multi-View Fusion Network\datasets\brisc2025\classification_task\test\glioma\brisc2025_test_00037_gl_ax_t1.jpg,glioma,glioma,axial,0.9164745,0.030164624,0.024421602,0.028939245,0.9164745,True,True,0.9609233,0.9247989,2789.0,2712.0,False
d:\Research\Multi-View Fusion Network\datasets\brisc2025\classification_task\test\glioma\brisc2025_test_00038_gl_ax_t1.jpg,glioma,glioma,axial,0.9320027,0.023494614,0.022502623,0.022000095,0.9320027,True,True,0.9079177,0.8314176,1336.0,1530.0,False
d:\Research\Multi-View Fusion Network\datasets\brisc2025\classification_task\test\glioma\brisc2025_test_00039_gl_ax_t1.jpg,glioma,glioma,axial,0.9291156,0.023229793,0.024618205,0.023036424,0.9291156,True,True,0.9077748,0.83120704,1003.0,861.0,False
d:\Research\Multi-View Fusion Network\datasets\brisc2025\classification_task\test\glioma\brisc2025_test_00040_gl_ax_t1.jpg,glioma,glioma,axial,0.9354515,0.020220414,0.02009271,0.024235362,0.9354515,True,True,0.64488363,0.47601128,1396.0,1740.0,False
d:\Research\Multi-View Fusion Network\datasets\brisc2025\classification_task\test\glioma\brisc2025_test_00041_gl_ax_t1.jpg,glioma,glioma,axial,0.9178497,0.031232474,0.025416512,0.0255013,0.9178497,True,True,0.000554939,0.000554939,1198.0,603.0,False
d:\Research\Multi-View Fusion Network\datasets\brisc2025\classification_task\test\glioma\brisc2025_test_00042_gl_ax_t1.jpg,glioma,glioma,axial,0.93800443,0.021714916,0.018637782,0.021642897,0.93800443,True,True,0.65945166,0.49210903,1275.0,803.0,False
d:\Research\Multi-View Fusion Network\datasets\brisc2025\classification_task\test\glioma\brisc2025_test_00043_gl_ax_t1.jpg,glioma,glioma,axial,0.9283463,0.024509164,0.023219535,0.023925085,0.9283463,True,True,0.6310938,0.46110114,2084.0,2797.0,False
d:\Research\Multi-View Fusion Network\datasets\brisc2025\classification_task\test\glioma\brisc2025_test_00044_gl_ax_t1.jpg,glioma,glioma,axial,0.9291281,0.024739282,0.023198433,0.022934152,0.9291281,True,True,0.9210123,0.8536932,601.0,702.0,False
d:\Research\Multi-View Fusion Network\datasets\brisc2025\classification_task\test\glioma\brisc2025_test_00045_gl_ax_t1.jpg,glioma,glioma,axial,0.9038564,0.035350982,0.035210855,0.025581805,0.9038564,True,True,0.15984052,0.087042145,2419.0,339.0,False
d:\Research\Multi-View Fusion Network\datasets\brisc2025\classification_task\test\glioma\brisc2025_test_00046_gl_ax_t1.jpg,glioma,glioma,axial,0.938711,0.021709299,0.020636678,0.018943045,0.938711,True,True,0.831253,0.71129364,2391.0,1774.0,False
d:\Research\Multi-View Fusion Network\datasets\brisc2025\classification_task\test\glioma\brisc2025_test_00047_gl_ax_t1.jpg,glioma,glioma,axial,0.9388366,0.020619974,0.019065827,0.021477565,0.9388366,True,True,0.8511166,0.7410072,519.0,689.0,False
d:\Research\Multi-View Fusion Network\datasets\brisc2025\classification_task\test\glioma\brisc2025_test_00048_gl_ax_t1.jpg,glioma,glioma,axial,0.9267511,0.02320875,0.023678122,0.026362067,0.9267511,True,True,0.742877,0.59116024,590.0,848.0,False
d:\Research\Multi-View Fusion Network\datasets\brisc2025\classification_task\test\glioma\brisc2025_test_00049_gl_ax_t1.jpg,glioma,glioma,axial,0.9384114,0.021874424,0.021155227,0.018558921,0.9384114,True,True,0.84451544,0.7311234,414.0,524.0,False
d:\Research\Multi-View Fusion Network\datasets\brisc2025\classification_task\test\glioma\brisc2025_test_00050_gl_ax_t1.jpg,glioma,glioma,axial,0.9258998,0.023784742,0.02346892,0.026846528,0.9258998,True,True,0.6494382,0.48172757,155.0,289.0,False
d:\Research\Multi-View Fusion Network\datasets\brisc2025\classification_task\test\glioma\brisc2025_test_00051_gl_ax_t1.jpg,glioma,glioma,axial,0.93218946,0.022530273,0.022241304,0.023038954,0.93218946,True,True,0.762386,0.6160892,1882.0,2174.0,False
d:\Research\Multi-View Fusion Network\datasets\brisc2025\classification_task\test\glioma\brisc2025_test_00052_gl_ax_t1.jpg,glioma,glioma,axial,0.9233311,0.025861522,0.025564147,0.025243292,0.9233311,True,True,0.94348454,0.89305174,1376.0,1401.0,False
d:\Research\Multi-View Fusion Network\datasets\brisc2025\classification_task\test\glioma\brisc2025_test_00053_gl_ax_t1.jpg,glioma,glioma,axial,0.93420374,0.021688877,0.021884385,0.02222305,0.93420374,True,True,0.0052083335,0.0052083335,48.0,143.0,False
d:\Research\Multi-View Fusion Network\datasets\brisc2025\classification_task\test\glioma\brisc2025_test_00054_gl_ax_t1.jpg,glioma,glioma,axial,0.94353294,0.019764693,0.019575587,0.01712673,0.94353294,True,True,0.568,0.3968254,1442.0,932.0,False
d:\Research\Multi-View Fusion Network\datasets\brisc2025\classification_task\test\glioma\brisc2025_test_00055_gl_ax_t1.jpg,glioma,glioma,axial,0.9349906,0.021869207,0.022697305,0.020442924,0.9349906,True,True,0.9479789,0.9011356,1430.0,1414.0,False
d:\Research\Multi-View Fusion Network\datasets\brisc2025\classification_task\test\glioma\brisc2025_test_00056_gl_ax_t1.jpg,glioma,glioma,axial,0.9222855,0.02772512,0.02573719,0.024252234,0.9222855,True,True,0.81709146,0.6911392,287.0,379.0,False
d:\Research\Multi-View Fusion Network\datasets\brisc2025\classification_task\test\glioma\brisc2025_test_00057_gl_ax_t1.jpg,glioma,glioma,axial,0.92484826,0.023277072,0.025193289,0.026681403,0.92484826,True,True,0.3233645,0.19376393,125.0,409.0,False
d:\Research\Multi-View Fusion Network\datasets\brisc2025\classification_task\test\glioma\brisc2025_test_00058_gl_ax_t1.jpg,glioma,glioma,axial,0.9368458,0.021943152,0.022226617,0.018984513,0.9368458,True,True,0.8127572,0.6851211,260.0,225.0,False
d:\Research\Multi-View Fusion Network\datasets\brisc2025\classification_task\test\glioma\brisc2025_test_00059_gl_ax_t1.jpg,glioma,glioma,axial,0.93715376,0.020166224,0.022120912,0.020559087,0.93715376,True,True,0.8808824,0.7872154,1100.0,939.0,False
d:\Research\Multi-View Fusion Network\datasets\brisc2025\classification_task\test\glioma\brisc2025_test_00060_gl_ax_t1.jpg,glioma,pituitary,axial,0.44149342,0.05247245,0.44277754,0.06325662,0.44277754,False,True,0.02560241,0.013719512,564.0,99.0,False
d:\Research\Multi-View Fusion Network\datasets\brisc2025\classification_task\test\glioma\brisc2025_test_00061_gl_ax_t1.jpg,glioma,glioma,axial,0.93171257,0.022014389,0.02233578,0.023937313,0.93171257,True,True,0.71460927,0.556338,555.0,327.0,False
d:\Research\Multi-View Fusion Network\datasets\brisc2025\classification_task\test\glioma\brisc2025_test_00062_gl_ax_t1.jpg,glioma,glioma,axial,0.9392757,0.021291424,0.019854106,0.019578833,0.9392757,True,True,0.72047764,0.56323427,1329.0,931.0,False
d:\Research\Multi-View Fusion Network\datasets\brisc2025\classification_task\test\glioma\brisc2025_test_00063_gl_ax_t1.jpg,glioma,glioma,axial,0.93112564,0.023219073,0.022742445,0.022912866,0.93112564,True,True,0.9127568,0.8395522,2037.0,1905.0,False
d:\Research\Multi-View Fusion Network\datasets\brisc2025\classification_task\test\glioma\brisc2025_test_00064_gl_ax_t1.jpg,glioma,meningioma,axial,0.0372378,0.9089271,0.028745959,0.025089165,0.9089271,False,True,0.97568035,0.95254236,872.0,854.0,False
d:\Research\Multi-View Fusion Network\datasets\brisc2025\classification_task\test\glioma\brisc2025_test_00065_gl_ax_t1.jpg,glioma,glioma,axial,0.91981125,0.02466406,0.029000027,0.026524682,0.91981125,True,True,0.5973451,0.42647058,275.0,402.0,False
d:\Research\Multi-View Fusion Network\datasets\brisc2025\classification_task\test\glioma\brisc2025_test_00066_gl_ax_t1.jpg,glioma,glioma,axial,0.93364745,0.022100778,0.021112958,0.02313886,0.93364745,True,True,0.902807,0.82289004,1304.0,1545.0,False
d:\Research\Multi-View Fusion Network\datasets\brisc2025\classification_task\test\glioma\brisc2025_test_00067_gl_ax_t1.jpg,glioma,glioma,axial,0.9409173,0.021120787,0.019176057,0.018785909,0.9409173,True,True,0.14220184,0.077302635,46.0,607.0,False
d:\Research\Multi-View Fusion Network\datasets\brisc2025\classification_task\test\glioma\brisc2025_test_00068_gl_ax_t1.jpg,glioma,glioma,axial,0.9336595,0.021818433,0.020849485,0.023672638,0.9336595,True,True,0.879617,0.7853659,321.0,409.0,False
d:\Research\Multi-View Fusion Network\datasets\brisc2025\classification_task\test\glioma\brisc2025_test_00069_gl_ax_t1.jpg,glioma,glioma,axial,0.93279946,0.022427712,0.022016296,0.022756556,0.93279946,True,True,0.670339,0.5044586,509.0,670.0,False
d:\Research\Multi-View Fusion Network\datasets\brisc2025\classification_task\test\glioma\brisc2025_test_00070_gl_ax_t1.jpg,glioma,glioma,axial,0.92803,0.023855584,0.02302721,0.025087154,0.92803,True,True,0.5662148,0.39534885,283.0,675.0,False
d:\Research\Multi-View Fusion Network\datasets\brisc2025\classification_task\test\glioma\brisc2025_test_00071_gl_ax_t1.jpg,glioma,glioma,axial,0.93023723,0.022563888,0.022813119,0.024385765,0.93023723,True,True,0.96998286,0.9417637,578.0,587.0,False
d:\Research\Multi-View Fusion Network\datasets\brisc2025\classification_task\test\glioma\brisc2025_test_00072_gl_ax_t1.jpg,glioma,glioma,axial,0.92485017,0.0266057,0.025252193,0.023291921,0.92485017,True,True,0.8936434,0.8077593,3343.0,3924.0,False
d:\Research\Multi-View Fusion Network\datasets\brisc2025\classification_task\test\glioma\brisc2025_test_00073_gl_ax_t1.jpg,glioma,glioma,axial,0.9310762,0.022883033,0.02452418,0.021516502,0.9310762,True,True,0.96257746,0.92786294,4260.0,4290.0,False
d:\Research\Multi-View Fusion Network\datasets\brisc2025\classification_task\test\glioma\brisc2025_test_00074_gl_ax_t1.jpg,glioma,glioma,axial,0.9421325,0.019578323,0.018308643,0.01998052,0.9421325,True,True,0.8476764,0.7358209,510.0,651.0,False
d:\Research\Multi-View Fusion Network\datasets\brisc2025\classification_task\test\glioma\brisc2025_test_00075_gl_ax_t1.jpg,glioma,glioma,axial,0.92423725,0.02656439,0.022512617,0.026685705,0.92423725,True,True,0.94383055,0.8937282,520.0,565.0,False
d:\Research\Multi-View Fusion Network\datasets\brisc2025\classification_task\test\glioma\brisc2025_test_00076_gl_ax_t1.jpg,glioma,glioma,axial,0.9325816,0.022334618,0.022362564,0.022721216,0.9325816,True,True,0.9040207,0.8250591,416.0,354.0,False
d:\Research\Multi-View Fusion Network\datasets\brisc2025\classification_task\test\glioma\brisc2025_test_00077_gl_ax_t1.jpg,glioma,glioma,axial,0.9163286,0.030394763,0.028371861,0.024904808,0.9163286,True,True,0.7535014,0.6047904,466.0,604.0,False
d:\Research\Multi-View Fusion Network\datasets\brisc2025\classification_task\test\glioma\brisc2025_test_00078_gl_ax_t1.jpg,glioma,glioma,axial,0.92631876,0.022914592,0.025392277,0.025374457,0.92631876,True,True,0.9616457,0.9261745,741.0,692.0,False
d:\Research\Multi-View Fusion Network\datasets\brisc2025\classification_task\test\glioma\brisc2025_test_00079_gl_ax_t1.jpg,glioma,glioma,axial,0.9343686,0.021218551,0.022366654,0.022046227,0.9343686,True,True,0.9286154,0.86681974,859.0,765.0,False
d:\Research\Multi-View Fusion Network\datasets\brisc2025\classification_task\test\glioma\brisc2025_test_00080_gl_ax_t1.jpg,glioma,glioma,axial,0.92772293,0.024191502,0.023849174,0.02423637,0.92772293,True,True,0.87934005,0.78471,2275.0,1785.0,False
d:\Research\Multi-View Fusion Network\datasets\brisc2025\classification_task\test\glioma\brisc2025_test_00081_gl_ax_t1.jpg,glioma,glioma,axial,0.92298186,0.02604347,0.025737835,0.025236893,0.92298186,True,True,0.9281843,0.86616164,350.0,387.0,False
d:\Research\Multi-View Fusion Network\datasets\brisc2025\classification_task\test\glioma\brisc2025_test_00082_gl_ax_t1.jpg,glioma,glioma,axial,0.93718195,0.02019066,0.022186121,0.020441286,0.93718195,True,True,0.68282664,0.5187032,427.0,789.0,False
d:\Research\Multi-View Fusion Network\datasets\brisc2025\classification_task\test\glioma\brisc2025_test_00083_gl_ax_t1.jpg,glioma,glioma,axial,0.9279556,0.022330422,0.022741444,0.026972512,0.9279556,True,True,0.711329,0.5523649,509.0,408.0,False
d:\Research\Multi-View Fusion Network\datasets\brisc2025\classification_task\test\glioma\brisc2025_test_00084_gl_ax_t1.jpg,glioma,glioma,axial,0.9339256,0.021840265,0.021829223,0.022404939,0.9339256,True,True,0.7633082,0.61728853,2641.0,1735.0,False
d:\Research\Multi-View Fusion Network\datasets\brisc2025\classification_task\test\glioma\brisc2025_test_00085_gl_ax_t1.jpg,glioma,glioma,axial,0.92823595,0.024389429,0.023864118,0.023510521,0.92823595,True,True,0.2125163,0.11953353,83.0,683.0,False
d:\Research\Multi-View Fusion Network\datasets\brisc2025\classification_task\test\glioma\brisc2025_test_00086_gl_co_t1.jpg,glioma,glioma,coronal,0.9269714,0.023991836,0.025035132,0.024001686,0.9269714,True,True,0.9624119,0.9276018,625.0,651.0,False
d:\Research\Multi-View Fusion Network\datasets\brisc2025\classification_task\test\glioma\brisc2025_test_00087_gl_co_t1.jpg,glioma,glioma,coronal,0.91487753,0.025151586,0.031520154,0.028450746,0.91487753,True,True,0.8123003,0.6841398,739.0,512.0,False
d:\Research\Multi-View Fusion Network\datasets\brisc2025\classification_task\test\glioma\brisc2025_test_00088_gl_co_t1.jpg,glioma,glioma,coronal,0.9155585,0.028290262,0.027320033,0.028831197,0.9155585,True,True,0.6361516,0.46666667,1161.0,553.0,False
d:\Research\Multi-View Fusion Network\datasets\brisc2025\classification_task\test\glioma\brisc2025_test_00089_gl_co_t1.jpg,glioma,glioma,coronal,0.93361026,0.023128508,0.023214823,0.020046404,0.93361026,True,True,0.9193206,0.8507853,665.0,747.0,False
d:\Research\Multi-View Fusion Network\datasets\brisc2025\classification_task\test\glioma\brisc2025_test_00090_gl_co_t1.jpg,glioma,glioma,coronal,0.92731965,0.02329794,0.024334913,0.025047584,0.92731965,True,True,0.92850757,0.8666667,528.0,590.0,False
d:\Research\Multi-View Fusion Network\datasets\brisc2025\classification_task\test\glioma\brisc2025_test_00091_gl_co_t1.jpg,glioma,glioma,coronal,0.9293116,0.022260403,0.022913704,0.025514377,0.9293116,True,True,0.97308046,0.94758785,1628.0,1640.0,False
d:\Research\Multi-View Fusion Network\datasets\brisc2025\classification_task\test\glioma\brisc2025_test_00092_gl_co_t1.jpg,glioma,glioma,coronal,0.9315435,0.023573998,0.020657456,0.02422499,0.9315435,True,True,0.9216028,0.8548387,306.0,267.0,False
d:\Research\Multi-View Fusion Network\datasets\brisc2025\classification_task\test\glioma\brisc2025_test_00093_gl_co_t1.jpg,glioma,glioma,coronal,0.93269855,0.024020359,0.020304862,0.022976233,0.93269855,True,True,0.82635343,0.70434785,470.0,508.0,False
d:\Research\Multi-View Fusion Network\datasets\brisc2025\classification_task\test\glioma\brisc2025_test_00094_gl_co_t1.jpg,glioma,glioma,coronal,0.8950577,0.040990002,0.03190657,0.032045804,0.8950577,True,True,0.85971946,0.75438595,232.0,266.0,False
d:\Research\Multi-View Fusion Network\datasets\brisc2025\classification_task\test\glioma\brisc2025_test_00095_gl_co_t1.jpg,glioma,glioma,coronal,0.93944645,0.020962128,0.020442454,0.019148942,0.93944645,True,True,0.8931227,0.807047,538.0,537.0,False
d:\Research\Multi-View Fusion Network\datasets\brisc2025\classification_task\test\glioma\brisc2025_test_00096_gl_co_t1.jpg,glioma,glioma,coronal,0.93231815,0.020832736,0.022178182,0.02467102,0.93231815,True,True,0.0009478673,0.0009478673,207.0,847.0,False
d:\Research\Multi-View Fusion Network\datasets\brisc2025\classification_task\test\glioma\brisc2025_test_00097_gl_co_t1.jpg,glioma,glioma,coronal,0.92903465,0.022342654,0.02459068,0.024032023,0.92903465,True,True,0.91616845,0.84532464,3432.0,3927.0,False
d:\Research\Multi-View Fusion Network\datasets\brisc2025\classification_task\test\glioma\brisc2025_test_00098_gl_co_t1.jpg,glioma,glioma,coronal,0.9280778,0.023184592,0.024745448,0.023992106,0.9280778,True,True,0.8379791,0.7215569,331.0,242.0,False
d:\Research\Multi-View Fusion Network\datasets\brisc2025\classification_task\test\glioma\brisc2025_test_00099_gl_co_t1.jpg,glioma,glioma,coronal,0.9015468,0.039919566,0.03411076,0.024422964,0.9015468,True,True,0.0019193857,0.0019193857,50.0,470.0,False
d:\Research\Multi-View Fusion Network\datasets\brisc2025\classification_task\test\glioma\brisc2025_test_00100_gl_co_t1.jpg,glioma,glioma,coronal,0.93007797,0.020827051,0.024463225,0.024631815,0.93007797,True,True,0.64430577,0.47586206,361.0,279.0,False
d:\Research\Multi-View Fusion Network\datasets\brisc2025\classification_task\test\glioma\brisc2025_test_00101_gl_co_t1.jpg,glioma,glioma,coronal,0.9377457,0.020165179,0.020754322,0.021334806,0.9377457,True,True,0.9264,0.8630952,311.0,313.0,False
d:\Research\Multi-View Fusion Network\datasets\brisc2025\classification_task\test\glioma\brisc2025_test_00102_gl_co_t1.jpg,glioma,glioma,coronal,0.9251529,0.026288537,0.023806538,0.02475203,0.9251529,True,True,0.95889604,0.9210823,870.0,832.0,False
d:\Research\Multi-View Fusion Network\datasets\brisc2025\classification_task\test\glioma\brisc2025_test_00103_gl_co_t1.jpg,glioma,glioma,coronal,0.93011993,0.024872243,0.021737011,0.023270791,0.93011993,True,True,0.93948615,0.8859146,1414.0,1543.0,False
d:\Research\Multi-View Fusion Network\datasets\brisc2025\classification_task\test\glioma\brisc2025_test_00104_gl_co_t1.jpg,glioma,glioma,coronal,0.93144876,0.023573965,0.02066084,0.024316533,0.93144876,True,True,0.9014909,0.8207364,1004.0,873.0,False
d:\Research\Multi-View Fusion Network\datasets\brisc2025\classification_task\test\glioma\brisc2025_test_00105_gl_co_t1.jpg,glioma,glioma,coronal,0.93521404,0.022436975,0.020053808,0.022295121,0.93521404,True,True,0.45764118,0.29709366,279.0,924.0,False
d:\Research\Multi-View Fusion Network\datasets\brisc2025\classification_task\test\glioma\brisc2025_test_00106_gl_co_t1.jpg,glioma,glioma,coronal,0.930853,0.023816291,0.024127835,0.021202898,0.930853,True,True,0.8626866,0.7585878,1806.0,1878.0,False
d:\Research\Multi-View Fusion Network\datasets\brisc2025\classification_task\test\glioma\brisc2025_test_00107_gl_co_t1.jpg,glioma,glioma,coronal,0.9309041,0.022027034,0.022975756,0.024093047,0.9309041,True,True,0.8150794,0.68794644,2017.0,1762.0,False
d:\Research\Multi-View Fusion Network\datasets\brisc2025\classification_task\test\glioma\brisc2025_test_00108_gl_co_t1.jpg,glioma,glioma,coronal,0.9241601,0.02291525,0.028680125,0.024244493,0.9241601,True,True,0.9464286,0.8983689,759.0,752.0,False
d:\Research\Multi-View Fusion Network\datasets\brisc2025\classification_task\test\glioma\brisc2025_test_00109_gl_co_t1.jpg,glioma,glioma,coronal,0.93440944,0.023448829,0.021022275,0.021119533,0.93440944,True,True,0.9570983,0.91778773,627.0,654.0,False
d:\Research\Multi-View Fusion Network\datasets\brisc2025\classification_task\test\glioma\brisc2025_test_00110_gl_co_t1.jpg,glioma,glioma,coronal,0.93411964,0.022231553,0.022013707,0.02163517,0.93411964,True,True,0.9643335,0.9311532,1083.0,1159.0,False
d:\Research\Multi-View Fusion Network\datasets\brisc2025\classification_task\test\glioma\brisc2025_test_00111_gl_co_t1.jpg,glioma,glioma,coronal,0.94045633,0.019485233,0.019411234,0.020647299,0.94045633,True,True,0.94065285,0.8882682,167.0,169.0,False
d:\Research\Multi-View Fusion Network\datasets\brisc2025\classification_task\test\glioma\brisc2025_test_00112_gl_co_t1.jpg,glioma,glioma,coronal,0.93295956,0.022687713,0.023007235,0.021345502,0.93295956,True,True,0.23516798,0.13360325,206.0,1192.0,False
d:\Research\Multi-View Fusion Network\datasets\brisc2025\classification_task\test\glioma\brisc2025_test_00113_gl_co_t1.jpg,glioma,glioma,coronal,0.9346324,0.022856632,0.02207105,0.020439949,0.9346324,True,True,0.66859853,0.5023734,639.0,1258.0,False
d:\Research\Multi-View Fusion Network\datasets\brisc2025\classification_task\test\glioma\brisc2025_test_00114_gl_co_t1.jpg,glioma,glioma,coronal,0.93551034,0.020539418,0.020360053,0.023590142,0.93551034,True,True,0.8440219,0.7302118,1567.0,1535.0,False
d:\Research\Multi-View Fusion Network\datasets\brisc2025\classification_task\test\glioma\brisc2025_test_00115_gl_co_t1.jpg,glioma,glioma,coronal,0.9212227,0.026507704,0.023267785,0.029001785,0.9212227,True,True,0.78571427,0.6475645,342.0,231.0,False
d:\Research\Multi-View Fusion Network\datasets\brisc2025\classification_task\test\glioma\brisc2025_test_00116_gl_co_t1.jpg,glioma,glioma,coronal,0.9326882,0.023319554,0.023197306,0.020795036,0.9326882,True,True,0.83598727,0.71857923,278.0,349.0,False
d:\Research\Multi-View Fusion Network\datasets\brisc2025\classification_task\test\glioma\brisc2025_test_00117_gl_co_t1.jpg,glioma,glioma,coronal,0.92746127,0.029201323,0.024596283,0.018741164,0.92746127,True,True,0.9344859,0.87713313,554.0,544.0,False
d:\Research\Multi-View Fusion Network\datasets\brisc2025\classification_task\test\glioma\brisc2025_test_00118_gl_co_t1.jpg,glioma,glioma,coronal,0.8725559,0.046948098,0.041988183,0.038507845,0.8725559,True,True,0.92219275,0.8557377,529.0,601.0,False
d:\Research\Multi-View Fusion Network\datasets\brisc2025\classification_task\test\glioma\brisc2025_test_00119_gl_co_t1.jpg,glioma,glioma,coronal,0.9261591,0.024395652,0.025606204,0.023839025,0.9261591,True,True,0.70677143,0.54672897,823.0,830.0,False
d:\Research\Multi-View Fusion Network\datasets\brisc2025\classification_task\test\glioma\brisc2025_test_00120_gl_co_t1.jpg,glioma,glioma,coronal,0.9385461,0.020137277,0.019489381,0.021827206,0.9385461,True,True,0.9394645,0.88596493,432.0,426.0,False
d:\Research\Multi-View Fusion Network\datasets\brisc2025\classification_task\test\glioma\brisc2025_test_00121_gl_co_t1.jpg,glioma,glioma,coronal,0.92947674,0.024622472,0.023282556,0.022618238,0.92947674,True,True,0.85845155,0.75207037,1535.0,1848.0,False
d:\Research\Multi-View Fusion Network\datasets\brisc2025\classification_task\test\glioma\brisc2025_test_00122_gl_co_t1.jpg,glioma,glioma,coronal,0.9256324,0.02723888,0.021958832,0.025169874,0.9256324,True,True,0.77191234,0.62884927,559.0,444.0,False
d:\Research\Multi-View Fusion Network\datasets\brisc2025\classification_task\test\glioma\brisc2025_test_00123_gl_co_t1.jpg,glioma,glioma,coronal,0.9368785,0.021919547,0.019970713,0.021231242,0.9368785,True,True,0.5708535,0.39977476,595.0,646.0,False
d:\Research\Multi-View Fusion Network\datasets\brisc2025\classification_task\test\glioma\brisc2025_test_00124_gl_co_t1.jpg,glioma,glioma,coronal,0.935959,0.021567624,0.020370025,0.022103429,0.935959,True,True,0.6940789,0.53172207,539.0,980.0,False
d:\Research\Multi-View Fusion Network\datasets\brisc2025\classification_task\test\glioma\brisc2025_test_00125_gl_co_t1.jpg,glioma,glioma,coronal,0.92957526,0.022315012,0.024707353,0.023402333,0.92957526,True,True,0.6492674,0.4810298,402.0,689.0,False
d:\Research\Multi-View Fusion Network\datasets\brisc2025\classification_task\test\glioma\brisc2025_test_00126_gl_co_t1.jpg,glioma,glioma,coronal,0.927165,0.023707094,0.023228562,0.02589939,0.927165,True,True,0.8715909,0.7726358,472.0,407.0,False
d:\Research\Multi-View Fusion Network\datasets\brisc2025\classification_task\test\glioma\brisc2025_test_00127_gl_co_t1.jpg,glioma,glioma,coronal,0.9174137,0.02860765,0.02937827,0.024600293,0.9174137,True,True,0.9623552,0.9275093,520.0,515.0,False
d:\Research\Multi-View Fusion Network\datasets\brisc2025\classification_task\test\glioma\brisc2025_test_00128_gl_co_t1.jpg,glioma,glioma,coronal,0.9310524,0.025531868,0.021824725,0.021590943,0.9310524,True,True,0.8459259,0.73333335,345.0,329.0,False
d:\Research\Multi-View Fusion Network\datasets\brisc2025\classification_task\test\glioma\brisc2025_test_00129_gl_co_t1.jpg,glioma,glioma,coronal,0.93173504,0.023448547,0.024368722,0.02044765,0.93173504,True,True,0.94229037,0.89097106,542.0,566.0,False
d:\Research\Multi-View Fusion Network\datasets\brisc2025\classification_task\test\glioma\brisc2025_test_00130_gl_co_t1.jpg,glioma,glioma,coronal,0.932003,0.022613797,0.02152098,0.023862205,0.932003,True,True,0.8581803,0.7516829,1332.0,1008.0,False
d:\Research\Multi-View Fusion Network\datasets\brisc2025\classification_task\test\glioma\brisc2025_test_00131_gl_co_t1.jpg,glioma,glioma,coronal,0.9254104,0.025449855,0.02613664,0.023003146,0.9254104,True,True,0.0023980816,0.0023980816,416.0,0.0,True
d:\Research\Multi-View Fusion Network\datasets\brisc2025\classification_task\test\glioma\brisc2025_test_00132_gl_co_t1.jpg,glioma,glioma,coronal,0.9399106,0.021003425,0.018369162,0.02071677,0.9399106,True,True,0.08618582,0.04533844,513.0,1122.0,False
d:\Research\Multi-View Fusion Network\datasets\brisc2025\classification_task\test\glioma\brisc2025_test_00133_gl_co_t1.jpg,glioma,glioma,coronal,0.93291426,0.02188361,0.022395974,0.022806175,0.93291426,True,True,0.96256155,0.92789376,505.0,509.0,False
d:\Research\Multi-View Fusion Network\datasets\brisc2025\classification_task\test\glioma\brisc2025_test_00134_gl_co_t1.jpg,glioma,glioma,coronal,0.93037903,0.021954566,0.021606274,0.026060173,0.93037903,True,True,0.93411195,0.8763952,2398.0,2139.0,False
d:\Research\Multi-View Fusion Network\datasets\brisc2025\classification_task\test\glioma\brisc2025_test_00135_gl_co_t1.jpg,glioma,glioma,coronal,0.93273944,0.022957599,0.022242505,0.022060385,0.93273944,True,True,0.5157687,0.34778762,425.0,1096.0,False
d:\Research\Multi-View Fusion Network\datasets\brisc2025\classification_task\test\glioma\brisc2025_test_00136_gl_co_t1.jpg,glioma,glioma,coronal,0.9190899,0.026351208,0.026700098,0.02785877,0.9190899,True,True,0.8800888,0.78599733,690.0,660.0,False
d:\Research\Multi-View Fusion Network\datasets\brisc2025\classification_task\test\glioma\brisc2025_test_00137_gl_co_t1.jpg,glioma,glioma,coronal,0.93858254,0.021344496,0.019486919,0.020586113,0.93858254,True,True,0.88246816,0.78984237,526.0,494.0,False
d:\Research\Multi-View Fusion Network\datasets\brisc2025\classification_task\test\glioma\brisc2025_test_00138_gl_co_t1.jpg,glioma,glioma,coronal,0.9320716,0.02416195,0.020238096,0.023528388,0.9320716,True,True,0.93473935,0.87752056,1326.0,1186.0,False
d:\Research\Multi-View Fusion Network\datasets\brisc2025\classification_task\test\glioma\brisc2025_test_00139_gl_co_t1.jpg,glioma,glioma,coronal,0.9155885,0.031716235,0.027915677,0.024779635,0.9155885,True,True,0.935397,0.8787879,365.0,377.0,False
d:\Research\Multi-View Fusion Network\datasets\brisc2025\classification_task\test\glioma\brisc2025_test_00140_gl_co_t1.jpg,glioma,glioma,coronal,0.92732376,0.022589808,0.025444388,0.024642084,0.92732376,True,True,0.75308645,0.6052632,145.0,97.0,False
d:\Research\Multi-View Fusion Network\datasets\brisc2025\classification_task\test\glioma\brisc2025_test_00141_gl_co_t1.jpg,glioma,glioma,coronal,0.9348135,0.021402493,0.021485092,0.022298887,0.9348135,True,True,0.5295393,0.3603537,615.0,1229.0,False
d:\Research\Multi-View Fusion Network\datasets\brisc2025\classification_task\test\glioma\brisc2025_test_00142_gl_co_t1.jpg,glioma,glioma,coronal,0.9043029,0.028561711,0.031497564,0.035637837,0.9043029,True,True,0.87447697,0.7777778,108.0,130.0,False
d:\Research\Multi-View Fusion Network\datasets\brisc2025\classification_task\test\glioma\brisc2025_test_00143_gl_co_t1.jpg,glioma,glioma,coronal,0.9179724,0.027022231,0.02780802,0.02719731,0.9179724,True,True,0.5202381,0.35209003,454.0,385.0,False
d:\Research\Multi-View Fusion Network\datasets\brisc2025\classification_task\test\glioma\brisc2025_test_00144_gl_co_t1.jpg,glioma,glioma,coronal,0.9319763,0.02181629,0.022176463,0.024030888,0.9319763,True,True,0.20219436,0.11324042,71.0,566.0,False
d:\Research\Multi-View Fusion Network\datasets\brisc2025\classification_task\test\glioma\brisc2025_test_00145_gl_co_t1.jpg,glioma,glioma,coronal,0.92366457,0.025327554,0.024442146,0.02656573,0.92366457,True,True,0.66566443,0.4990991,581.0,1081.0,False
d:\Research\Multi-View Fusion Network\datasets\brisc2025\classification_task\test\glioma\brisc2025_test_00146_gl_co_t1.jpg,glioma,meningioma,coronal,0.03498099,0.9104354,0.027824497,0.02675916,0.9104354,False,True,0.7305195,0.57653064,129.0,178.0,False
d:\Research\Multi-View Fusion Network\datasets\brisc2025\classification_task\test\glioma\brisc2025_test_00147_gl_co_t1.jpg,glioma,glioma,coronal,0.9280062,0.026084542,0.021033738,0.024875585,0.9280062,True,True,0.9624119,0.9276018,659.0,617.0,False
d:\Research\Multi-View Fusion Network\datasets\brisc2025\classification_task\test\glioma\brisc2025_test_00148_gl_co_t1.jpg,glioma,glioma,coronal,0.93365926,0.021449935,0.021556532,0.02333428,0.93365926,True,True,0.9679408,0.9379475,402.0,408.0,False
d:\Research\Multi-View Fusion Network\datasets\brisc2025\classification_task\test\glioma\brisc2025_test_00149_gl_co_t1.jpg,glioma,glioma,coronal,0.93303174,0.021973317,0.022565098,0.022429852,0.93303174,True,True,0.9298561,0.8691275,290.0,265.0,False
d:\Research\Multi-View Fusion Network\datasets\brisc2025\classification_task\test\glioma\brisc2025_test_00150_gl_co_t1.jpg,glioma,glioma,coronal,0.9332339,0.021028005,0.022051876,0.023686204,0.9332339,True,True,0.77681476,0.6353982,407.0,515.0,False
d:\Research\Multi-View Fusion Network\datasets\brisc2025\classification_task\test\glioma\brisc2025_test_00151_gl_co_t1.jpg,glioma,glioma,coronal,0.9133949,0.03354438,0.028500289,0.024560418,0.9133949,True,True,0.6915094,0.5288184,644.0,415.0,False
d:\Research\Multi-View Fusion Network\datasets\brisc2025\classification_task\test\glioma\brisc2025_test_00152_gl_co_t1.jpg,glioma,glioma,coronal,0.93539757,0.02377432,0.021038607,0.019789554,0.93539757,True,True,0.94564486,0.896927,1435.0,1526.0,False
d:\Research\Multi-View Fusion Network\datasets\brisc2025\classification_task\test\glioma\brisc2025_test_00153_gl_co_t1.jpg,glioma,glioma,coronal,0.93110335,0.023383519,0.023117661,0.022395527,0.93110335,True,True,0.9369202,0.88139534,834.0,782.0,False
d:\Research\Multi-View Fusion Network\datasets\brisc2025\classification_task\test\glioma\brisc2025_test_00154_gl_co_t1.jpg,glioma,glioma,coronal,0.9214875,0.024389233,0.026456771,0.027666498,0.9214875,True,True,0.7928051,0.65686274,972.0,1223.0,False
d:\Research\Multi-View Fusion Network\datasets\brisc2025\classification_task\test\glioma\brisc2025_test_00155_gl_co_t1.jpg,glioma,glioma,coronal,0.93420166,0.020975327,0.02210078,0.022722308,0.93420166,True,True,0.95752394,0.91852057,3333.0,3564.0,False
d:\Research\Multi-View Fusion Network\datasets\brisc2025\classification_task\test\glioma\brisc2025_test_00156_gl_co_t1.jpg,glioma,glioma,coronal,0.92627716,0.025574444,0.02374669,0.024401708,0.92627716,True,True,0.7477052,0.5971524,1440.0,2372.0,False
d:\Research\Multi-View Fusion Network\datasets\brisc2025\classification_task\test\glioma\brisc2025_test_00157_gl_co_t1.jpg,glioma,glioma,coronal,0.93599266,0.021504298,0.022084001,0.02041908,0.93599266,True,True,0.7521027,0.60274297,3006.0,3770.0,False
d:\Research\Multi-View Fusion Network\datasets\brisc2025\classification_task\test\glioma\brisc2025_test_00158_gl_co_t1.jpg,glioma,glioma,coronal,0.93265384,0.023302322,0.020986412,0.02305756,0.93265384,True,True,0.8422386,0.72752583,2290.0,2051.0,False
d:\Research\Multi-View Fusion Network\datasets\brisc2025\classification_task\test\glioma\brisc2025_test_00159_gl_co_t1.jpg,glioma,glioma,coronal,0.93734497,0.021082802,0.020723987,0.020848269,0.93734497,True,True,0.9402029,0.8872105,947.0,925.0,False
d:\Research\Multi-View Fusion Network\datasets\brisc2025\classification_task\test\glioma\brisc2025_test_00160_gl_co_t1.jpg,glioma,glioma,coronal,0.9248058,0.0236648,0.027357016,0.024172438,0.9248058,True,True,0.8630952,0.75923645,1364.0,1491.0,False
d:\Research\Multi-View Fusion Network\datasets\brisc2025\classification_task\test\glioma\brisc2025_test_00161_gl_co_t1.jpg,glioma,glioma,coronal,0.9487445,0.017395822,0.017082725,0.01677693,0.9487445,True,True,0.9245723,0.85975903,1880.0,1977.0,False
d:\Research\Multi-View Fusion Network\datasets\brisc2025\classification_task\test\glioma\brisc2025_test_00162_gl_co_t1.jpg,glioma,glioma,coronal,0.9374587,0.020834887,0.020061646,0.021644734,0.9374587,True,True,0.7991266,0.6656977,680.0,464.0,False
d:\Research\Multi-View Fusion Network\datasets\brisc2025\classification_task\test\glioma\brisc2025_test_00163_gl_co_t1.jpg,glioma,glioma,coronal,0.9329209,0.022040777,0.022277301,0.022761049,0.9329209,True,True,0.87364924,0.7758112,543.0,659.0,False
d:\Research\Multi-View Fusion Network\datasets\brisc2025\classification_task\test\glioma\brisc2025_test_00164_gl_co_t1.jpg,glioma,glioma,coronal,0.92656356,0.026512558,0.023717647,0.02320632,0.92656356,True,True,0.90398973,0.8248346,2202.0,2484.0,False
d:\Research\Multi-View Fusion Network\datasets\brisc2025\classification_task\test\glioma\brisc2025_test_00165_gl_co_t1.jpg,glioma,glioma,coronal,0.94139445,0.01942707,0.018487308,0.020691182,0.94139445,True,True,0.8846609,0.7932131,2266.0,2805.0,False
d:\Research\Multi-View Fusion Network\datasets\brisc2025\classification_task\test\glioma\brisc2025_test_00166_gl_co_t1.jpg,glioma,glioma,coronal,0.9250351,0.026882315,0.024943901,0.023138748,0.9250351,True,True,0.67122155,0.50529593,848.0,1566.0,False
d:\Research\Multi-View Fusion Network\datasets\brisc2025\classification_task\test\glioma\brisc2025_test_00167_gl_sa_t1.jpg,glioma,glioma,sagittal,0.9173257,0.027594823,0.027346125,0.027733361,0.9173257,True,True,0.93509614,0.87819546,629.0,618.0,False
d:\Research\Multi-View Fusion Network\datasets\brisc2025\classification_task\test\glioma\brisc2025_test_00168_gl_sa_t1.jpg,glioma,glioma,sagittal,0.92991775,0.02348553,0.023526086,0.023070676,0.92991775,True,True,0.0003910833,0.0003910833,2434.0,122.0,False
d:\Research\Multi-View Fusion Network\datasets\brisc2025\classification_task\test\glioma\brisc2025_test_00169_gl_sa_t1.jpg,glioma,glioma,sagittal,0.92971945,0.02340401,0.022504432,0.024372041,0.92971945,True,True,0.85209554,0.74235994,2318.0,1785.0,False
d:\Research\Multi-View Fusion Network\datasets\brisc2025\classification_task\test\glioma\brisc2025_test_00170_gl_sa_t1.jpg,glioma,glioma,sagittal,0.9264175,0.025275994,0.02493538,0.023371076,0.9264175,True,True,0.84595203,0.73311687,1510.0,1157.0,False
d:\Research\Multi-View Fusion Network\datasets\brisc2025\classification_task\test\glioma\brisc2025_test_00171_gl_sa_t1.jpg,glioma,glioma,sagittal,0.9449393,0.018506555,0.018506754,0.018047301,0.9449393,True,True,0.8752826,0.77829874,1396.0,1257.0,False
d:\Research\Multi-View Fusion Network\datasets\brisc2025\classification_task\test\glioma\brisc2025_test_00172_gl_sa_t1.jpg,glioma,glioma,sagittal,0.92707294,0.024355536,0.023847466,0.024724081,0.92707294,True,True,0.68661803,0.522963,1323.0,731.0,False
d:\Research\Multi-View Fusion Network\datasets\brisc2025\classification_task\test\glioma\brisc2025_test_00173_gl_sa_t1.jpg,glioma,glioma,sagittal,0.9332673,0.020476874,0.02320257,0.023053238,0.9332673,True,True,0.7751004,0.63398695,144.0,104.0,False
d:\Research\Multi-View Fusion Network\datasets\brisc2025\classification_task\test\glioma\brisc2025_test_00174_gl_sa_t1.jpg,glioma,glioma,sagittal,0.9388962,0.018816976,0.022413274,0.019873468,0.9388962,True,True,0.95681816,0.9173913,224.0,215.0,False
d:\Research\Multi-View Fusion Network\datasets\brisc2025\classification_task\test\glioma\brisc2025_test_00175_gl_sa_t1.jpg,glioma,glioma,sagittal,0.93387073,0.021989359,0.020651933,0.023487985,0.93387073,True,True,0.85496867,0.746875,514.0,602.0,False
d:\Research\Multi-View Fusion Network\datasets\brisc2025\classification_task\test\glioma\brisc2025_test_00176_gl_sa_t1.jpg,glioma,glioma,sagittal,0.925235,0.022833232,0.029639075,0.02229268,0.925235,True,True,0.0022371365,0.0022371365,276.0,170.0,False
d:\Research\Multi-View Fusion Network\datasets\brisc2025\classification_task\test\glioma\brisc2025_test_00177_gl_sa_t1.jpg,glioma,glioma,sagittal,0.9333622,0.020680157,0.022184676,0.023772944,0.9333622,True,True,0.9158399,0.8447949,1347.0,1575.0,False
d:\Research\Multi-View Fusion Network\datasets\brisc2025\classification_task\test\glioma\brisc2025_test_00178_gl_sa_t1.jpg,glioma,glioma,sagittal,0.9271618,0.02463445,0.024672804,0.023531025,0.9271618,True,True,0.7768446,0.63529414,946.0,720.0,False
d:\Research\Multi-View Fusion Network\datasets\brisc2025\classification_task\test\glioma\brisc2025_test_00179_gl_sa_t1.jpg,glioma,glioma,sagittal,0.93983555,0.021017857,0.018567314,0.020579267,0.93983555,True,True,0.56349206,0.39274448,249.0,632.0,False
d:\Research\Multi-View Fusion Network\datasets\brisc2025\classification_task\test\glioma\brisc2025_test_00180_gl_sa_t1.jpg,glioma,glioma,sagittal,0.9385027,0.02000035,0.019508911,0.021988124,0.9385027,True,True,0.79466116,0.65986395,236.0,250.0,False
d:\Research\Multi-View Fusion Network\datasets\brisc2025\classification_task\test\glioma\brisc2025_test_00181_gl_sa_t1.jpg,glioma,glioma,sagittal,0.930122,0.022985267,0.023838583,0.023054099,0.930122,True,True,0.95692885,0.9175627,262.0,271.0,False
d:\Research\Multi-View Fusion Network\datasets\brisc2025\classification_task\test\glioma\brisc2025_test_00182_gl_sa_t1.jpg,glioma,glioma,sagittal,0.93235844,0.022064969,0.021002954,0.024573624,0.93235844,True,True,0.76057905,0.6140036,439.0,458.0,False
d:\Research\Multi-View Fusion Network\datasets\brisc2025\classification_task\test\glioma\brisc2025_test_00183_gl_sa_t1.jpg,glioma,glioma,sagittal,0.93247443,0.025256157,0.02259866,0.019670667,0.93247443,True,True,0.4788345,0.3150289,1084.0,734.0,False
d:\Research\Multi-View Fusion Network\datasets\brisc2025\classification_task\test\glioma\brisc2025_test_00184_gl_sa_t1.jpg,glioma,glioma,sagittal,0.92896146,0.024864083,0.023214225,0.022960259,0.92896146,True,True,0.9459976,0.89755213,2008.0,2176.0,False
d:\Research\Multi-View Fusion Network\datasets\brisc2025\classification_task\test\glioma\brisc2025_test_00185_gl_sa_t1.jpg,glioma,glioma,sagittal,0.9375132,0.02315366,0.019322766,0.02001033,0.9375132,True,True,0.9260962,0.8624095,1359.0,1468.0,False
d:\Research\Multi-View Fusion Network\datasets\brisc2025\classification_task\test\glioma\brisc2025_test_00186_gl_sa_t1.jpg,glioma,glioma,sagittal,0.9385738,0.020259244,0.02069869,0.020468365,0.9385738,True,True,0.6829132,0.51870745,1044.0,740.0,False
d:\Research\Multi-View Fusion Network\datasets\brisc2025\classification_task\test\glioma\brisc2025_test_00187_gl_sa_t1.jpg,glioma,glioma,sagittal,0.9145252,0.027612973,0.028304836,0.029556984,0.9145252,True,True,0.7627027,0.6165939,1131.0,718.0,False
d:\Research\Multi-View Fusion Network\datasets\brisc2025\classification_task\test\glioma\brisc2025_test_00188_gl_sa_t1.jpg,glioma,glioma,sagittal,0.93842643,0.02028288,0.02070268,0.020588098,0.93842643,True,True,0.42111802,0.2672956,379.0,425.0,False
d:\Research\Multi-View Fusion Network\datasets\brisc2025\classification_task\test\glioma\brisc2025_test_00189_gl_sa_t1.jpg,glioma,glioma,sagittal,0.9091694,0.030310435,0.029728873,0.030791307,0.9091694,True,True,0.97334754,0.9480897,2320.0,2369.0,False
d:\Research\Multi-View Fusion Network\datasets\brisc2025\classification_task\test\glioma\brisc2025_test_00190_gl_sa_t1.jpg,glioma,glioma,sagittal,0.91470283,0.02785539,0.028934747,0.028507063,0.91470283,True,True,0.95375025,0.91160643,2575.0,2397.0,False
d:\Research\Multi-View Fusion Network\datasets\brisc2025\classification_task\test\glioma\brisc2025_test_00191_gl_sa_t1.jpg,glioma,glioma,sagittal,0.9234791,0.026212825,0.028579706,0.021728419,0.9234791,True,True,0.33769634,0.20440252,64.0,317.0,False
d:\Research\Multi-View Fusion Network\datasets\brisc2025\classification_task\test\glioma\brisc2025_test_00192_gl_sa_t1.jpg,glioma,glioma,sagittal,0.9380884,0.019271543,0.021074181,0.021565888,0.9380884,True,True,0.74198717,0.58991337,1364.0,1755.0,False
d:\Research\Multi-View Fusion Network\datasets\brisc2025\classification_task\test\glioma\brisc2025_test_00193_gl_sa_t1.jpg,glioma,glioma,sagittal,0.937233,0.021795398,0.021322442,0.019649133,0.937233,True,True,0.41318023,0.2604559,4901.0,1456.0,False
d:\Research\Multi-View Fusion Network\datasets\brisc2025\classification_task\test\glioma\brisc2025_test_00194_gl_sa_t1.jpg,glioma,glioma,sagittal,0.9249582,0.023074815,0.026208496,0.02575855,0.9249582,True,True,0.8958333,0.81164384,252.0,275.0,False
d:\Research\Multi-View Fusion Network\datasets\brisc2025\classification_task\test\glioma\brisc2025_test_00195_gl_sa_t1.jpg,glioma,glioma,sagittal,0.92516977,0.026832208,0.025463223,0.022534817,0.92516977,True,True,0.81240547,0.68447834,284.0,376.0,False
d:\Research\Multi-View Fusion Network\datasets\brisc2025\classification_task\test\glioma\brisc2025_test_00196_gl_sa_t1.jpg,glioma,glioma,sagittal,0.92812246,0.023690183,0.025807861,0.022379605,0.92812246,True,True,0.94776493,0.90076333,975.0,1015.0,False
d:\Research\Multi-View Fusion Network\datasets\brisc2025\classification_task\test\glioma\brisc2025_test_00197_gl_sa_t1.jpg,glioma,glioma,sagittal,0.93872684,0.019300764,0.022039285,0.019933172,0.93872684,True,True,0.94165695,0.88986784,427.0,429.0,False
d:\Research\Multi-View Fusion Network\datasets\brisc2025\classification_task\test\glioma\brisc2025_test_00198_gl_sa_t1.jpg,glioma,glioma,sagittal,0.9339922,0.021539755,0.023297096,0.021171035,0.9339922,True,True,0.9146982,0.84284335,1955.0,1854.0,False
d:\Research\Multi-View Fusion Network\datasets\brisc2025\classification_task\test\glioma\brisc2025_test_00199_gl_sa_t1.jpg,glioma,glioma,sagittal,0.93950886,0.018476242,0.022575824,0.01943908,0.93950886,True,True,0.9609295,0.9248157,1969.0,1946.0,False
d:\Research\Multi-View Fusion Network\datasets\brisc2025\classification_task\test\glioma\brisc2025_test_00200_gl_sa_t1.jpg,glioma,glioma,sagittal,0.93186074,0.022371879,0.023110215,0.022657182,0.93186074,True,True,0.9351423,0.87826085,765.0,745.0,False
d:\Research\Multi-View Fusion Network\datasets\brisc2025\classification_task\test\glioma\brisc2025_test_00201_gl_sa_t1.jpg,glioma,glioma,sagittal,0.9421396,0.019160852,0.019025138,0.019674342,0.9421396,True,True,0.9311051,0.87117344,699.0,766.0,False
d:\Research\Multi-View Fusion Network\datasets\brisc2025\classification_task\test\glioma\brisc2025_test_00202_gl_sa_t1.jpg,glioma,glioma,sagittal,0.92963296,0.023774628,0.025686491,0.02090588,0.92963296,True,True,0.90249705,0.82251084,417.0,423.0,False
d:\Research\Multi-View Fusion Network\datasets\brisc2025\classification_task\test\glioma\brisc2025_test_00203_gl_sa_t1.jpg,glioma,glioma,sagittal,0.9259968,0.022062665,0.02487639,0.02706415,0.9259968,True,True,0.9255362,0.8614458,1264.0,1206.0,False
d:\Research\Multi-View Fusion Network\datasets\brisc2025\classification_task\test\glioma\brisc2025_test_00204_gl_sa_t1.jpg,glioma,glioma,sagittal,0.92665863,0.025135932,0.0221396,0.026065866,0.92665863,True,True,0.42177314,0.2675475,402.0,1131.0,False
d:\Research\Multi-View Fusion Network\datasets\brisc2025\classification_task\test\glioma\brisc2025_test_00205_gl_sa_t1.jpg,glioma,glioma,sagittal,0.9312893,0.0235305,0.022888778,0.022291398,0.9312893,True,True,0.88714576,0.79727274,1003.0,972.0,False
d:\Research\Multi-View Fusion Network\datasets\brisc2025\classification_task\test\glioma\brisc2025_test_00206_gl_sa_t1.jpg,glioma,glioma,sagittal,0.9366692,0.02107841,0.021925917,0.020326506,0.9366692,True,True,0.9098989,0.8347386,1568.0,1694.0,False
d:\Research\Multi-View Fusion Network\datasets\brisc2025\classification_task\test\glioma\brisc2025_test_00207_gl_sa_t1.jpg,glioma,glioma,sagittal,0.93679094,0.020691393,0.021992343,0.020525247,0.93679094,True,True,0.500473,0.33417404,383.0,673.0,False
d:\Research\Multi-View Fusion Network\datasets\brisc2025\classification_task\test\glioma\brisc2025_test_00208_gl_sa_t1.jpg,glioma,glioma,sagittal,0.9308387,0.025802625,0.020943733,0.022414986,0.9308387,True,True,0.7509434,0.60131794,1782.0,1132.0,False
d:\Research\Multi-View Fusion Network\datasets\brisc2025\classification_task\test\glioma\brisc2025_test_00209_gl_sa_t1.jpg,glioma,glioma,sagittal,0.93634206,0.022267427,0.022623956,0.018766535,0.93634206,True,True,0.91832554,0.84902596,1621.0,1794.0,False
d:\Research\Multi-View Fusion Network\datasets\brisc2025\classification_task\test\glioma\brisc2025_test_00210_gl_sa_t1.jpg,glioma,glioma,sagittal,0.92169493,0.027246013,0.02465648,0.026402522,0.92169493,True,True,0.74367756,0.59203357,2218.0,1577.0,False
d:\Research\Multi-View Fusion Network\datasets\brisc2025\classification_task\test\glioma\brisc2025_test_00211_gl_sa_t1.jpg,glioma,glioma,sagittal,0.9404616,0.01959609,0.020317394,0.019624902,0.9404616,True,True,0.45822892,0.2973998,1746.0,647.0,False
d:\Research\Multi-View Fusion Network\datasets\brisc2025\classification_task\test\glioma\brisc2025_test_00212_gl_sa_t1.jpg,glioma,glioma,sagittal,0.91880274,0.028659126,0.027706686,0.024831444,0.91880274,True,True,0.9402516,0.88757396,161.0,156.0,False
d:\Research\Multi-View Fusion Network\datasets\brisc2025\classification_task\test\glioma\brisc2025_test_00213_gl_sa_t1.jpg,glioma,glioma,sagittal,0.94246864,0.01872026,0.0179609,0.020850213,0.94246864,True,True,0.89540815,0.8110599,205.0,186.0,False
d:\Research\Multi-View Fusion Network\datasets\brisc2025\classification_task\test\glioma\brisc2025_test_00214_gl_sa_t1.jpg,glioma,glioma,sagittal,0.92152023,0.02555867,0.02629565,0.026625386,0.92152023,True,True,0.9144893,0.8425656,656.0,606.0,False
d:\Research\Multi-View Fusion Network\datasets\brisc2025\classification_task\test\glioma\brisc2025_test_00215_gl_sa_t1.jpg,glioma,glioma,sagittal,0.93168384,0.021198306,0.025654612,0.02146318,0.93168384,True,True,0.87360597,0.7757256,629.0,715.0,False
d:\Research\Multi-View Fusion Network\datasets\brisc2025\classification_task\test\glioma\brisc2025_test_00216_gl_sa_t1.jpg,glioma,glioma,sagittal,0.9287136,0.02526152,0.022752209,0.023272637,0.9287136,True,True,0.7999381,0.6666667,1752.0,1476.0,False
d:\Research\Multi-View Fusion Network\datasets\brisc2025\classification_task\test\glioma\brisc2025_test_00217_gl_sa_t1.jpg,glioma,glioma,sagittal,0.94081324,0.021557776,0.018530456,0.01909841,0.94081324,True,True,0.3760483,0.23172243,818.0,2162.0,False
d:\Research\Multi-View Fusion Network\datasets\brisc2025\classification_task\test\glioma\brisc2025_test_00218_gl_sa_t1.jpg,glioma,glioma,sagittal,0.8795002,0.032781176,0.056551676,0.031166876,0.8795002,True,True,0.47566628,0.31231004,1196.0,529.0,False
d:\Research\Multi-View Fusion Network\datasets\brisc2025\classification_task\test\glioma\brisc2025_test_00219_gl_sa_t1.jpg,glioma,glioma,sagittal,0.9262592,0.024307026,0.025897373,0.023536328,0.9262592,True,True,0.9128521,0.83980584,525.0,610.0,False
d:\Research\Multi-View Fusion Network\datasets\brisc2025\classification_task\test\glioma\brisc2025_test_00220_gl_sa_t1.jpg,glioma,glioma,sagittal,0.92864895,0.022265583,0.023383185,0.025702257,0.92864895,True,True,0.87195945,0.7730539,1528.0,1431.0,False
d:\Research\Multi-View Fusion Network\datasets\brisc2025\classification_task\test\glioma\brisc2025_test_00221_gl_sa_t1.jpg,glioma,glioma,sagittal,0.9270921,0.024820155,0.023331275,0.02475651,0.9270921,True,True,0.96614325,0.9345351,994.0,1043.0,False
d:\Research\Multi-View Fusion Network\datasets\brisc2025\classification_task\test\glioma\brisc2025_test_00222_gl_sa_t1.jpg,glioma,glioma,sagittal,0.919357,0.026435718,0.026756216,0.027451003,0.919357,True,True,0.9219846,0.85528356,3167.0,2818.0,False
d:\Research\Multi-View Fusion Network\datasets\brisc2025\classification_task\test\glioma\brisc2025_test_00223_gl_sa_t1.jpg,glioma,glioma,sagittal,0.92545015,0.023987949,0.025938598,0.024623277,0.92545015,True,True,0.92829704,0.86634845,410.0,370.0,False
d:\Research\Multi-View Fusion Network\datasets\brisc2025\classification_task\test\glioma\brisc2025_test_00224_gl_sa_t1.jpg,glioma,glioma,sagittal,0.93329203,0.024208076,0.023315549,0.019184394,0.93329203,True,True,0.775,0.6351351,73.0,46.0,False
d:\Research\Multi-View Fusion Network\datasets\brisc2025\classification_task\test\glioma\brisc2025_test_00225_gl_sa_t1.jpg,glioma,glioma,sagittal,0.92228377,0.02742954,0.024565607,0.025721146,0.92228377,True,True,0.87529975,0.7787234,189.0,227.0,False
d:\Research\Multi-View Fusion Network\datasets\brisc2025\classification_task\test\glioma\brisc2025_test_00226_gl_sa_t1.jpg,glioma,glioma,sagittal,0.927223,0.022933904,0.025028203,0.024814846,0.927223,True,True,0.95259,0.90954775,573.0,565.0,False
d:\Research\Multi-View Fusion Network\datasets\brisc2025\classification_task\test\glioma\brisc2025_test_00227_gl_sa_t1.jpg,glioma,glioma,sagittal,0.9322295,0.02092397,0.024094654,0.022751909,0.9322295,True,True,0.86174244,0.7574751,227.0,300.0,False
d:\Research\Multi-View Fusion Network\datasets\brisc2025\classification_task\test\glioma\brisc2025_test_00228_gl_sa_t1.jpg,glioma,glioma,sagittal,0.9356908,0.021834873,0.019991064,0.022483338,0.9356908,True,True,0.88726515,0.7977528,261.0,217.0,False
d:\Research\Multi-View Fusion Network\datasets\brisc2025\classification_task\test\glioma\brisc2025_test_00229_gl_sa_t1.jpg,glioma,meningioma,sagittal,0.0309695,0.91128033,0.02936928,0.028380921,0.91128033,False,True,0.92833334,0.8664596,308.0,291.0,False
d:\Research\Multi-View Fusion Network\datasets\brisc2025\classification_task\test\glioma\brisc2025_test_00230_gl_sa_t1.jpg,glioma,glioma,sagittal,0.93551266,0.021510541,0.021327753,0.021649066,0.93551266,True,True,0.89574367,0.8112554,953.0,1137.0,False
d:\Research\Multi-View Fusion Network\datasets\brisc2025\classification_task\test\glioma\brisc2025_test_00231_gl_sa_t1.jpg,glioma,glioma,sagittal,0.92051977,0.028032023,0.026525391,0.02492286,0.92051977,True,True,0.9378788,0.8830798,944.0,1035.0,False
d:\Research\Multi-View Fusion Network\datasets\brisc2025\classification_task\test\glioma\brisc2025_test_00232_gl_sa_t1.jpg,glioma,glioma,sagittal,0.9241875,0.024989685,0.024726935,0.02609591,0.9241875,True,True,0.86715865,0.7657267,372.0,440.0,False
d:\Research\Multi-View Fusion Network\datasets\brisc2025\classification_task\test\glioma\brisc2025_test_00233_gl_sa_t1.jpg,glioma,glioma,sagittal,0.9182212,0.026818478,0.026258266,0.02870201,0.9182212,True,True,0.9552365,0.91437805,585.0,598.0,False
d:\Research\Multi-View Fusion Network\datasets\brisc2025\classification_task\test\glioma\brisc2025_test_00234_gl_sa_t1.jpg,glioma,glioma,sagittal,0.9199643,0.030275047,0.025475949,0.024284672,0.9199643,True,True,0.9453054,0.89637303,530.0,566.0,False
d:\Research\Multi-View Fusion Network\datasets\brisc2025\classification_task\test\glioma\brisc2025_test_00235_gl_sa_t1.jpg,glioma,glioma,sagittal,0.8769564,0.04437849,0.04909587,0.029569322,0.8769564,True,True,0.7915811,0.65534806,437.0,536.0,False
d:\Research\Multi-View Fusion Network\datasets\brisc2025\classification_task\test\glioma\brisc2025_test_00236_gl_sa_t1.jpg,glioma,glioma,sagittal,0.93572855,0.022693953,0.022248892,0.019328583,0.93572855,True,True,0.9413882,0.8893204,971.0,973.0,False
d:\Research\Multi-View Fusion Network\datasets\brisc2025\classification_task\test\glioma\brisc2025_test_00237_gl_sa_t1.jpg,glioma,glioma,sagittal,0.9338002,0.02212987,0.02035485,0.023715068,0.9338002,True,True,0.7532861,0.6045381,377.0,611.0,False
d:\Research\Multi-View Fusion Network\datasets\brisc2025\classification_task\test\glioma\brisc2025_test_00238_gl_sa_t1.jpg,glioma,glioma,sagittal,0.9240572,0.024902442,0.025631575,0.02540874,0.9240572,True,True,0.86701757,0.7652812,3988.0,3230.0,False
d:\Research\Multi-View Fusion Network\datasets\brisc2025\classification_task\test\glioma\brisc2025_test_00239_gl_sa_t1.jpg,glioma,glioma,sagittal,0.9357691,0.023199394,0.019811634,0.021219926,0.9357691,True,True,0.5915228,0.42004368,4120.0,1730.0,False
d:\Research\Multi-View Fusion Network\datasets\brisc2025\classification_task\test\glioma\brisc2025_test_00240_gl_sa_t1.jpg,glioma,glioma,sagittal,0.92617244,0.024925696,0.028527273,0.020374635,0.92617244,True,True,0.94894654,0.9029276,629.0,604.0,False
d:\Research\Multi-View Fusion Network\datasets\brisc2025\classification_task\test\glioma\brisc2025_test_00241_gl_sa_t1.jpg,glioma,glioma,sagittal,0.9192381,0.029026542,0.02743854,0.024296828,0.9192381,True,True,0.7930125,0.6572052,906.0,610.0,False
d:\Research\Multi-View Fusion Network\datasets\brisc2025\classification_task\test\glioma\brisc2025_test_00242_gl_sa_t1.jpg,glioma,glioma,sagittal,0.9441576,0.019478722,0.018727783,0.017635806,0.9441576,True,True,0.7656982,0.62063736,431.0,635.0,False
d:\Research\Multi-View Fusion Network\datasets\brisc2025\classification_task\test\glioma\brisc2025_test_00243_gl_sa_t1.jpg,glioma,glioma,sagittal,0.9288942,0.02340347,0.023389915,0.02431244,0.9288942,True,True,0.8966821,0.8127854,1208.0,1172.0,False
d:\Research\Multi-View Fusion Network\datasets\brisc2025\classification_task\test\glioma\brisc2025_test_00244_gl_sa_t1.jpg,glioma,glioma,sagittal,0.92228377,0.026353879,0.026390433,0.024972014,0.92228377,True,True,0.94056153,0.8878241,1588.0,1759.0,False
d:\Research\Multi-View Fusion Network\datasets\brisc2025\classification_task\test\glioma\brisc2025_test_00245_gl_sa_t1.jpg,glioma,glioma,sagittal,0.93612415,0.022676572,0.021774014,0.019425264,0.93612415,True,True,0.9522211,0.90882206,1881.0,1990.0,False
d:\Research\Multi-View Fusion Network\datasets\brisc2025\classification_task\test\glioma\brisc2025_test_00246_gl_sa_t1.jpg,glioma,glioma,sagittal,0.92536926,0.024733607,0.025927484,0.0239697,0.92536926,True,True,0.9586039,0.9205195,1886.0,1809.0,False
d:\Research\Multi-View Fusion Network\datasets\brisc2025\classification_task\test\glioma\brisc2025_test_00247_gl_sa_t1.jpg,glioma,glioma,sagittal,0.9435296,0.018533858,0.01768343,0.020253155,0.9435296,True,True,0.9518398,0.90815276,958.0,889.0,False
d:\Research\Multi-View Fusion Network\datasets\brisc2025\classification_task\test\glioma\brisc2025_test_00248_gl_sa_t1.jpg,glioma,glioma,sagittal,0.7895964,0.054427184,0.12072543,0.03525104,0.7895964,True,True,0.95693135,0.91752577,383.0,359.0,False
d:\Research\Multi-View Fusion Network\datasets\brisc2025\classification_task\test\glioma\brisc2025_test_00249_gl_sa_t1.jpg,glioma,glioma,sagittal,0.91430295,0.029422263,0.027860511,0.028414244,0.91430295,True,True,0.9314129,0.8717949,363.0,365.0,False
d:\Research\Multi-View Fusion Network\datasets\brisc2025\classification_task\test\glioma\brisc2025_test_00250_gl_sa_t1.jpg,glioma,glioma,sagittal,0.92350817,0.026077628,0.023642352,0.026771912,0.92350817,True,True,0.9664247,0.93508774,552.0,549.0,False
d:\Research\Multi-View Fusion Network\datasets\brisc2025\classification_task\test\glioma\brisc2025_test_00251_gl_sa_t1.jpg,glioma,glioma,sagittal,0.9340599,0.02213489,0.02136144,0.022443736,0.9340599,True,True,0.82029533,0.6954207,1867.0,1315.0,False
d:\Research\Multi-View Fusion Network\datasets\brisc2025\classification_task\test\glioma\brisc2025_test_00252_gl_sa_t1.jpg,glioma,glioma,sagittal,0.92787725,0.024328483,0.02258004,0.025214273,0.92787725,True,True,0.79377484,0.6581041,2900.0,4392.0,False
d:\Research\Multi-View Fusion Network\datasets\brisc2025\classification_task\test\glioma\brisc2025_test_00253_gl_sa_t1.jpg,glioma,glioma,sagittal,0.9408426,0.019338286,0.019252142,0.020567002,0.9408426,True,True,0.45897436,0.29822618,840.0,329.0,False
d:\Research\Multi-View Fusion Network\datasets\brisc2025\classification_task\test\glioma\brisc2025_test_00254_gl_sa_t1.jpg,glioma,glioma,sagittal,0.9304579,0.022583127,0.023152364,0.023806533,0.9304579,True,True,0.91523945,0.84376675,1657.0,1787.0,False
d:\Research\Multi-View Fusion Network\datasets\brisc2025\classification_task\test\meningioma\brisc2025_test_00255_me_ax_t1.jpg,meningioma,meningioma,axial,0.027567575,0.9181945,0.028463269,0.025774641,0.9181945,True,True,0.96260625,0.92792135,2579.0,2715.0,False
d:\Research\Multi-View Fusion Network\datasets\brisc2025\classification_task\test\meningioma\brisc2025_test_00256_me_ax_t1.jpg,meningioma,meningioma,axial,0.027568042,0.91580135,0.026009003,0.030621639,0.91580135,True,True,0.7677345,0.62314355,1605.0,1016.0,False
d:\Research\Multi-View Fusion Network\datasets\brisc2025\classification_task\test\meningioma\brisc2025_test_00257_me_ax_t1.jpg,meningioma,meningioma,axial,0.03280894,0.90591353,0.032029472,0.029248053,0.90591353,True,True,0.9759539,0.9530462,2525.0,2506.0,False
d:\Research\Multi-View Fusion Network\datasets\brisc2025\classification_task\test\meningioma\brisc2025_test_00258_me_ax_t1.jpg,meningioma,meningioma,axial,0.025947798,0.92138666,0.025950743,0.02671488,0.92138666,True,True,0.96953124,0.9408792,1942.0,1897.0,False
d:\Research\Multi-View Fusion Network\datasets\brisc2025\classification_task\test\meningioma\brisc2025_test_00259_me_ax_t1.jpg,meningioma,meningioma,axial,0.028519986,0.9175545,0.028636662,0.025288865,0.9175545,True,True,0.9633168,0.9292383,4062.0,3788.0,False
d:\Research\Multi-View Fusion Network\datasets\brisc2025\classification_task\test\meningioma\brisc2025_test_00260_me_ax_t1.jpg,meningioma,meningioma,axial,0.028564466,0.91298294,0.031060433,0.027392177,0.91298294,True,True,0.8896294,0.8012482,1905.0,1845.0,False
d:\Research\Multi-View Fusion Network\datasets\brisc2025\classification_task\test\meningioma\brisc2025_test_00261_me_ax_t1.jpg,meningioma,meningioma,axial,0.026341517,0.9134674,0.03157749,0.028613573,0.9134674,True,True,0.8212005,0.69668835,2319.0,3161.0,False
d:\Research\Multi-View Fusion Network\datasets\brisc2025\classification_task\test\meningioma\brisc2025_test_00262_me_ax_t1.jpg,meningioma,meningioma,axial,0.02848801,0.9199042,0.027059788,0.024548022,0.9199042,True,True,0.9745223,0.950324,1800.0,1810.0,False
d:\Research\Multi-View Fusion Network\datasets\brisc2025\classification_task\test\meningioma\brisc2025_test_00263_me_ax_t1.jpg,meningioma,meningioma,axial,0.032484766,0.9094555,0.028960506,0.02909918,0.9094555,True,True,0.9356955,0.8792112,1203.0,1082.0,False
d:\Research\Multi-View Fusion Network\datasets\brisc2025\classification_task\test\meningioma\brisc2025_test_00264_me_ax_t1.jpg,meningioma,meningioma,axial,0.027690262,0.91644377,0.028168393,0.027697608,0.91644377,True,True,0.9616199,0.9260859,4129.0,3895.0,False
d:\Research\Multi-View Fusion Network\datasets\brisc2025\classification_task\test\meningioma\brisc2025_test_00265_me_ax_t1.jpg,meningioma,meningioma,axial,0.031740382,0.91165686,0.029934848,0.026667858,0.91165686,True,True,0.9734308,0.94824594,2850.0,2757.0,False
d:\Research\Multi-View Fusion Network\datasets\brisc2025\classification_task\test\meningioma\brisc2025_test_00266_me_ax_t1.jpg,meningioma,meningioma,axial,0.027471272,0.91284007,0.03011148,0.029577255,0.91284007,True,True,0.97584206,0.9528345,2198.0,2106.0,False
d:\Research\Multi-View Fusion Network\datasets\brisc2025\classification_task\test\meningioma\brisc2025_test_00267_me_ax_t1.jpg,meningioma,meningioma,axial,0.02718069,0.91947806,0.028869916,0.024471363,0.91947806,True,True,0.975143,0.95150113,2566.0,2502.0,False
d:\Research\Multi-View Fusion Network\datasets\brisc2025\classification_task\test\meningioma\brisc2025_test_00268_me_ax_t1.jpg,meningioma,meningioma,axial,0.029346539,0.9052539,0.033146176,0.03225341,0.9052539,True,True,0.72222817,0.5652612,5847.0,3469.0,False
d:\Research\Multi-View Fusion Network\datasets\brisc2025\classification_task\test\meningioma\brisc2025_test_00269_me_ax_t1.jpg,meningioma,meningioma,axial,0.027870491,0.9235186,0.027057571,0.021553418,0.9235186,True,True,0.97115386,0.9439374,2278.0,2193.0,False
d:\Research\Multi-View Fusion Network\datasets\brisc2025\classification_task\test\meningioma\brisc2025_test_00270_me_ax_t1.jpg,meningioma,meningioma,axial,0.025889233,0.92485523,0.023752738,0.025502825,0.92485523,True,True,0.95042276,0.9055637,1282.0,1319.0,False
d:\Research\Multi-View Fusion Network\datasets\brisc2025\classification_task\test\meningioma\brisc2025_test_00271_me_ax_t1.jpg,meningioma,meningioma,axial,0.027486742,0.914234,0.03005351,0.028225798,0.914234,True,True,0.9726086,0.94668347,4660.0,4612.0,False
d:\Research\Multi-View Fusion Network\datasets\brisc2025\classification_task\test\meningioma\brisc2025_test_00272_me_ax_t1.jpg,meningioma,meningioma,axial,0.022949917,0.9310838,0.024148664,0.021817636,0.9310838,True,True,0.98510325,0.9706465,5514.0,5427.0,False
d:\Research\Multi-View Fusion Network\datasets\brisc2025\classification_task\test\meningioma\brisc2025_test_00273_me_ax_t1.jpg,meningioma,meningioma,axial,0.027614012,0.9100151,0.032969106,0.02940178,0.9100151,True,True,0.97563225,0.95243245,2736.0,2680.0,False
d:\Research\Multi-View Fusion Network\datasets\brisc2025\classification_task\test\meningioma\brisc2025_test_00274_me_ax_t1.jpg,meningioma,meningioma,axial,0.028872281,0.9172155,0.0273227,0.026589513,0.9172155,True,True,0.97552377,0.9522267,2458.0,2362.0,False
d:\Research\Multi-View Fusion Network\datasets\brisc2025\classification_task\test\meningioma\brisc2025_test_00275_me_ax_t1.jpg,meningioma,meningioma,axial,0.03435931,0.89857244,0.03699223,0.030075986,0.89857244,True,True,0.98025775,0.9612903,1836.0,1810.0,False
d:\Research\Multi-View Fusion Network\datasets\brisc2025\classification_task\test\meningioma\brisc2025_test_00276_me_ax_t1.jpg,meningioma,meningioma,axial,0.030578589,0.9079609,0.03011421,0.031346362,0.9079609,True,True,0.8385321,0.72239745,240.0,304.0,False
d:\Research\Multi-View Fusion Network\datasets\brisc2025\classification_task\test\meningioma\brisc2025_test_00277_me_ax_t1.jpg,meningioma,meningioma,axial,0.031114027,0.90747166,0.031619173,0.029795183,0.90747166,True,True,0.95485073,0.9136331,1332.0,1347.0,False
d:\Research\Multi-View Fusion Network\datasets\brisc2025\classification_task\test\meningioma\brisc2025_test_00278_me_ax_t1.jpg,meningioma,meningioma,axial,0.025744159,0.9207265,0.025866458,0.027662946,0.9207265,True,True,0.96724087,0.9365774,1761.0,1779.0,False
d:\Research\Multi-View Fusion Network\datasets\brisc2025\classification_task\test\meningioma\brisc2025_test_00279_me_ax_t1.jpg,meningioma,meningioma,axial,0.03059334,0.9102463,0.030485416,0.02867507,0.9102463,True,True,0.9737744,0.94889575,3734.0,3853.0,False
d:\Research\Multi-View Fusion Network\datasets\brisc2025\classification_task\test\meningioma\brisc2025_test_00280_me_ax_t1.jpg,meningioma,meningioma,axial,0.032849096,0.9022151,0.03812039,0.026815359,0.9022151,True,True,0.89453214,0.8091988,7754.0,9473.0,False
d:\Research\Multi-View Fusion Network\datasets\brisc2025\classification_task\test\meningioma\brisc2025_test_00281_me_ax_t1.jpg,meningioma,pituitary,axial,0.22823516,0.057979316,0.41649327,0.29729223,0.41649327,False,True,0.78692615,0.6488487,1212.0,791.0,False
d:\Research\Multi-View Fusion Network\datasets\brisc2025\classification_task\test\meningioma\brisc2025_test_00282_me_ax_t1.jpg,meningioma,meningioma,axial,0.02518819,0.9146724,0.030751674,0.029387766,0.9146724,True,True,0.9060789,0.8283283,1775.0,1876.0,False
d:\Research\Multi-View Fusion Network\datasets\brisc2025\classification_task\test\meningioma\brisc2025_test_00283_me_ax_t1.jpg,meningioma,meningioma,axial,0.028237445,0.9161622,0.02730895,0.028291462,0.9161622,True,True,0.9764151,0.95392823,2036.0,1991.0,False
d:\Research\Multi-View Fusion Network\datasets\brisc2025\classification_task\test\meningioma\brisc2025_test_00284_me_ax_t1.jpg,meningioma,meningioma,axial,0.022350682,0.92768043,0.024687117,0.025281746,0.92768043,True,True,0.9616986,0.92628205,589.0,611.0,False
d:\Research\Multi-View Fusion Network\datasets\brisc2025\classification_task\test\meningioma\brisc2025_test_00285_me_ax_t1.jpg,meningioma,meningioma,axial,0.024278862,0.8993582,0.037893593,0.038469356,0.8993582,True,True,0.9544715,0.9129233,2867.0,2667.0,False
d:\Research\Multi-View Fusion Network\datasets\brisc2025\classification_task\test\meningioma\brisc2025_test_00286_me_ax_t1.jpg,meningioma,meningioma,axial,0.0237237,0.9245697,0.026562596,0.025144015,0.9245697,True,True,0.95174265,0.907962,1304.0,1306.0,False
d:\Research\Multi-View Fusion Network\datasets\brisc2025\classification_task\test\meningioma\brisc2025_test_00287_me_ax_t1.jpg,meningioma,meningioma,axial,0.025725683,0.91259164,0.031817492,0.029865189,0.91259164,True,True,0.9874202,0.9751553,5385.0,5425.0,False
d:\Research\Multi-View Fusion Network\datasets\brisc2025\classification_task\test\meningioma\brisc2025_test_00288_me_ax_t1.jpg,meningioma,meningioma,axial,0.02710346,0.9138295,0.027905656,0.031161392,0.9138295,True,True,0.9803726,0.9615134,1520.0,1485.0,False
d:\Research\Multi-View Fusion Network\datasets\brisc2025\classification_task\test\meningioma\brisc2025_test_00289_me_ax_t1.jpg,meningioma,meningioma,axial,0.030500103,0.9143351,0.026098698,0.02906614,0.9143351,True,True,0.97294885,0.947338,1698.0,1665.0,False
d:\Research\Multi-View Fusion Network\datasets\brisc2025\classification_task\test\meningioma\brisc2025_test_00290_me_ax_t1.jpg,meningioma,meningioma,axial,0.025093539,0.91908896,0.026376272,0.029441267,0.91908896,True,True,0.96434975,0.93116087,4806.0,4674.0,False
d:\Research\Multi-View Fusion Network\datasets\brisc2025\classification_task\test\meningioma\brisc2025_test_00291_me_ax_t1.jpg,meningioma,meningioma,axial,0.03263345,0.9009013,0.034406193,0.03205899,0.9009013,True,True,0.9743543,0.95,2733.0,2803.0,False
d:\Research\Multi-View Fusion Network\datasets\brisc2025\classification_task\test\meningioma\brisc2025_test_00292_me_ax_t1.jpg,meningioma,meningioma,axial,0.026590526,0.9204492,0.027303308,0.025657032,0.9204492,True,True,0.9735834,0.9485332,3763.0,3807.0,False
d:\Research\Multi-View Fusion Network\datasets\brisc2025\classification_task\test\meningioma\brisc2025_test_00293_me_ax_t1.jpg,meningioma,meningioma,axial,0.03026672,0.91557276,0.02750926,0.026651323,0.91557276,True,True,0.96568626,0.93368423,927.0,908.0,False
d:\Research\Multi-View Fusion Network\datasets\brisc2025\classification_task\test\meningioma\brisc2025_test_00294_me_ax_t1.jpg,meningioma,meningioma,axial,0.033350684,0.9002406,0.0359544,0.030454326,0.9002406,True,True,0.93649423,0.8806051,1814.0,1665.0,False
d:\Research\Multi-View Fusion Network\datasets\brisc2025\classification_task\test\meningioma\brisc2025_test_00295_me_ax_t1.jpg,meningioma,meningioma,axial,0.02879273,0.9130723,0.030667493,0.027467458,0.9130723,True,True,0.96238184,0.92750454,2628.0,2661.0,False
d:\Research\Multi-View Fusion Network\datasets\brisc2025\classification_task\test\meningioma\brisc2025_test_00296_me_ax_t1.jpg,meningioma,meningioma,axial,0.0256446,0.9239592,0.025197823,0.025198344,0.9239592,True,True,0.97002065,0.941806,1457.0,1444.0,False
d:\Research\Multi-View Fusion Network\datasets\brisc2025\classification_task\test\meningioma\brisc2025_test_00297_me_ax_t1.jpg,meningioma,meningioma,axial,0.024536937,0.9218506,0.02718578,0.026426721,0.9218506,True,True,0.9814098,0.96350366,3213.0,3241.0,False
d:\Research\Multi-View Fusion Network\datasets\brisc2025\classification_task\test\meningioma\brisc2025_test_00298_me_ax_t1.jpg,meningioma,meningioma,axial,0.028977126,0.9107052,0.032180335,0.028137377,0.9107052,True,True,0.95705,0.91764706,4052.0,4259.0,False
d:\Research\Multi-View Fusion Network\datasets\brisc2025\classification_task\test\meningioma\brisc2025_test_00299_me_ax_t1.jpg,meningioma,meningioma,axial,0.027803857,0.91124004,0.03205969,0.02889646,0.91124004,True,True,0.97664005,0.95435196,4116.0,4145.0,False
d:\Research\Multi-View Fusion Network\datasets\brisc2025\classification_task\test\meningioma\brisc2025_test_00300_me_ax_t1.jpg,meningioma,meningioma,axial,0.03331216,0.9039363,0.030954707,0.03179687,0.9039363,True,True,0.94109845,0.88877755,1942.0,1826.0,False
d:\Research\Multi-View Fusion Network\datasets\brisc2025\classification_task\test\meningioma\brisc2025_test_00301_me_ax_t1.jpg,meningioma,meningioma,axial,0.032745447,0.9024548,0.034724373,0.030075425,0.9024548,True,True,0.95515114,0.9141791,1567.0,1509.0,False
d:\Research\Multi-View Fusion Network\datasets\brisc2025\classification_task\test\meningioma\brisc2025_test_00302_me_ax_t1.jpg,meningioma,meningioma,axial,0.029681507,0.91278076,0.02704132,0.030496359,0.91278076,True,True,0.91822827,0.8490566,271.0,315.0,False
d:\Research\Multi-View Fusion Network\datasets\brisc2025\classification_task\test\meningioma\brisc2025_test_00303_me_ax_t1.jpg,meningioma,meningioma,axial,0.026163656,0.92432034,0.023233216,0.026282787,0.92432034,True,True,0.82722306,0.70545214,1098.0,1465.0,False
d:\Research\Multi-View Fusion Network\datasets\brisc2025\classification_task\test\meningioma\brisc2025_test_00304_me_ax_t1.jpg,meningioma,meningioma,axial,0.028931385,0.9113641,0.032068744,0.027635742,0.9113641,True,True,0.9874758,0.9752637,5410.0,5448.0,False
d:\Research\Multi-View Fusion Network\datasets\brisc2025\classification_task\test\meningioma\brisc2025_test_00305_me_ax_t1.jpg,meningioma,meningioma,axial,0.024943916,0.9240896,0.026317239,0.024649272,0.9240896,True,True,0.97808266,0.95711297,2832.0,2779.0,False
d:\Research\Multi-View Fusion Network\datasets\brisc2025\classification_task\test\meningioma\brisc2025_test_00306_me_ax_t1.jpg,meningioma,meningioma,axial,0.04182464,0.64461184,0.26144525,0.052118283,0.64461184,True,True,0.9768045,0.9546667,3727.0,3601.0,False
d:\Research\Multi-View Fusion Network\datasets\brisc2025\classification_task\test\meningioma\brisc2025_test_00307_me_ax_t1.jpg,meningioma,meningioma,axial,0.033098746,0.9044288,0.032387126,0.03008542,0.9044288,True,True,0.96543276,0.9331837,3984.0,3768.0,False
d:\Research\Multi-View Fusion Network\datasets\brisc2025\classification_task\test\meningioma\brisc2025_test_00308_me_ax_t1.jpg,meningioma,meningioma,axial,0.030198017,0.9132826,0.02746955,0.029049847,0.9132826,True,True,0.90627277,0.82863224,3153.0,3717.0,False
d:\Research\Multi-View Fusion Network\datasets\brisc2025\classification_task\test\meningioma\brisc2025_test_00309_me_ax_t1.jpg,meningioma,meningioma,axial,0.02922817,0.9141121,0.028932452,0.027727216,0.9141121,True,True,0.94298244,0.89220566,587.0,552.0,False
d:\Research\Multi-View Fusion Network\datasets\brisc2025\classification_task\test\meningioma\brisc2025_test_00310_me_ax_t1.jpg,meningioma,meningioma,axial,0.029992921,0.908476,0.029239396,0.032291707,0.908476,True,True,0.97266513,0.946794,2817.0,2889.0,False
d:\Research\Multi-View Fusion Network\datasets\brisc2025\classification_task\test\meningioma\brisc2025_test_00311_me_ax_t1.jpg,meningioma,meningioma,axial,0.0334042,0.90991944,0.0276263,0.029050043,0.90991944,True,True,0.92637646,0.8629321,818.0,743.0,False
d:\Research\Multi-View Fusion Network\datasets\brisc2025\classification_task\test\meningioma\brisc2025_test_00312_me_ax_t1.jpg,meningioma,meningioma,axial,0.025290294,0.9202366,0.024635542,0.029837638,0.9202366,True,True,0.9625509,0.92782426,1813.0,1871.0,False
d:\Research\Multi-View Fusion Network\datasets\brisc2025\classification_task\test\meningioma\brisc2025_test_00313_me_ax_t1.jpg,meningioma,meningioma,axial,0.02802833,0.9186762,0.028647898,0.024647644,0.9186762,True,True,0.9813898,0.96346354,4694.0,4601.0,False
d:\Research\Multi-View Fusion Network\datasets\brisc2025\classification_task\test\meningioma\brisc2025_test_00314_me_ax_t1.jpg,meningioma,meningioma,axial,0.026058156,0.92070436,0.02649535,0.026742086,0.92070436,True,True,0.81572163,0.6888405,2257.0,3174.0,False
d:\Research\Multi-View Fusion Network\datasets\brisc2025\classification_task\test\meningioma\brisc2025_test_00315_me_ax_t1.jpg,meningioma,meningioma,axial,0.026098354,0.9196979,0.026048044,0.028155778,0.9196979,True,True,0.9298519,0.8689956,678.0,604.0,False
d:\Research\Multi-View Fusion Network\datasets\brisc2025\classification_task\test\meningioma\brisc2025_test_00316_me_ax_t1.jpg,meningioma,meningioma,axial,0.026958395,0.91547596,0.02991516,0.027650533,0.91547596,True,True,0.9745763,0.95042276,2555.0,2518.0,False
d:\Research\Multi-View Fusion Network\datasets\brisc2025\classification_task\test\meningioma\brisc2025_test_00317_me_ax_t1.jpg,meningioma,meningioma,axial,0.028371742,0.90936977,0.03439732,0.027861213,0.90936977,True,True,0.9504132,0.90555555,1041.0,1015.0,False
d:\Research\Multi-View Fusion Network\datasets\brisc2025\classification_task\test\meningioma\brisc2025_test_00318_me_ax_t1.jpg,meningioma,meningioma,axial,0.028364042,0.9151497,0.029294489,0.027191788,0.9151497,True,True,0.97789836,0.956761,2462.0,2514.0,False
d:\Research\Multi-View Fusion Network\datasets\brisc2025\classification_task\test\meningioma\brisc2025_test_00319_me_ax_t1.jpg,meningioma,meningioma,axial,0.029743725,0.90360737,0.033406492,0.03324248,0.90360737,True,True,0.93084455,0.87070936,856.0,777.0,False
d:\Research\Multi-View Fusion Network\datasets\brisc2025\classification_task\test\meningioma\brisc2025_test_00320_me_ax_t1.jpg,meningioma,meningioma,axial,0.029539961,0.90814155,0.03130928,0.031009221,0.90814155,True,True,0.9590372,0.9213301,1199.0,1168.0,False
d:\Research\Multi-View Fusion Network\datasets\brisc2025\classification_task\test\meningioma\brisc2025_test_00321_me_ax_t1.jpg,meningioma,meningioma,axial,0.032040067,0.8993327,0.033747938,0.034879263,0.8993327,True,True,0.94394064,0.8938495,2952.0,3112.0,False
d:\Research\Multi-View Fusion Network\datasets\brisc2025\classification_task\test\meningioma\brisc2025_test_00322_me_ax_t1.jpg,meningioma,meningioma,axial,0.03158776,0.90709114,0.030094827,0.031226248,0.90709114,True,True,0.96749455,0.937058,1365.0,1372.0,False
d:\Research\Multi-View Fusion Network\datasets\brisc2025\classification_task\test\meningioma\brisc2025_test_00323_me_ax_t1.jpg,meningioma,meningioma,axial,0.030220991,0.9173703,0.027474636,0.024933973,0.9173703,True,True,0.9813483,0.9633891,1867.0,1885.0,False
d:\Research\Multi-View Fusion Network\datasets\brisc2025\classification_task\test\meningioma\brisc2025_test_00324_me_ax_t1.jpg,meningioma,meningioma,axial,0.029098496,0.9047026,0.032047916,0.034151,0.9047026,True,True,0.85811734,0.75179,338.0,394.0,False
d:\Research\Multi-View Fusion Network\datasets\brisc2025\classification_task\test\meningioma\brisc2025_test_00325_me_ax_t1.jpg,meningioma,meningioma,axial,0.028485212,0.9087769,0.03174294,0.030995036,0.9087769,True,True,0.8862775,0.79591835,613.0,705.0,False
d:\Research\Multi-View Fusion Network\datasets\brisc2025\classification_task\test\meningioma\brisc2025_test_00326_me_ax_t1.jpg,meningioma,meningioma,axial,0.032972597,0.9075314,0.030463582,0.029032445,0.9075314,True,True,0.95417875,0.91239977,1551.0,1547.0,False
d:\Research\Multi-View Fusion Network\datasets\brisc2025\classification_task\test\meningioma\brisc2025_test_00327_me_ax_t1.jpg,meningioma,meningioma,axial,0.028163621,0.9151887,0.028702801,0.027944837,0.9151887,True,True,0.86160713,0.75718015,357.0,314.0,False
d:\Research\Multi-View Fusion Network\datasets\brisc2025\classification_task\test\meningioma\brisc2025_test_00328_me_ax_t1.jpg,meningioma,meningioma,axial,0.028085334,0.91357917,0.02936017,0.028975258,0.91357917,True,True,0.96676093,0.9357045,717.0,696.0,False
d:\Research\Multi-View Fusion Network\datasets\brisc2025\classification_task\test\meningioma\brisc2025_test_00329_me_ax_t1.jpg,meningioma,meningioma,axial,0.025603458,0.9177685,0.03336456,0.023263587,0.9177685,True,True,0.74394464,0.5934066,180.0,108.0,False
d:\Research\Multi-View Fusion Network\datasets\brisc2025\classification_task\test\meningioma\brisc2025_test_00330_me_ax_t1.jpg,meningioma,meningioma,axial,0.027864367,0.9186058,0.02709206,0.026437799,0.9186058,True,True,0.9353582,0.87865496,648.0,635.0,False
d:\Research\Multi-View Fusion Network\datasets\brisc2025\classification_task\test\meningioma\brisc2025_test_00331_me_ax_t1.jpg,meningioma,glioma,axial,0.6840157,0.22916515,0.044886738,0.041932415,0.6840157,False,True,0.9072327,0.8304598,345.0,290.0,False
d:\Research\Multi-View Fusion Network\datasets\brisc2025\classification_task\test\meningioma\brisc2025_test_00332_me_ax_t1.jpg,meningioma,meningioma,axial,0.030042255,0.9074418,0.034857567,0.027658373,0.9074418,True,True,0.96019363,0.92347467,952.0,906.0,False
d:\Research\Multi-View Fusion Network\datasets\brisc2025\classification_task\test\meningioma\brisc2025_test_00333_me_ax_t1.jpg,meningioma,meningioma,axial,0.031167874,0.8962572,0.038177986,0.034396913,0.8962572,True,True,0.9306502,0.8703704,826.0,788.0,False
d:\Research\Multi-View Fusion Network\datasets\brisc2025\classification_task\test\meningioma\brisc2025_test_00334_me_ax_t1.jpg,meningioma,meningioma,axial,0.028200734,0.9108211,0.03001594,0.030962247,0.9108211,True,True,0.9600432,0.9232365,457.0,468.0,False
d:\Research\Multi-View Fusion Network\datasets\brisc2025\classification_task\test\meningioma\brisc2025_test_00335_me_ax_t1.jpg,meningioma,meningioma,axial,0.027156506,0.9149172,0.028677503,0.02924884,0.9149172,True,True,0.97470236,0.95072466,334.0,337.0,False
d:\Research\Multi-View Fusion Network\datasets\brisc2025\classification_task\test\meningioma\brisc2025_test_00336_me_ax_t1.jpg,meningioma,meningioma,axial,0.019573856,0.93756264,0.02224112,0.020622348,0.93756264,True,True,0.9723202,0.94614065,2896.0,2775.0,False
d:\Research\Multi-View Fusion Network\datasets\brisc2025\classification_task\test\meningioma\brisc2025_test_00337_me_ax_t1.jpg,meningioma,meningioma,axial,0.025494123,0.924514,0.023235308,0.02675652,0.924514,True,True,0.9384191,0.88408303,560.0,527.0,False
d:\Research\Multi-View Fusion Network\datasets\brisc2025\classification_task\test\meningioma\brisc2025_test_00338_me_ax_t1.jpg,meningioma,meningioma,axial,0.027306318,0.9170801,0.03039145,0.025222225,0.9170801,True,True,0.9766789,0.9544304,2340.0,2290.0,False
d:\Research\Multi-View Fusion Network\datasets\brisc2025\classification_task\test\meningioma\brisc2025_test_00339_me_ax_t1.jpg,meningioma,meningioma,axial,0.025358617,0.92346823,0.026073689,0.025099574,0.92346823,True,True,0.94243795,0.89118063,1378.0,1279.0,False
d:\Research\Multi-View Fusion Network\datasets\brisc2025\classification_task\test\meningioma\brisc2025_test_00340_me_ax_t1.jpg,meningioma,meningioma,axial,0.02669614,0.92175215,0.027218802,0.024332855,0.92175215,True,True,0.9190476,0.85087717,110.0,99.0,False
d:\Research\Multi-View Fusion Network\datasets\brisc2025\classification_task\test\meningioma\brisc2025_test_00341_me_ax_t1.jpg,meningioma,meningioma,axial,0.03208218,0.9037161,0.034623608,0.029578093,0.9037161,True,True,0.975245,0.9517103,972.0,966.0,False
d:\Research\Multi-View Fusion Network\datasets\brisc2025\classification_task\test\meningioma\brisc2025_test_00342_me_ax_t1.jpg,meningioma,meningioma,axial,0.0346032,0.9008775,0.033833843,0.030685503,0.9008775,True,True,0.97975415,0.9603212,2079.0,2069.0,False
d:\Research\Multi-View Fusion Network\datasets\brisc2025\classification_task\test\meningioma\brisc2025_test_00343_me_ax_t1.jpg,meningioma,meningioma,axial,0.02943647,0.91288453,0.029002685,0.028676325,0.91288453,True,True,0.9338235,0.87603307,342.0,337.0,False
d:\Research\Multi-View Fusion Network\datasets\brisc2025\classification_task\test\meningioma\brisc2025_test_00344_me_ax_t1.jpg,meningioma,meningioma,axial,0.029464979,0.90953875,0.032292444,0.02870377,0.90953875,True,True,0.96061736,0.92425793,960.0,918.0,False
d:\Research\Multi-View Fusion Network\datasets\brisc2025\classification_task\test\meningioma\brisc2025_test_00345_me_ax_t1.jpg,meningioma,meningioma,axial,0.030203393,0.9128601,0.028475968,0.028460508,0.9128601,True,True,0.684633,0.5209059,565.0,306.0,False
d:\Research\Multi-View Fusion Network\datasets\brisc2025\classification_task\test\meningioma\brisc2025_test_00346_me_ax_t1.jpg,meningioma,meningioma,axial,0.026592214,0.918024,0.027747799,0.027636034,0.918024,True,True,0.9812834,0.9632739,934.0,935.0,False
d:\Research\Multi-View Fusion Network\datasets\brisc2025\classification_task\test\meningioma\brisc2025_test_00347_me_ax_t1.jpg,meningioma,meningioma,axial,0.028293787,0.9126012,0.029977847,0.029127186,0.9126012,True,True,0.96531135,0.932967,1807.0,1709.0,False
d:\Research\Multi-View Fusion Network\datasets\brisc2025\classification_task\test\meningioma\brisc2025_test_00348_me_ax_t1.jpg,meningioma,meningioma,axial,0.025849266,0.925852,0.021662733,0.026636044,0.925852,True,True,0.9620912,0.926969,2004.0,2031.0,False
d:\Research\Multi-View Fusion Network\datasets\brisc2025\classification_task\test\meningioma\brisc2025_test_00349_me_ax_t1.jpg,meningioma,meningioma,axial,0.03187439,0.9178851,0.02621361,0.02402693,0.9178851,True,True,0.9792182,0.9593023,1004.0,1016.0,False
d:\Research\Multi-View Fusion Network\datasets\brisc2025\classification_task\test\meningioma\brisc2025_test_00350_me_ax_t1.jpg,meningioma,meningioma,axial,0.030938655,0.91268444,0.027646055,0.028730897,0.91268444,True,True,0.9063063,0.8287596,878.0,786.0,False
d:\Research\Multi-View Fusion Network\datasets\brisc2025\classification_task\test\meningioma\brisc2025_test_00351_me_ax_t1.jpg,meningioma,meningioma,axial,0.03545093,0.89634764,0.036799114,0.031402398,0.89634764,True,True,0.9118829,0.83808017,1769.0,1714.0,False
d:\Research\Multi-View Fusion Network\datasets\brisc2025\classification_task\test\meningioma\brisc2025_test_00352_me_ax_t1.jpg,meningioma,meningioma,axial,0.028441314,0.9143302,0.02572222,0.031506334,0.9143302,True,True,0.9469879,0.8993902,640.0,604.0,False
d:\Research\Multi-View Fusion Network\datasets\brisc2025\classification_task\test\meningioma\brisc2025_test_00353_me_ax_t1.jpg,meningioma,meningioma,axial,0.028431365,0.9117196,0.028113281,0.031735707,0.9117196,True,True,0.9613651,0.92565054,786.0,766.0,False
d:\Research\Multi-View Fusion Network\datasets\brisc2025\classification_task\test\meningioma\brisc2025_test_00354_me_ax_t1.jpg,meningioma,meningioma,axial,0.024849007,0.91564286,0.03150967,0.027998462,0.91564286,True,True,0.9401973,0.8872093,844.0,777.0,False
d:\Research\Multi-View Fusion Network\datasets\brisc2025\classification_task\test\meningioma\brisc2025_test_00355_me_ax_t1.jpg,meningioma,meningioma,axial,0.02265306,0.9288708,0.027564302,0.020911846,0.9288708,True,True,0.9268989,0.8638298,922.0,828.0,False
d:\Research\Multi-View Fusion Network\datasets\brisc2025\classification_task\test\meningioma\brisc2025_test_00356_me_ax_t1.jpg,meningioma,meningioma,axial,0.029171515,0.91390324,0.02943607,0.027489245,0.91390324,True,True,0.98508906,0.9706219,2581.0,2582.0,False
d:\Research\Multi-View Fusion Network\datasets\brisc2025\classification_task\test\meningioma\brisc2025_test_00357_me_ax_t1.jpg,meningioma,meningioma,axial,0.027484749,0.9199058,0.025829641,0.026779821,0.9199058,True,True,0.96706915,0.93630576,461.0,449.0,False
d:\Research\Multi-View Fusion Network\datasets\brisc2025\classification_task\test\meningioma\brisc2025_test_00358_me_ax_t1.jpg,meningioma,meningioma,axial,0.031978402,0.90419334,0.032324623,0.03150363,0.90419334,True,True,0.9560863,0.9159292,637.0,660.0,False
d:\Research\Multi-View Fusion Network\datasets\brisc2025\classification_task\test\meningioma\brisc2025_test_00359_me_ax_t1.jpg,meningioma,meningioma,axial,0.02798304,0.9133156,0.028870797,0.029830595,0.9133156,True,True,0.9700783,0.941911,1785.0,1790.0,False
d:\Research\Multi-View Fusion Network\datasets\brisc2025\classification_task\test\meningioma\brisc2025_test_00360_me_ax_t1.jpg,meningioma,meningioma,axial,0.025941724,0.92286646,0.026917493,0.024274332,0.92286646,True,True,0.9447169,0.8952703,1088.0,1154.0,False
d:\Research\Multi-View Fusion Network\datasets\brisc2025\classification_task\test\meningioma\brisc2025_test_00361_me_ax_t1.jpg,meningioma,meningioma,axial,0.036079254,0.9018635,0.029940039,0.032117303,0.9018635,True,True,0.940343,0.8874824,662.0,678.0,False
d:\Research\Multi-View Fusion Network\datasets\brisc2025\classification_task\test\meningioma\brisc2025_test_00362_me_ax_t1.jpg,meningioma,meningioma,axial,0.028338103,0.9146922,0.027591867,0.029377783,0.9146922,True,True,0.9371658,0.88190955,360.0,387.0,False
d:\Research\Multi-View Fusion Network\datasets\brisc2025\classification_task\test\meningioma\brisc2025_test_00363_me_ax_t1.jpg,meningioma,meningioma,axial,0.038124423,0.9005532,0.032354467,0.028967852,0.9005532,True,True,0.9207493,0.85333335,373.0,320.0,False
d:\Research\Multi-View Fusion Network\datasets\brisc2025\classification_task\test\meningioma\brisc2025_test_00364_me_ax_t1.jpg,meningioma,meningioma,axial,0.03241525,0.9095487,0.027726391,0.030309668,0.9095487,True,True,0.914433,0.84250474,503.0,466.0,False
d:\Research\Multi-View Fusion Network\datasets\brisc2025\classification_task\test\meningioma\brisc2025_test_00365_me_ax_t1.jpg,meningioma,pituitary,axial,0.028265273,0.034124807,0.9060914,0.031518538,0.9060914,False,True,0.9270687,0.86422974,338.0,374.0,False
d:\Research\Multi-View Fusion Network\datasets\brisc2025\classification_task\test\meningioma\brisc2025_test_00366_me_ax_t1.jpg,meningioma,meningioma,axial,0.024587337,0.9160574,0.02974627,0.029609,0.9160574,True,True,0.9051746,0.82681566,1827.0,2095.0,False
d:\Research\Multi-View Fusion Network\datasets\brisc2025\classification_task\test\meningioma\brisc2025_test_00367_me_ax_t1.jpg,meningioma,meningioma,axial,0.030111885,0.90362185,0.03554376,0.030722523,0.90362185,True,True,0.9444444,0.89484125,479.0,474.0,False
d:\Research\Multi-View Fusion Network\datasets\brisc2025\classification_task\test\meningioma\brisc2025_test_00368_me_ax_t1.jpg,meningioma,meningioma,axial,0.026278114,0.9212416,0.028584516,0.02389573,0.9212416,True,True,0.9506836,0.9060465,995.0,1052.0,False
d:\Research\Multi-View Fusion Network\datasets\brisc2025\classification_task\test\meningioma\brisc2025_test_00369_me_ax_t1.jpg,meningioma,meningioma,axial,0.027996767,0.9194183,0.026876599,0.025708342,0.9194183,True,True,0.8129771,0.68522483,319.0,466.0,False
d:\Research\Multi-View Fusion Network\datasets\brisc2025\classification_task\test\meningioma\brisc2025_test_00370_me_ax_t1.jpg,meningioma,meningioma,axial,0.031402487,0.906697,0.030297682,0.031602874,0.906697,True,True,0.9699714,0.9417206,1025.0,1072.0,False
d:\Research\Multi-View Fusion Network\datasets\brisc2025\classification_task\test\meningioma\brisc2025_test_00371_me_ax_t1.jpg,meningioma,meningioma,axial,0.027226571,0.9153146,0.02921751,0.028241305,0.9153146,True,True,0.9401445,0.8871595,460.0,508.0,False
d:\Research\Multi-View Fusion Network\datasets\brisc2025\classification_task\test\meningioma\brisc2025_test_00372_me_ax_t1.jpg,meningioma,meningioma,axial,0.028012097,0.9124363,0.027201522,0.032350186,0.9124363,True,True,0.9310345,0.8712871,198.0,178.0,False
d:\Research\Multi-View Fusion Network\datasets\brisc2025\classification_task\test\meningioma\brisc2025_test_00373_me_ax_t1.jpg,meningioma,meningioma,axial,0.029828234,0.9113352,0.028310535,0.030526016,0.9113352,True,True,0.9643665,0.93122274,888.0,879.0,False
d:\Research\Multi-View Fusion Network\datasets\brisc2025\classification_task\test\meningioma\brisc2025_test_00374_me_ax_t1.jpg,meningioma,meningioma,axial,0.023396147,0.9253405,0.026121845,0.025141558,0.9253405,True,True,0.94541776,0.8965517,728.0,755.0,False
d:\Research\Multi-View Fusion Network\datasets\brisc2025\classification_task\test\meningioma\brisc2025_test_00375_me_ax_t1.jpg,meningioma,meningioma,axial,0.025284523,0.9170578,0.028134976,0.029522687,0.9170578,True,True,0.8987899,0.81636727,488.0,420.0,False
d:\Research\Multi-View Fusion Network\datasets\brisc2025\classification_task\test\meningioma\brisc2025_test_00376_me_ax_t1.jpg,meningioma,meningioma,axial,0.02710857,0.91609854,0.028280575,0.028512314,0.91609854,True,True,0.90136987,0.8208955,189.0,175.0,False
d:\Research\Multi-View Fusion Network\datasets\brisc2025\classification_task\test\meningioma\brisc2025_test_00377_me_ax_t1.jpg,meningioma,meningioma,axial,0.030253554,0.90660524,0.035202216,0.027939025,0.90660524,True,True,0.97496873,0.9511719,1994.0,2000.0,False
d:\Research\Multi-View Fusion Network\datasets\brisc2025\classification_task\test\meningioma\brisc2025_test_00378_me_ax_t1.jpg,meningioma,meningioma,axial,0.021705968,0.9251316,0.027757425,0.025404954,0.9251316,True,True,0.7897898,0.6528926,583.0,415.0,False
d:\Research\Multi-View Fusion Network\datasets\brisc2025\classification_task\test\meningioma\brisc2025_test_00379_me_ax_t1.jpg,meningioma,meningioma,axial,0.024956126,0.92170525,0.026641,0.026697656,0.92170525,True,True,0.9547711,0.9134717,2614.0,2824.0,False
d:\Research\Multi-View Fusion Network\datasets\brisc2025\classification_task\test\meningioma\brisc2025_test_00380_me_ax_t1.jpg,meningioma,meningioma,axial,0.026945187,0.9118703,0.028101373,0.033083208,0.9118703,True,True,0.9582405,0.9198718,928.0,867.0,False
d:\Research\Multi-View Fusion Network\datasets\brisc2025\classification_task\test\meningioma\brisc2025_test_00381_me_ax_t1.jpg,meningioma,meningioma,axial,0.03182589,0.9089985,0.028044749,0.031130806,0.9089985,True,True,0.93846154,0.8841122,1003.0,1011.0,False
d:\Research\Multi-View Fusion Network\datasets\brisc2025\classification_task\test\meningioma\brisc2025_test_00382_me_ax_t1.jpg,meningioma,meningioma,axial,0.02744021,0.9161938,0.027672261,0.028693756,0.9161938,True,True,0.95710456,0.91780823,545.0,573.0,False
d:\Research\Multi-View Fusion Network\datasets\brisc2025\classification_task\test\meningioma\brisc2025_test_00383_me_ax_t1.jpg,meningioma,meningioma,axial,0.026972521,0.9212474,0.025857974,0.025922138,0.9212474,True,True,0.93324435,0.875,370.0,378.0,False
d:\Research\Multi-View Fusion Network\datasets\brisc2025\classification_task\test\meningioma\brisc2025_test_00384_me_ax_t1.jpg,meningioma,meningioma,axial,0.030504186,0.90829545,0.028994495,0.03220584,0.90829545,True,True,0.95287466,0.91007197,535.0,525.0,False
d:\Research\Multi-View Fusion Network\datasets\brisc2025\classification_task\test\meningioma\brisc2025_test_00385_me_ax_t1.jpg,meningioma,meningioma,axial,0.03143071,0.89852375,0.036116034,0.033929452,0.89852375,True,True,0.96054256,0.92411065,1230.0,1202.0,False
d:\Research\Multi-View Fusion Network\datasets\brisc2025\classification_task\test\meningioma\brisc2025_test_00386_me_ax_t1.jpg,meningioma,meningioma,axial,0.02319332,0.912113,0.03772235,0.02697133,0.912113,True,True,0.9315738,0.87202924,535.0,487.0,False
d:\Research\Multi-View Fusion Network\datasets\brisc2025\classification_task\test\meningioma\brisc2025_test_00387_me_ax_t1.jpg,meningioma,meningioma,axial,0.024212241,0.9157538,0.029664004,0.030370003,0.9157538,True,True,0.9739043,0.9491525,1509.0,1479.0,False
d:\Research\Multi-View Fusion Network\datasets\brisc2025\classification_task\test\meningioma\brisc2025_test_00388_me_ax_t1.jpg,meningioma,meningioma,axial,0.028560052,0.9094435,0.031931363,0.030065117,0.9094435,True,True,0.9661757,0.93459916,893.0,939.0,False
d:\Research\Multi-View Fusion Network\datasets\brisc2025\classification_task\test\meningioma\brisc2025_test_00389_me_ax_t1.jpg,meningioma,meningioma,axial,0.030410225,0.904583,0.030996675,0.03401013,0.904583,True,True,0.97919655,0.95926964,699.0,694.0,False
d:\Research\Multi-View Fusion Network\datasets\brisc2025\classification_task\test\meningioma\brisc2025_test_00390_me_ax_t1.jpg,meningioma,meningioma,axial,0.030871829,0.9055964,0.03161608,0.03191581,0.9055964,True,True,0.91247976,0.83928573,316.0,300.0,False
d:\Research\Multi-View Fusion Network\datasets\brisc2025\classification_task\test\meningioma\brisc2025_test_00391_me_ax_t1.jpg,meningioma,meningioma,axial,0.027047683,0.9181041,0.029299086,0.02554912,0.9181041,True,True,0.95957446,0.9223433,695.0,714.0,False
d:\Research\Multi-View Fusion Network\datasets\brisc2025\classification_task\test\meningioma\brisc2025_test_00392_me_co_t1.jpg,meningioma,meningioma,coronal,0.029091224,0.91629523,0.026662767,0.027950833,0.91629523,True,True,0.8416259,0.7266104,2136.0,2365.0,False
d:\Research\Multi-View Fusion Network\datasets\brisc2025\classification_task\test\meningioma\brisc2025_test_00393_me_co_t1.jpg,meningioma,meningioma,coronal,0.03341366,0.9078989,0.030327696,0.028359747,0.9078989,True,True,0.8552632,0.74722016,1285.0,1070.0,False
d:\Research\Multi-View Fusion Network\datasets\brisc2025\classification_task\test\meningioma\brisc2025_test_00394_me_co_t1.jpg,meningioma,meningioma,coronal,0.03160663,0.9104168,0.033071797,0.024904719,0.9104168,True,True,0.95707506,0.9177006,2280.0,2355.0,False
d:\Research\Multi-View Fusion Network\datasets\brisc2025\classification_task\test\meningioma\brisc2025_test_00395_me_co_t1.jpg,meningioma,meningioma,coronal,0.029049626,0.9148347,0.029316729,0.026798904,0.9148347,True,True,0.96794873,0.9379085,1512.0,1451.0,False
d:\Research\Multi-View Fusion Network\datasets\brisc2025\classification_task\test\meningioma\brisc2025_test_00396_me_co_t1.jpg,meningioma,meningioma,coronal,0.03197605,0.90124893,0.028442537,0.038332384,0.90124893,True,True,0.9682505,0.938468,2368.0,2261.0,False
d:\Research\Multi-View Fusion Network\datasets\brisc2025\classification_task\test\meningioma\brisc2025_test_00397_me_co_t1.jpg,meningioma,meningioma,coronal,0.026878167,0.92099476,0.02573036,0.026396697,0.92099476,True,True,0.9513581,0.90724444,2928.0,2704.0,False
d:\Research\Multi-View Fusion Network\datasets\brisc2025\classification_task\test\meningioma\brisc2025_test_00398_me_co_t1.jpg,meningioma,meningioma,coronal,0.02252335,0.932219,0.020232037,0.025025552,0.932219,True,True,0.9775948,0.9561774,3706.0,3702.0,False
d:\Research\Multi-View Fusion Network\datasets\brisc2025\classification_task\test\meningioma\brisc2025_test_00399_me_co_t1.jpg,meningioma,meningioma,coronal,0.031219423,0.9118147,0.02861092,0.028354937,0.9118147,True,True,0.9683644,0.9386754,4744.0,4738.0,False
d:\Research\Multi-View Fusion Network\datasets\brisc2025\classification_task\test\meningioma\brisc2025_test_00400_me_co_t1.jpg,meningioma,meningioma,coronal,0.028071826,0.9150918,0.027052758,0.029783553,0.9150918,True,True,0.96797395,0.93794376,3773.0,3595.0,False
d:\Research\Multi-View Fusion Network\datasets\brisc2025\classification_task\test\meningioma\brisc2025_test_00401_me_co_t1.jpg,meningioma,meningioma,coronal,0.021789273,0.93235797,0.022126017,0.023726655,0.93235797,True,True,0.96704966,0.93621486,2378.0,2234.0,False
d:\Research\Multi-View Fusion Network\datasets\brisc2025\classification_task\test\meningioma\brisc2025_test_00402_me_co_t1.jpg,meningioma,meningioma,coronal,0.034447778,0.90841454,0.029102731,0.028034905,0.90841454,True,True,0.94669557,0.89880705,2380.0,2234.0,False
d:\Research\Multi-View Fusion Network\datasets\brisc2025\classification_task\test\meningioma\brisc2025_test_00403_me_co_t1.jpg,meningioma,meningioma,coronal,0.029397188,0.89819604,0.036066707,0.036340006,0.89819604,True,True,0.956447,0.9165752,886.0,858.0,False
d:\Research\Multi-View Fusion Network\datasets\brisc2025\classification_task\test\meningioma\brisc2025_test_00404_me_co_t1.jpg,meningioma,meningioma,coronal,0.036683924,0.89904976,0.03285199,0.031414248,0.89904976,True,True,0.94637346,0.89824307,1344.0,1247.0,False
d:\Research\Multi-View Fusion Network\datasets\brisc2025\classification_task\test\meningioma\brisc2025_test_00405_me_co_t1.jpg,meningioma,meningioma,coronal,0.03305365,0.9011225,0.03391614,0.03190778,0.9011225,True,True,0.9154839,0.84423304,727.0,822.0,False
d:\Research\Multi-View Fusion Network\datasets\brisc2025\classification_task\test\meningioma\brisc2025_test_00406_me_co_t1.jpg,meningioma,meningioma,coronal,0.025663787,0.9136181,0.023553101,0.037165012,0.9136181,True,True,0.95083266,0.9063444,627.0,633.0,False
d:\Research\Multi-View Fusion Network\datasets\brisc2025\classification_task\test\meningioma\brisc2025_test_00407_me_co_t1.jpg,meningioma,meningioma,coronal,0.027215093,0.9134814,0.029682053,0.029621461,0.9134814,True,True,0.9830801,0.9667345,1456.0,1439.0,False
d:\Research\Multi-View Fusion Network\datasets\brisc2025\classification_task\test\meningioma\brisc2025_test_00408_me_co_t1.jpg,meningioma,meningioma,coronal,0.02408098,0.92432976,0.025140012,0.026449332,0.92432976,True,True,0.94997776,0.90474176,2314.0,2183.0,False
d:\Research\Multi-View Fusion Network\datasets\brisc2025\classification_task\test\meningioma\brisc2025_test_00409_me_co_t1.jpg,meningioma,meningioma,coronal,0.025129104,0.9261697,0.024712726,0.023988498,0.9261697,True,True,0.9784189,0.957759,2220.0,2181.0,False
d:\Research\Multi-View Fusion Network\datasets\brisc2025\classification_task\test\meningioma\brisc2025_test_00410_me_co_t1.jpg,meningioma,meningioma,coronal,0.031397026,0.90128946,0.031647384,0.035666134,0.90128946,True,True,0.9844296,0.9693396,5009.0,5009.0,False
d:\Research\Multi-View Fusion Network\datasets\brisc2025\classification_task\test\meningioma\brisc2025_test_00411_me_co_t1.jpg,meningioma,meningioma,coronal,0.02943114,0.9070615,0.03192879,0.031578597,0.9070615,True,True,0.95552886,0.9148773,1223.0,1272.0,False
d:\Research\Multi-View Fusion Network\datasets\brisc2025\classification_task\test\meningioma\brisc2025_test_00412_me_co_t1.jpg,meningioma,meningioma,coronal,0.032019164,0.9014044,0.033232342,0.0333441,0.9014044,True,True,0.83199286,0.71253824,652.0,466.0,False
d:\Research\Multi-View Fusion Network\datasets\brisc2025\classification_task\test\meningioma\brisc2025_test_00413_me_co_t1.jpg,meningioma,meningioma,coronal,0.052054096,0.8697122,0.0492597,0.02897405,0.8697122,True,True,0.9246485,0.8598815,2816.0,2518.0,False
d:\Research\Multi-View Fusion Network\datasets\brisc2025\classification_task\test\meningioma\brisc2025_test_00414_me_co_t1.jpg,meningioma,meningioma,coronal,0.029897248,0.91065353,0.030537052,0.028912205,0.91065353,True,True,0.95436716,0.9127282,3931.0,3716.0,False
d:\Research\Multi-View Fusion Network\datasets\brisc2025\classification_task\test\meningioma\brisc2025_test_00415_me_co_t1.jpg,meningioma,meningioma,coronal,0.028469667,0.91400605,0.03020676,0.027317524,0.91400605,True,True,0.97969353,0.96020263,2726.0,2690.0,False
d:\Research\Multi-View Fusion Network\datasets\brisc2025\classification_task\test\meningioma\brisc2025_test_00416_me_co_t1.jpg,meningioma,meningioma,coronal,0.028029341,0.9128704,0.029366685,0.029733581,0.9128704,True,True,0.98442423,0.96933186,2702.0,2690.0,False
d:\Research\Multi-View Fusion Network\datasets\brisc2025\classification_task\test\meningioma\brisc2025_test_00417_me_co_t1.jpg,meningioma,meningioma,coronal,0.028996078,0.90859795,0.029196098,0.03320984,0.90859795,True,True,0.97789824,0.9567582,3616.0,3577.0,False
d:\Research\Multi-View Fusion Network\datasets\brisc2025\classification_task\test\meningioma\brisc2025_test_00418_me_co_t1.jpg,meningioma,pituitary,coronal,0.14729694,0.05333499,0.7503636,0.04900446,0.7503636,False,True,0.59016895,0.4187364,1190.0,2064.0,False
d:\Research\Multi-View Fusion Network\datasets\brisc2025\classification_task\test\meningioma\brisc2025_test_00419_me_co_t1.jpg,meningioma,meningioma,coronal,0.0253326,0.9256944,0.023595909,0.025377125,0.9256944,True,True,0.9717826,0.94512194,3362.0,3335.0,False
d:\Research\Multi-View Fusion Network\datasets\brisc2025\classification_task\test\meningioma\brisc2025_test_00420_me_co_t1.jpg,meningioma,meningioma,coronal,0.02985323,0.9161714,0.029485554,0.024489878,0.9161714,True,True,0.9793028,0.9594537,2289.0,2300.0,False
d:\Research\Multi-View Fusion Network\datasets\brisc2025\classification_task\test\meningioma\brisc2025_test_00421_me_co_t1.jpg,meningioma,meningioma,coronal,0.028494833,0.9149961,0.025986541,0.030522618,0.9149961,True,True,0.88427883,0.79261506,1969.0,1573.0,False
d:\Research\Multi-View Fusion Network\datasets\brisc2025\classification_task\test\meningioma\brisc2025_test_00422_me_co_t1.jpg,meningioma,meningioma,coronal,0.027645458,0.9145981,0.028389437,0.02936699,0.9145981,True,True,0.95681953,0.91723746,1623.0,1734.0,False
d:\Research\Multi-View Fusion Network\datasets\brisc2025\classification_task\test\meningioma\brisc2025_test_00423_me_co_t1.jpg,meningioma,meningioma,coronal,0.03022725,0.9101352,0.03234112,0.027296478,0.9101352,True,True,0.8190349,0.6938776,314.0,431.0,False
d:\Research\Multi-View Fusion Network\datasets\brisc2025\classification_task\test\meningioma\brisc2025_test_00424_me_co_t1.jpg,meningioma,meningioma,coronal,0.031923003,0.91161215,0.028144384,0.028320555,0.91161215,True,True,0.9240356,0.8588754,868.0,816.0,False
d:\Research\Multi-View Fusion Network\datasets\brisc2025\classification_task\test\meningioma\brisc2025_test_00425_me_co_t1.jpg,meningioma,meningioma,coronal,0.027387837,0.91668195,0.028266892,0.027663324,0.91668195,True,True,0.9797458,0.9603113,1251.0,1266.0,False
d:\Research\Multi-View Fusion Network\datasets\brisc2025\classification_task\test\meningioma\brisc2025_test_00426_me_co_t1.jpg,meningioma,pituitary,coronal,0.037228268,0.06608815,0.85832816,0.03835534,0.85832816,False,True,0.9077381,0.831216,470.0,537.0,False
d:\Research\Multi-View Fusion Network\datasets\brisc2025\classification_task\test\meningioma\brisc2025_test_00427_me_co_t1.jpg,meningioma,meningioma,coronal,0.023468284,0.91890365,0.027654693,0.029973371,0.91890365,True,True,0.95680565,0.9172281,980.0,1010.0,False
d:\Research\Multi-View Fusion Network\datasets\brisc2025\classification_task\test\meningioma\brisc2025_test_00428_me_co_t1.jpg,meningioma,meningioma,coronal,0.030781988,0.91852885,0.025880883,0.024808291,0.91852885,True,True,0.8511236,0.7410423,590.0,477.0,False
d:\Research\Multi-View Fusion Network\datasets\brisc2025\classification_task\test\meningioma\brisc2025_test_00429_me_co_t1.jpg,meningioma,meningioma,coronal,0.027473846,0.9188986,0.02491939,0.028708158,0.9188986,True,True,0.9396423,0.88623595,662.0,679.0,False
d:\Research\Multi-View Fusion Network\datasets\brisc2025\classification_task\test\meningioma\brisc2025_test_00430_me_co_t1.jpg,meningioma,meningioma,coronal,0.032436162,0.9100774,0.027342532,0.030143855,0.9100774,True,True,0.9748902,0.9510404,799.0,793.0,False
d:\Research\Multi-View Fusion Network\datasets\brisc2025\classification_task\test\meningioma\brisc2025_test_00431_me_co_t1.jpg,meningioma,meningioma,coronal,0.029210001,0.91688156,0.02722776,0.026680684,0.91688156,True,True,0.8998483,0.8181818,340.0,318.0,False
d:\Research\Multi-View Fusion Network\datasets\brisc2025\classification_task\test\meningioma\brisc2025_test_00432_me_co_t1.jpg,meningioma,meningioma,coronal,0.026156623,0.9244777,0.023981046,0.0253847,0.9244777,True,True,0.9375,0.88247865,448.0,431.0,False
d:\Research\Multi-View Fusion Network\datasets\brisc2025\classification_task\test\meningioma\brisc2025_test_00433_me_co_t1.jpg,meningioma,meningioma,coronal,0.03262722,0.89243585,0.040715806,0.034221165,0.89243585,True,True,0.9526515,0.9097473,263.0,264.0,False
d:\Research\Multi-View Fusion Network\datasets\brisc2025\classification_task\test\meningioma\brisc2025_test_00434_me_co_t1.jpg,meningioma,meningioma,coronal,0.029372191,0.9044324,0.037692226,0.028503139,0.9044324,True,True,0.9383617,0.8839695,639.0,593.0,False
d:\Research\Multi-View Fusion Network\datasets\brisc2025\classification_task\test\meningioma\brisc2025_test_00435_me_co_t1.jpg,meningioma,meningioma,coronal,0.030923435,0.90140593,0.03185938,0.035811316,0.90140593,True,True,0.9161372,0.84543324,392.0,394.0,False
d:\Research\Multi-View Fusion Network\datasets\brisc2025\classification_task\test\meningioma\brisc2025_test_00436_me_co_t1.jpg,meningioma,meningioma,coronal,0.024568472,0.9215623,0.027970288,0.025898963,0.9215623,True,True,0.9490741,0.90314466,764.0,747.0,False
d:\Research\Multi-View Fusion Network\datasets\brisc2025\classification_task\test\meningioma\brisc2025_test_00437_me_co_t1.jpg,meningioma,meningioma,coronal,0.024974955,0.9217707,0.02450216,0.028752273,0.9217707,True,True,0.89120877,0.8039604,413.0,496.0,False
d:\Research\Multi-View Fusion Network\datasets\brisc2025\classification_task\test\meningioma\brisc2025_test_00438_me_co_t1.jpg,meningioma,meningioma,coronal,0.029776985,0.91030246,0.031649508,0.028271059,0.91030246,True,True,0.9600551,0.9232127,1059.0,1118.0,False
d:\Research\Multi-View Fusion Network\datasets\brisc2025\classification_task\test\meningioma\brisc2025_test_00439_me_co_t1.jpg,meningioma,meningioma,coronal,0.024455458,0.9236453,0.024785522,0.027113706,0.9236453,True,True,0.96744853,0.9369787,1044.0,1044.0,False
d:\Research\Multi-View Fusion Network\datasets\brisc2025\classification_task\test\meningioma\brisc2025_test_00440_me_co_t1.jpg,meningioma,meningioma,coronal,0.027376518,0.91179323,0.03186829,0.028961975,0.91179323,True,True,0.8803987,0.78698224,163.0,137.0,False
d:\Research\Multi-View Fusion Network\datasets\brisc2025\classification_task\test\meningioma\brisc2025_test_00441_me_co_t1.jpg,meningioma,meningioma,coronal,0.030535175,0.90878755,0.029087797,0.031589437,0.90878755,True,True,0.9714912,0.94460225,669.0,698.0,False
d:\Research\Multi-View Fusion Network\datasets\brisc2025\classification_task\test\meningioma\brisc2025_test_00442_me_co_t1.jpg,meningioma,meningioma,coronal,0.026473457,0.92098105,0.022705367,0.029840177,0.92098105,True,True,0.9420643,0.8905244,1065.0,988.0,False
d:\Research\Multi-View Fusion Network\datasets\brisc2025\classification_task\test\meningioma\brisc2025_test_00443_me_co_t1.jpg,meningioma,meningioma,coronal,0.02958866,0.91124135,0.028246818,0.030923126,0.91124135,True,True,0.9686312,0.9392265,529.0,522.0,False
d:\Research\Multi-View Fusion Network\datasets\brisc2025\classification_task\test\meningioma\brisc2025_test_00444_me_co_t1.jpg,meningioma,meningioma,coronal,0.028857434,0.90940017,0.033044573,0.028697902,0.90940017,True,True,0.8903061,0.8027523,210.0,181.0,False
d:\Research\Multi-View Fusion Network\datasets\brisc2025\classification_task\test\meningioma\brisc2025_test_00445_me_co_t1.jpg,meningioma,meningioma,coronal,0.029344497,0.9121308,0.032237362,0.026287427,0.9121308,True,True,0.97835004,0.9576271,2201.0,2186.0,False
d:\Research\Multi-View Fusion Network\datasets\brisc2025\classification_task\test\meningioma\brisc2025_test_00446_me_co_t1.jpg,meningioma,meningioma,coronal,0.03084972,0.9172923,0.024941612,0.026916375,0.9172923,True,True,0.9240654,0.8589001,1218.0,1349.0,False
d:\Research\Multi-View Fusion Network\datasets\brisc2025\classification_task\test\meningioma\brisc2025_test_00447_me_co_t1.jpg,meningioma,meningioma,coronal,0.028994212,0.91531146,0.024845958,0.030848337,0.91531146,True,True,0.97356826,0.9485179,1254.0,1242.0,False
d:\Research\Multi-View Fusion Network\datasets\brisc2025\classification_task\test\meningioma\brisc2025_test_00448_me_co_t1.jpg,meningioma,meningioma,coronal,0.030040158,0.9112684,0.028107768,0.030583585,0.9112684,True,True,0.94974875,0.90437156,691.0,701.0,False
d:\Research\Multi-View Fusion Network\datasets\brisc2025\classification_task\test\meningioma\brisc2025_test_00449_me_co_t1.jpg,meningioma,meningioma,coronal,0.026817871,0.92606604,0.025145633,0.02197047,0.92606604,True,True,0.8739088,0.77624786,478.0,552.0,False
d:\Research\Multi-View Fusion Network\datasets\brisc2025\classification_task\test\meningioma\brisc2025_test_00450_me_co_t1.jpg,meningioma,meningioma,coronal,0.025628021,0.91851395,0.027638426,0.02821955,0.91851395,True,True,0.9747807,0.9508197,1366.0,1369.0,False
d:\Research\Multi-View Fusion Network\datasets\brisc2025\classification_task\test\meningioma\brisc2025_test_00451_me_co_t1.jpg,meningioma,meningioma,coronal,0.030884657,0.9089913,0.032782514,0.027341563,0.9089913,True,True,0.9223301,0.8559078,1221.0,1353.0,False
d:\Research\Multi-View Fusion Network\datasets\brisc2025\classification_task\test\meningioma\brisc2025_test_00452_me_co_t1.jpg,meningioma,meningioma,coronal,0.028194709,0.91224,0.028822118,0.030743161,0.91224,True,True,0.95737123,0.9183673,281.0,281.0,False
d:\Research\Multi-View Fusion Network\datasets\brisc2025\classification_task\test\meningioma\brisc2025_test_00453_me_co_t1.jpg,meningioma,meningioma,coronal,0.03380336,0.9018551,0.0330714,0.031270158,0.9018551,True,True,0.9638312,0.9302326,731.0,761.0,False
d:\Research\Multi-View Fusion Network\datasets\brisc2025\classification_task\test\meningioma\brisc2025_test_00454_me_co_t1.jpg,meningioma,meningioma,coronal,0.029154664,0.907753,0.029662142,0.033430234,0.907753,True,True,0.8697738,0.76969695,805.0,653.0,False
d:\Research\Multi-View Fusion Network\datasets\brisc2025\classification_task\test\meningioma\brisc2025_test_00455_me_co_t1.jpg,meningioma,meningioma,coronal,0.031628758,0.89999866,0.032732893,0.035639778,0.89999866,True,True,0.721246,0.56429464,578.0,673.0,False
d:\Research\Multi-View Fusion Network\datasets\brisc2025\classification_task\test\meningioma\brisc2025_test_00456_me_co_t1.jpg,meningioma,meningioma,coronal,0.027740812,0.91296875,0.029635603,0.02965483,0.91296875,True,True,0.9412879,0.88928574,259.0,268.0,False
d:\Research\Multi-View Fusion Network\datasets\brisc2025\classification_task\test\meningioma\brisc2025_test_00457_me_co_t1.jpg,meningioma,meningioma,coronal,0.028347755,0.91267914,0.029459586,0.029513596,0.91267914,True,True,0.95896035,0.9212598,369.0,361.0,False
d:\Research\Multi-View Fusion Network\datasets\brisc2025\classification_task\test\meningioma\brisc2025_test_00458_me_co_t1.jpg,meningioma,meningioma,coronal,0.032988563,0.9060733,0.027428022,0.033510134,0.9060733,True,True,0.963964,0.9304751,817.0,847.0,False
d:\Research\Multi-View Fusion Network\datasets\brisc2025\classification_task\test\meningioma\brisc2025_test_00459_me_co_t1.jpg,meningioma,meningioma,coronal,0.028895576,0.906743,0.032834522,0.031526923,0.906743,True,True,0.91738385,0.84745765,800.0,942.0,False
d:\Research\Multi-View Fusion Network\datasets\brisc2025\classification_task\test\meningioma\brisc2025_test_00460_me_co_t1.jpg,meningioma,meningioma,coronal,0.025068725,0.91842824,0.029308785,0.027194312,0.91842824,True,True,0.94015443,0.8872727,256.0,261.0,False
d:\Research\Multi-View Fusion Network\datasets\brisc2025\classification_task\test\meningioma\brisc2025_test_00461_me_co_t1.jpg,meningioma,meningioma,coronal,0.027017051,0.9199789,0.02785107,0.025153039,0.9199789,True,True,0.9770932,0.95522386,1904.0,1893.0,False
d:\Research\Multi-View Fusion Network\datasets\brisc2025\classification_task\test\meningioma\brisc2025_test_00462_me_co_t1.jpg,meningioma,meningioma,coronal,0.029001137,0.9173482,0.024858883,0.028791806,0.9173482,True,True,0.951039,0.9066739,1786.0,1726.0,False
d:\Research\Multi-View Fusion Network\datasets\brisc2025\classification_task\test\meningioma\brisc2025_test_00463_me_co_t1.jpg,meningioma,meningioma,coronal,0.029130999,0.9190184,0.026396975,0.02545355,0.9190184,True,True,0.9102564,0.835443,542.0,471.0,False
d:\Research\Multi-View Fusion Network\datasets\brisc2025\classification_task\test\meningioma\brisc2025_test_00464_me_co_t1.jpg,meningioma,meningioma,coronal,0.030551223,0.90266323,0.033602532,0.03318301,0.90266323,True,True,0.9794387,0.9597169,1813.0,1785.0,False
d:\Research\Multi-View Fusion Network\datasets\brisc2025\classification_task\test\meningioma\brisc2025_test_00465_me_co_t1.jpg,meningioma,meningioma,coronal,0.027484199,0.9134537,0.029715894,0.029346228,0.9134537,True,True,0.97855824,0.95803183,1346.0,1358.0,False
d:\Research\Multi-View Fusion Network\datasets\brisc2025\classification_task\test\meningioma\brisc2025_test_00466_me_co_t1.jpg,meningioma,meningioma,coronal,0.028131608,0.9088651,0.03364263,0.02936071,0.9088651,True,True,0.95454544,0.91320753,253.0,252.0,False
d:\Research\Multi-View Fusion Network\datasets\brisc2025\classification_task\test\meningioma\brisc2025_test_00467_me_co_t1.jpg,meningioma,meningioma,coronal,0.029336309,0.9185101,0.025869383,0.026284268,0.9185101,True,True,0.9128565,0.8397169,2266.0,2151.0,False
d:\Research\Multi-View Fusion Network\datasets\brisc2025\classification_task\test\meningioma\brisc2025_test_00468_me_co_t1.jpg,meningioma,meningioma,coronal,0.031917747,0.90739197,0.027684761,0.03300559,0.90739197,True,True,0.98191285,0.96447796,1846.0,1802.0,False
d:\Research\Multi-View Fusion Network\datasets\brisc2025\classification_task\test\meningioma\brisc2025_test_00469_me_co_t1.jpg,meningioma,meningioma,coronal,0.032404784,0.9001185,0.03240455,0.035072144,0.9001185,True,True,0.97974116,0.96030873,897.0,879.0,False
d:\Research\Multi-View Fusion Network\datasets\brisc2025\classification_task\test\meningioma\brisc2025_test_00470_me_co_t1.jpg,meningioma,meningioma,coronal,0.027750108,0.91035587,0.031344946,0.030549118,0.91035587,True,True,0.93406594,0.87647057,321.0,315.0,False
d:\Research\Multi-View Fusion Network\datasets\brisc2025\classification_task\test\meningioma\brisc2025_test_00471_me_co_t1.jpg,meningioma,meningioma,coronal,0.030845558,0.91391224,0.028242832,0.026999472,0.91391224,True,True,0.45849296,0.29801324,591.0,191.0,False
d:\Research\Multi-View Fusion Network\datasets\brisc2025\classification_task\test\meningioma\brisc2025_test_00472_me_co_t1.jpg,meningioma,meningioma,coronal,0.031047065,0.91629297,0.026669094,0.025990924,0.91629297,True,True,0.9697885,0.9413735,1175.0,1141.0,False
d:\Research\Multi-View Fusion Network\datasets\brisc2025\classification_task\test\meningioma\brisc2025_test_00473_me_co_t1.jpg,meningioma,meningioma,coronal,0.03078993,0.911931,0.029709548,0.027569527,0.911931,True,True,0.9815189,0.96371883,1733.0,1729.0,False
d:\Research\Multi-View Fusion Network\datasets\brisc2025\classification_task\test\meningioma\brisc2025_test_00474_me_co_t1.jpg,meningioma,meningioma,coronal,0.03210066,0.90268004,0.032732744,0.032486595,0.90268004,True,True,0.96947163,0.9407745,1265.0,1289.0,False
d:\Research\Multi-View Fusion Network\datasets\brisc2025\classification_task\test\meningioma\brisc2025_test_00475_me_co_t1.jpg,meningioma,meningioma,coronal,0.032807183,0.899788,0.034616888,0.032787986,0.899788,True,True,0.96138996,0.92574257,390.0,386.0,False
d:\Research\Multi-View Fusion Network\datasets\brisc2025\classification_task\test\meningioma\brisc2025_test_00476_me_co_t1.jpg,meningioma,meningioma,coronal,0.032263096,0.90703124,0.03289713,0.027808506,0.90703124,True,True,0.97893775,0.95878136,546.0,545.0,False
d:\Research\Multi-View Fusion Network\datasets\brisc2025\classification_task\test\meningioma\brisc2025_test_00477_me_co_t1.jpg,meningioma,meningioma,coronal,0.026179532,0.92017555,0.026400795,0.027244164,0.92017555,True,True,0.9742866,0.94987774,1566.0,1622.0,False
d:\Research\Multi-View Fusion Network\datasets\brisc2025\classification_task\test\meningioma\brisc2025_test_00478_me_sa_t1.jpg,meningioma,meningioma,sagittal,0.032990456,0.9044838,0.031580642,0.030945063,0.9044838,True,True,0.971599,0.9447819,1783.0,1737.0,False
d:\Research\Multi-View Fusion Network\datasets\brisc2025\classification_task\test\meningioma\brisc2025_test_00479_me_sa_t1.jpg,meningioma,meningioma,sagittal,0.033003923,0.9048878,0.031997077,0.030111236,0.9048878,True,True,0.9762793,0.95366997,1866.0,1885.0,False
d:\Research\Multi-View Fusion Network\datasets\brisc2025\classification_task\test\meningioma\brisc2025_test_00480_me_sa_t1.jpg,meningioma,meningioma,sagittal,0.023705719,0.92702407,0.025350247,0.023919953,0.92702407,True,True,0.9688098,0.9395176,2678.0,2547.0,False
d:\Research\Multi-View Fusion Network\datasets\brisc2025\classification_task\test\meningioma\brisc2025_test_00481_me_sa_t1.jpg,meningioma,meningioma,sagittal,0.03216775,0.90200055,0.033406354,0.03242532,0.90200055,True,True,0.9576557,0.91877574,1615.0,1643.0,False
d:\Research\Multi-View Fusion Network\datasets\brisc2025\classification_task\test\meningioma\brisc2025_test_00482_me_sa_t1.jpg,meningioma,meningioma,sagittal,0.030943086,0.9005713,0.03279207,0.035693653,0.9005713,True,True,0.95755816,0.9186176,887.0,832.0,False
d:\Research\Multi-View Fusion Network\datasets\brisc2025\classification_task\test\meningioma\brisc2025_test_00483_me_sa_t1.jpg,meningioma,meningioma,sagittal,0.032387394,0.9068009,0.031658612,0.029153077,0.9068009,True,True,0.9267516,0.8636364,443.0,498.0,False
d:\Research\Multi-View Fusion Network\datasets\brisc2025\classification_task\test\meningioma\brisc2025_test_00484_me_sa_t1.jpg,meningioma,meningioma,sagittal,0.030245125,0.9076854,0.02826933,0.033800185,0.9076854,True,True,0.9590459,0.92134833,1116.0,1105.0,False
d:\Research\Multi-View Fusion Network\datasets\brisc2025\classification_task\test\meningioma\brisc2025_test_00485_me_sa_t1.jpg,meningioma,meningioma,sagittal,0.028336713,0.9145945,0.027757024,0.029311717,0.9145945,True,True,0.9697479,0.9413043,900.0,884.0,False
d:\Research\Multi-View Fusion Network\datasets\brisc2025\classification_task\test\meningioma\brisc2025_test_00486_me_sa_t1.jpg,meningioma,meningioma,sagittal,0.027313063,0.9101133,0.032811966,0.029761737,0.9101133,True,True,0.9671433,0.93639576,1649.0,1637.0,False
d:\Research\Multi-View Fusion Network\datasets\brisc2025\classification_task\test\meningioma\brisc2025_test_00487_me_sa_t1.jpg,meningioma,meningioma,sagittal,0.03397579,0.903329,0.029397268,0.033298012,0.903329,True,True,0.9578522,0.91915834,857.0,874.0,False
d:\Research\Multi-View Fusion Network\datasets\brisc2025\classification_task\test\meningioma\brisc2025_test_00488_me_sa_t1.jpg,meningioma,meningioma,sagittal,0.02375159,0.92832655,0.025066739,0.022855207,0.92832655,True,True,0.9813003,0.9632949,2291.0,2307.0,False
d:\Research\Multi-View Fusion Network\datasets\brisc2025\classification_task\test\meningioma\brisc2025_test_00489_me_sa_t1.jpg,meningioma,meningioma,sagittal,0.024805438,0.92023355,0.025923938,0.029037014,0.92023355,True,True,0.96999484,0.9417671,973.0,959.0,False
d:\Research\Multi-View Fusion Network\datasets\brisc2025\classification_task\test\meningioma\brisc2025_test_00490_me_sa_t1.jpg,meningioma,meningioma,sagittal,0.031475034,0.9152488,0.026651865,0.026624283,0.9152488,True,True,0.9699248,0.9416283,1276.0,1250.0,False
d:\Research\Multi-View Fusion Network\datasets\brisc2025\classification_task\test\meningioma\brisc2025_test_00491_me_sa_t1.jpg,meningioma,meningioma,sagittal,0.02503719,0.9215828,0.026898865,0.026481176,0.9215828,True,True,0.958498,0.9203252,1714.0,1827.0,False
d:\Research\Multi-View Fusion Network\datasets\brisc2025\classification_task\test\meningioma\brisc2025_test_00492_me_sa_t1.jpg,meningioma,meningioma,sagittal,0.033275366,0.9034028,0.032352436,0.030969456,0.9034028,True,True,0.9764129,0.95392334,2165.0,2116.0,False
d:\Research\Multi-View Fusion Network\datasets\brisc2025\classification_task\test\meningioma\brisc2025_test_00493_me_sa_t1.jpg,meningioma,meningioma,sagittal,0.03252701,0.8989127,0.025543327,0.043016948,0.8989127,True,True,0.94576687,0.89712673,3870.0,3523.0,False
d:\Research\Multi-View Fusion Network\datasets\brisc2025\classification_task\test\meningioma\brisc2025_test_00494_me_sa_t1.jpg,meningioma,meningioma,sagittal,0.028387059,0.91478074,0.027826427,0.02900589,0.91478074,True,True,0.97521865,0.9516588,1032.0,1025.0,False
d:\Research\Multi-View Fusion Network\datasets\brisc2025\classification_task\test\meningioma\brisc2025_test_00495_me_sa_t1.jpg,meningioma,meningioma,sagittal,0.031138722,0.9110098,0.027384026,0.03046742,0.9110098,True,True,0.7693853,0.6253264,1025.0,1463.0,False
d:\Research\Multi-View Fusion Network\datasets\brisc2025\classification_task\test\meningioma\brisc2025_test_00496_me_sa_t1.jpg,meningioma,meningioma,sagittal,0.024575258,0.92510015,0.026439486,0.023885125,0.92510015,True,True,0.9247,0.86,1172.0,1244.0,False
d:\Research\Multi-View Fusion Network\datasets\brisc2025\classification_task\test\meningioma\brisc2025_test_00497_me_sa_t1.jpg,meningioma,meningioma,sagittal,0.032235652,0.9042271,0.030720383,0.032816816,0.9042271,True,True,0.9657718,0.93385214,758.0,731.0,False
d:\Research\Multi-View Fusion Network\datasets\brisc2025\classification_task\test\meningioma\brisc2025_test_00498_me_sa_t1.jpg,meningioma,meningioma,sagittal,0.029893706,0.90817493,0.032190677,0.029740775,0.90817493,True,True,0.98186606,0.9643883,1733.0,1685.0,False
d:\Research\Multi-View Fusion Network\datasets\brisc2025\classification_task\test\meningioma\brisc2025_test_00499_me_sa_t1.jpg,meningioma,meningioma,sagittal,0.032097246,0.90703356,0.033440214,0.02742895,0.90703356,True,True,0.95243126,0.9092742,487.0,458.0,False
d:\Research\Multi-View Fusion Network\datasets\brisc2025\classification_task\test\meningioma\brisc2025_test_00500_me_sa_t1.jpg,meningioma,meningioma,sagittal,0.025830412,0.9227981,0.025675803,0.025695685,0.9227981,True,True,0.82687926,0.70542634,201.0,237.0,False
d:\Research\Multi-View Fusion Network\datasets\brisc2025\classification_task\test\meningioma\brisc2025_test_00501_me_sa_t1.jpg,meningioma,meningioma,sagittal,0.025248816,0.923284,0.026597613,0.024869671,0.923284,True,True,0.978022,0.95701355,876.0,852.0,False
d:\Research\Multi-View Fusion Network\datasets\brisc2025\classification_task\test\meningioma\brisc2025_test_00502_me_sa_t1.jpg,meningioma,meningioma,sagittal,0.031234732,0.9168787,0.022497749,0.0293888,0.9168787,True,True,0.9491803,0.90342677,308.0,301.0,False
d:\Research\Multi-View Fusion Network\datasets\brisc2025\classification_task\test\meningioma\brisc2025_test_00503_me_sa_t1.jpg,meningioma,meningioma,sagittal,0.027118582,0.9128768,0.03657664,0.023427991,0.9128768,True,True,0.93711656,0.8818444,320.0,331.0,False
d:\Research\Multi-View Fusion Network\datasets\brisc2025\classification_task\test\meningioma\brisc2025_test_00504_me_sa_t1.jpg,meningioma,meningioma,sagittal,0.03212417,0.91006404,0.027725816,0.030086014,0.91006404,True,True,0.9178645,0.8484849,252.0,234.0,False
d:\Research\Multi-View Fusion Network\datasets\brisc2025\classification_task\test\meningioma\brisc2025_test_00505_me_sa_t1.jpg,meningioma,meningioma,sagittal,0.036580153,0.89786875,0.032172006,0.033379104,0.89786875,True,True,0.9611111,0.9251782,804.0,815.0,False
d:\Research\Multi-View Fusion Network\datasets\brisc2025\classification_task\test\meningioma\brisc2025_test_00506_me_sa_t1.jpg,meningioma,meningioma,sagittal,0.02879333,0.9162594,0.025190417,0.029756827,0.9162594,True,True,0.9378486,0.8830585,613.0,641.0,False
d:\Research\Multi-View Fusion Network\datasets\brisc2025\classification_task\test\meningioma\brisc2025_test_00507_me_sa_t1.jpg,meningioma,meningioma,sagittal,0.028886631,0.9153207,0.02896741,0.026825324,0.9153207,True,True,0.9167334,0.84638107,585.0,663.0,False
d:\Research\Multi-View Fusion Network\datasets\brisc2025\classification_task\test\meningioma\brisc2025_test_00508_me_sa_t1.jpg,meningioma,meningioma,sagittal,0.029617745,0.90769845,0.031829704,0.03085413,0.90769845,True,True,0.96467817,0.9318182,627.0,646.0,False
d:\Research\Multi-View Fusion Network\datasets\brisc2025\classification_task\test\meningioma\brisc2025_test_00509_me_sa_t1.jpg,meningioma,meningioma,sagittal,0.026742402,0.9197143,0.02613703,0.02740629,0.9197143,True,True,0.95927274,0.92178774,708.0,666.0,False
d:\Research\Multi-View Fusion Network\datasets\brisc2025\classification_task\test\meningioma\brisc2025_test_00510_me_sa_t1.jpg,meningioma,meningioma,sagittal,0.02628384,0.92071533,0.025648672,0.027352208,0.92071533,True,True,0.9809459,0.9626168,1475.0,1463.0,False
d:\Research\Multi-View Fusion Network\datasets\brisc2025\classification_task\test\meningioma\brisc2025_test_00511_me_sa_t1.jpg,meningioma,meningioma,sagittal,0.026601894,0.9181213,0.026841182,0.028435702,0.9181213,True,True,0.97276443,0.94699645,1110.0,1092.0,False
d:\Research\Multi-View Fusion Network\datasets\brisc2025\classification_task\test\meningioma\brisc2025_test_00512_me_sa_t1.jpg,meningioma,meningioma,sagittal,0.03340827,0.90997976,0.028758675,0.027853368,0.90997976,True,True,0.93291026,0.8743633,529.0,573.0,False
d:\Research\Multi-View Fusion Network\datasets\brisc2025\classification_task\test\meningioma\brisc2025_test_00513_me_sa_t1.jpg,meningioma,meningioma,sagittal,0.028044019,0.9085537,0.03830849,0.025093837,0.9085537,True,True,0.94198895,0.890625,176.0,185.0,False
d:\Research\Multi-View Fusion Network\datasets\brisc2025\classification_task\test\meningioma\brisc2025_test_00514_me_sa_t1.jpg,meningioma,meningioma,sagittal,0.02803429,0.9153887,0.028759805,0.027817188,0.9153887,True,True,0.97698367,0.9550296,823.0,827.0,False
d:\Research\Multi-View Fusion Network\datasets\brisc2025\classification_task\test\meningioma\brisc2025_test_00515_me_sa_t1.jpg,meningioma,meningioma,sagittal,0.029195925,0.9093922,0.031165892,0.030246003,0.9093922,True,True,0.97933704,0.95952785,1161.0,1161.0,False
d:\Research\Multi-View Fusion Network\datasets\brisc2025\classification_task\test\meningioma\brisc2025_test_00516_me_sa_t1.jpg,meningioma,meningioma,sagittal,0.033262447,0.9046324,0.028924061,0.033181053,0.9046324,True,True,0.9652733,0.93291926,776.0,778.0,False
d:\Research\Multi-View Fusion Network\datasets\brisc2025\classification_task\test\meningioma\brisc2025_test_00517_me_sa_t1.jpg,meningioma,meningioma,sagittal,0.037948526,0.9019856,0.030653948,0.029412005,0.9019856,True,True,0.89097744,0.80361176,410.0,387.0,False
d:\Research\Multi-View Fusion Network\datasets\brisc2025\classification_task\test\meningioma\brisc2025_test_00518_me_sa_t1.jpg,meningioma,meningioma,sagittal,0.029994547,0.9125708,0.031076515,0.026358178,0.9125708,True,True,0.9777114,0.9564045,2166.0,2185.0,False
d:\Research\Multi-View Fusion Network\datasets\brisc2025\classification_task\test\meningioma\brisc2025_test_00519_me_sa_t1.jpg,meningioma,meningioma,sagittal,0.029710317,0.9068691,0.0324717,0.030948816,0.9068691,True,True,0.9678206,0.937677,1046.0,1004.0,False
d:\Research\Multi-View Fusion Network\datasets\brisc2025\classification_task\test\meningioma\brisc2025_test_00520_me_sa_t1.jpg,meningioma,meningioma,sagittal,0.03121001,0.91454,0.02747568,0.026774345,0.91454,True,True,0.95783556,0.9191375,708.0,714.0,False
d:\Research\Multi-View Fusion Network\datasets\brisc2025\classification_task\test\meningioma\brisc2025_test_00521_me_sa_t1.jpg,meningioma,meningioma,sagittal,0.023617182,0.9245643,0.025172194,0.026646355,0.9245643,True,True,0.8779661,0.78313255,137.0,157.0,False
d:\Research\Multi-View Fusion Network\datasets\brisc2025\classification_task\test\meningioma\brisc2025_test_00522_me_sa_t1.jpg,meningioma,meningioma,sagittal,0.031661812,0.90695447,0.0323395,0.02904422,0.90695447,True,True,0.93974507,0.88646287,436.0,426.0,False
d:\Research\Multi-View Fusion Network\datasets\brisc2025\classification_task\test\meningioma\brisc2025_test_00523_me_sa_t1.jpg,meningioma,meningioma,sagittal,0.029722178,0.91376543,0.030219173,0.026293216,0.91376543,True,True,0.90971273,0.83458644,341.0,389.0,False
d:\Research\Multi-View Fusion Network\datasets\brisc2025\classification_task\test\meningioma\brisc2025_test_00524_me_sa_t1.jpg,meningioma,meningioma,sagittal,0.031858183,0.9065199,0.030301465,0.03132046,0.9065199,True,True,0.9372683,0.8819742,1660.0,1846.0,False
d:\Research\Multi-View Fusion Network\datasets\brisc2025\classification_task\test\meningioma\brisc2025_test_00525_me_sa_t1.jpg,meningioma,meningioma,sagittal,0.02938353,0.9173781,0.028199494,0.025038838,0.9173781,True,True,0.9574756,0.91844153,1902.0,1789.0,False
d:\Research\Multi-View Fusion Network\datasets\brisc2025\classification_task\test\meningioma\brisc2025_test_00526_me_sa_t1.jpg,meningioma,meningioma,sagittal,0.026037931,0.912209,0.029815739,0.031937446,0.912209,True,True,0.8155231,0.68880457,373.0,515.0,False
d:\Research\Multi-View Fusion Network\datasets\brisc2025\classification_task\test\meningioma\brisc2025_test_00527_me_sa_t1.jpg,meningioma,meningioma,sagittal,0.024492972,0.9222612,0.027731046,0.025514921,0.9222612,True,True,0.9221239,0.8557377,294.0,270.0,False
d:\Research\Multi-View Fusion Network\datasets\brisc2025\classification_task\test\meningioma\brisc2025_test_00528_me_sa_t1.jpg,meningioma,meningioma,sagittal,0.039313983,0.8973107,0.03199324,0.03138211,0.8973107,True,True,0.9431755,0.89251846,906.0,888.0,False
d:\Research\Multi-View Fusion Network\datasets\brisc2025\classification_task\test\meningioma\brisc2025_test_00529_me_sa_t1.jpg,meningioma,meningioma,sagittal,0.025031013,0.9207277,0.027918322,0.026322857,0.9207277,True,True,0.95776933,0.9190031,935.0,911.0,False
d:\Research\Multi-View Fusion Network\datasets\brisc2025\classification_task\test\meningioma\brisc2025_test_00530_me_sa_t1.jpg,meningioma,meningioma,sagittal,0.02633957,0.9201164,0.027692437,0.025851507,0.9201164,True,True,0.9816682,0.9640288,547.0,543.0,False
d:\Research\Multi-View Fusion Network\datasets\brisc2025\classification_task\test\meningioma\brisc2025_test_00531_me_sa_t1.jpg,meningioma,meningioma,sagittal,0.02633216,0.9168355,0.027003333,0.029828979,0.9168355,True,True,0.95911,0.92147803,840.0,822.0,False
d:\Research\Multi-View Fusion Network\datasets\brisc2025\classification_task\test\meningioma\brisc2025_test_00532_me_sa_t1.jpg,meningioma,meningioma,sagittal,0.026186401,0.9057617,0.03390834,0.034143575,0.9057617,True,True,0.96813595,0.9382716,941.0,941.0,False
d:\Research\Multi-View Fusion Network\datasets\brisc2025\classification_task\test\meningioma\brisc2025_test_00533_me_sa_t1.jpg,meningioma,meningioma,sagittal,0.030182907,0.9164917,0.025514955,0.027810438,0.9164917,True,True,0.9549763,0.9138973,621.0,644.0,False
d:\Research\Multi-View Fusion Network\datasets\brisc2025\classification_task\test\meningioma\brisc2025_test_00534_me_sa_t1.jpg,meningioma,meningioma,sagittal,0.029965645,0.9148275,0.02870888,0.02649798,0.9148275,True,True,0.969985,0.94174755,987.0,1011.0,False
d:\Research\Multi-View Fusion Network\datasets\brisc2025\classification_task\test\meningioma\brisc2025_test_00535_me_sa_t1.jpg,meningioma,meningioma,sagittal,0.03130689,0.90167046,0.03317094,0.0338518,0.90167046,True,True,0.9531091,0.91050583,482.0,498.0,False
d:\Research\Multi-View Fusion Network\datasets\brisc2025\classification_task\test\meningioma\brisc2025_test_00536_me_sa_t1.jpg,meningioma,meningioma,sagittal,0.02902075,0.91265583,0.03057055,0.027752874,0.91265583,True,True,0.97384614,0.9490364,2265.0,2284.0,False
d:\Research\Multi-View Fusion Network\datasets\brisc2025\classification_task\test\meningioma\brisc2025_test_00537_me_sa_t1.jpg,meningioma,meningioma,sagittal,0.034444995,0.90168184,0.030298287,0.033574946,0.90168184,True,True,0.9757919,0.9527385,2233.0,2186.0,False
d:\Research\Multi-View Fusion Network\datasets\brisc2025\classification_task\test\meningioma\brisc2025_test_00538_me_sa_t1.jpg,meningioma,meningioma,sagittal,0.030581612,0.9129791,0.02772938,0.028709847,0.9129791,True,True,0.88520974,0.79419523,622.0,736.0,False
d:\Research\Multi-View Fusion Network\datasets\brisc2025\classification_task\test\meningioma\brisc2025_test_00539_me_sa_t1.jpg,meningioma,meningioma,sagittal,0.030558025,0.9069626,0.031225396,0.03125399,0.9069626,True,True,0.9414035,0.8893307,1433.0,1416.0,False
d:\Research\Multi-View Fusion Network\datasets\brisc2025\classification_task\test\meningioma\brisc2025_test_00540_me_sa_t1.jpg,meningioma,meningioma,sagittal,0.028583968,0.9131479,0.02918743,0.02908059,0.9131479,True,True,0.97042775,0.94256413,2906.0,2774.0,False
d:\Research\Multi-View Fusion Network\datasets\brisc2025\classification_task\test\meningioma\brisc2025_test_00541_me_sa_t1.jpg,meningioma,meningioma,sagittal,0.02831376,0.9155852,0.028042173,0.028058806,0.9155852,True,True,0.9059509,0.82813686,1204.0,1198.0,False
d:\Research\Multi-View Fusion Network\datasets\brisc2025\classification_task\test\meningioma\brisc2025_test_00542_me_sa_t1.jpg,meningioma,meningioma,sagittal,0.026366398,0.918664,0.029409615,0.025559926,0.918664,True,True,0.91915643,0.85064936,304.0,264.0,False
d:\Research\Multi-View Fusion Network\datasets\brisc2025\classification_task\test\meningioma\brisc2025_test_00543_me_sa_t1.jpg,meningioma,meningioma,sagittal,0.036959823,0.9024505,0.031613365,0.02897637,0.9024505,True,True,0.9174028,0.8474715,1038.0,1225.0,False
d:\Research\Multi-View Fusion Network\datasets\brisc2025\classification_task\test\meningioma\brisc2025_test_00544_me_sa_t1.jpg,meningioma,meningioma,sagittal,0.02486023,0.91629183,0.029758096,0.029089851,0.91629183,True,True,0.9203354,0.85271317,231.0,245.0,False
d:\Research\Multi-View Fusion Network\datasets\brisc2025\classification_task\test\meningioma\brisc2025_test_00545_me_sa_t1.jpg,meningioma,meningioma,sagittal,0.025582168,0.9217275,0.02558271,0.027107645,0.9217275,True,True,0.967305,0.93670887,1054.0,1086.0,False
d:\Research\Multi-View Fusion Network\datasets\brisc2025\classification_task\test\meningioma\brisc2025_test_00546_me_sa_t1.jpg,meningioma,meningioma,sagittal,0.034144662,0.90288556,0.027690245,0.035279542,0.90288556,True,True,0.9678274,0.9376833,1293.0,1348.0,False
d:\Research\Multi-View Fusion Network\datasets\brisc2025\classification_task\test\meningioma\brisc2025_test_00547_me_sa_t1.jpg,meningioma,meningioma,sagittal,0.030276319,0.9079342,0.028464098,0.033325378,0.9079342,True,True,0.98386574,0.96825397,1552.0,1546.0,False
d:\Research\Multi-View Fusion Network\datasets\brisc2025\classification_task\test\meningioma\brisc2025_test_00548_me_sa_t1.jpg,meningioma,meningioma,sagittal,0.036564354,0.8994402,0.032883234,0.031112228,0.8994402,True,True,0.9677922,0.93762577,951.0,973.0,False
d:\Research\Multi-View Fusion Network\datasets\brisc2025\classification_task\test\meningioma\brisc2025_test_00549_me_sa_t1.jpg,meningioma,meningioma,sagittal,0.027566826,0.9139286,0.027148161,0.03135644,0.9139286,True,True,0.97622585,0.95357835,995.0,1023.0,False
d:\Research\Multi-View Fusion Network\datasets\brisc2025\classification_task\test\meningioma\brisc2025_test_00550_me_sa_t1.jpg,meningioma,meningioma,sagittal,0.027032936,0.91919845,0.026917,0.02685158,0.91919845,True,True,0.9239927,0.85884356,552.0,539.0,False
d:\Research\Multi-View Fusion Network\datasets\brisc2025\classification_task\test\meningioma\brisc2025_test_00551_me_sa_t1.jpg,meningioma,meningioma,sagittal,0.032142524,0.9043579,0.03221142,0.0312881,0.9043579,True,True,0.983835,0.96820176,889.0,904.0,False
d:\Research\Multi-View Fusion Network\datasets\brisc2025\classification_task\test\meningioma\brisc2025_test_00552_me_sa_t1.jpg,meningioma,meningioma,sagittal,0.030734355,0.91751635,0.026767919,0.024981383,0.91751635,True,True,0.93707484,0.88178915,298.0,289.0,False
d:\Research\Multi-View Fusion Network\datasets\brisc2025\classification_task\test\meningioma\brisc2025_test_00553_me_sa_t1.jpg,meningioma,meningioma,sagittal,0.031042088,0.9068572,0.027799381,0.03430127,0.9068572,True,True,0.9676889,0.9374337,913.0,912.0,False
d:\Research\Multi-View Fusion Network\datasets\brisc2025\classification_task\test\meningioma\brisc2025_test_00554_me_sa_t1.jpg,meningioma,meningioma,sagittal,0.026713628,0.92016834,0.02718643,0.025931641,0.92016834,True,True,0.9828224,0.9662338,1874.0,1909.0,False
d:\Research\Multi-View Fusion Network\datasets\brisc2025\classification_task\test\meningioma\brisc2025_test_00555_me_sa_t1.jpg,meningioma,meningioma,sagittal,0.0281018,0.9082894,0.03112783,0.032481056,0.9082894,True,True,0.9561037,0.9159328,1214.0,1177.0,False
d:\Research\Multi-View Fusion Network\datasets\brisc2025\classification_task\test\meningioma\brisc2025_test_00556_me_sa_t1.jpg,meningioma,meningioma,sagittal,0.027922416,0.9086074,0.030328644,0.03314154,0.9086074,True,True,0.9470486,0.8995058,555.0,596.0,False
d:\Research\Multi-View Fusion Network\datasets\brisc2025\classification_task\test\meningioma\brisc2025_test_00557_me_sa_t1.jpg,meningioma,meningioma,sagittal,0.02776413,0.9128484,0.032163665,0.02722385,0.9128484,True,True,0.9703608,0.9425,377.0,398.0,False
d:\Research\Multi-View Fusion Network\datasets\brisc2025\classification_task\test\meningioma\brisc2025_test_00558_me_sa_t1.jpg,meningioma,meningioma,sagittal,0.027401883,0.9087246,0.034421947,0.029451543,0.9087246,True,True,0.9144144,0.8429752,101.0,120.0,False
d:\Research\Multi-View Fusion Network\datasets\brisc2025\classification_task\test\meningioma\brisc2025_test_00559_me_sa_t1.jpg,meningioma,meningioma,sagittal,0.026745612,0.92072296,0.024498327,0.028033126,0.92072296,True,True,0.7751856,0.633218,365.0,577.0,False
d:\Research\Multi-View Fusion Network\datasets\brisc2025\classification_task\test\meningioma\brisc2025_test_00560_me_sa_t1.jpg,meningioma,meningioma,sagittal,0.028315172,0.91567796,0.029597385,0.026409516,0.91567796,True,True,0.97174937,0.94507045,1393.0,1367.0,False
d:\Research\Multi-View Fusion Network\datasets\brisc2025\classification_task\test\no_tumor\brisc2025_test_00561_no_ax_t1.jpg,no_tumor,no_tumor,axial,0.023714066,0.022442805,0.021544447,0.93229866,0.93229866,True,True,1.0,1.0,0.0,0.0,False
d:\Research\Multi-View Fusion Network\datasets\brisc2025\classification_task\test\no_tumor\brisc2025_test_00562_no_ax_t1.jpg,no_tumor,no_tumor,axial,0.024298448,0.026024306,0.027311197,0.92236596,0.92236596,True,True,1.0,1.0,0.0,0.0,False
d:\Research\Multi-View Fusion Network\datasets\brisc2025\classification_task\test\no_tumor\brisc2025_test_00563_no_ax_t1.jpg,no_tumor,no_tumor,axial,0.030512024,0.1002179,0.04711299,0.8221571,0.8221571,True,True,0.0013020834,0.0013020834,0.0,767.0,False
d:\Research\Multi-View Fusion Network\datasets\brisc2025\classification_task\test\no_tumor\brisc2025_test_00564_no_ax_t1.jpg,no_tumor,no_tumor,axial,0.023466257,0.024379497,0.022418529,0.9297358,0.9297358,True,True,1.0,1.0,0.0,0.0,False
d:\Research\Multi-View Fusion Network\datasets\brisc2025\classification_task\test\no_tumor\brisc2025_test_00565_no_ax_t1.jpg,no_tumor,no_tumor,axial,0.026424749,0.026972888,0.020129045,0.92647326,0.92647326,True,True,1.0,1.0,0.0,0.0,False
d:\Research\Multi-View Fusion Network\datasets\brisc2025\classification_task\test\no_tumor\brisc2025_test_00566_no_ax_t1.jpg,no_tumor,no_tumor,axial,0.020285053,0.0235382,0.02284493,0.9333318,0.9333318,True,True,1.0,1.0,0.0,0.0,False
d:\Research\Multi-View Fusion Network\datasets\brisc2025\classification_task\test\no_tumor\brisc2025_test_00567_no_ax_t1.jpg,no_tumor,no_tumor,axial,0.023868272,0.026665017,0.023658127,0.92580855,0.92580855,True,True,1.0,1.0,0.0,0.0,False
d:\Research\Multi-View Fusion Network\datasets\brisc2025\classification_task\test\no_tumor\brisc2025_test_00568_no_ax_t1.jpg,no_tumor,no_tumor,axial,0.017814709,0.017917123,0.019710599,0.9445575,0.9445575,True,True,1.0,1.0,0.0,0.0,False
d:\Research\Multi-View Fusion Network\datasets\brisc2025\classification_task\test\no_tumor\brisc2025_test_00569_no_ax_t1.jpg,no_tumor,no_tumor,axial,0.024199838,0.023197506,0.020937165,0.9316654,0.9316654,True,True,1.0,1.0,0.0,0.0,False
d:\Research\Multi-View Fusion Network\datasets\brisc2025\classification_task\test\no_tumor\brisc2025_test_00570_no_ax_t1.jpg,no_tumor,no_tumor,axial,0.02671861,0.021895705,0.021289082,0.9300966,0.9300966,True,True,1.0,1.0,0.0,0.0,False
d:\Research\Multi-View Fusion Network\datasets\brisc2025\classification_task\test\no_tumor\brisc2025_test_00571_no_ax_t1.jpg,no_tumor,no_tumor,axial,0.025656743,0.026285974,0.02584805,0.9222092,0.9222092,True,True,1.0,1.0,0.0,0.0,False
d:\Research\Multi-View Fusion Network\datasets\brisc2025\classification_task\test\no_tumor\brisc2025_test_00572_no_ax_t1.jpg,no_tumor,no_tumor,axial,0.022154981,0.021646818,0.023136988,0.93306124,0.93306124,True,True,1.0,1.0,0.0,0.0,False
d:\Research\Multi-View Fusion Network\datasets\brisc2025\classification_task\test\no_tumor\brisc2025_test_00573_no_ax_t1.jpg,no_tumor,no_tumor,axial,0.021805985,0.023319408,0.022775376,0.9320993,0.9320993,True,True,1.0,1.0,0.0,0.0,False
d:\Research\Multi-View Fusion Network\datasets\brisc2025\classification_task\test\no_tumor\brisc2025_test_00574_no_ax_t1.jpg,no_tumor,no_tumor,axial,0.02273704,0.018812785,0.019513521,0.93893665,0.93893665,True,True,1.0,1.0,0.0,0.0,False
d:\Research\Multi-View Fusion Network\datasets\brisc2025\classification_task\test\no_tumor\brisc2025_test_00575_no_ax_t1.jpg,no_tumor,no_tumor,axial,0.025741791,0.024978368,0.023997573,0.9252823,0.9252823,True,True,1.0,1.0,0.0,0.0,False
d:\Research\Multi-View Fusion Network\datasets\brisc2025\classification_task\test\no_tumor\brisc2025_test_00576_no_ax_t1.jpg,no_tumor,no_tumor,axial,0.02021265,0.021562805,0.022222025,0.93600255,0.93600255,True,True,1.0,1.0,0.0,0.0,False
d:\Research\Multi-View Fusion Network\datasets\brisc2025\classification_task\test\no_tumor\brisc2025_test_00577_no_ax_t1.jpg,no_tumor,no_tumor,axial,0.017689874,0.018129421,0.01666346,0.94751734,0.94751734,True,True,1.0,1.0,0.0,0.0,False
d:\Research\Multi-View Fusion Network\datasets\brisc2025\classification_task\test\no_tumor\brisc2025_test_00578_no_ax_t1.jpg,no_tumor,no_tumor,axial,0.025197035,0.024124943,0.023209581,0.9274684,0.9274684,True,True,1.0,1.0,0.0,0.0,False
d:\Research\Multi-View Fusion Network\datasets\brisc2025\classification_task\test\no_tumor\brisc2025_test_00579_no_ax_t1.jpg,no_tumor,no_tumor,axial,0.024644867,0.023825295,0.023718242,0.9278116,0.9278116,True,True,1.0,1.0,0.0,0.0,False
d:\Research\Multi-View Fusion Network\datasets\brisc2025\classification_task\test\no_tumor\brisc2025_test_00580_no_ax_t1.jpg,no_tumor,no_tumor,axial,0.02337168,0.02146755,0.018614318,0.93654644,0.93654644,True,True,1.0,1.0,0.0,0.0,False
d:\Research\Multi-View Fusion Network\datasets\brisc2025\classification_task\test\no_tumor\brisc2025_test_00581_no_ax_t1.jpg,no_tumor,no_tumor,axial,0.021349078,0.018250626,0.01953658,0.9408637,0.9408637,True,True,1.0,1.0,0.0,0.0,False
d:\Research\Multi-View Fusion Network\datasets\brisc2025\classification_task\test\no_tumor\brisc2025_test_00582_no_ax_t1.jpg,no_tumor,no_tumor,axial,0.02384354,0.022374064,0.021907529,0.9318749,0.9318749,True,True,1.0,1.0,0.0,0.0,False
d:\Research\Multi-View Fusion Network\datasets\brisc2025\classification_task\test\no_tumor\brisc2025_test_00583_no_ax_t1.jpg,no_tumor,no_tumor,axial,0.018811624,0.021546626,0.019659463,0.93998235,0.93998235,True,True,1.0,1.0,0.0,0.0,False
d:\Research\Multi-View Fusion Network\datasets\brisc2025\classification_task\test\no_tumor\brisc2025_test_00584_no_ax_t1.jpg,no_tumor,no_tumor,axial,0.025992265,0.023588628,0.027315268,0.9231038,0.9231038,True,True,1.0,1.0,0.0,0.0,False
d:\Research\Multi-View Fusion Network\datasets\brisc2025\classification_task\test\no_tumor\brisc2025_test_00585_no_ax_t1.jpg,no_tumor,no_tumor,axial,0.021002876,0.020765726,0.020307949,0.93792343,0.93792343,True,True,1.0,1.0,0.0,0.0,False
d:\Research\Multi-View Fusion Network\datasets\brisc2025\classification_task\test\no_tumor\brisc2025_test_00586_no_ax_t1.jpg,no_tumor,no_tumor,axial,0.025665248,0.02324961,0.026284838,0.92480034,0.92480034,True,True,1.0,1.0,0.0,0.0,False
d:\Research\Multi-View Fusion Network\datasets\brisc2025\classification_task\test\no_tumor\brisc2025_test_00587_no_ax_t1.jpg,no_tumor,no_tumor,axial,0.02001921,0.020039985,0.018885026,0.9410558,0.9410558,True,True,1.0,1.0,0.0,0.0,False
d:\Research\Multi-View Fusion Network\datasets\brisc2025\classification_task\test\no_tumor\brisc2025_test_00588_no_ax_t1.jpg,no_tumor,no_tumor,axial,0.023581844,0.021854954,0.021914357,0.93264884,0.93264884,True,True,1.0,1.0,0.0,0.0,False
d:\Research\Multi-View Fusion Network\datasets\brisc2025\classification_task\test\no_tumor\brisc2025_test_00589_no_ax_t1.jpg,no_tumor,no_tumor,axial,0.03223183,0.031241516,0.021284804,0.91524184,0.91524184,True,True,1.0,1.0,0.0,0.0,False
d:\Research\Multi-View Fusion Network\datasets\brisc2025\classification_task\test\no_tumor\brisc2025_test_00590_no_ax_t1.jpg,no_tumor,no_tumor,axial,0.025133288,0.024783805,0.023835992,0.92624694,0.92624694,True,True,1.0,1.0,0.0,0.0,False
d:\Research\Multi-View Fusion Network\datasets\brisc2025\classification_task\test\no_tumor\brisc2025_test_00591_no_ax_t1.jpg,no_tumor,no_tumor,axial,0.027397085,0.025039455,0.024939755,0.92262375,0.92262375,True,True,1.0,1.0,0.0,0.0,False
d:\Research\Multi-View Fusion Network\datasets\brisc2025\classification_task\test\no_tumor\brisc2025_test_00592_no_ax_t1.jpg,no_tumor,no_tumor,axial,0.019141056,0.019515697,0.019328779,0.9420145,0.9420145,True,True,1.0,1.0,0.0,0.0,False
d:\Research\Multi-View Fusion Network\datasets\brisc2025\classification_task\test\no_tumor\brisc2025_test_00593_no_ax_t1.jpg,no_tumor,no_tumor,axial,0.020033771,0.020975422,0.025402918,0.93358797,0.93358797,True,True,1.0,1.0,0.0,0.0,False
d:\Research\Multi-View Fusion Network\datasets\brisc2025\classification_task\test\no_tumor\brisc2025_test_00594_no_ax_t1.jpg,no_tumor,no_tumor,axial,0.023323204,0.025824418,0.027560988,0.9232914,0.9232914,True,True,1.0,1.0,0.0,0.0,False
d:\Research\Multi-View Fusion Network\datasets\brisc2025\classification_task\test\no_tumor\brisc2025_test_00595_no_ax_t1.jpg,no_tumor,no_tumor,axial,0.025108818,0.024126058,0.02178794,0.9289772,0.9289772,True,True,1.0,1.0,0.0,0.0,False
d:\Research\Multi-View Fusion Network\datasets\brisc2025\classification_task\test\no_tumor\brisc2025_test_00596_no_ax_t1.jpg,no_tumor,no_tumor,axial,0.02217897,0.020559685,0.022428876,0.9348324,0.9348324,True,True,1.0,1.0,0.0,0.0,False
d:\Research\Multi-View Fusion Network\datasets\brisc2025\classification_task\test\no_tumor\brisc2025_test_00597_no_ax_t1.jpg,no_tumor,no_tumor,axial,0.025075236,0.024487475,0.022936303,0.9275009,0.9275009,True,True,1.0,1.0,0.0,0.0,False
d:\Research\Multi-View Fusion Network\datasets\brisc2025\classification_task\test\no_tumor\brisc2025_test_00598_no_ax_t1.jpg,no_tumor,no_tumor,axial,0.019465366,0.02310675,0.021555739,0.9358722,0.9358722,True,True,1.0,1.0,0.0,0.0,False
d:\Research\Multi-View Fusion Network\datasets\brisc2025\classification_task\test\no_tumor\brisc2025_test_00599_no_ax_t1.jpg,no_tumor,no_tumor,axial,0.019890804,0.020169567,0.022392536,0.93754715,0.93754715,True,True,1.0,1.0,0.0,0.0,False
d:\Research\Multi-View Fusion Network\datasets\brisc2025\classification_task\test\no_tumor\brisc2025_test_00600_no_ax_t1.jpg,no_tumor,no_tumor,axial,0.0190263,0.022693524,0.019293949,0.93898624,0.93898624,True,True,1.0,1.0,0.0,0.0,False
d:\Research\Multi-View Fusion Network\datasets\brisc2025\classification_task\test\no_tumor\brisc2025_test_00601_no_ax_t1.jpg,no_tumor,no_tumor,axial,0.022728924,0.023081329,0.019638492,0.93455124,0.93455124,True,True,1.0,1.0,0.0,0.0,False
d:\Research\Multi-View Fusion Network\datasets\brisc2025\classification_task\test\no_tumor\brisc2025_test_00602_no_ax_t1.jpg,no_tumor,no_tumor,axial,0.02373605,0.022646463,0.020523919,0.93309355,0.93309355,True,True,1.0,1.0,0.0,0.0,False
d:\Research\Multi-View Fusion Network\datasets\brisc2025\classification_task\test\no_tumor\brisc2025_test_00603_no_ax_t1.jpg,no_tumor,no_tumor,axial,0.020099027,0.021311237,0.022093067,0.9364967,0.9364967,True,True,1.0,1.0,0.0,0.0,False
d:\Research\Multi-View Fusion Network\datasets\brisc2025\classification_task\test\no_tumor\brisc2025_test_00604_no_ax_t1.jpg,no_tumor,no_tumor,axial,0.026084019,0.025931707,0.02394276,0.92404157,0.92404157,True,True,1.0,1.0,0.0,0.0,False
d:\Research\Multi-View Fusion Network\datasets\brisc2025\classification_task\test\no_tumor\brisc2025_test_00605_no_ax_t1.jpg,no_tumor,no_tumor,axial,0.023665804,0.020152448,0.018958798,0.9372229,0.9372229,True,True,1.0,1.0,0.0,0.0,False
d:\Research\Multi-View Fusion Network\datasets\brisc2025\classification_task\test\no_tumor\brisc2025_test_00606_no_ax_t1.jpg,no_tumor,no_tumor,axial,0.022839159,0.022868818,0.022064172,0.9322279,0.9322279,True,True,1.0,1.0,0.0,0.0,False
d:\Research\Multi-View Fusion Network\datasets\brisc2025\classification_task\test\no_tumor\brisc2025_test_00607_no_ax_t1.jpg,no_tumor,no_tumor,axial,0.026805881,0.028022183,0.025999656,0.9191723,0.9191723,True,True,1.0,1.0,0.0,0.0,False
d:\Research\Multi-View Fusion Network\datasets\brisc2025\classification_task\test\no_tumor\brisc2025_test_00608_no_ax_t1.jpg,no_tumor,no_tumor,axial,0.025832146,0.020974806,0.024891121,0.928302,0.928302,True,True,1.0,1.0,0.0,0.0,False
d:\Research\Multi-View Fusion Network\datasets\brisc2025\classification_task\test\no_tumor\brisc2025_test_00609_no_ax_t1.jpg,no_tumor,no_tumor,axial,0.029419383,0.026130924,0.027503131,0.9169466,0.9169466,True,True,1.0,1.0,0.0,0.0,False
d:\Research\Multi-View Fusion Network\datasets\brisc2025\classification_task\test\no_tumor\brisc2025_test_00610_no_ax_t1.jpg,no_tumor,no_tumor,axial,0.025077378,0.025303543,0.023161253,0.9264578,0.9264578,True,True,1.0,1.0,0.0,0.0,False
d:\Research\Multi-View Fusion Network\datasets\brisc2025\classification_task\test\no_tumor\brisc2025_test_00611_no_ax_t1.jpg,no_tumor,no_tumor,axial,0.02506401,0.026279023,0.023163263,0.9254937,0.9254937,True,True,1.0,1.0,0.0,0.0,False
d:\Research\Multi-View Fusion Network\datasets\brisc2025\classification_task\test\no_tumor\brisc2025_test_00612_no_ax_t1.jpg,no_tumor,no_tumor,axial,0.026035195,0.02293973,0.023151806,0.9278733,0.9278733,True,True,1.0,1.0,0.0,0.0,False
d:\Research\Multi-View Fusion Network\datasets\brisc2025\classification_task\test\no_tumor\brisc2025_test_00613_no_co_t1.jpg,no_tumor,no_tumor,coronal,0.018669415,0.019217426,0.019796798,0.94231635,0.94231635,True,True,1.0,1.0,0.0,0.0,False
d:\Research\Multi-View Fusion Network\datasets\brisc2025\classification_task\test\no_tumor\brisc2025_test_00614_no_co_t1.jpg,no_tumor,no_tumor,coronal,0.025026416,0.023019314,0.026185496,0.9257688,0.9257688,True,True,1.0,1.0,0.0,0.0,False
d:\Research\Multi-View Fusion Network\datasets\brisc2025\classification_task\test\no_tumor\brisc2025_test_00615_no_co_t1.jpg,no_tumor,no_tumor,coronal,0.020827344,0.020859737,0.019711448,0.9386015,0.9386015,True,True,1.0,1.0,0.0,0.0,False
d:\Research\Multi-View Fusion Network\datasets\brisc2025\classification_task\test\no_tumor\brisc2025_test_00616_no_co_t1.jpg,no_tumor,no_tumor,coronal,0.018232306,0.019330485,0.01725058,0.9451866,0.9451866,True,True,1.0,1.0,0.0,0.0,False
d:\Research\Multi-View Fusion Network\datasets\brisc2025\classification_task\test\no_tumor\brisc2025_test_00617_no_co_t1.jpg,no_tumor,no_tumor,coronal,0.02279644,0.023415297,0.021582806,0.9322054,0.9322054,True,True,1.0,1.0,0.0,0.0,False
d:\Research\Multi-View Fusion Network\datasets\brisc2025\classification_task\test\no_tumor\brisc2025_test_00618_no_co_t1.jpg,no_tumor,no_tumor,coronal,0.024504935,0.02461808,0.022093708,0.92878324,0.92878324,True,True,1.0,1.0,0.0,0.0,False
d:\Research\Multi-View Fusion Network\datasets\brisc2025\classification_task\test\no_tumor\brisc2025_test_00619_no_co_t1.jpg,no_tumor,no_tumor,coronal,0.020952469,0.020635944,0.016751362,0.9416602,0.9416602,True,True,1.0,1.0,0.0,0.0,False
d:\Research\Multi-View Fusion Network\datasets\brisc2025\classification_task\test\no_tumor\brisc2025_test_00620_no_co_t1.jpg,no_tumor,no_tumor,coronal,0.02222356,0.02163924,0.022240685,0.93389654,0.93389654,True,True,1.0,1.0,0.0,0.0,False
d:\Research\Multi-View Fusion Network\datasets\brisc2025\classification_task\test\no_tumor\brisc2025_test_00621_no_co_t1.jpg,no_tumor,no_tumor,coronal,0.024593249,0.024064824,0.023758302,0.92758363,0.92758363,True,True,1.0,1.0,0.0,0.0,False
d:\Research\Multi-View Fusion Network\datasets\brisc2025\classification_task\test\no_tumor\brisc2025_test_00622_no_co_t1.jpg,no_tumor,no_tumor,coronal,0.019644005,0.021424688,0.019586992,0.93934435,0.93934435,True,True,1.0,1.0,0.0,0.0,False
d:\Research\Multi-View Fusion Network\datasets\brisc2025\classification_task\test\no_tumor\brisc2025_test_00623_no_co_t1.jpg,no_tumor,no_tumor,coronal,0.021094566,0.018613014,0.020054456,0.940238,0.940238,True,True,1.0,1.0,0.0,0.0,False
d:\Research\Multi-View Fusion Network\datasets\brisc2025\classification_task\test\no_tumor\brisc2025_test_00624_no_co_t1.jpg,no_tumor,no_tumor,coronal,0.021853263,0.019590875,0.019181216,0.9393746,0.9393746,True,True,1.0,1.0,0.0,0.0,False
d:\Research\Multi-View Fusion Network\datasets\brisc2025\classification_task\test\no_tumor\brisc2025_test_00625_no_co_t1.jpg,no_tumor,no_tumor,coronal,0.02247307,0.022106556,0.021000823,0.9344196,0.9344196,True,True,1.0,1.0,0.0,0.0,False
d:\Research\Multi-View Fusion Network\datasets\brisc2025\classification_task\test\no_tumor\brisc2025_test_00626_no_co_t1.jpg,no_tumor,no_tumor,coronal,0.02288126,0.02125603,0.023237469,0.93262523,0.93262523,True,True,1.0,1.0,0.0,0.0,False
d:\Research\Multi-View Fusion Network\datasets\brisc2025\classification_task\test\no_tumor\brisc2025_test_00627_no_co_t1.jpg,no_tumor,no_tumor,coronal,0.02791869,0.024227181,0.024693169,0.923161,0.923161,True,True,1.0,1.0,0.0,0.0,False
d:\Research\Multi-View Fusion Network\datasets\brisc2025\classification_task\test\no_tumor\brisc2025_test_00628_no_co_t1.jpg,no_tumor,no_tumor,coronal,0.027679706,0.02769496,0.029823238,0.9148022,0.9148022,True,True,1.0,1.0,0.0,0.0,False
d:\Research\Multi-View Fusion Network\datasets\brisc2025\classification_task\test\no_tumor\brisc2025_test_00629_no_co_t1.jpg,no_tumor,no_tumor,coronal,0.023530273,0.020445896,0.019075988,0.9369478,0.9369478,True,True,1.0,1.0,0.0,0.0,False
d:\Research\Multi-View Fusion Network\datasets\brisc2025\classification_task\test\no_tumor\brisc2025_test_00630_no_co_t1.jpg,no_tumor,no_tumor,coronal,0.02268417,0.020148946,0.022117343,0.93504953,0.93504953,True,True,1.0,1.0,0.0,0.0,False
d:\Research\Multi-View Fusion Network\datasets\brisc2025\classification_task\test\no_tumor\brisc2025_test_00631_no_co_t1.jpg,no_tumor,no_tumor,coronal,0.02257493,0.021611454,0.02331005,0.9325035,0.9325035,True,True,1.0,1.0,0.0,0.0,False
d:\Research\Multi-View Fusion Network\datasets\brisc2025\classification_task\test\no_tumor\brisc2025_test_00632_no_co_t1.jpg,no_tumor,no_tumor,coronal,0.021877203,0.021586612,0.020726701,0.93580955,0.93580955,True,True,1.0,1.0,0.0,0.0,False
d:\Research\Multi-View Fusion Network\datasets\brisc2025\classification_task\test\no_tumor\brisc2025_test_00633_no_co_t1.jpg,no_tumor,no_tumor,coronal,0.023374397,0.020276928,0.01932593,0.9370228,0.9370228,True,True,1.0,1.0,0.0,0.0,False
d:\Research\Multi-View Fusion Network\datasets\brisc2025\classification_task\test\no_tumor\brisc2025_test_00634_no_co_t1.jpg,no_tumor,no_tumor,coronal,0.02288079,0.023092557,0.026284525,0.9277421,0.9277421,True,True,1.0,1.0,0.0,0.0,False
d:\Research\Multi-View Fusion Network\datasets\brisc2025\classification_task\test\no_tumor\brisc2025_test_00635_no_co_t1.jpg,no_tumor,no_tumor,coronal,0.019550687,0.023904515,0.020969221,0.9355756,0.9355756,True,True,1.0,1.0,0.0,0.0,False
d:\Research\Multi-View Fusion Network\datasets\brisc2025\classification_task\test\no_tumor\brisc2025_test_00636_no_co_t1.jpg,no_tumor,no_tumor,coronal,0.020268332,0.024101218,0.022093698,0.9335367,0.9335367,True,True,1.0,1.0,0.0,0.0,False
d:\Research\Multi-View Fusion Network\datasets\brisc2025\classification_task\test\no_tumor\brisc2025_test_00637_no_co_t1.jpg,no_tumor,no_tumor,coronal,0.021219311,0.022264976,0.021174416,0.9353413,0.9353413,True,True,1.0,1.0,0.0,0.0,False
d:\Research\Multi-View Fusion Network\datasets\brisc2025\classification_task\test\no_tumor\brisc2025_test_00638_no_co_t1.jpg,no_tumor,no_tumor,coronal,0.023052854,0.022601848,0.024070729,0.9302746,0.9302746,True,True,1.0,1.0,0.0,0.0,False
d:\Research\Multi-View Fusion Network\datasets\brisc2025\classification_task\test\no_tumor\brisc2025_test_00639_no_co_t1.jpg,no_tumor,no_tumor,coronal,0.021738036,0.020387521,0.018948605,0.93892586,0.93892586,True,True,1.0,1.0,0.0,0.0,False
d:\Research\Multi-View Fusion Network\datasets\brisc2025\classification_task\test\no_tumor\brisc2025_test_00640_no_co_t1.jpg,no_tumor,no_tumor,coronal,0.019163376,0.022322813,0.022214044,0.9362998,0.9362998,True,True,1.0,1.0,0.0,0.0,False
d:\Research\Multi-View Fusion Network\datasets\brisc2025\classification_task\test\no_tumor\brisc2025_test_00641_no_co_t1.jpg,no_tumor,no_tumor,coronal,0.026396358,0.021512449,0.02012848,0.9319628,0.9319628,True,True,1.0,1.0,0.0,0.0,False
d:\Research\Multi-View Fusion Network\datasets\brisc2025\classification_task\test\no_tumor\brisc2025_test_00642_no_co_t1.jpg,no_tumor,no_tumor,coronal,0.024279952,0.021606138,0.021114364,0.9329996,0.9329996,True,True,1.0,1.0,0.0,0.0,False
d:\Research\Multi-View Fusion Network\datasets\brisc2025\classification_task\test\no_tumor\brisc2025_test_00643_no_co_t1.jpg,no_tumor,no_tumor,coronal,0.026242817,0.022146234,0.023752077,0.92785895,0.92785895,True,True,1.0,1.0,0.0,0.0,False
d:\Research\Multi-View Fusion Network\datasets\brisc2025\classification_task\test\no_tumor\brisc2025_test_00644_no_co_t1.jpg,no_tumor,no_tumor,coronal,0.026896108,0.021542422,0.021073423,0.93048805,0.93048805,True,True,1.0,1.0,0.0,0.0,False
d:\Research\Multi-View Fusion Network\datasets\brisc2025\classification_task\test\no_tumor\brisc2025_test_00645_no_co_t1.jpg,no_tumor,no_tumor,coronal,0.026699115,0.022935059,0.018982092,0.9313837,0.9313837,True,True,1.0,1.0,0.0,0.0,False
d:\Research\Multi-View Fusion Network\datasets\brisc2025\classification_task\test\no_tumor\brisc2025_test_00646_no_co_t1.jpg,no_tumor,no_tumor,coronal,0.020957712,0.02425434,0.022446552,0.9323414,0.9323414,True,True,1.0,1.0,0.0,0.0,False
d:\Research\Multi-View Fusion Network\datasets\brisc2025\classification_task\test\no_tumor\brisc2025_test_00647_no_co_t1.jpg,no_tumor,no_tumor,coronal,0.029422855,0.02940904,0.023866605,0.9173015,0.9173015,True,True,1.0,1.0,0.0,0.0,False
d:\Research\Multi-View Fusion Network\datasets\brisc2025\classification_task\test\no_tumor\brisc2025_test_00648_no_co_t1.jpg,no_tumor,no_tumor,coronal,0.025569225,0.026288157,0.027669115,0.9204735,0.9204735,True,True,1.0,1.0,0.0,0.0,False
d:\Research\Multi-View Fusion Network\datasets\brisc2025\classification_task\test\no_tumor\brisc2025_test_00649_no_co_t1.jpg,no_tumor,no_tumor,coronal,0.025705988,0.024075184,0.025965974,0.9242529,0.9242529,True,True,1.0,1.0,0.0,0.0,False
d:\Research\Multi-View Fusion Network\datasets\brisc2025\classification_task\test\no_tumor\brisc2025_test_00650_no_co_t1.jpg,no_tumor,no_tumor,coronal,0.020623937,0.023489516,0.023718929,0.93216765,0.93216765,True,True,1.0,1.0,0.0,0.0,False
d:\Research\Multi-View Fusion Network\datasets\brisc2025\classification_task\test\no_tumor\brisc2025_test_00651_no_co_t1.jpg,no_tumor,no_tumor,coronal,0.024625931,0.024473686,0.025635673,0.9252648,0.9252648,True,True,1.0,1.0,0.0,0.0,False
d:\Research\Multi-View Fusion Network\datasets\brisc2025\classification_task\test\no_tumor\brisc2025_test_00652_no_co_t1.jpg,no_tumor,no_tumor,coronal,0.020923344,0.017770248,0.02068452,0.940622,0.940622,True,True,1.0,1.0,0.0,0.0,False
d:\Research\Multi-View Fusion Network\datasets\brisc2025\classification_task\test\no_tumor\brisc2025_test_00653_no_co_t1.jpg,no_tumor,no_tumor,coronal,0.023514569,0.020468524,0.021247223,0.93476975,0.93476975,True,True,1.0,1.0,0.0,0.0,False
d:\Research\Multi-View Fusion Network\datasets\brisc2025\classification_task\test\no_tumor\brisc2025_test_00654_no_co_t1.jpg,no_tumor,no_tumor,coronal,0.024817793,0.024332171,0.022626905,0.92822313,0.92822313,True,True,1.0,1.0,0.0,0.0,False
d:\Research\Multi-View Fusion Network\datasets\brisc2025\classification_task\test\no_tumor\brisc2025_test_00655_no_co_t1.jpg,no_tumor,no_tumor,coronal,0.026569584,0.025974063,0.025904367,0.921552,0.921552,True,True,1.0,1.0,0.0,0.0,False
d:\Research\Multi-View Fusion Network\datasets\brisc2025\classification_task\test\no_tumor\brisc2025_test_00656_no_co_t1.jpg,no_tumor,no_tumor,coronal,0.022072852,0.022903075,0.020605277,0.9344188,0.9344188,True,True,1.0,1.0,0.0,0.0,False
d:\Research\Multi-View Fusion Network\datasets\brisc2025\classification_task\test\no_tumor\brisc2025_test_00657_no_co_t1.jpg,no_tumor,no_tumor,coronal,0.02503897,0.022204535,0.020989388,0.9317671,0.9317671,True,True,1.0,1.0,0.0,0.0,False
d:\Research\Multi-View Fusion Network\datasets\brisc2025\classification_task\test\no_tumor\brisc2025_test_00658_no_co_t1.jpg,no_tumor,no_tumor,coronal,0.020031257,0.020461902,0.022486247,0.9370206,0.9370206,True,True,1.0,1.0,0.0,0.0,False
d:\Research\Multi-View Fusion Network\datasets\brisc2025\classification_task\test\no_tumor\brisc2025_test_00659_no_co_t1.jpg,no_tumor,no_tumor,coronal,0.023137366,0.021802802,0.019570453,0.93548936,0.93548936,True,True,1.0,1.0,0.0,0.0,False
d:\Research\Multi-View Fusion Network\datasets\brisc2025\classification_task\test\no_tumor\brisc2025_test_00660_no_co_t1.jpg,no_tumor,no_tumor,coronal,0.022529623,0.023837447,0.021600911,0.93203205,0.93203205,True,True,1.0,1.0,0.0,0.0,False
d:\Research\Multi-View Fusion Network\datasets\brisc2025\classification_task\test\no_tumor\brisc2025_test_00661_no_sa_t1.jpg,no_tumor,no_tumor,sagittal,0.026722869,0.025475819,0.023811167,0.9239901,0.9239901,True,True,1.0,1.0,0.0,0.0,False
d:\Research\Multi-View Fusion Network\datasets\brisc2025\classification_task\test\no_tumor\brisc2025_test_00662_no_sa_t1.jpg,no_tumor,no_tumor,sagittal,0.017966695,0.019688627,0.020806802,0.941538,0.941538,True,True,1.0,1.0,0.0,0.0,False
d:\Research\Multi-View Fusion Network\datasets\brisc2025\classification_task\test\no_tumor\brisc2025_test_00663_no_sa_t1.jpg,no_tumor,no_tumor,sagittal,0.018899692,0.020918904,0.019429827,0.94075155,0.94075155,True,True,1.0,1.0,0.0,0.0,False
d:\Research\Multi-View Fusion Network\datasets\brisc2025\classification_task\test\no_tumor\brisc2025_test_00664_no_sa_t1.jpg,no_tumor,no_tumor,sagittal,0.024282506,0.023993406,0.020396067,0.9313281,0.9313281,True,True,1.0,1.0,0.0,0.0,False
d:\Research\Multi-View Fusion Network\datasets\brisc2025\classification_task\test\no_tumor\brisc2025_test_00665_no_sa_t1.jpg,no_tumor,no_tumor,sagittal,0.019857077,0.025347102,0.022482222,0.93231356,0.93231356,True,True,1.0,1.0,0.0,0.0,False
d:\Research\Multi-View Fusion Network\datasets\brisc2025\classification_task\test\no_tumor\brisc2025_test_00666_no_sa_t1.jpg,no_tumor,no_tumor,sagittal,0.022655785,0.019951547,0.022333764,0.9350589,0.9350589,True,True,1.0,1.0,0.0,0.0,False
d:\Research\Multi-View Fusion Network\datasets\brisc2025\classification_task\test\no_tumor\brisc2025_test_00667_no_sa_t1.jpg,no_tumor,no_tumor,sagittal,0.030617038,0.022823876,0.024429254,0.9221299,0.9221299,True,True,1.0,1.0,0.0,0.0,False
d:\Research\Multi-View Fusion Network\datasets\brisc2025\classification_task\test\no_tumor\brisc2025_test_00668_no_sa_t1.jpg,no_tumor,no_tumor,sagittal,0.026339537,0.026257783,0.021930225,0.92547244,0.92547244,True,True,1.0,1.0,0.0,0.0,False
d:\Research\Multi-View Fusion Network\datasets\brisc2025\classification_task\test\no_tumor\brisc2025_test_00669_no_sa_t1.jpg,no_tumor,no_tumor,sagittal,0.023152428,0.022898374,0.023605919,0.93034333,0.93034333,True,True,1.0,1.0,0.0,0.0,False
d:\Research\Multi-View Fusion Network\datasets\brisc2025\classification_task\test\no_tumor\brisc2025_test_00670_no_sa_t1.jpg,no_tumor,no_tumor,sagittal,0.024670325,0.019349778,0.019872522,0.93610734,0.93610734,True,True,1.0,1.0,0.0,0.0,False
d:\Research\Multi-View Fusion Network\datasets\brisc2025\classification_task\test\no_tumor\brisc2025_test_00671_no_sa_t1.jpg,no_tumor,no_tumor,sagittal,0.020258427,0.021236112,0.019658158,0.93884736,0.93884736,True,True,1.0,1.0,0.0,0.0,False
d:\Research\Multi-View Fusion Network\datasets\brisc2025\classification_task\test\no_tumor\brisc2025_test_00672_no_sa_t1.jpg,no_tumor,no_tumor,sagittal,0.024877422,0.024037013,0.023453668,0.92763186,0.92763186,True,True,1.0,1.0,0.0,0.0,False
d:\Research\Multi-View Fusion Network\datasets\brisc2025\classification_task\test\no_tumor\brisc2025_test_00673_no_sa_t1.jpg,no_tumor,no_tumor,sagittal,0.022361865,0.022884307,0.020792931,0.9339609,0.9339609,True,True,1.0,1.0,0.0,0.0,False
d:\Research\Multi-View Fusion Network\datasets\brisc2025\classification_task\test\no_tumor\brisc2025_test_00674_no_sa_t1.jpg,no_tumor,no_tumor,sagittal,0.021227976,0.022417268,0.022019912,0.9343349,0.9343349,True,True,1.0,1.0,0.0,0.0,False
d:\Research\Multi-View Fusion Network\datasets\brisc2025\classification_task\test\no_tumor\brisc2025_test_00675_no_sa_t1.jpg,no_tumor,no_tumor,sagittal,0.026328249,0.02676934,0.027680833,0.9192216,0.9192216,True,True,1.0,1.0,0.0,0.0,False
d:\Research\Multi-View Fusion Network\datasets\brisc2025\classification_task\test\no_tumor\brisc2025_test_00676_no_sa_t1.jpg,no_tumor,no_tumor,sagittal,0.019777244,0.021557722,0.02108219,0.9375828,0.9375828,True,True,1.0,1.0,0.0,0.0,False
d:\Research\Multi-View Fusion Network\datasets\brisc2025\classification_task\test\no_tumor\brisc2025_test_00677_no_sa_t1.jpg,no_tumor,no_tumor,sagittal,0.020564811,0.023654616,0.020147908,0.93563265,0.93563265,True,True,1.0,1.0,0.0,0.0,False
d:\Research\Multi-View Fusion Network\datasets\brisc2025\classification_task\test\no_tumor\brisc2025_test_00678_no_sa_t1.jpg,no_tumor,no_tumor,sagittal,0.025317838,0.021220697,0.023640176,0.9298213,0.9298213,True,True,1.0,1.0,0.0,0.0,False
d:\Research\Multi-View Fusion Network\datasets\brisc2025\classification_task\test\no_tumor\brisc2025_test_00679_no_sa_t1.jpg,no_tumor,no_tumor,sagittal,0.022344386,0.022915019,0.02233997,0.93240064,0.93240064,True,True,1.0,1.0,0.0,0.0,False
d:\Research\Multi-View Fusion Network\datasets\brisc2025\classification_task\test\no_tumor\brisc2025_test_00680_no_sa_t1.jpg,no_tumor,no_tumor,sagittal,0.022718558,0.021000357,0.019209236,0.9370719,0.9370719,True,True,1.0,1.0,0.0,0.0,False
d:\Research\Multi-View Fusion Network\datasets\brisc2025\classification_task\test\no_tumor\brisc2025_test_00681_no_sa_t1.jpg,no_tumor,no_tumor,sagittal,0.021537695,0.022781923,0.023266956,0.9324135,0.9324135,True,True,1.0,1.0,0.0,0.0,False
d:\Research\Multi-View Fusion Network\datasets\brisc2025\classification_task\test\no_tumor\brisc2025_test_00682_no_sa_t1.jpg,no_tumor,no_tumor,sagittal,0.023351623,0.022416169,0.022930492,0.9313017,0.9313017,True,True,1.0,1.0,0.0,0.0,False
d:\Research\Multi-View Fusion Network\datasets\brisc2025\classification_task\test\no_tumor\brisc2025_test_00683_no_sa_t1.jpg,no_tumor,no_tumor,sagittal,0.0209265,0.022634903,0.02013797,0.9363007,0.9363007,True,True,1.0,1.0,0.0,0.0,False
d:\Research\Multi-View Fusion Network\datasets\brisc2025\classification_task\test\no_tumor\brisc2025_test_00684_no_sa_t1.jpg,no_tumor,no_tumor,sagittal,0.022957379,0.023322098,0.019669658,0.93405086,0.93405086,True,True,1.0,1.0,0.0,0.0,False
d:\Research\Multi-View Fusion Network\datasets\brisc2025\classification_task\test\no_tumor\brisc2025_test_00685_no_sa_t1.jpg,no_tumor,no_tumor,sagittal,0.02875331,0.02399736,0.024015171,0.92323416,0.92323416,True,True,1.0,1.0,0.0,0.0,False
d:\Research\Multi-View Fusion Network\datasets\brisc2025\classification_task\test\no_tumor\brisc2025_test_00686_no_sa_t1.jpg,no_tumor,no_tumor,sagittal,0.029318517,0.026629334,0.029755596,0.9142966,0.9142966,True,True,1.0,1.0,0.0,0.0,False
d:\Research\Multi-View Fusion Network\datasets\brisc2025\classification_task\test\no_tumor\brisc2025_test_00687_no_sa_t1.jpg,no_tumor,no_tumor,sagittal,0.022216262,0.020921413,0.022848949,0.93401337,0.93401337,True,True,1.0,1.0,0.0,0.0,False
d:\Research\Multi-View Fusion Network\datasets\brisc2025\classification_task\test\no_tumor\brisc2025_test_00688_no_sa_t1.jpg,no_tumor,no_tumor,sagittal,0.0205762,0.026138067,0.026586367,0.92669934,0.92669934,True,True,1.0,1.0,0.0,0.0,False
d:\Research\Multi-View Fusion Network\datasets\brisc2025\classification_task\test\no_tumor\brisc2025_test_00689_no_sa_t1.jpg,no_tumor,no_tumor,sagittal,0.017501764,0.021263808,0.020034814,0.9411996,0.9411996,True,True,1.0,1.0,0.0,0.0,False
d:\Research\Multi-View Fusion Network\datasets\brisc2025\classification_task\test\no_tumor\brisc2025_test_00690_no_sa_t1.jpg,no_tumor,no_tumor,sagittal,0.027323276,0.027598513,0.030762488,0.9143157,0.9143157,True,True,1.0,1.0,0.0,0.0,False
d:\Research\Multi-View Fusion Network\datasets\brisc2025\classification_task\test\no_tumor\brisc2025_test_00691_no_sa_t1.jpg,no_tumor,no_tumor,sagittal,0.023144454,0.022699494,0.02062957,0.93352646,0.93352646,True,True,1.0,1.0,0.0,0.0,False
d:\Research\Multi-View Fusion Network\datasets\brisc2025\classification_task\test\no_tumor\brisc2025_test_00692_no_sa_t1.jpg,no_tumor,no_tumor,sagittal,0.020076443,0.020596785,0.021666048,0.9376608,0.9376608,True,True,1.0,1.0,0.0,0.0,False
d:\Research\Multi-View Fusion Network\datasets\brisc2025\classification_task\test\no_tumor\brisc2025_test_00693_no_sa_t1.jpg,no_tumor,no_tumor,sagittal,0.022068532,0.024489595,0.02344544,0.9299965,0.9299965,True,True,1.0,1.0,0.0,0.0,False
d:\Research\Multi-View Fusion Network\datasets\brisc2025\classification_task\test\no_tumor\brisc2025_test_00694_no_sa_t1.jpg,no_tumor,no_tumor,sagittal,0.030210042,0.025684884,0.023536963,0.9205681,0.9205681,True,True,1.0,1.0,0.0,0.0,False
d:\Research\Multi-View Fusion Network\datasets\brisc2025\classification_task\test\no_tumor\brisc2025_test_00695_no_sa_t1.jpg,no_tumor,no_tumor,sagittal,0.026803447,0.026312023,0.024747452,0.9221371,0.9221371,True,True,1.0,1.0,0.0,0.0,False
d:\Research\Multi-View Fusion Network\datasets\brisc2025\classification_task\test\no_tumor\brisc2025_test_00696_no_sa_t1.jpg,no_tumor,no_tumor,sagittal,0.021959556,0.022958063,0.021622986,0.93345946,0.93345946,True,True,1.0,1.0,0.0,0.0,False
d:\Research\Multi-View Fusion Network\datasets\brisc2025\classification_task\test\no_tumor\brisc2025_test_00697_no_sa_t1.jpg,no_tumor,no_tumor,sagittal,0.020952877,0.018019231,0.016577391,0.94445056,0.94445056,True,True,1.0,1.0,0.0,0.0,False
d:\Research\Multi-View Fusion Network\datasets\brisc2025\classification_task\test\no_tumor\brisc2025_test_00698_no_sa_t1.jpg,no_tumor,no_tumor,sagittal,0.022119116,0.022387078,0.020224223,0.93526953,0.93526953,True,True,1.0,1.0,0.0,0.0,False
d:\Research\Multi-View Fusion Network\datasets\brisc2025\classification_task\test\no_tumor\brisc2025_test_00699_no_sa_t1.jpg,no_tumor,no_tumor,sagittal,0.021479089,0.02316971,0.019973481,0.9353777,0.9353777,True,True,1.0,1.0,0.0,0.0,False
d:\Research\Multi-View Fusion Network\datasets\brisc2025\classification_task\test\no_tumor\brisc2025_test_00700_no_sa_t1.jpg,no_tumor,no_tumor,sagittal,0.022401894,0.027110381,0.025126118,0.92536163,0.92536163,True,True,1.0,1.0,0.0,0.0,False
d:\Research\Multi-View Fusion Network\datasets\brisc2025\classification_task\test\pituitary\brisc2025_test_00701_pi_ax_t1.jpg,pituitary,pituitary,axial,0.026961997,0.028023725,0.91521263,0.029801656,0.91521263,True,True,0.8984375,0.815864,344.0,295.0,False
d:\Research\Multi-View Fusion Network\datasets\brisc2025\classification_task\test\pituitary\brisc2025_test_00702_pi_ax_t1.jpg,pituitary,pituitary,axial,0.03141998,0.030252768,0.9051467,0.03318053,0.9051467,True,True,0.96030533,0.9237537,323.0,331.0,False
d:\Research\Multi-View Fusion Network\datasets\brisc2025\classification_task\test\pituitary\brisc2025_test_00703_pi_ax_t1.jpg,pituitary,pituitary,axial,0.036427684,0.03788218,0.8932838,0.03240641,0.8932838,True,True,0.92805755,0.8666667,67.0,71.0,False
d:\Research\Multi-View Fusion Network\datasets\brisc2025\classification_task\test\pituitary\brisc2025_test_00704_pi_ax_t1.jpg,pituitary,pituitary,axial,0.028569764,0.032812905,0.9116022,0.02701504,0.9116022,True,True,0.86003685,0.7548387,283.0,259.0,False
d:\Research\Multi-View Fusion Network\datasets\brisc2025\classification_task\test\pituitary\brisc2025_test_00705_pi_ax_t1.jpg,pituitary,pituitary,axial,0.02979719,0.03056159,0.9120297,0.027611632,0.9120297,True,True,0.69285715,0.5305677,248.0,451.0,False
d:\Research\Multi-View Fusion Network\datasets\brisc2025\classification_task\test\pituitary\brisc2025_test_00706_pi_ax_t1.jpg,pituitary,pituitary,axial,0.028231118,0.02774857,0.9148287,0.029191608,0.9148287,True,True,0.878327,0.7837838,131.0,131.0,False
d:\Research\Multi-View Fusion Network\datasets\brisc2025\classification_task\test\pituitary\brisc2025_test_00707_pi_ax_t1.jpg,pituitary,pituitary,axial,0.030692404,0.032088052,0.90826494,0.028954698,0.90826494,True,True,0.85466176,0.7464115,483.0,610.0,False
d:\Research\Multi-View Fusion Network\datasets\brisc2025\classification_task\test\pituitary\brisc2025_test_00708_pi_ax_t1.jpg,pituitary,pituitary,axial,0.026340006,0.029076023,0.91498166,0.029602278,0.91498166,True,True,0.9472817,0.9,303.0,303.0,False
d:\Research\Multi-View Fusion Network\datasets\brisc2025\classification_task\test\pituitary\brisc2025_test_00709_pi_ax_t1.jpg,pituitary,pituitary,axial,0.03254774,0.036759783,0.8993866,0.03130587,0.8993866,True,True,0.95466435,0.91333336,569.0,577.0,False
d:\Research\Multi-View Fusion Network\datasets\brisc2025\classification_task\test\pituitary\brisc2025_test_00710_pi_ax_t1.jpg,pituitary,pituitary,axial,0.030923069,0.030521808,0.90822726,0.03032787,0.90822726,True,True,0.80635244,0.67581475,400.0,575.0,False
d:\Research\Multi-View Fusion Network\datasets\brisc2025\classification_task\test\pituitary\brisc2025_test_00711_pi_ax_t1.jpg,pituitary,pituitary,axial,0.03601956,0.032348808,0.9029465,0.028685123,0.9029465,True,True,0.9161491,0.8457143,156.0,165.0,False
d:\Research\Multi-View Fusion Network\datasets\brisc2025\classification_task\test\pituitary\brisc2025_test_00712_pi_ax_t1.jpg,pituitary,pituitary,axial,0.026333392,0.028410597,0.9205527,0.024703398,0.9205527,True,True,0.72324157,0.56698567,236.0,417.0,False
d:\Research\Multi-View Fusion Network\datasets\brisc2025\classification_task\test\pituitary\brisc2025_test_00713_pi_ax_t1.jpg,pituitary,pituitary,axial,0.028193612,0.027784979,0.9156861,0.028335292,0.9156861,True,True,0.73572594,0.58247423,230.0,382.0,False
d:\Research\Multi-View Fusion Network\datasets\brisc2025\classification_task\test\pituitary\brisc2025_test_00714_pi_ax_t1.jpg,pituitary,pituitary,axial,0.030696372,0.03029771,0.91354704,0.025458882,0.91354704,True,True,0.9508448,0.90643275,313.0,337.0,False
d:\Research\Multi-View Fusion Network\datasets\brisc2025\classification_task\test\pituitary\brisc2025_test_00715_pi_ax_t1.jpg,pituitary,pituitary,axial,0.030027244,0.027371148,0.907653,0.034948636,0.907653,True,True,0.9456311,0.89705884,249.0,265.0,False
d:\Research\Multi-View Fusion Network\datasets\brisc2025\classification_task\test\pituitary\brisc2025_test_00716_pi_ax_t1.jpg,pituitary,pituitary,axial,0.030887172,0.032180082,0.91017926,0.026753563,0.91017926,True,True,0.597973,0.4278846,88.0,207.0,False
d:\Research\Multi-View Fusion Network\datasets\brisc2025\classification_task\test\pituitary\brisc2025_test_00717_pi_ax_t1.jpg,pituitary,pituitary,axial,0.028268293,0.028690604,0.91215223,0.030888861,0.91215223,True,True,0.88592964,0.7953111,890.0,1099.0,False
d:\Research\Multi-View Fusion Network\datasets\brisc2025\classification_task\test\pituitary\brisc2025_test_00718_pi_ax_t1.jpg,pituitary,pituitary,axial,0.027163906,0.028191242,0.914252,0.030392831,0.914252,True,True,0.9808894,0.96250904,1371.0,1349.0,False
d:\Research\Multi-View Fusion Network\datasets\brisc2025\classification_task\test\pituitary\brisc2025_test_00719_pi_ax_t1.jpg,pituitary,pituitary,axial,0.026606435,0.028309852,0.9151282,0.029955557,0.9151282,True,True,0.8738562,0.77610207,680.0,849.0,False
d:\Research\Multi-View Fusion Network\datasets\brisc2025\classification_task\test\pituitary\brisc2025_test_00720_pi_ax_t1.jpg,pituitary,pituitary,axial,0.02983426,0.032483935,0.9073656,0.030316174,0.9073656,True,True,0.94272447,0.89181286,327.0,318.0,False
d:\Research\Multi-View Fusion Network\datasets\brisc2025\classification_task\test\pituitary\brisc2025_test_00721_pi_ax_t1.jpg,pituitary,pituitary,axial,0.027220374,0.029284943,0.91752493,0.025969764,0.91752493,True,True,0.88729507,0.7977941,221.0,266.0,False
d:\Research\Multi-View Fusion Network\datasets\brisc2025\classification_task\test\pituitary\brisc2025_test_00722_pi_ax_t1.jpg,pituitary,pituitary,axial,0.02768658,0.028713897,0.9166388,0.026960755,0.9166388,True,True,0.82601494,0.7038082,519.0,687.0,False
d:\Research\Multi-View Fusion Network\datasets\brisc2025\classification_task\test\pituitary\brisc2025_test_00723_pi_ax_t1.jpg,pituitary,pituitary,axial,0.026648376,0.028961191,0.91504616,0.02934431,0.91504616,True,True,0.6057866,0.43523315,168.0,384.0,False
d:\Research\Multi-View Fusion Network\datasets\brisc2025\classification_task\test\pituitary\brisc2025_test_00724_pi_ax_t1.jpg,pituitary,pituitary,axial,0.026104173,0.026931977,0.916913,0.030050902,0.916913,True,True,0.90183246,0.8214286,383.0,380.0,False
d:\Research\Multi-View Fusion Network\datasets\brisc2025\classification_task\test\pituitary\brisc2025_test_00725_pi_ax_t1.jpg,pituitary,pituitary,axial,0.033403333,0.035047185,0.9004961,0.031053293,0.9004961,True,True,0.9351266,0.8783383,314.0,317.0,False
d:\Research\Multi-View Fusion Network\datasets\brisc2025\classification_task\test\pituitary\brisc2025_test_00726_pi_ax_t1.jpg,pituitary,pituitary,axial,0.03172735,0.029391563,0.9078463,0.031034878,0.9078463,True,True,0.9258401,0.86206895,430.0,432.0,False
d:\Research\Multi-View Fusion Network\datasets\brisc2025\classification_task\test\pituitary\brisc2025_test_00727_pi_ax_t1.jpg,pituitary,pituitary,axial,0.031022845,0.029988397,0.9084774,0.030511374,0.9084774,True,True,0.9291617,0.8678414,421.0,425.0,False
d:\Research\Multi-View Fusion Network\datasets\brisc2025\classification_task\test\pituitary\brisc2025_test_00728_pi_ax_t1.jpg,pituitary,pituitary,axial,0.028552582,0.0310131,0.9088151,0.031619243,0.9088151,True,True,0.90633607,0.8291457,173.0,189.0,False
d:\Research\Multi-View Fusion Network\datasets\brisc2025\classification_task\test\pituitary\brisc2025_test_00729_pi_ax_t1.jpg,pituitary,pituitary,axial,0.028340397,0.03152285,0.91087085,0.029265938,0.91087085,True,True,0.9076923,0.8313253,227.0,227.0,False
d:\Research\Multi-View Fusion Network\datasets\brisc2025\classification_task\test\pituitary\brisc2025_test_00730_pi_ax_t1.jpg,pituitary,pituitary,axial,0.030340424,0.03110218,0.9061629,0.032394465,0.9061629,True,True,0.80452675,0.6735395,246.0,239.0,False
d:\Research\Multi-View Fusion Network\datasets\brisc2025\classification_task\test\pituitary\brisc2025_test_00731_pi_ax_t1.jpg,pituitary,pituitary,axial,0.03003873,0.027557625,0.9154028,0.027000815,0.9154028,True,True,0.6602564,0.49330783,257.0,522.0,False
d:\Research\Multi-View Fusion Network\datasets\brisc2025\classification_task\test\pituitary\brisc2025_test_00732_pi_ax_t1.jpg,pituitary,pituitary,axial,0.029055862,0.030855974,0.91025203,0.029836178,0.91025203,True,True,0.9447983,0.8955823,225.0,245.0,False
d:\Research\Multi-View Fusion Network\datasets\brisc2025\classification_task\test\pituitary\brisc2025_test_00733_pi_ax_t1.jpg,pituitary,pituitary,axial,0.029744,0.029651372,0.91362983,0.026974848,0.91362983,True,True,0.9544592,0.9130435,266.0,260.0,False
d:\Research\Multi-View Fusion Network\datasets\brisc2025\classification_task\test\pituitary\brisc2025_test_00734_pi_ax_t1.jpg,pituitary,pituitary,axial,0.03149502,0.030397171,0.91248244,0.025625376,0.91248244,True,True,0.95431095,0.91267604,689.0,667.0,False
d:\Research\Multi-View Fusion Network\datasets\brisc2025\classification_task\test\pituitary\brisc2025_test_00735_pi_ax_t1.jpg,pituitary,pituitary,axial,0.0253858,0.02757436,0.9215037,0.025536118,0.9215037,True,True,0.93541366,0.87874657,683.0,694.0,False
d:\Research\Multi-View Fusion Network\datasets\brisc2025\classification_task\test\pituitary\brisc2025_test_00736_pi_ax_t1.jpg,pituitary,pituitary,axial,0.031982448,0.03022536,0.90514296,0.03264916,0.90514296,True,True,0.9629032,0.9285714,306.0,313.0,False
d:\Research\Multi-View Fusion Network\datasets\brisc2025\classification_task\test\pituitary\brisc2025_test_00737_pi_ax_t1.jpg,pituitary,pituitary,axial,0.030577267,0.02955961,0.9048454,0.035017695,0.9048454,True,True,0.8820093,0.78914404,444.0,411.0,False
d:\Research\Multi-View Fusion Network\datasets\brisc2025\classification_task\test\pituitary\brisc2025_test_00738_pi_ax_t1.jpg,pituitary,pituitary,axial,0.033098247,0.032536782,0.9014246,0.032940388,0.9014246,True,True,0.92093885,0.8535469,770.0,848.0,False
d:\Research\Multi-View Fusion Network\datasets\brisc2025\classification_task\test\pituitary\brisc2025_test_00739_pi_ax_t1.jpg,pituitary,pituitary,axial,0.035465535,0.034827884,0.8979336,0.031772975,0.8979336,True,True,0.8751857,0.7783641,338.0,334.0,False
d:\Research\Multi-View Fusion Network\datasets\brisc2025\classification_task\test\pituitary\brisc2025_test_00740_pi_ax_t1.jpg,pituitary,pituitary,axial,0.02797817,0.027041966,0.9154709,0.029509027,0.9154709,True,True,0.9341534,0.8765265,678.0,703.0,False
d:\Research\Multi-View Fusion Network\datasets\brisc2025\classification_task\test\pituitary\brisc2025_test_00741_pi_ax_t1.jpg,pituitary,pituitary,axial,0.026068022,0.025992,0.92231524,0.0256248,0.92231524,True,True,0.7484568,0.5985222,248.0,399.0,False
d:\Research\Multi-View Fusion Network\datasets\brisc2025\classification_task\test\pituitary\brisc2025_test_00742_pi_ax_t1.jpg,pituitary,pituitary,axial,0.03637312,0.03730702,0.8913321,0.034987796,0.8913321,True,True,0.93322474,0.875,313.0,300.0,False
d:\Research\Multi-View Fusion Network\datasets\brisc2025\classification_task\test\pituitary\brisc2025_test_00743_pi_ax_t1.jpg,pituitary,pituitary,axial,0.032548096,0.030698275,0.9059926,0.030761063,0.9059926,True,True,0.9566689,0.91699094,712.0,764.0,False
d:\Research\Multi-View Fusion Network\datasets\brisc2025\classification_task\test\pituitary\brisc2025_test_00744_pi_ax_t1.jpg,pituitary,pituitary,axial,0.030481357,0.030947894,0.9075408,0.03102993,0.9075408,True,True,0.872449,0.77396023,438.0,541.0,False
d:\Research\Multi-View Fusion Network\datasets\brisc2025\classification_task\test\pituitary\brisc2025_test_00745_pi_ax_t1.jpg,pituitary,pituitary,axial,0.02806863,0.027608505,0.9156896,0.028633265,0.9156896,True,True,0.9414484,0.8895349,313.0,335.0,False
d:\Research\Multi-View Fusion Network\datasets\brisc2025\classification_task\test\pituitary\brisc2025_test_00746_pi_ax_t1.jpg,pituitary,pituitary,axial,0.030352373,0.030957444,0.90989476,0.028795416,0.90989476,True,True,0.88461536,0.79333335,406.0,399.0,False
d:\Research\Multi-View Fusion Network\datasets\brisc2025\classification_task\test\pituitary\brisc2025_test_00747_pi_ax_t1.jpg,pituitary,pituitary,axial,0.033233583,0.034026872,0.90056735,0.03217229,0.90056735,True,True,0.482684,0.3190883,111.0,350.0,False
d:\Research\Multi-View Fusion Network\datasets\brisc2025\classification_task\test\pituitary\brisc2025_test_00748_pi_ax_t1.jpg,pituitary,pituitary,axial,0.030329803,0.033302207,0.901857,0.03451107,0.901857,True,True,0.8358896,0.71842104,283.0,368.0,False
d:\Research\Multi-View Fusion Network\datasets\brisc2025\classification_task\test\pituitary\brisc2025_test_00749_pi_ax_t1.jpg,pituitary,pituitary,axial,0.032037906,0.035035767,0.9033724,0.02955394,0.9033724,True,True,0.9503448,0.9055118,367.0,357.0,False
d:\Research\Multi-View Fusion Network\datasets\brisc2025\classification_task\test\pituitary\brisc2025_test_00750_pi_ax_t1.jpg,pituitary,pituitary,axial,0.024953086,0.025575822,0.9252235,0.024247637,0.9252235,True,True,0.9243827,0.8595989,323.0,324.0,False
d:\Research\Multi-View Fusion Network\datasets\brisc2025\classification_task\test\pituitary\brisc2025_test_00751_pi_ax_t1.jpg,pituitary,pituitary,axial,0.031482518,0.034682482,0.9022402,0.03159486,0.9022402,True,True,0.9488678,0.9027778,683.0,685.0,False
d:\Research\Multi-View Fusion Network\datasets\brisc2025\classification_task\test\pituitary\brisc2025_test_00752_pi_ax_t1.jpg,pituitary,pituitary,axial,0.027343,0.030747244,0.91274893,0.029160744,0.91274893,True,True,0.9203125,0.8526012,320.0,319.0,False
d:\Research\Multi-View Fusion Network\datasets\brisc2025\classification_task\test\pituitary\brisc2025_test_00753_pi_ax_t1.jpg,pituitary,pituitary,axial,0.03905932,0.037711393,0.8843104,0.038918823,0.8843104,True,True,0.9264151,0.86315787,267.0,262.0,False
d:\Research\Multi-View Fusion Network\datasets\brisc2025\classification_task\test\pituitary\brisc2025_test_00754_pi_ax_t1.jpg,pituitary,pituitary,axial,0.027154926,0.030606989,0.9159727,0.026265344,0.9159727,True,True,0.715873,0.5580247,226.0,403.0,False
d:\Research\Multi-View Fusion Network\datasets\brisc2025\classification_task\test\pituitary\brisc2025_test_00755_pi_ax_t1.jpg,pituitary,pituitary,axial,0.028440023,0.02972099,0.915013,0.026825905,0.915013,True,True,0.89534885,0.81062126,941.0,864.0,False
d:\Research\Multi-View Fusion Network\datasets\brisc2025\classification_task\test\pituitary\brisc2025_test_00756_pi_ax_t1.jpg,pituitary,pituitary,axial,0.030409185,0.03643657,0.8990952,0.03405909,0.8990952,True,True,0.8891775,0.80062306,518.0,636.0,False
d:\Research\Multi-View Fusion Network\datasets\brisc2025\classification_task\test\pituitary\brisc2025_test_00757_pi_ax_t1.jpg,pituitary,pituitary,axial,0.029960746,0.028342811,0.912208,0.029488353,0.912208,True,True,0.9791522,0.9591837,726.0,712.0,False
d:\Research\Multi-View Fusion Network\datasets\brisc2025\classification_task\test\pituitary\brisc2025_test_00758_pi_ax_t1.jpg,pituitary,pituitary,axial,0.02956914,0.030698432,0.911833,0.02789937,0.911833,True,True,0.78848416,0.6511628,344.0,506.0,False
d:\Research\Multi-View Fusion Network\datasets\brisc2025\classification_task\test\pituitary\brisc2025_test_00759_pi_ax_t1.jpg,pituitary,pituitary,axial,0.031298857,0.028210742,0.91237146,0.028118996,0.91237146,True,True,0.938,0.8834587,252.0,247.0,False
d:\Research\Multi-View Fusion Network\datasets\brisc2025\classification_task\test\pituitary\brisc2025_test_00760_pi_ax_t1.jpg,pituitary,pituitary,axial,0.03092595,0.034388833,0.9006365,0.034048844,0.9006365,True,True,0.9628401,0.9283888,746.0,760.0,False
d:\Research\Multi-View Fusion Network\datasets\brisc2025\classification_task\test\pituitary\brisc2025_test_00761_pi_ax_t1.jpg,pituitary,pituitary,axial,0.03357154,0.030681048,0.89975274,0.03599475,0.89975274,True,True,0.79850745,0.6648936,379.0,558.0,False
d:\Research\Multi-View Fusion Network\datasets\brisc2025\classification_task\test\pituitary\brisc2025_test_00762_pi_ax_t1.jpg,pituitary,pituitary,axial,0.024328114,0.03065444,0.9194235,0.02559395,0.9194235,True,True,0.9321075,0.8730159,351.0,355.0,False
d:\Research\Multi-View Fusion Network\datasets\brisc2025\classification_task\test\pituitary\brisc2025_test_00763_pi_ax_t1.jpg,pituitary,pituitary,axial,0.027529953,0.027026886,0.91799587,0.027447393,0.91799587,True,True,0.92101103,0.8538012,294.0,338.0,False
d:\Research\Multi-View Fusion Network\datasets\brisc2025\classification_task\test\pituitary\brisc2025_test_00764_pi_ax_t1.jpg,pituitary,pituitary,axial,0.02707148,0.028883547,0.9170499,0.026995081,0.9170499,True,True,0.91552794,0.8443936,391.0,413.0,False
d:\Research\Multi-View Fusion Network\datasets\brisc2025\classification_task\test\pituitary\brisc2025_test_00765_pi_ax_t1.jpg,pituitary,pituitary,axial,0.026194898,0.030181924,0.9178982,0.025724951,0.9178982,True,True,0.484375,0.32058823,108.0,339.0,False
d:\Research\Multi-View Fusion Network\datasets\brisc2025\classification_task\test\pituitary\brisc2025_test_00766_pi_ax_t1.jpg,pituitary,pituitary,axial,0.03304766,0.030637566,0.9059203,0.030394483,0.9059203,True,True,0.86056644,0.7557252,208.0,250.0,False
d:\Research\Multi-View Fusion Network\datasets\brisc2025\classification_task\test\pituitary\brisc2025_test_00767_pi_ax_t1.jpg,pituitary,pituitary,axial,0.030381605,0.032090183,0.908503,0.029025218,0.908503,True,True,0.6397942,0.47103274,186.0,396.0,False
d:\Research\Multi-View Fusion Network\datasets\brisc2025\classification_task\test\pituitary\brisc2025_test_00768_pi_ax_t1.jpg,pituitary,pituitary,axial,0.034968097,0.034320056,0.8943383,0.03637357,0.8943383,True,True,0.8520249,0.74254745,276.0,365.0,False
d:\Research\Multi-View Fusion Network\datasets\brisc2025\classification_task\test\pituitary\brisc2025_test_00769_pi_ax_t1.jpg,pituitary,pituitary,axial,0.03959369,0.03823881,0.88660306,0.035564445,0.88660306,True,True,0.86970687,0.7696737,479.0,441.0,False
d:\Research\Multi-View Fusion Network\datasets\brisc2025\classification_task\test\pituitary\brisc2025_test_00770_pi_ax_t1.jpg,pituitary,pituitary,axial,0.031182125,0.033314344,0.9067265,0.028777018,0.9067265,True,True,0.8870432,0.79761904,136.0,164.0,False
d:\Research\Multi-View Fusion Network\datasets\brisc2025\classification_task\test\pituitary\brisc2025_test_00771_pi_ax_t1.jpg,pituitary,pituitary,axial,0.029863674,0.031182349,0.9082739,0.03068008,0.9082739,True,True,0.7574553,0.61022365,206.0,296.0,False
d:\Research\Multi-View Fusion Network\datasets\brisc2025\classification_task\test\pituitary\brisc2025_test_00772_pi_ax_t1.jpg,pituitary,pituitary,axial,0.030925745,0.030725688,0.9070112,0.031337287,0.9070112,True,True,0.926305,0.86285716,498.0,478.0,False
d:\Research\Multi-View Fusion Network\datasets\brisc2025\classification_task\test\pituitary\brisc2025_test_00773_pi_ax_t1.jpg,pituitary,pituitary,axial,0.028602464,0.027491752,0.91775924,0.026146675,0.91775924,True,True,0.87319314,0.77505827,768.0,753.0,False
d:\Research\Multi-View Fusion Network\datasets\brisc2025\classification_task\test\pituitary\brisc2025_test_00774_pi_ax_t1.jpg,pituitary,pituitary,axial,0.030124975,0.028368339,0.9128914,0.028615316,0.9128914,True,True,0.9532872,0.9108911,287.0,290.0,False
d:\Research\Multi-View Fusion Network\datasets\brisc2025\classification_task\test\pituitary\brisc2025_test_00775_pi_ax_t1.jpg,pituitary,pituitary,axial,0.029998196,0.031521726,0.9075574,0.0309227,0.9075574,True,True,0.9448947,0.8957055,304.0,312.0,False
d:\Research\Multi-View Fusion Network\datasets\brisc2025\classification_task\test\pituitary\brisc2025_test_00776_pi_ax_t1.jpg,pituitary,pituitary,axial,0.026838576,0.02851347,0.91801924,0.026628776,0.91801924,True,True,0.95916903,0.9215956,700.0,695.0,False
d:\Research\Multi-View Fusion Network\datasets\brisc2025\classification_task\test\pituitary\brisc2025_test_00777_pi_ax_t1.jpg,pituitary,pituitary,axial,0.029303396,0.030255605,0.9125921,0.027848864,0.9125921,True,True,0.6986706,0.53741497,238.0,438.0,False
d:\Research\Multi-View Fusion Network\datasets\brisc2025\classification_task\test\pituitary\brisc2025_test_00778_pi_ax_t1.jpg,pituitary,pituitary,axial,0.030657083,0.032113854,0.90369076,0.033538293,0.90369076,True,True,0.57857144,0.40802675,298.0,121.0,False
d:\Research\Multi-View Fusion Network\datasets\brisc2025\classification_task\test\pituitary\brisc2025_test_00779_pi_ax_t1.jpg,pituitary,pituitary,axial,0.025297249,0.024457417,0.9206851,0.029560227,0.9206851,True,True,0.7099237,0.55082744,303.0,351.0,False
d:\Research\Multi-View Fusion Network\datasets\brisc2025\classification_task\test\pituitary\brisc2025_test_00780_pi_ax_t1.jpg,pituitary,pituitary,axial,0.027936766,0.03394306,0.90646327,0.031656962,0.90646327,True,True,0.8992347,0.8171296,389.0,394.0,False
d:\Research\Multi-View Fusion Network\datasets\brisc2025\classification_task\test\pituitary\brisc2025_test_00781_pi_ax_t1.jpg,pituitary,pituitary,axial,0.03198329,0.031280972,0.9014039,0.035331797,0.9014039,True,True,0.7736486,0.6311927,347.0,540.0,False
d:\Research\Multi-View Fusion Network\datasets\brisc2025\classification_task\test\pituitary\brisc2025_test_00782_pi_ax_t1.jpg,pituitary,pituitary,axial,0.025310678,0.028118527,0.9179967,0.028574103,0.9179967,True,True,0.92470586,0.86026204,205.0,219.0,False
d:\Research\Multi-View Fusion Network\datasets\brisc2025\classification_task\test\pituitary\brisc2025_test_00783_pi_ax_t1.jpg,pituitary,pituitary,axial,0.032170355,0.03211802,0.90417445,0.031537186,0.90417445,True,True,0.8495935,0.7394366,131.0,114.0,False
d:\Research\Multi-View Fusion Network\datasets\brisc2025\classification_task\test\pituitary\brisc2025_test_00784_pi_ax_t1.jpg,pituitary,pituitary,axial,0.028024435,0.03211971,0.9126808,0.027175028,0.9126808,True,True,0.7861525,0.6479077,469.0,671.0,False
d:\Research\Multi-View Fusion Network\datasets\brisc2025\classification_task\test\pituitary\brisc2025_test_00785_pi_ax_t1.jpg,pituitary,pituitary,axial,0.029309759,0.033799645,0.90627474,0.030615956,0.90627474,True,True,0.97504455,0.9513889,278.0,282.0,False
d:\Research\Multi-View Fusion Network\datasets\brisc2025\classification_task\test\pituitary\brisc2025_test_00786_pi_ax_t1.jpg,pituitary,pituitary,axial,0.029750038,0.03319117,0.90796036,0.029098442,0.90796036,True,True,0.9444444,0.8948718,365.0,372.0,False
d:\Research\Multi-View Fusion Network\datasets\brisc2025\classification_task\test\pituitary\brisc2025_test_00787_pi_ax_t1.jpg,pituitary,pituitary,axial,0.025078833,0.026360154,0.9238229,0.024738146,0.9238229,True,True,0.87080866,0.7713787,453.0,560.0,False
d:\Research\Multi-View Fusion Network\datasets\brisc2025\classification_task\test\pituitary\brisc2025_test_00788_pi_ax_t1.jpg,pituitary,pituitary,axial,0.026038472,0.025993137,0.9228224,0.025146032,0.9228224,True,True,0.9339934,0.8765432,151.0,151.0,False
d:\Research\Multi-View Fusion Network\datasets\brisc2025\classification_task\test\pituitary\brisc2025_test_00789_pi_ax_t1.jpg,pituitary,pituitary,axial,0.032467484,0.033979844,0.9029984,0.03055428,0.9029984,True,True,0.8507463,0.7413793,86.0,114.0,False
d:\Research\Multi-View Fusion Network\datasets\brisc2025\classification_task\test\pituitary\brisc2025_test_00790_pi_ax_t1.jpg,pituitary,pituitary,axial,0.02830777,0.030418476,0.9132928,0.027980996,0.9132928,True,True,0.9132841,0.840678,250.0,291.0,False
d:\Research\Multi-View Fusion Network\datasets\brisc2025\classification_task\test\pituitary\brisc2025_test_00791_pi_ax_t1.jpg,pituitary,pituitary,axial,0.027235875,0.02648205,0.91861385,0.027668202,0.91861385,True,True,0.9460784,0.8978328,302.0,309.0,False
d:\Research\Multi-View Fusion Network\datasets\brisc2025\classification_task\test\pituitary\brisc2025_test_00792_pi_ax_t1.jpg,pituitary,pituitary,axial,0.025579387,0.025554178,0.9230658,0.025800655,0.9230658,True,True,0.9401361,0.8871795,352.0,382.0,False
d:\Research\Multi-View Fusion Network\datasets\brisc2025\classification_task\test\pituitary\brisc2025_test_00793_pi_ax_t1.jpg,pituitary,pituitary,axial,0.025592243,0.029617494,0.9180462,0.026744086,0.9180462,True,True,0.43247128,0.2765568,195.0,500.0,False
d:\Research\Multi-View Fusion Network\datasets\brisc2025\classification_task\test\pituitary\brisc2025_test_00794_pi_ax_t1.jpg,pituitary,pituitary,axial,0.03087931,0.025785495,0.91544485,0.0278903,0.91544485,True,True,0.8568807,0.75,239.0,305.0,False
d:\Research\Multi-View Fusion Network\datasets\brisc2025\classification_task\test\pituitary\brisc2025_test_00795_pi_ax_t1.jpg,pituitary,pituitary,axial,0.030811721,0.029860318,0.91206455,0.027263394,0.91206455,True,True,0.9116466,0.8382353,121.0,127.0,False
d:\Research\Multi-View Fusion Network\datasets\brisc2025\classification_task\test\pituitary\brisc2025_test_00796_pi_ax_t1.jpg,pituitary,pituitary,axial,0.036675584,0.03381241,0.897489,0.03202305,0.897489,True,True,0.9361905,0.8801431,511.0,538.0,False
d:\Research\Multi-View Fusion Network\datasets\brisc2025\classification_task\test\pituitary\brisc2025_test_00797_pi_ax_t1.jpg,pituitary,pituitary,axial,0.036180943,0.033587974,0.8930313,0.037199784,0.8930313,True,True,0.89925927,0.8170404,912.0,1112.0,False
d:\Research\Multi-View Fusion Network\datasets\brisc2025\classification_task\test\pituitary\brisc2025_test_00798_pi_ax_t1.jpg,pituitary,pituitary,axial,0.026951123,0.029346695,0.91747826,0.026223933,0.91747826,True,True,0.9831563,0.96688265,1376.0,1354.0,False
d:\Research\Multi-View Fusion Network\datasets\brisc2025\classification_task\test\pituitary\brisc2025_test_00799_pi_ax_t1.jpg,pituitary,pituitary,axial,0.026578406,0.028075457,0.91828156,0.027064582,0.91828156,True,True,0.84244794,0.72808987,323.0,444.0,False
d:\Research\Multi-View Fusion Network\datasets\brisc2025\classification_task\test\pituitary\brisc2025_test_00800_pi_ax_t1.jpg,pituitary,pituitary,axial,0.030972725,0.03419335,0.8987463,0.03608765,0.8987463,True,True,0.86797065,0.7669065,556.0,670.0,False
d:\Research\Multi-View Fusion Network\datasets\brisc2025\classification_task\test\pituitary\brisc2025_test_00801_pi_ax_t1.jpg,pituitary,pituitary,axial,0.028286709,0.02947551,0.9122286,0.030009193,0.9122286,True,True,0.9348684,0.87777776,716.0,803.0,False
d:\Research\Multi-View Fusion Network\datasets\brisc2025\classification_task\test\pituitary\brisc2025_test_00802_pi_ax_t1.jpg,pituitary,pituitary,axial,0.027968992,0.030237904,0.91592467,0.025868474,0.91592467,True,True,0.7722222,0.6295181,223.0,316.0,False
d:\Research\Multi-View Fusion Network\datasets\brisc2025\classification_task\test\pituitary\brisc2025_test_00803_pi_ax_t1.jpg,pituitary,pituitary,axial,0.028647298,0.034730267,0.9090809,0.027541632,0.9090809,True,True,0.92526156,0.8611111,339.0,329.0,False
d:\Research\Multi-View Fusion Network\datasets\brisc2025\classification_task\test\pituitary\brisc2025_test_00804_pi_ax_t1.jpg,pituitary,pituitary,axial,0.02764597,0.033106837,0.9067794,0.0324678,0.9067794,True,True,0.8980392,0.81560284,137.0,117.0,False
d:\Research\Multi-View Fusion Network\datasets\brisc2025\classification_task\test\pituitary\brisc2025_test_00805_pi_ax_t1.jpg,pituitary,pituitary,axial,0.02887215,0.03539467,0.9054664,0.030266767,0.9054664,True,True,0.62762237,0.45801526,184.0,387.0,False
d:\Research\Multi-View Fusion Network\datasets\brisc2025\classification_task\test\pituitary\brisc2025_test_00806_pi_ax_t1.jpg,pituitary,pituitary,axial,0.026116386,0.028375382,0.9157147,0.029793624,0.9157147,True,True,0.9283888,0.8666667,184.0,206.0,False
d:\Research\Multi-View Fusion Network\datasets\brisc2025\classification_task\test\pituitary\brisc2025_test_00807_pi_ax_t1.jpg,pituitary,pituitary,axial,0.025231624,0.027185787,0.9235636,0.024018995,0.9235636,True,True,0.9214976,0.8545861,436.0,391.0,False
d:\Research\Multi-View Fusion Network\datasets\brisc2025\classification_task\test\pituitary\brisc2025_test_00808_pi_ax_t1.jpg,pituitary,pituitary,axial,0.033811346,0.035304062,0.89693993,0.033944633,0.89693993,True,True,0.93730885,0.8821839,331.0,322.0,False
d:\Research\Multi-View Fusion Network\datasets\brisc2025\classification_task\test\pituitary\brisc2025_test_00809_pi_ax_t1.jpg,pituitary,pituitary,axial,0.027192006,0.031925503,0.9128642,0.02801825,0.9128642,True,True,0.9171633,0.8470847,851.0,826.0,False
d:\Research\Multi-View Fusion Network\datasets\brisc2025\classification_task\test\pituitary\brisc2025_test_00810_pi_ax_t1.jpg,pituitary,pituitary,axial,0.030767059,0.030811748,0.9095585,0.028862724,0.9095585,True,True,0.9538639,0.91189426,432.0,434.0,False
d:\Research\Multi-View Fusion Network\datasets\brisc2025\classification_task\test\pituitary\brisc2025_test_00811_pi_ax_t1.jpg,pituitary,pituitary,axial,0.032709952,0.03345597,0.9004222,0.03341191,0.9004222,True,True,0.7742915,0.6320132,413.0,574.0,False
d:\Research\Multi-View Fusion Network\datasets\brisc2025\classification_task\test\pituitary\brisc2025_test_00812_pi_ax_t1.jpg,pituitary,pituitary,axial,0.029245485,0.030365197,0.9123856,0.028003683,0.9123856,True,True,0.9237537,0.8586956,177.0,163.0,False
d:\Research\Multi-View Fusion Network\datasets\brisc2025\classification_task\test\pituitary\brisc2025_test_00813_pi_ax_t1.jpg,pituitary,pituitary,axial,0.025853027,0.031108428,0.9161295,0.026908992,0.9161295,True,True,0.17231639,0.095679015,323.0,30.0,False
d:\Research\Multi-View Fusion Network\datasets\brisc2025\classification_task\test\pituitary\brisc2025_test_00814_pi_ax_t1.jpg,pituitary,pituitary,axial,0.02642178,0.02597765,0.9202939,0.027306676,0.9202939,True,True,0.9076577,0.8312757,207.0,236.0,False
d:\Research\Multi-View Fusion Network\datasets\brisc2025\classification_task\test\pituitary\brisc2025_test_00815_pi_ax_t1.jpg,pituitary,pituitary,axial,0.029516254,0.032096107,0.9062973,0.032090355,0.9062973,True,True,0.5023585,0.336478,110.0,313.0,False
d:\Research\Multi-View Fusion Network\datasets\brisc2025\classification_task\test\pituitary\brisc2025_test_00816_pi_ax_t1.jpg,pituitary,pituitary,axial,0.03126762,0.032478474,0.9021489,0.034104913,0.9021489,True,True,0.8313253,0.7116105,391.0,521.0,False
d:\Research\Multi-View Fusion Network\datasets\brisc2025\classification_task\test\pituitary\brisc2025_test_00817_pi_ax_t1.jpg,pituitary,pituitary,axial,0.03019013,0.029915217,0.91123766,0.028657049,0.91123766,True,True,0.9402985,0.8875502,227.0,241.0,False
d:\Research\Multi-View Fusion Network\datasets\brisc2025\classification_task\test\pituitary\brisc2025_test_00818_pi_ax_t1.jpg,pituitary,pituitary,axial,0.032875553,0.03346921,0.8990349,0.034620322,0.8990349,True,True,0.95085067,0.9064748,265.0,263.0,False
d:\Research\Multi-View Fusion Network\datasets\brisc2025\classification_task\test\pituitary\brisc2025_test_00819_pi_ax_t1.jpg,pituitary,pituitary,axial,0.031316232,0.028912932,0.9082185,0.0315524,0.9082185,True,True,0.8422865,0.7277051,633.0,818.0,False
d:\Research\Multi-View Fusion Network\datasets\brisc2025\classification_task\test\pituitary\brisc2025_test_00820_pi_ax_t1.jpg,pituitary,pituitary,axial,0.026774867,0.029139534,0.9168057,0.027279912,0.9168057,True,True,0.6591928,0.49333334,146.0,76.0,False
d:\Research\Multi-View Fusion Network\datasets\brisc2025\classification_task\test\pituitary\brisc2025_test_00821_pi_ax_t1.jpg,pituitary,pituitary,axial,0.025811022,0.02985899,0.9186427,0.025687248,0.9186427,True,True,0.9868297,0.97402596,526.0,536.0,False
d:\Research\Multi-View Fusion Network\datasets\brisc2025\classification_task\test\pituitary\brisc2025_test_00822_pi_ax_t1.jpg,pituitary,pituitary,axial,0.02684406,0.028351054,0.91820014,0.026604801,0.91820014,True,True,0.96973866,0.94133335,362.0,364.0,False
d:\Research\Multi-View Fusion Network\datasets\brisc2025\classification_task\test\pituitary\brisc2025_test_00823_pi_ax_t1.jpg,pituitary,pituitary,axial,0.025059167,0.027069319,0.9204635,0.027407994,0.9204635,True,True,0.9607843,0.9246575,277.0,283.0,False
d:\Research\Multi-View Fusion Network\datasets\brisc2025\classification_task\test\pituitary\brisc2025_test_00824_pi_ax_t1.jpg,pituitary,pituitary,axial,0.02470841,0.028174633,0.9197977,0.027319273,0.9197977,True,True,0.83247864,0.7134503,292.0,292.0,False
d:\Research\Multi-View Fusion Network\datasets\brisc2025\classification_task\test\pituitary\brisc2025_test_00825_pi_co_t1.jpg,pituitary,pituitary,coronal,0.02421811,0.025251716,0.9241843,0.02634579,0.9241843,True,True,0.95262766,0.90960455,671.0,679.0,False
d:\Research\Multi-View Fusion Network\datasets\brisc2025\classification_task\test\pituitary\brisc2025_test_00826_pi_co_t1.jpg,pituitary,meningioma,coronal,0.038530108,0.6088907,0.31156406,0.04101505,0.6088907,False,True,0.92978936,0.8689138,475.0,521.0,False
d:\Research\Multi-View Fusion Network\datasets\brisc2025\classification_task\test\pituitary\brisc2025_test_00827_pi_co_t1.jpg,pituitary,pituitary,coronal,0.033187628,0.030171651,0.90159607,0.035044666,0.90159607,True,True,0.9421642,0.89084506,265.0,270.0,False
d:\Research\Multi-View Fusion Network\datasets\brisc2025\classification_task\test\pituitary\brisc2025_test_00828_pi_co_t1.jpg,pituitary,pituitary,coronal,0.02512951,0.025983006,0.92316383,0.02572363,0.92316383,True,True,0.93184686,0.87244093,1132.0,1244.0,False
d:\Research\Multi-View Fusion Network\datasets\brisc2025\classification_task\test\pituitary\brisc2025_test_00829_pi_co_t1.jpg,pituitary,pituitary,coronal,0.03154057,0.029768944,0.9049038,0.033786695,0.9049038,True,True,0.92635137,0.8628931,695.0,784.0,False
d:\Research\Multi-View Fusion Network\datasets\brisc2025\classification_task\test\pituitary\brisc2025_test_00830_pi_co_t1.jpg,pituitary,pituitary,coronal,0.02763627,0.026534379,0.91865486,0.027174497,0.91865486,True,True,0.8567775,0.75,212.0,178.0,False
d:\Research\Multi-View Fusion Network\datasets\brisc2025\classification_task\test\pituitary\brisc2025_test_00831_pi_co_t1.jpg,pituitary,pituitary,coronal,0.027186183,0.031209921,0.91252273,0.029081076,0.91252273,True,True,0.9097744,0.8348624,211.0,187.0,False
d:\Research\Multi-View Fusion Network\datasets\brisc2025\classification_task\test\pituitary\brisc2025_test_00832_pi_co_t1.jpg,pituitary,pituitary,coronal,0.02795136,0.02800179,0.91575396,0.028292907,0.91575396,True,True,0.94491524,0.8957219,353.0,354.0,False
d:\Research\Multi-View Fusion Network\datasets\brisc2025\classification_task\test\pituitary\brisc2025_test_00833_pi_co_t1.jpg,pituitary,pituitary,coronal,0.030578304,0.029768515,0.90697426,0.032678965,0.90697426,True,True,0.8972912,0.81390595,401.0,484.0,False
d:\Research\Multi-View Fusion Network\datasets\brisc2025\classification_task\test\pituitary\brisc2025_test_00834_pi_co_t1.jpg,pituitary,pituitary,coronal,0.027242083,0.029369196,0.9118789,0.031509914,0.9118789,True,True,0.9669625,0.9360687,994.0,1033.0,False
d:\Research\Multi-View Fusion Network\datasets\brisc2025\classification_task\test\pituitary\brisc2025_test_00835_pi_co_t1.jpg,pituitary,pituitary,coronal,0.026745854,0.029541565,0.914188,0.029524589,0.914188,True,True,0.7607527,0.61416185,461.0,654.0,False
d:\Research\Multi-View Fusion Network\datasets\brisc2025\classification_task\test\pituitary\brisc2025_test_00836_pi_co_t1.jpg,pituitary,pituitary,coronal,0.027955735,0.03374532,0.91229486,0.026004119,0.91229486,True,True,0.8334409,0.71460176,834.0,714.0,False
d:\Research\Multi-View Fusion Network\datasets\brisc2025\classification_task\test\pituitary\brisc2025_test_00837_pi_co_t1.jpg,pituitary,pituitary,coronal,0.025683979,0.02508651,0.9203135,0.028916014,0.9203135,True,True,0.92888117,0.8673139,583.0,569.0,False
d:\Research\Multi-View Fusion Network\datasets\brisc2025\classification_task\test\pituitary\brisc2025_test_00838_pi_co_t1.jpg,pituitary,pituitary,coronal,0.024356917,0.021720609,0.9289632,0.024959328,0.9289632,True,True,0.41538462,0.26451612,40.0,154.0,False
d:\Research\Multi-View Fusion Network\datasets\brisc2025\classification_task\test\pituitary\brisc2025_test_00839_pi_co_t1.jpg,pituitary,pituitary,coronal,0.026362298,0.027617982,0.9172576,0.028762123,0.9172576,True,True,0.84158415,0.7268293,401.0,305.0,False
d:\Research\Multi-View Fusion Network\datasets\brisc2025\classification_task\test\pituitary\brisc2025_test_00840_pi_co_t1.jpg,pituitary,pituitary,coronal,0.029491646,0.025255833,0.9138116,0.03144098,0.9138116,True,True,0.8995845,0.8176101,691.0,752.0,False
d:\Research\Multi-View Fusion Network\datasets\brisc2025\classification_task\test\pituitary\brisc2025_test_00841_pi_co_t1.jpg,pituitary,pituitary,coronal,0.035391714,0.03298928,0.8988134,0.032805573,0.8988134,True,True,0.9061196,0.82846254,770.0,667.0,False
d:\Research\Multi-View Fusion Network\datasets\brisc2025\classification_task\test\pituitary\brisc2025_test_00842_pi_co_t1.jpg,pituitary,pituitary,coronal,0.030737935,0.031111032,0.90884286,0.029308153,0.90884286,True,True,0.8578125,0.75136614,337.0,302.0,False
d:\Research\Multi-View Fusion Network\datasets\brisc2025\classification_task\test\pituitary\brisc2025_test_00843_pi_co_t1.jpg,pituitary,pituitary,coronal,0.029556787,0.027318204,0.9157734,0.02735163,0.9157734,True,True,0.49963847,0.33333334,375.0,1007.0,False
d:\Research\Multi-View Fusion Network\datasets\brisc2025\classification_task\test\pituitary\brisc2025_test_00844_pi_co_t1.jpg,pituitary,pituitary,coronal,0.031130368,0.030517003,0.90514344,0.033209153,0.90514344,True,True,0.88345474,0.7914339,432.0,528.0,False
d:\Research\Multi-View Fusion Network\datasets\brisc2025\classification_task\test\pituitary\brisc2025_test_00845_pi_co_t1.jpg,pituitary,pituitary,coronal,0.027519142,0.027105263,0.9193255,0.026050096,0.9193255,True,True,0.9271739,0.8643725,444.0,475.0,False
d:\Research\Multi-View Fusion Network\datasets\brisc2025\classification_task\test\pituitary\brisc2025_test_00846_pi_co_t1.jpg,pituitary,pituitary,coronal,0.0319148,0.030913282,0.9051426,0.032029267,0.9051426,True,True,0.8017578,0.6693811,410.0,613.0,False
d:\Research\Multi-View Fusion Network\datasets\brisc2025\classification_task\test\pituitary\brisc2025_test_00847_pi_co_t1.jpg,pituitary,pituitary,coronal,0.027075877,0.024783527,0.9206587,0.027481956,0.9206587,True,True,0.7174757,0.55975795,375.0,654.0,False
d:\Research\Multi-View Fusion Network\datasets\brisc2025\classification_task\test\pituitary\brisc2025_test_00848_pi_co_t1.jpg,pituitary,pituitary,coronal,0.032380313,0.031350523,0.90265864,0.033610474,0.90265864,True,True,0.88434696,0.79285717,475.0,527.0,False
d:\Research\Multi-View Fusion Network\datasets\brisc2025\classification_task\test\pituitary\brisc2025_test_00849_pi_co_t1.jpg,pituitary,pituitary,coronal,0.03440773,0.032538403,0.90032977,0.032724142,0.90032977,True,True,0.87568057,0.77903223,502.0,599.0,False
d:\Research\Multi-View Fusion Network\datasets\brisc2025\classification_task\test\pituitary\brisc2025_test_00850_pi_co_t1.jpg,pituitary,pituitary,coronal,0.033010747,0.033138502,0.9007718,0.03307896,0.9007718,True,True,0.9247136,0.86018234,301.0,309.0,False
d:\Research\Multi-View Fusion Network\datasets\brisc2025\classification_task\test\pituitary\brisc2025_test_00851_pi_co_t1.jpg,pituitary,pituitary,coronal,0.029885996,0.026336143,0.9145381,0.029239723,0.9145381,True,True,0.7940109,0.65864664,629.0,472.0,False
d:\Research\Multi-View Fusion Network\datasets\brisc2025\classification_task\test\pituitary\brisc2025_test_00852_pi_co_t1.jpg,pituitary,pituitary,coronal,0.031033928,0.027891278,0.91350615,0.027568707,0.91350615,True,True,0.9200385,0.8520499,533.0,504.0,False
d:\Research\Multi-View Fusion Network\datasets\brisc2025\classification_task\test\pituitary\brisc2025_test_00853_pi_co_t1.jpg,pituitary,pituitary,coronal,0.03373175,0.029193748,0.9071022,0.029972298,0.9071022,True,True,0.943083,0.89237666,616.0,648.0,False
d:\Research\Multi-View Fusion Network\datasets\brisc2025\classification_task\test\pituitary\brisc2025_test_00854_pi_co_t1.jpg,pituitary,pituitary,coronal,0.029105648,0.027809097,0.91366524,0.029420046,0.91366524,True,True,0.7451097,0.5939566,631.0,1055.0,False
d:\Research\Multi-View Fusion Network\datasets\brisc2025\classification_task\test\pituitary\brisc2025_test_00855_pi_co_t1.jpg,pituitary,pituitary,coronal,0.028308703,0.026504785,0.9158802,0.029306298,0.9158802,True,True,0.83514774,0.7173333,297.0,345.0,False
d:\Research\Multi-View Fusion Network\datasets\brisc2025\classification_task\test\pituitary\brisc2025_test_00856_pi_co_t1.jpg,pituitary,pituitary,coronal,0.027577553,0.029901424,0.91414756,0.028373435,0.91414756,True,True,0.968426,0.9388128,1040.0,1081.0,False
d:\Research\Multi-View Fusion Network\datasets\brisc2025\classification_task\test\pituitary\brisc2025_test_00857_pi_co_t1.jpg,pituitary,pituitary,coronal,0.031944875,0.031348616,0.9055384,0.031168148,0.9055384,True,True,0.9608483,0.9247649,302.0,310.0,False
d:\Research\Multi-View Fusion Network\datasets\brisc2025\classification_task\test\pituitary\brisc2025_test_00858_pi_co_t1.jpg,pituitary,pituitary,coronal,0.027345333,0.02388248,0.91846144,0.030310774,0.91846144,True,True,0.8598248,0.75438595,357.0,441.0,False
d:\Research\Multi-View Fusion Network\datasets\brisc2025\classification_task\test\pituitary\brisc2025_test_00859_pi_co_t1.jpg,pituitary,pituitary,coronal,0.029053396,0.028392179,0.912714,0.029840467,0.912714,True,True,0.8959556,0.8115771,1473.0,1592.0,False
d:\Research\Multi-View Fusion Network\datasets\brisc2025\classification_task\test\pituitary\brisc2025_test_00860_pi_co_t1.jpg,pituitary,pituitary,coronal,0.030438721,0.027864698,0.9125506,0.02914594,0.9125506,True,True,0.96616787,0.9345912,754.0,782.0,False
d:\Research\Multi-View Fusion Network\datasets\brisc2025\classification_task\test\pituitary\brisc2025_test_00861_pi_co_t1.jpg,pituitary,pituitary,coronal,0.027376218,0.028593212,0.914365,0.029665565,0.914365,True,True,0.9389937,0.8850711,757.0,832.0,False
d:\Research\Multi-View Fusion Network\datasets\brisc2025\classification_task\test\pituitary\brisc2025_test_00862_pi_co_t1.jpg,pituitary,pituitary,coronal,0.029375875,0.03105851,0.9109436,0.028622061,0.9109436,True,True,0.806314,0.6757143,547.0,624.0,False
d:\Research\Multi-View Fusion Network\datasets\brisc2025\classification_task\test\pituitary\brisc2025_test_00863_pi_co_t1.jpg,pituitary,pituitary,coronal,0.027362276,0.026403768,0.9184515,0.027782438,0.9184515,True,True,0.8224138,0.6988304,303.0,276.0,False
d:\Research\Multi-View Fusion Network\datasets\brisc2025\classification_task\test\pituitary\brisc2025_test_00864_pi_co_t1.jpg,pituitary,pituitary,coronal,0.032151725,0.031367943,0.9028373,0.033643108,0.9028373,True,True,0.8035427,0.672043,336.0,284.0,False
d:\Research\Multi-View Fusion Network\datasets\brisc2025\classification_task\test\pituitary\brisc2025_test_00865_pi_co_t1.jpg,pituitary,pituitary,coronal,0.02542298,0.028036023,0.91691494,0.029626066,0.91691494,True,True,0.9138627,0.84158415,359.0,383.0,False
d:\Research\Multi-View Fusion Network\datasets\brisc2025\classification_task\test\pituitary\brisc2025_test_00866_pi_co_t1.jpg,pituitary,pituitary,coronal,0.027641838,0.028103758,0.91632444,0.02793007,0.91632444,True,True,0.9081747,0.83196723,423.0,469.0,False
d:\Research\Multi-View Fusion Network\datasets\brisc2025\classification_task\test\pituitary\brisc2025_test_00867_pi_co_t1.jpg,pituitary,pituitary,coronal,0.02844734,0.023817709,0.9160563,0.031678714,0.9160563,True,True,0.83092785,0.7112676,218.0,266.0,False
d:\Research\Multi-View Fusion Network\datasets\brisc2025\classification_task\test\pituitary\brisc2025_test_00868_pi_co_t1.jpg,pituitary,pituitary,coronal,0.029808972,0.02628089,0.91405267,0.029857475,0.91405267,True,True,0.9184178,0.84931505,410.0,398.0,False
d:\Research\Multi-View Fusion Network\datasets\brisc2025\classification_task\test\pituitary\brisc2025_test_00869_pi_co_t1.jpg,pituitary,pituitary,coronal,0.028219512,0.024089193,0.9195906,0.028100763,0.9195906,True,True,0.9058131,0.827957,655.0,703.0,False
d:\Research\Multi-View Fusion Network\datasets\brisc2025\classification_task\test\pituitary\brisc2025_test_00870_pi_co_t1.jpg,pituitary,pituitary,coronal,0.03037774,0.030412782,0.9087575,0.030452019,0.9087575,True,True,0.96088433,0.9247546,862.0,901.0,False
d:\Research\Multi-View Fusion Network\datasets\brisc2025\classification_task\test\pituitary\brisc2025_test_00871_pi_co_t1.jpg,pituitary,pituitary,coronal,0.028538583,0.029280275,0.914735,0.02744605,0.914735,True,True,0.96678257,0.935725,1287.0,1301.0,False
d:\Research\Multi-View Fusion Network\datasets\brisc2025\classification_task\test\pituitary\brisc2025_test_00872_pi_co_t1.jpg,pituitary,pituitary,coronal,0.031048996,0.033970468,0.90260774,0.032372825,0.90260774,True,True,0.8629363,0.7590253,873.0,1074.0,False
d:\Research\Multi-View Fusion Network\datasets\brisc2025\classification_task\test\pituitary\brisc2025_test_00873_pi_co_t1.jpg,pituitary,pituitary,coronal,0.022930428,0.023895225,0.92882127,0.024353094,0.92882127,True,True,0.7677165,0.6231752,1058.0,719.0,False
d:\Research\Multi-View Fusion Network\datasets\brisc2025\classification_task\test\pituitary\brisc2025_test_00874_pi_co_t1.jpg,pituitary,pituitary,coronal,0.02557112,0.024312237,0.92665577,0.02346087,0.92665577,True,True,0.95244217,0.90931374,379.0,398.0,False
d:\Research\Multi-View Fusion Network\datasets\brisc2025\classification_task\test\pituitary\brisc2025_test_00875_pi_co_t1.jpg,pituitary,pituitary,coronal,0.03403163,0.028036494,0.90523666,0.032695223,0.90523666,True,True,0.9667644,0.9357278,512.0,510.0,False
d:\Research\Multi-View Fusion Network\datasets\brisc2025\classification_task\test\pituitary\brisc2025_test_00876_pi_co_t1.jpg,pituitary,pituitary,coronal,0.027246052,0.030437527,0.911838,0.030478477,0.911838,True,True,0.65,0.48239437,165.0,254.0,False
d:\Research\Multi-View Fusion Network\datasets\brisc2025\classification_task\test\pituitary\brisc2025_test_00877_pi_co_t1.jpg,pituitary,pituitary,coronal,0.03227693,0.027978515,0.90999764,0.02974687,0.90999764,True,True,0.92973256,0.8687561,920.0,986.0,False
d:\Research\Multi-View Fusion Network\datasets\brisc2025\classification_task\test\pituitary\brisc2025_test_00878_pi_co_t1.jpg,pituitary,pituitary,coronal,0.029353274,0.02495657,0.91307014,0.03262003,0.91307014,True,True,0.8821396,0.78930306,581.0,521.0,False
d:\Research\Multi-View Fusion Network\datasets\brisc2025\classification_task\test\pituitary\brisc2025_test_00879_pi_co_t1.jpg,pituitary,pituitary,coronal,0.02910476,0.027380565,0.91602343,0.027491292,0.91602343,True,True,0.8579041,0.7515528,281.0,281.0,False
d:\Research\Multi-View Fusion Network\datasets\brisc2025\classification_task\test\pituitary\brisc2025_test_00880_pi_co_t1.jpg,pituitary,pituitary,coronal,0.026764546,0.025830105,0.9195881,0.027817268,0.9195881,True,True,0.4979356,0.33186814,345.0,865.0,False
d:\Research\Multi-View Fusion Network\datasets\brisc2025\classification_task\test\pituitary\brisc2025_test_00881_pi_co_t1.jpg,pituitary,pituitary,coronal,0.028916536,0.028975079,0.9137703,0.028338013,0.9137703,True,True,0.9812539,0.9632052,2420.0,2380.0,False
d:\Research\Multi-View Fusion Network\datasets\brisc2025\classification_task\test\pituitary\brisc2025_test_00882_pi_co_t1.jpg,pituitary,pituitary,coronal,0.030674672,0.028904622,0.90875876,0.031661958,0.90875876,True,True,0.87114197,0.7718579,646.0,649.0,False
d:\Research\Multi-View Fusion Network\datasets\brisc2025\classification_task\test\pituitary\brisc2025_test_00883_pi_co_t1.jpg,pituitary,pituitary,coronal,0.027709961,0.029230237,0.9122643,0.030795543,0.9122643,True,True,0.863255,0.75958705,666.0,525.0,False
d:\Research\Multi-View Fusion Network\datasets\brisc2025\classification_task\test\pituitary\brisc2025_test_00884_pi_co_t1.jpg,pituitary,pituitary,coronal,0.02659694,0.025349263,0.9193768,0.028677052,0.9193768,True,True,0.9193634,0.85083413,992.0,892.0,False
d:\Research\Multi-View Fusion Network\datasets\brisc2025\classification_task\test\pituitary\brisc2025_test_00885_pi_co_t1.jpg,pituitary,pituitary,coronal,0.03422299,0.034591638,0.8987271,0.032458175,0.8987271,True,True,0.89400524,0.8084772,612.0,538.0,False
d:\Research\Multi-View Fusion Network\datasets\brisc2025\classification_task\test\pituitary\brisc2025_test_00886_pi_co_t1.jpg,pituitary,pituitary,coronal,0.024928482,0.02290827,0.92573357,0.026429659,0.92573357,True,True,0.80921054,0.6813187,79.0,72.0,False
d:\Research\Multi-View Fusion Network\datasets\brisc2025\classification_task\test\pituitary\brisc2025_test_00887_pi_co_t1.jpg,pituitary,pituitary,coronal,0.026807427,0.028632825,0.9133216,0.031238137,0.9133216,True,True,0.95611703,0.9160305,387.0,364.0,False
d:\Research\Multi-View Fusion Network\datasets\brisc2025\classification_task\test\pituitary\brisc2025_test_00888_pi_co_t1.jpg,pituitary,pituitary,coronal,0.028231919,0.02898857,0.91298497,0.029794557,0.91298497,True,True,0.7592593,0.6130952,103.0,166.0,False
d:\Research\Multi-View Fusion Network\datasets\brisc2025\classification_task\test\pituitary\brisc2025_test_00889_pi_co_t1.jpg,pituitary,pituitary,coronal,0.02959843,0.029823368,0.9100079,0.030570352,0.9100079,True,True,0.9472574,0.9,233.0,240.0,False
d:\Research\Multi-View Fusion Network\datasets\brisc2025\classification_task\test\pituitary\brisc2025_test_00890_pi_co_t1.jpg,pituitary,pituitary,coronal,0.027640382,0.031073947,0.9109182,0.030367583,0.9109182,True,True,0.87205386,0.77380955,144.0,152.0,False
d:\Research\Multi-View Fusion Network\datasets\brisc2025\classification_task\test\pituitary\brisc2025_test_00891_pi_co_t1.jpg,pituitary,pituitary,coronal,0.03606211,0.033736456,0.8921728,0.038028624,0.8921728,True,True,0.96020633,0.92351276,684.0,672.0,False
d:\Research\Multi-View Fusion Network\datasets\brisc2025\classification_task\test\pituitary\brisc2025_test_00892_pi_co_t1.jpg,pituitary,pituitary,coronal,0.031964883,0.030430127,0.90480787,0.03279712,0.90480787,True,True,0.82196534,0.69803923,406.0,458.0,False
d:\Research\Multi-View Fusion Network\datasets\brisc2025\classification_task\test\pituitary\brisc2025_test_00893_pi_co_t1.jpg,pituitary,pituitary,coronal,0.02705803,0.028966097,0.9146153,0.029360598,0.9146153,True,True,0.9098309,0.8346728,761.0,835.0,False
d:\Research\Multi-View Fusion Network\datasets\brisc2025\classification_task\test\pituitary\brisc2025_test_00894_pi_co_t1.jpg,pituitary,pituitary,coronal,0.028945059,0.025245214,0.9145034,0.031306345,0.9145034,True,True,0.921848,0.85508406,1248.0,1067.0,False
d:\Research\Multi-View Fusion Network\datasets\brisc2025\classification_task\test\pituitary\brisc2025_test_00895_pi_co_t1.jpg,pituitary,pituitary,coronal,0.028139764,0.0312653,0.91026,0.030334888,0.91026,True,True,0.907173,0.8303342,332.0,378.0,False
d:\Research\Multi-View Fusion Network\datasets\brisc2025\classification_task\test\pituitary\brisc2025_test_00896_pi_co_t1.jpg,pituitary,pituitary,coronal,0.027337763,0.028900264,0.91092837,0.032833602,0.91092837,True,True,0.94639665,0.89830506,829.0,849.0,False
d:\Research\Multi-View Fusion Network\datasets\brisc2025\classification_task\test\pituitary\brisc2025_test_00897_pi_co_t1.jpg,pituitary,pituitary,coronal,0.028962389,0.029642565,0.9077973,0.03359781,0.9077973,True,True,0.91423947,0.8422619,318.0,299.0,False
d:\Research\Multi-View Fusion Network\datasets\brisc2025\classification_task\test\pituitary\brisc2025_test_00898_pi_co_t1.jpg,pituitary,pituitary,coronal,0.028037613,0.02790342,0.90915203,0.034906924,0.90915203,True,True,0.94721687,0.8998178,522.0,519.0,False
d:\Research\Multi-View Fusion Network\datasets\brisc2025\classification_task\test\pituitary\brisc2025_test_00899_pi_co_t1.jpg,pituitary,pituitary,coronal,0.0282507,0.030338997,0.90986806,0.031542197,0.90986806,True,True,0.6253333,0.45542637,238.0,511.0,False
d:\Research\Multi-View Fusion Network\datasets\brisc2025\classification_task\test\pituitary\brisc2025_test_00900_pi_co_t1.jpg,pituitary,pituitary,coronal,0.027964357,0.02607117,0.91532844,0.03063612,0.91532844,True,True,0.8810512,0.78765434,345.0,377.0,False
d:\Research\Multi-View Fusion Network\datasets\brisc2025\classification_task\test\pituitary\brisc2025_test_00901_pi_co_t1.jpg,pituitary,pituitary,coronal,0.028577605,0.027338242,0.91595423,0.02812992,0.91595423,True,True,0.94085604,0.8883994,678.0,606.0,False
d:\Research\Multi-View Fusion Network\datasets\brisc2025\classification_task\test\pituitary\brisc2025_test_00902_pi_co_t1.jpg,pituitary,pituitary,coronal,0.026955402,0.028517185,0.9140648,0.030462617,0.9140648,True,True,0.9623894,0.9276596,230.0,221.0,False
d:\Research\Multi-View Fusion Network\datasets\brisc2025\classification_task\test\pituitary\brisc2025_test_00903_pi_co_t1.jpg,pituitary,pituitary,coronal,0.030763987,0.027561584,0.9154515,0.02622289,0.9154515,True,True,0.63516486,0.46623793,153.0,301.0,False
d:\Research\Multi-View Fusion Network\datasets\brisc2025\classification_task\test\pituitary\brisc2025_test_00904_pi_co_t1.jpg,pituitary,pituitary,coronal,0.02744445,0.027125945,0.91539997,0.030029673,0.91539997,True,True,0.97043324,0.942581,1678.0,1737.0,False
d:\Research\Multi-View Fusion Network\datasets\brisc2025\classification_task\test\pituitary\brisc2025_test_00905_pi_co_t1.jpg,pituitary,pituitary,coronal,0.027961776,0.029151915,0.9094815,0.03340478,0.9094815,True,True,0.7754902,0.6336,591.0,428.0,False
d:\Research\Multi-View Fusion Network\datasets\brisc2025\classification_task\test\pituitary\brisc2025_test_00906_pi_co_t1.jpg,pituitary,pituitary,coronal,0.035600293,0.031290006,0.90000325,0.033106472,0.90000325,True,True,0.9709507,0.94358975,561.0,574.0,False
d:\Research\Multi-View Fusion Network\datasets\brisc2025\classification_task\test\pituitary\brisc2025_test_00907_pi_co_t1.jpg,pituitary,pituitary,coronal,0.025261775,0.026764218,0.9191994,0.028774543,0.9191994,True,True,0.91503006,0.8434269,1185.0,1309.0,False
d:\Research\Multi-View Fusion Network\datasets\brisc2025\classification_task\test\pituitary\brisc2025_test_00908_pi_co_t1.jpg,pituitary,pituitary,coronal,0.026416942,0.026287947,0.9219889,0.025306297,0.9219889,True,True,0.959596,0.9223744,856.0,826.0,False
d:\Research\Multi-View Fusion Network\datasets\brisc2025\classification_task\test\pituitary\brisc2025_test_00909_pi_co_t1.jpg,pituitary,pituitary,coronal,0.029957233,0.027629996,0.91074544,0.031667285,0.91074544,True,True,0.92718446,0.86445785,292.0,325.0,False
d:\Research\Multi-View Fusion Network\datasets\brisc2025\classification_task\test\pituitary\brisc2025_test_00910_pi_co_t1.jpg,pituitary,pituitary,coronal,0.032025065,0.03145675,0.9085175,0.028000712,0.9085175,True,True,0.69417477,0.5321782,400.0,217.0,False
d:\Research\Multi-View Fusion Network\datasets\brisc2025\classification_task\test\pituitary\brisc2025_test_00911_pi_co_t1.jpg,pituitary,pituitary,coronal,0.032151688,0.028733943,0.9057948,0.033319604,0.9057948,True,True,0.8843137,0.79298246,271.0,238.0,False
d:\Research\Multi-View Fusion Network\datasets\brisc2025\classification_task\test\pituitary\brisc2025_test_00912_pi_co_t1.jpg,pituitary,pituitary,coronal,0.03121159,0.029062465,0.90446615,0.03525985,0.90446615,True,True,0.9125413,0.8393939,277.0,328.0,False
d:\Research\Multi-View Fusion Network\datasets\brisc2025\classification_task\test\pituitary\brisc2025_test_00913_pi_co_t1.jpg,pituitary,pituitary,coronal,0.029716847,0.027313257,0.91109127,0.031878658,0.91109127,True,True,0.9336983,0.87571263,780.0,863.0,False
d:\Research\Multi-View Fusion Network\datasets\brisc2025\classification_task\test\pituitary\brisc2025_test_00914_pi_co_t1.jpg,pituitary,pituitary,coronal,0.029353483,0.02891594,0.91243476,0.02929589,0.91243476,True,True,0.89443237,0.80915034,634.0,748.0,False
d:\Research\Multi-View Fusion Network\datasets\brisc2025\classification_task\test\pituitary\brisc2025_test_00915_pi_sa_t1.jpg,pituitary,pituitary,sagittal,0.028750107,0.030997664,0.91077995,0.029472252,0.91077995,True,True,0.8982684,0.8156863,239.0,222.0,False
d:\Research\Multi-View Fusion Network\datasets\brisc2025\classification_task\test\pituitary\brisc2025_test_00916_pi_sa_t1.jpg,pituitary,pituitary,sagittal,0.028777042,0.02835831,0.9145174,0.028347153,0.9145174,True,True,0.9363354,0.88046646,335.0,308.0,False
d:\Research\Multi-View Fusion Network\datasets\brisc2025\classification_task\test\pituitary\brisc2025_test_00917_pi_sa_t1.jpg,pituitary,pituitary,sagittal,0.02890641,0.029785398,0.909029,0.032279104,0.909029,True,True,0.95115334,0.90697676,377.0,359.0,False
d:\Research\Multi-View Fusion Network\datasets\brisc2025\classification_task\test\pituitary\brisc2025_test_00918_pi_sa_t1.jpg,pituitary,pituitary,sagittal,0.02943649,0.030947065,0.90897304,0.030643446,0.90897304,True,True,0.9414414,0.8898305,111.0,110.0,False
d:\Research\Multi-View Fusion Network\datasets\brisc2025\classification_task\test\pituitary\brisc2025_test_00919_pi_sa_t1.jpg,pituitary,pituitary,sagittal,0.026557261,0.025682,0.9211244,0.02663642,0.9211244,True,True,0.8524306,0.7432024,253.0,322.0,False
d:\Research\Multi-View Fusion Network\datasets\brisc2025\classification_task\test\pituitary\brisc2025_test_00920_pi_sa_t1.jpg,pituitary,pituitary,sagittal,0.026043177,0.026478393,0.92109483,0.026383609,0.92109483,True,True,0.96426016,0.9310345,684.0,714.0,False
d:\Research\Multi-View Fusion Network\datasets\brisc2025\classification_task\test\pituitary\brisc2025_test_00921_pi_sa_t1.jpg,pituitary,pituitary,sagittal,0.031172926,0.029927736,0.90845793,0.030441387,0.90845793,True,True,0.93784153,0.8830334,729.0,734.0,False
d:\Research\Multi-View Fusion Network\datasets\brisc2025\classification_task\test\pituitary\brisc2025_test_00922_pi_sa_t1.jpg,pituitary,pituitary,sagittal,0.029886687,0.029893214,0.90595543,0.034264714,0.90595543,True,True,0.9723845,0.946281,936.0,946.0,False
d:\Research\Multi-View Fusion Network\datasets\brisc2025\classification_task\test\pituitary\brisc2025_test_00923_pi_sa_t1.jpg,pituitary,pituitary,sagittal,0.025647437,0.03249381,0.91473097,0.027127836,0.91473097,True,True,0.9413717,0.8893528,455.0,448.0,False
d:\Research\Multi-View Fusion Network\datasets\brisc2025\classification_task\test\pituitary\brisc2025_test_00924_pi_sa_t1.jpg,pituitary,pituitary,sagittal,0.02893868,0.02810044,0.9162758,0.026685057,0.9162758,True,True,0.9390244,0.8853211,200.0,209.0,False
d:\Research\Multi-View Fusion Network\datasets\brisc2025\classification_task\test\pituitary\brisc2025_test_00925_pi_sa_t1.jpg,pituitary,pituitary,sagittal,0.02884612,0.028034767,0.91217107,0.030947989,0.91217107,True,True,0.9790244,0.95893025,1015.0,1034.0,False
d:\Research\Multi-View Fusion Network\datasets\brisc2025\classification_task\test\pituitary\brisc2025_test_00926_pi_sa_t1.jpg,pituitary,pituitary,sagittal,0.027050948,0.02920462,0.91396874,0.029775614,0.91396874,True,True,0.8848921,0.7939914,226.0,190.0,False
d:\Research\Multi-View Fusion Network\datasets\brisc2025\classification_task\test\pituitary\brisc2025_test_00927_pi_sa_t1.jpg,pituitary,pituitary,sagittal,0.025589768,0.026298901,0.91745627,0.03065509,0.91745627,True,True,0.95197046,0.9084507,411.0,400.0,False
d:\Research\Multi-View Fusion Network\datasets\brisc2025\classification_task\test\pituitary\brisc2025_test_00928_pi_sa_t1.jpg,pituitary,pituitary,sagittal,0.03028898,0.031638242,0.9061993,0.031873506,0.9061993,True,True,0.8996711,0.81791043,302.0,305.0,False
d:\Research\Multi-View Fusion Network\datasets\brisc2025\classification_task\test\pituitary\brisc2025_test_00929_pi_sa_t1.jpg,pituitary,pituitary,sagittal,0.030276304,0.03327851,0.90554327,0.030902028,0.90554327,True,True,0.6810345,0.5173913,118.0,229.0,False
d:\Research\Multi-View Fusion Network\datasets\brisc2025\classification_task\test\pituitary\brisc2025_test_00930_pi_sa_t1.jpg,pituitary,pituitary,sagittal,0.024141649,0.021936571,0.92826825,0.02565352,0.92826825,True,True,0.8734793,0.7758621,207.0,203.0,False
d:\Research\Multi-View Fusion Network\datasets\brisc2025\classification_task\test\pituitary\brisc2025_test_00931_pi_sa_t1.jpg,pituitary,pituitary,sagittal,0.028494311,0.029474868,0.90932906,0.03270181,0.90932906,True,True,0.87420887,0.7766854,572.0,691.0,False
d:\Research\Multi-View Fusion Network\datasets\brisc2025\classification_task\test\pituitary\brisc2025_test_00932_pi_sa_t1.jpg,pituitary,pituitary,sagittal,0.027192606,0.026087571,0.9196774,0.027042467,0.9196774,True,True,0.73237884,0.578125,334.0,573.0,False
d:\Research\Multi-View Fusion Network\datasets\brisc2025\classification_task\test\pituitary\brisc2025_test_00933_pi_sa_t1.jpg,pituitary,pituitary,sagittal,0.026753534,0.028425995,0.91815275,0.026667688,0.91815275,True,True,0.8805147,0.78688526,259.0,284.0,False
d:\Research\Multi-View Fusion Network\datasets\brisc2025\classification_task\test\pituitary\brisc2025_test_00934_pi_sa_t1.jpg,pituitary,pituitary,sagittal,0.02789621,0.026079763,0.9198742,0.026149735,0.9198742,True,True,0.9507109,0.90613717,520.0,534.0,False
d:\Research\Multi-View Fusion Network\datasets\brisc2025\classification_task\test\pituitary\brisc2025_test_00935_pi_sa_t1.jpg,pituitary,pituitary,sagittal,0.028111696,0.03177148,0.9122305,0.027886232,0.9122305,True,True,0.9447983,0.8955823,238.0,232.0,False
d:\Research\Multi-View Fusion Network\datasets\brisc2025\classification_task\test\pituitary\brisc2025_test_00936_pi_sa_t1.jpg,pituitary,pituitary,sagittal,0.028447319,0.030198155,0.90709287,0.034261666,0.90709287,True,True,0.8097015,0.68125,111.0,156.0,False
d:\Research\Multi-View Fusion Network\datasets\brisc2025\classification_task\test\pituitary\brisc2025_test_00937_pi_sa_t1.jpg,pituitary,pituitary,sagittal,0.031750645,0.03186575,0.90332395,0.03305968,0.90332395,True,True,0.96177846,0.9264264,632.0,649.0,False
d:\Research\Multi-View Fusion Network\datasets\brisc2025\classification_task\test\pituitary\brisc2025_test_00938_pi_sa_t1.jpg,pituitary,pituitary,sagittal,0.030890722,0.027454158,0.9112318,0.030423319,0.9112318,True,True,0.8432709,0.7294118,275.0,311.0,False
d:\Research\Multi-View Fusion Network\datasets\brisc2025\classification_task\test\pituitary\brisc2025_test_00939_pi_sa_t1.jpg,pituitary,pituitary,sagittal,0.031434786,0.030376498,0.9056021,0.03258661,0.9056021,True,True,0.90422076,0.8254438,291.0,324.0,False
d:\Research\Multi-View Fusion Network\datasets\brisc2025\classification_task\test\pituitary\brisc2025_test_00940_pi_sa_t1.jpg,pituitary,pituitary,sagittal,0.031949043,0.027183337,0.9131506,0.027717,0.9131506,True,True,0.80613893,0.6756757,249.0,369.0,False
d:\Research\Multi-View Fusion Network\datasets\brisc2025\classification_task\test\pituitary\brisc2025_test_00941_pi_sa_t1.jpg,pituitary,pituitary,sagittal,0.032580253,0.036905296,0.8964338,0.034080714,0.8964338,True,True,0.9030837,0.8235294,321.0,359.0,False
d:\Research\Multi-View Fusion Network\datasets\brisc2025\classification_task\test\pituitary\brisc2025_test_00942_pi_sa_t1.jpg,pituitary,pituitary,sagittal,0.027362663,0.026916612,0.9202582,0.02546236,0.9202582,True,True,0.95422256,0.91251886,640.0,626.0,False
d:\Research\Multi-View Fusion Network\datasets\brisc2025\classification_task\test\pituitary\brisc2025_test_00943_pi_sa_t1.jpg,pituitary,pituitary,sagittal,0.03032789,0.030227527,0.9101681,0.02927645,0.9101681,True,True,0.9444444,0.8948787,353.0,348.0,False
d:\Research\Multi-View Fusion Network\datasets\brisc2025\classification_task\test\pituitary\brisc2025_test_00944_pi_sa_t1.jpg,pituitary,pituitary,sagittal,0.030076677,0.031558227,0.9069721,0.03139294,0.9069721,True,True,0.91635686,0.8458904,261.0,276.0,False
d:\Research\Multi-View Fusion Network\datasets\brisc2025\classification_task\test\pituitary\brisc2025_test_00945_pi_sa_t1.jpg,pituitary,pituitary,sagittal,0.027232323,0.026250033,0.91609186,0.030425806,0.91609186,True,True,0.912963,0.84013605,268.0,271.0,False
d:\Research\Multi-View Fusion Network\datasets\brisc2025\classification_task\test\pituitary\brisc2025_test_00946_pi_sa_t1.jpg,pituitary,pituitary,sagittal,0.027300006,0.030526657,0.911314,0.030859342,0.911314,True,True,0.9689579,0.93991417,225.0,225.0,False
d:\Research\Multi-View Fusion Network\datasets\brisc2025\classification_task\test\pituitary\brisc2025_test_00947_pi_sa_t1.jpg,pituitary,pituitary,sagittal,0.024810752,0.025833253,0.9222436,0.027112449,0.9222436,True,True,0.91233766,0.83928573,163.0,144.0,False
d:\Research\Multi-View Fusion Network\datasets\brisc2025\classification_task\test\pituitary\brisc2025_test_00948_pi_sa_t1.jpg,pituitary,pituitary,sagittal,0.029680615,0.02505504,0.9193962,0.025868196,0.9193962,True,True,0.8355932,0.71802324,248.0,341.0,False
d:\Research\Multi-View Fusion Network\datasets\brisc2025\classification_task\test\pituitary\brisc2025_test_00949_pi_sa_t1.jpg,pituitary,pituitary,sagittal,0.029458005,0.030833945,0.9121507,0.027557401,0.9121507,True,True,0.9560519,0.9158621,670.0,717.0,False
d:\Research\Multi-View Fusion Network\datasets\brisc2025\classification_task\test\pituitary\brisc2025_test_00950_pi_sa_t1.jpg,pituitary,pituitary,sagittal,0.026980007,0.025047023,0.92081755,0.02715542,0.92081755,True,True,0.90619135,0.82857144,732.0,866.0,False
d:\Research\Multi-View Fusion Network\datasets\brisc2025\classification_task\test\pituitary\brisc2025_test_00951_pi_sa_t1.jpg,pituitary,pituitary,sagittal,0.028036911,0.027233815,0.91635364,0.02837563,0.91635364,True,True,0.9050701,0.8267717,422.0,504.0,False
d:\Research\Multi-View Fusion Network\datasets\brisc2025\classification_task\test\pituitary\brisc2025_test_00952_pi_sa_t1.jpg,pituitary,pituitary,sagittal,0.027694074,0.029771848,0.9142337,0.028300434,0.9142337,True,True,0.73893803,0.5864486,253.0,424.0,False
d:\Research\Multi-View Fusion Network\datasets\brisc2025\classification_task\test\pituitary\brisc2025_test_00953_pi_sa_t1.jpg,pituitary,pituitary,sagittal,0.031286683,0.029921234,0.9048557,0.03393644,0.9048557,True,True,0.9455206,0.896789,405.0,420.0,False
d:\Research\Multi-View Fusion Network\datasets\brisc2025\classification_task\test\pituitary\brisc2025_test_00954_pi_sa_t1.jpg,pituitary,pituitary,sagittal,0.029780105,0.027899954,0.9129378,0.029382125,0.9129378,True,True,0.8754579,0.77922076,140.0,132.0,False
d:\Research\Multi-View Fusion Network\datasets\brisc2025\classification_task\test\pituitary\brisc2025_test_00955_pi_sa_t1.jpg,pituitary,pituitary,sagittal,0.029217958,0.031730965,0.9105201,0.02853102,0.9105201,True,True,0.8831615,0.79141104,140.0,150.0,False
d:\Research\Multi-View Fusion Network\datasets\brisc2025\classification_task\test\pituitary\brisc2025_test_00956_pi_sa_t1.jpg,pituitary,pituitary,sagittal,0.028618274,0.032547187,0.9113423,0.027492171,0.9113423,True,True,0.93594307,0.88,134.0,146.0,False
d:\Research\Multi-View Fusion Network\datasets\brisc2025\classification_task\test\pituitary\brisc2025_test_00957_pi_sa_t1.jpg,pituitary,pituitary,sagittal,0.025575936,0.02341936,0.9226036,0.028401097,0.9226036,True,True,0.93046355,0.8703704,147.0,154.0,False
d:\Research\Multi-View Fusion Network\datasets\brisc2025\classification_task\test\pituitary\brisc2025_test_00958_pi_sa_t1.jpg,pituitary,pituitary,sagittal,0.034032382,0.028783677,0.9035972,0.033586748,0.9035972,True,True,0.9437148,0.89361703,271.0,261.0,False
d:\Research\Multi-View Fusion Network\datasets\brisc2025\classification_task\test\pituitary\brisc2025_test_00959_pi_sa_t1.jpg,pituitary,pituitary,sagittal,0.026391894,0.027898222,0.92134327,0.024366632,0.92134327,True,True,0.88907564,0.8006042,281.0,313.0,False
d:\Research\Multi-View Fusion Network\datasets\brisc2025\classification_task\test\pituitary\brisc2025_test_00960_pi_sa_t1.jpg,pituitary,pituitary,sagittal,0.027057702,0.029924994,0.91460365,0.028413733,0.91460365,True,True,0.82,0.6956522,152.0,197.0,False
d:\Research\Multi-View Fusion Network\datasets\brisc2025\classification_task\test\pituitary\brisc2025_test_00961_pi_sa_t1.jpg,pituitary,pituitary,sagittal,0.026377125,0.028157992,0.920804,0.024660824,0.920804,True,True,0.9564867,0.9166667,612.0,628.0,False
d:\Research\Multi-View Fusion Network\datasets\brisc2025\classification_task\test\pituitary\brisc2025_test_00962_pi_sa_t1.jpg,pituitary,pituitary,sagittal,0.03558587,0.035209324,0.8986635,0.03054133,0.8986635,True,True,0.94250363,0.89133424,665.0,708.0,False
d:\Research\Multi-View Fusion Network\datasets\brisc2025\classification_task\test\pituitary\brisc2025_test_00963_pi_sa_t1.jpg,pituitary,pituitary,sagittal,0.025811994,0.02608834,0.91921324,0.028886447,0.91921324,True,True,0.94017786,0.8871951,619.0,617.0,False
d:\Research\Multi-View Fusion Network\datasets\brisc2025\classification_task\test\pituitary\brisc2025_test_00964_pi_sa_t1.jpg,pituitary,pituitary,sagittal,0.023741975,0.025867209,0.92182845,0.028562427,0.92182845,True,True,0.9378453,0.8831169,350.0,373.0,False
d:\Research\Multi-View Fusion Network\datasets\brisc2025\classification_task\test\pituitary\brisc2025_test_00965_pi_sa_t1.jpg,pituitary,pituitary,sagittal,0.027171865,0.02881728,0.9138674,0.030143514,0.9138674,True,True,0.9457478,0.8972222,335.0,346.0,False
d:\Research\Multi-View Fusion Network\datasets\brisc2025\classification_task\test\pituitary\brisc2025_test_00966_pi_sa_t1.jpg,pituitary,pituitary,sagittal,0.033176657,0.035602298,0.8927601,0.038460962,0.8927601,True,True,0.9095941,0.8344595,263.0,278.0,False
d:\Research\Multi-View Fusion Network\datasets\brisc2025\classification_task\test\pituitary\brisc2025_test_00967_pi_sa_t1.jpg,pituitary,pituitary,sagittal,0.028121961,0.02537979,0.9185017,0.027996564,0.9185017,True,True,0.9354095,0.8787879,410.0,456.0,False
d:\Research\Multi-View Fusion Network\datasets\brisc2025\classification_task\test\pituitary\brisc2025_test_00968_pi_sa_t1.jpg,pituitary,pituitary,sagittal,0.025633452,0.024695892,0.9234338,0.026236905,0.9234338,True,True,0.64366883,0.4748804,773.0,458.0,False
d:\Research\Multi-View Fusion Network\datasets\brisc2025\classification_task\test\pituitary\brisc2025_test_00969_pi_sa_t1.jpg,pituitary,pituitary,sagittal,0.030611558,0.032105055,0.9037261,0.03355722,0.9037261,True,True,0.9031936,0.82363635,541.0,460.0,False
d:\Research\Multi-View Fusion Network\datasets\brisc2025\classification_task\test\pituitary\brisc2025_test_00970_pi_sa_t1.jpg,pituitary,pituitary,sagittal,0.024206622,0.024159765,0.92714596,0.02448765,0.92714596,True,True,0.77411944,0.63171035,778.0,527.0,False
d:\Research\Multi-View Fusion Network\datasets\brisc2025\classification_task\test\pituitary\brisc2025_test_00971_pi_sa_t1.jpg,pituitary,pituitary,sagittal,0.02968897,0.027178416,0.9139531,0.029179504,0.9139531,True,True,0.8581731,0.7521008,228.0,187.0,False
d:\Research\Multi-View Fusion Network\datasets\brisc2025\classification_task\test\pituitary\brisc2025_test_00972_pi_sa_t1.jpg,pituitary,pituitary,sagittal,0.02767635,0.026604308,0.91938,0.026339466,0.91938,True,True,0.8448276,0.7315175,600.0,733.0,False
d:\Research\Multi-View Fusion Network\datasets\brisc2025\classification_task\test\pituitary\brisc2025_test_00973_pi_sa_t1.jpg,pituitary,pituitary,sagittal,0.028480006,0.028404832,0.91200477,0.031110426,0.91200477,True,True,0.9381576,0.88354224,2443.0,2213.0,False
d:\Research\Multi-View Fusion Network\datasets\brisc2025\classification_task\test\pituitary\brisc2025_test_00974_pi_sa_t1.jpg,pituitary,meningioma,sagittal,0.03417474,0.88898194,0.043603558,0.033239838,0.88898194,False,True,0.9445422,0.895,580.0,555.0,False
d:\Research\Multi-View Fusion Network\datasets\brisc2025\classification_task\test\pituitary\brisc2025_test_00975_pi_sa_t1.jpg,pituitary,pituitary,sagittal,0.033048697,0.031315356,0.9008692,0.03476676,0.9008692,True,True,0.93279135,0.87411165,911.0,933.0,False
d:\Research\Multi-View Fusion Network\datasets\brisc2025\classification_task\test\pituitary\brisc2025_test_00976_pi_sa_t1.jpg,pituitary,pituitary,sagittal,0.030492246,0.03218238,0.9052126,0.032112762,0.9052126,True,True,0.8630807,0.75965667,205.0,203.0,False
d:\Research\Multi-View Fusion Network\datasets\brisc2025\classification_task\test\pituitary\brisc2025_test_00977_pi_sa_t1.jpg,pituitary,pituitary,sagittal,0.02920611,0.025398135,0.91494036,0.0304554,0.91494036,True,True,0.89972526,0.81795514,340.0,387.0,False
d:\Research\Multi-View Fusion Network\datasets\brisc2025\classification_task\test\pituitary\brisc2025_test_00978_pi_sa_t1.jpg,pituitary,pituitary,sagittal,0.02568208,0.024927465,0.9205088,0.028881652,0.9205088,True,True,0.9413146,0.8893805,213.0,212.0,False
d:\Research\Multi-View Fusion Network\datasets\brisc2025\classification_task\test\pituitary\brisc2025_test_00979_pi_sa_t1.jpg,pituitary,pituitary,sagittal,0.032589074,0.028979236,0.90869087,0.02974077,0.90869087,True,True,0.8909091,0.8039216,145.0,129.0,False
d:\Research\Multi-View Fusion Network\datasets\brisc2025\classification_task\test\pituitary\brisc2025_test_00980_pi_sa_t1.jpg,pituitary,pituitary,sagittal,0.031328343,0.029929115,0.90719527,0.03154725,0.90719527,True,True,0.8854626,0.79527557,104.0,122.0,False
d:\Research\Multi-View Fusion Network\datasets\brisc2025\classification_task\test\pituitary\brisc2025_test_00981_pi_sa_t1.jpg,pituitary,pituitary,sagittal,0.026537303,0.028767595,0.91518706,0.029508084,0.91518706,True,True,0.89788735,0.81528664,132.0,151.0,False
d:\Research\Multi-View Fusion Network\datasets\brisc2025\classification_task\test\pituitary\brisc2025_test_00982_pi_sa_t1.jpg,pituitary,pituitary,sagittal,0.027098691,0.027286408,0.91830397,0.027310936,0.91830397,True,True,0.6580882,0.4918033,89.0,182.0,False
d:\Research\Multi-View Fusion Network\datasets\brisc2025\classification_task\test\pituitary\brisc2025_test_00983_pi_sa_t1.jpg,pituitary,pituitary,sagittal,0.032047465,0.0318604,0.9052742,0.030817932,0.9052742,True,True,0.94951457,0.9039409,751.0,793.0,False
d:\Research\Multi-View Fusion Network\datasets\brisc2025\classification_task\test\pituitary\brisc2025_test_00984_pi_sa_t1.jpg,pituitary,pituitary,sagittal,0.030255204,0.03257152,0.904911,0.032262348,0.904911,True,True,0.85975164,0.75416136,653.0,715.0,False
d:\Research\Multi-View Fusion Network\datasets\brisc2025\classification_task\test\pituitary\brisc2025_test_00985_pi_sa_t1.jpg,pituitary,pituitary,sagittal,0.031243647,0.028391976,0.9105572,0.029807309,0.9105572,True,True,0.8648477,0.7620112,880.0,695.0,False
d:\Research\Multi-View Fusion Network\datasets\brisc2025\classification_task\test\pituitary\brisc2025_test_00986_pi_sa_t1.jpg,pituitary,pituitary,sagittal,0.02997691,0.027985675,0.91377205,0.028265482,0.91377205,True,True,0.7757009,0.6345178,129.0,191.0,False
d:\Research\Multi-View Fusion Network\datasets\brisc2025\classification_task\test\pituitary\brisc2025_test_00987_pi_sa_t1.jpg,pituitary,pituitary,sagittal,0.028178915,0.028005097,0.9148056,0.029010385,0.9148056,True,True,0.873805,0.77627116,229.0,293.0,False
d:\Research\Multi-View Fusion Network\datasets\brisc2025\classification_task\test\pituitary\brisc2025_test_00988_pi_sa_t1.jpg,pituitary,pituitary,sagittal,0.026852692,0.029611532,0.9123322,0.031203672,0.9123322,True,True,0.872449,0.7747748,96.0,99.0,False
d:\Research\Multi-View Fusion Network\datasets\brisc2025\classification_task\test\pituitary\brisc2025_test_00989_pi_sa_t1.jpg,pituitary,pituitary,sagittal,0.034671318,0.030406803,0.9008233,0.034098536,0.9008233,True,True,0.878882,0.7845304,156.0,165.0,False
d:\Research\Multi-View Fusion Network\datasets\brisc2025\classification_task\test\pituitary\brisc2025_test_00990_pi_sa_t1.jpg,pituitary,pituitary,sagittal,0.034950618,0.02877528,0.90528345,0.030990645,0.90528345,True,True,0.94241416,0.8912134,437.0,465.0,False
d:\Research\Multi-View Fusion Network\datasets\brisc2025\classification_task\test\pituitary\brisc2025_test_00991_pi_sa_t1.jpg,pituitary,pituitary,sagittal,0.029651577,0.03273519,0.9080252,0.029588128,0.9080252,True,True,0.8241379,0.7017544,121.0,168.0,False
d:\Research\Multi-View Fusion Network\datasets\brisc2025\classification_task\test\pituitary\brisc2025_test_00992_pi_sa_t1.jpg,pituitary,pituitary,sagittal,0.02602734,0.029692281,0.9182068,0.026073579,0.9182068,True,True,0.5186916,0.35220125,55.0,158.0,False
d:\Research\Multi-View Fusion Network\datasets\brisc2025\classification_task\test\pituitary\brisc2025_test_00993_pi_sa_t1.jpg,pituitary,pituitary,sagittal,0.023260122,0.026834836,0.92346686,0.026438197,0.92346686,True,True,0.96554554,0.93343896,618.0,600.0,False
d:\Research\Multi-View Fusion Network\datasets\brisc2025\classification_task\test\pituitary\brisc2025_test_00994_pi_sa_t1.jpg,pituitary,pituitary,sagittal,0.023220744,0.02301547,0.9290127,0.02475108,0.9290127,True,True,0.904878,0.82666665,193.0,216.0,False
d:\Research\Multi-View Fusion Network\datasets\brisc2025\classification_task\test\pituitary\brisc2025_test_00995_pi_sa_t1.jpg,pituitary,pituitary,sagittal,0.029531598,0.0319984,0.90378505,0.034684952,0.90378505,True,True,0.9502315,0.9052864,430.0,433.0,False
d:\Research\Multi-View Fusion Network\datasets\brisc2025\classification_task\test\pituitary\brisc2025_test_00996_pi_sa_t1.jpg,pituitary,pituitary,sagittal,0.031223644,0.033463314,0.9018467,0.033466373,0.9018467,True,True,0.8698699,0.7699115,530.0,468.0,False
d:\Research\Multi-View Fusion Network\datasets\brisc2025\classification_task\test\pituitary\brisc2025_test_00997_pi_sa_t1.jpg,pituitary,pituitary,sagittal,0.03061223,0.030024698,0.9049534,0.034409642,0.9049534,True,True,0.97215295,0.9458367,1182.0,1223.0,False
d:\Research\Multi-View Fusion Network\datasets\brisc2025\classification_task\test\pituitary\brisc2025_test_00998_pi_sa_t1.jpg,pituitary,pituitary,sagittal,0.029617233,0.033497337,0.9079011,0.028984308,0.9079011,True,True,0.796139,0.6615385,724.0,570.0,False
d:\Research\Multi-View Fusion Network\datasets\brisc2025\classification_task\test\pituitary\brisc2025_test_00999_pi_sa_t1.jpg,pituitary,pituitary,sagittal,0.027837863,0.027961029,0.91768324,0.026517868,0.91768324,True,True,0.95570034,0.915212,746.0,788.0,False
d:\Research\Multi-View Fusion Network\datasets\brisc2025\classification_task\test\pituitary\brisc2025_test_01000_pi_sa_t1.jpg,pituitary,pituitary,sagittal,0.03015781,0.029674385,0.9110859,0.029081954,0.9110859,True,True,0.9698925,0.94158554,698.0,696.0,False
